h3,storms,max_wind,basin
834906fffffffff,108,155,EP
83490cfffffffff,92,155,EP
834933fffffffff,91,155,EP
834900fffffffff,91,155,EP
834914fffffffff,90,153,EP
83490dfffffffff,88,140,EP
834901fffffffff,87,160,EP
834904fffffffff,86,128,EP
83492bfffffffff,86,140,EP
834911fffffffff,86,135,EP
834903fffffffff,86,143,EP
836db6fffffffff,84,143,EP
83492afffffffff,84,135,EP
834916fffffffff,83,150,EP
834905fffffffff,82,123,EP
834976fffffffff,81,138,EP
83491cfffffffff,80,140,EP
83490efffffffff,80,115,EP
834932fffffffff,79,150,EP
834a91fffffffff,79,165,WP
834915fffffffff,79,130,EP
83491dfffffffff,78,145,EP
834902fffffffff,78,128,EP
834ab0fffffffff,77,155,WP
836db4fffffffff,76,135,EP
834910fffffffff,75,183,EP
83490afffffffff,75,135,EP
834ad6fffffffff,75,153,WP
834a98fffffffff,73,155,WP
834928fffffffff,73,140,EP
836da2fffffffff,72,108,EP
834a9bfffffffff,72,155,WP
834972fffffffff,72,125,EP
834965fffffffff,72,135,EP
83732cfffffffff,71,155,WP
834a88fffffffff,71,153,WP
83686dfffffffff,70,140,WP
834970fffffffff,70,130,EP
834971fffffffff,70,115,EP
834a9cfffffffff,70,160,WP
834929fffffffff,70,135,EP
834aabfffffffff,70,155,WP
837332fffffffff,69,170,WP
836ed8fffffffff,69,120,EP
834975fffffffff,69,125,EP
834af2fffffffff,69,155,WP
834af6fffffffff,69,145,WP
834a9efffffffff,68,163,WP
834962fffffffff,68,118,EP
834a95fffffffff,68,153,WP
837326fffffffff,68,140,WP
834931fffffffff,68,130,EP
836ed2fffffffff,67,130,EP
836ed9fffffffff,67,125,EP
834a89fffffffff,67,145,WP
836db5fffffffff,67,125,EP
834923fffffffff,67,140,EP
837321fffffffff,67,155,WP
834908fffffffff,67,150,EP
837304fffffffff,66,123,WP
836edefffffffff,66,120,EP
836db1fffffffff,66,120,EP
834ab3fffffffff,66,155,WP
83492efffffffff,66,135,EP
836db0fffffffff,65,135,EP
834aa2fffffffff,65,153,WP
834964fffffffff,65,130,EP
834a90fffffffff,64,155,WP
83686cfffffffff,64,140,WP
834126fffffffff,64,113,WP
837325fffffffff,64,153,WP
834a8afffffffff,64,155,WP
8349a5fffffffff,64,125,EP
834122fffffffff,64,140,WP
836da6fffffffff,64,120,EP
837336fffffffff,63,115,WP
837301fffffffff,63,130,WP
837331fffffffff,63,148,WP
837335fffffffff,63,155,WP
834ab2fffffffff,63,155,WP
834b92fffffffff,63,135,WP
834123fffffffff,63,125,WP
836ed3fffffffff,63,130,EP
8351a3fffffffff,63,130,EP
837374fffffffff,63,148,WP
83732dfffffffff,63,155,WP
834a82fffffffff,63,153,WP
83412efffffffff,63,135,WP
836962fffffffff,63,108,WP
837329fffffffff,63,150,WP
834ab4fffffffff,63,153,WP
8349a4fffffffff,63,125,EP
836edcfffffffff,63,135,EP
834a94fffffffff,62,145,WP
837306fffffffff,62,153,WP
836869fffffffff,62,140,WP
834121fffffffff,62,110,WP
8351b1fffffffff,62,135,EP
836966fffffffff,62,115,WP
834a85fffffffff,62,140,WP
834ad2fffffffff,62,145,WP
834a99fffffffff,62,155,WP
83492cfffffffff,62,140,EP
834974fffffffff,62,130,EP
834954fffffffff,62,145,EP
834ab6fffffffff,61,155,WP
834b9afffffffff,61,150,WP
834b99fffffffff,61,165,WP
834104fffffffff,61,125,WP
836963fffffffff,61,95,WP
834a8dfffffffff,61,145,WP
834963fffffffff,61,115,EP
836db2fffffffff,61,103,EP
83412cfffffffff,61,115,WP
835190fffffffff,61,130,EP
835196fffffffff,61,128,EP
834909fffffffff,61,145,EP
836eddfffffffff,61,130,EP
834a8bfffffffff,61,155,WP
83686bfffffffff,60,170,WP
836868fffffffff,60,140,WP
836865fffffffff,60,150,WP
836961fffffffff,60,110,WP
837324fffffffff,60,150,WP
834a9dfffffffff,60,160,WP
83732bfffffffff,60,125,WP
834120fffffffff,60,100,WP
834aadfffffffff,60,153,WP
834aa8fffffffff,60,155,WP
834ab5fffffffff,60,160,WP
837333fffffffff,59,120,WP
837300fffffffff,59,155,WP
836976fffffffff,59,115,WP
834125fffffffff,59,115,WP
837375fffffffff,59,140,WP
834aa6fffffffff,59,160,WP
834930fffffffff,59,110,EP
8351b2fffffffff,59,120,EP
834b93fffffffff,59,138,WP
834b96fffffffff,59,133,WP
834a84fffffffff,59,140,WP
834ab1fffffffff,59,125,WP
834a8cfffffffff,58,155,WP
836970fffffffff,58,105,WP
83492dfffffffff,58,140,EP
836edafffffffff,58,140,EP
837305fffffffff,58,120,WP
834946fffffffff,58,138,EP
837320fffffffff,58,135,WP
834b80fffffffff,58,140,WP
834ad3fffffffff,58,145,WP
834912fffffffff,58,123,EP
837308fffffffff,57,128,WP
834a9afffffffff,57,165,WP
834a15fffffffff,57,130,WP
83730cfffffffff,57,130,WP
834ba9fffffffff,57,135,WP
8351b0fffffffff,57,140,EP
836ecafffffffff,57,135,EP
83686afffffffff,57,168,WP
836925fffffffff,57,100,WP
834adefffffffff,57,155,WP
834a83fffffffff,57,145,WP
836edbfffffffff,57,135,EP
837322fffffffff,57,130,WP
834973fffffffff,57,115,EP
83736cfffffffff,57,155,WP
834129fffffffff,57,100,WP
83412dfffffffff,57,108,WP
835192fffffffff,57,130,EP
836da1fffffffff,57,100,EP
834124fffffffff,57,78,WP
834a8efffffffff,57,148,WP
834934fffffffff,57,120,EP
836ecbfffffffff,57,135,EP
837315fffffffff,56,160,WP
837334fffffffff,56,170,WP
836969fffffffff,56,140,WP
834aa4fffffffff,56,150,WP
834944fffffffff,56,110,EP
837346fffffffff,56,125,WP
834ad1fffffffff,56,155,WP
83412bfffffffff,56,135,WP
83496cfffffffff,56,115,EP
834e6dfffffffff,56,155,WP
836920fffffffff,56,115,WP
837356fffffffff,56,110,WP
834922fffffffff,56,135,EP
834af3fffffffff,56,155,WP
83696dfffffffff,56,130,WP
836da0fffffffff,56,113,EP
834a86fffffffff,56,148,WP
837352fffffffff,55,113,WP
837225fffffffff,55,110,WP
834a93fffffffff,55,168,WP
837309fffffffff,55,138,WP
836921fffffffff,55,105,WP
834b9bfffffffff,55,144,WP
836964fffffffff,55,105,WP
834a81fffffffff,55,140,WP
834955fffffffff,55,140,EP
836ed1fffffffff,55,130,EP
83730bfffffffff,54,115,WP
836861fffffffff,54,130,WP
834aeafffffffff,54,150,WP
837330fffffffff,54,165,WP
834a92fffffffff,54,170,WP
834925fffffffff,54,115,EP
834ad0fffffffff,54,145,WP
834130fffffffff,54,130,WP
83490bfffffffff,54,128,EP
834b9dfffffffff,54,168,WP
834a33fffffffff,54,140,WP
837376fffffffff,54,140,WP
837328fffffffff,54,140,WP
836924fffffffff,54,95,WP
837353fffffffff,54,115,WP
835182fffffffff,54,125,EP
83496efffffffff,54,110,EP
836ec9fffffffff,54,125,EP
836ecefffffffff,54,140,EP
834b9efffffffff,53,155,WP
837340fffffffff,53,125,WP
834acbfffffffff,53,150,WP
834a96fffffffff,53,155,WP
834b8cfffffffff,53,130,WP
834babfffffffff,53,140,WP
83692dfffffffff,53,113,WP
834135fffffffff,53,118,WP
834134fffffffff,53,124,WP
83732efffffffff,53,140,WP
83736afffffffff,53,150,WP
836db3fffffffff,53,95,EP
836d94fffffffff,53,125,EP
834ae2fffffffff,53,148,WP
836e9bfffffffff,53,113,EP
834926fffffffff,53,120,EP
834136fffffffff,53,133,WP
834adbfffffffff,53,138,WP
835195fffffffff,53,115,EP
834a16fffffffff,52,135,WP
834accfffffffff,52,140,WP
83692bfffffffff,52,118,WP
834924fffffffff,52,110,EP
83692efffffffff,52,115,WP
83734cfffffffff,52,150,WP
837341fffffffff,52,155,WP
83696bfffffffff,52,140,WP
83412afffffffff,52,145,WP
836971fffffffff,52,98,WP
834966fffffffff,52,130,EP
834128fffffffff,52,138,WP
834b8dfffffffff,52,145,WP
834aa0fffffffff,52,158,WP
834ac5fffffffff,52,148,WP
837362fffffffff,52,160,WP
834b83fffffffff,52,140,WP
834f4efffffffff,52,154,WP
836da3fffffffff,52,103,EP
834ad5fffffffff,52,150,WP
834a31fffffffff,52,130,WP
83731dfffffffff,51,143,WP
837302fffffffff,51,110,WP
837361fffffffff,51,155,WP
834b90fffffffff,51,133,WP
837311fffffffff,51,158,WP
83684dfffffffff,51,170,WP
837371fffffffff,51,128,WP
834adafffffffff,51,153,WP
834961fffffffff,51,115,EP
834960fffffffff,51,135,EP
83734efffffffff,51,145,WP
837373fffffffff,51,115,WP
834baafffffffff,51,130,WP
837369fffffffff,51,150,WP
834ae6fffffffff,51,138,WP
834a32fffffffff,51,150,WP
834aacfffffffff,51,155,WP
83735efffffffff,51,100,WP
837364fffffffff,51,140,WP
83686efffffffff,50,120,WP
834a14fffffffff,50,125,WP
83690dfffffffff,50,125,WP
835184fffffffff,50,130,EP
834920fffffffff,50,135,EP
834aaafffffffff,50,145,WP
834f6cfffffffff,50,140,WP
837344fffffffff,50,133,WP
836965fffffffff,50,100,WP
837372fffffffff,50,118,WP
834acefffffffff,50,150,WP
834aa9fffffffff,50,143,WP
836975fffffffff,50,110,WP
836928fffffffff,50,115,WP
834171fffffffff,50,90,WP
836926fffffffff,50,105,WP
83692cfffffffff,50,100,WP
834936fffffffff,50,115,EP
834919fffffffff,50,113,EP
837370fffffffff,50,133,WP
836d86fffffffff,50,93,EP
834935fffffffff,50,130,EP
834824fffffffff,50,115,EP
836973fffffffff,50,125,WP
83736efffffffff,50,155,WP
836ec8fffffffff,50,140,EP
834a80fffffffff,50,140,WP
83735bfffffffff,49,110,WP
837343fffffffff,49,125,WP
83696afffffffff,49,115,WP
83696efffffffff,49,105,WP
834b9cfffffffff,49,170,WP
837314fffffffff,49,165,WP
834ad4fffffffff,49,140,WP
837350fffffffff,49,148,WP
834109fffffffff,49,105,WP
834acafffffffff,49,143,WP
837265fffffffff,49,95,WP
836903fffffffff,49,135,WP
834e69fffffffff,49,155,WP
834a34fffffffff,49,145,WP
834b81fffffffff,49,133,WP
836ecdfffffffff,49,140,EP
8351b3fffffffff,49,125,EP
834ad8fffffffff,49,153,WP
834913fffffffff,49,185,EP
836923fffffffff,49,130,WP
834badfffffffff,49,140,WP
836864fffffffff,48,130,WP
83694afffffffff,48,120,WP
834b98fffffffff,48,135,WP
837365fffffffff,48,140,WP
836945fffffffff,48,93,WP
836974fffffffff,48,115,WP
834105fffffffff,48,90,WP
836960fffffffff,48,93,WP
8351a2fffffffff,48,135,EP
83410dfffffffff,48,140,WP
834101fffffffff,48,125,WP
834942fffffffff,48,135,EP
836949fffffffff,48,135,WP
83736dfffffffff,48,155,WP
836900fffffffff,48,115,WP
836d84fffffffff,48,80,EP
834918fffffffff,48,145,EP
834ba8fffffffff,48,138,WP
834e6bfffffffff,48,155,WP
834af5fffffffff,48,153,WP
834a1dfffffffff,48,145,WP
834a10fffffffff,48,130,WP
834b8afffffffff,48,148,WP
83694bfffffffff,47,148,WP
834154fffffffff,47,115,WP
834aa3fffffffff,47,155,WP
836968fffffffff,47,128,WP
83732afffffffff,47,120,WP
834108fffffffff,47,113,WP
835183fffffffff,47,120,EP
834a30fffffffff,47,150,WP
834131fffffffff,47,128,WP
834968fffffffff,47,110,EP
835022fffffffff,47,120,EP
834a0afffffffff,47,138,WP
834ac1fffffffff,47,145,WP
834b88fffffffff,47,140,WP
834a03fffffffff,47,135,WP
83731cfffffffff,46,155,WP
83730efffffffff,46,103,WP
834a12fffffffff,46,140,WP
834aa5fffffffff,46,155,WP
837345fffffffff,46,155,WP
834b4bfffffffff,46,140,WP
837261fffffffff,46,95,WP
837264fffffffff,46,115,WP
837354fffffffff,46,143,WP
834b1afffffffff,46,140,WP
83690cfffffffff,46,120,WP
836863fffffffff,46,165,WP
8351a1fffffffff,46,125,EP
83410cfffffffff,46,115,WP
83730dfffffffff,46,135,WP
83694dfffffffff,46,130,WP
834b89fffffffff,46,140,WP
834f48fffffffff,46,154,WP
834a22fffffffff,46,145,WP
834ba3fffffffff,46,120,WP
834b85fffffffff,46,130,WP
834969fffffffff,46,100,EP
836ec3fffffffff,46,138,EP
834ae4fffffffff,46,140,WP
833c88fffffffff,46,93,NI
836daefffffffff,46,80,EP
834aecfffffffff,45,145,WP
837730fffffffff,45,75,WP
834b8efffffffff,45,143,WP
834b18fffffffff,45,135,WP
83684cfffffffff,45,143,WP
836866fffffffff,45,145,WP
834b91fffffffff,45,145,WP
834f69fffffffff,45,148,WP
834940fffffffff,45,130,EP
834943fffffffff,45,108,EP
834af0fffffffff,45,155,WP
834a13fffffffff,45,130,WP
834175fffffffff,45,93,WP
834acdfffffffff,45,150,WP
834a01fffffffff,45,140,WP
834166fffffffff,45,105,WP
834ac9fffffffff,45,153,WP
834ae3fffffffff,45,143,WP
834a1bfffffffff,45,138,WP
834a1efffffffff,45,150,WP
83736bfffffffff,45,138,WP
834921fffffffff,45,133,EP
8351aefffffffff,45,125,EP
837368fffffffff,45,145,WP
83722dfffffffff,44,95,WP
837363fffffffff,44,158,WP
834a64fffffffff,44,140,WP
837733fffffffff,44,55,WP
836948fffffffff,44,140,WP
83694cfffffffff,44,130,WP
834100fffffffff,44,123,WP
834106fffffffff,44,115,WP
836860fffffffff,44,105,WP
83734afffffffff,44,120,WP
834f6dfffffffff,44,98,WP
83410efffffffff,44,120,WP
834ac0fffffffff,44,155,WP
834ac6fffffffff,44,150,WP
834176fffffffff,44,125,WP
837348fffffffff,44,128,WP
836d96fffffffff,44,100,EP
836972fffffffff,44,115,WP
836d95fffffffff,44,95,EP
83690efffffffff,44,103,WP
834adcfffffffff,44,148,WP
834a19fffffffff,44,135,WP
837310fffffffff,44,83,WP
834f49fffffffff,44,148,WP
835194fffffffff,44,125,EP
837303fffffffff,44,155,WP
834b1bfffffffff,44,140,WP
834a26fffffffff,44,125,WP
837269fffffffff,43,135,WP
837268fffffffff,43,133,WP
83735afffffffff,43,83,WP
837351fffffffff,43,150,WP
836929fffffffff,43,115,WP
8351abfffffffff,43,125,EP
837224fffffffff,43,150,WP
837319fffffffff,43,155,WP
836958fffffffff,43,130,WP
83692afffffffff,43,115,WP
834172fffffffff,43,125,WP
834151fffffffff,43,88,WP
836ec1fffffffff,43,140,EP
8351acfffffffff,43,125,EP
837349fffffffff,43,150,WP
83734dfffffffff,43,150,WP
834133fffffffff,43,115,WP
837342fffffffff,43,83,WP
83496dfffffffff,43,120,EP
834af1fffffffff,43,150,WP
836901fffffffff,43,115,WP
834aaefffffffff,43,155,WP
835191fffffffff,43,130,EP
834a11fffffffff,43,128,WP
834820fffffffff,43,110,EP
834a29fffffffff,43,135,WP
833c89fffffffff,43,108,NI
8351adfffffffff,43,125,EP
834ae0fffffffff,43,145,WP
834162fffffffff,43,105,WP
83730afffffffff,42,130,WP
834ac8fffffffff,42,150,WP
837736fffffffff,42,78,WP
837359fffffffff,42,128,WP
834b95fffffffff,42,155,WP
834b82fffffffff,42,165,WP
834174fffffffff,42,95,WP
834170fffffffff,42,75,WP
834945fffffffff,42,105,EP
835113fffffffff,42,125,EP
837323fffffffff,42,135,WP
834af4fffffffff,42,143,WP
836905fffffffff,42,115,WP
834a0efffffffff,42,135,WP
836922fffffffff,42,113,WP
834a5cfffffffff,42,135,WP
836944fffffffff,42,95,WP
834f41fffffffff,42,148,WP
836eccfffffffff,42,130,EP
834f61fffffffff,42,130,WP
834f60fffffffff,42,138,WP
834addfffffffff,42,145,WP
836dacfffffffff,42,80,EP
83735dfffffffff,41,90,WP
8351b6fffffffff,41,140,EP
834173fffffffff,41,108,WP
834155fffffffff,41,110,WP
836946fffffffff,41,125,WP
834ac3fffffffff,41,150,WP
834e4dfffffffff,41,148,WP
834aebfffffffff,41,155,WP
834f4afffffffff,41,150,WP
834f59fffffffff,41,160,WP
834e68fffffffff,41,148,WP
834a18fffffffff,41,148,WP
834a36fffffffff,41,150,WP
834b1dfffffffff,41,130,WP
834a23fffffffff,41,130,WP
836955fffffffff,41,98,WP
834132fffffffff,41,135,WP
837360fffffffff,41,160,WP
834a5afffffffff,41,138,WP
83518afffffffff,41,105,EP
833c8bfffffffff,41,105,NI
836da8fffffffff,41,65,EP
837734fffffffff,40,140,WP
837262fffffffff,40,115,WP
837275fffffffff,40,95,WP
834150fffffffff,40,108,WP
836ed0fffffffff,40,125,EP
83726cfffffffff,40,90,WP
83696cfffffffff,40,120,WP
836d90fffffffff,40,115,EP
834950fffffffff,40,108,EP
83734bfffffffff,40,115,WP
834f4dfffffffff,40,140,WP
834f45fffffffff,40,154,WP
834b84fffffffff,40,135,WP
834ac2fffffffff,40,150,WP
836ed6fffffffff,40,123,EP
834a04fffffffff,40,135,WP
834ad9fffffffff,40,160,WP
836848fffffffff,40,120,WP
834a5dfffffffff,40,130,WP
834ae1fffffffff,40,145,WP
836d85fffffffff,40,73,EP
83874efffffffff,39,119,SI
83722cfffffffff,39,133,WP
834a75fffffffff,39,130,WP
834aeefffffffff,39,145,WP
83735cfffffffff,39,135,WP
834b19fffffffff,39,135,WP
835035fffffffff,39,118,EP
83695efffffffff,39,125,WP
83496bfffffffff,39,108,EP
83511efffffffff,39,118,EP
834142fffffffff,39,110,WP
836943fffffffff,39,120,WP
834956fffffffff,39,115,EP
83519cfffffffff,39,120,EP
83518cfffffffff,39,115,EP
834e64fffffffff,39,153,WP
834e63fffffffff,39,150,WP
834e45fffffffff,39,153,WP
834e6cfffffffff,39,155,WP
834a60fffffffff,39,120,WP
834156fffffffff,39,88,WP
8351a8fffffffff,39,125,EP
834ac4fffffffff,39,145,WP
835118fffffffff,39,115,EP
834a1afffffffff,39,130,WP
836d80fffffffff,39,95,EP
834f43fffffffff,39,140,WP
837366fffffffff,39,165,WP
836d13fffffffff,39,73,EP
83519dfffffffff,39,108,EP
834a4efffffffff,39,105,WP
8384defffffffff,38,113,SI
834b8bfffffffff,38,140,WP
834a00fffffffff,38,133,WP
83726bfffffffff,38,80,WP
83726afffffffff,38,80,WP
837245fffffffff,38,70,WP
832f4cfffffffff,38,133,WP
8351aafffffffff,38,125,EP
83695bfffffffff,38,138,WP
836ed5fffffffff,38,125,EP
836ec2fffffffff,38,140,EP
83410afffffffff,38,85,WP
83494efffffffff,38,95,EP
834951fffffffff,38,113,EP
83519afffffffff,38,80,EP
834baefffffffff,38,133,WP
834146fffffffff,38,90,WP
834a5bfffffffff,38,125,WP
834f68fffffffff,38,145,WP
834f4cfffffffff,38,146,WP
834b0efffffffff,38,110,WP
834a2cfffffffff,38,115,WP
836906fffffffff,38,120,WP
83ab71fffffffff,38,120,SI
834e73fffffffff,38,140,WP
834f5dfffffffff,38,150,WP
834825fffffffff,38,125,EP
835188fffffffff,38,115,EP
8350b4fffffffff,38,100,EP
83511dfffffffff,38,125,EP
834102fffffffff,38,115,WP
83731efffffffff,38,150,WP
83695afffffffff,38,85,WP
834a06fffffffff,38,135,WP
834b53fffffffff,38,125,WP
834b5efffffffff,38,108,WP
834aa1fffffffff,38,155,WP
83511afffffffff,38,123,EP
834b94fffffffff,38,135,WP
834e44fffffffff,38,140,WP
83695dfffffffff,37,113,WP
836951fffffffff,37,90,WP
837266fffffffff,37,113,WP
834a76fffffffff,37,135,WP
834115fffffffff,37,115,WP
836eebfffffffff,37,120,EP
835185fffffffff,37,125,EP
8351a9fffffffff,37,123,EP
83496afffffffff,37,100,EP
834114fffffffff,37,113,WP
83726dfffffffff,37,88,WP
836940fffffffff,37,123,WP
83410bfffffffff,37,80,WP
834ba1fffffffff,37,130,WP
834145fffffffff,37,89,WP
834e49fffffffff,37,150,WP
834ae8fffffffff,37,150,WP
834ae5fffffffff,37,140,WP
836904fffffffff,37,110,WP
834163fffffffff,37,95,WP
834a58fffffffff,37,133,WP
834a51fffffffff,37,133,WP
834a71fffffffff,37,140,WP
83518efffffffff,37,115,EP
835036fffffffff,37,120,EP
837732fffffffff,37,65,WP
834f4bfffffffff,37,150,WP
83ab44fffffffff,37,125,SI
836d12fffffffff,37,95,EP
834826fffffffff,37,110,EP
835189fffffffff,37,115,EP
834bacfffffffff,37,133,WP
835023fffffffff,37,118,EP
834a1cfffffffff,37,125,WP
836849fffffffff,37,140,WP
836845fffffffff,37,128,WP
836959fffffffff,37,120,WP
834a59fffffffff,37,135,WP
835112fffffffff,37,133,EP
834a5efffffffff,37,125,WP
83848bfffffffff,36,75,SI
83691cfffffffff,36,83,WP
83726efffffffff,36,128,WP
834a2bfffffffff,36,135,WP
834a62fffffffff,36,140,WP
837358fffffffff,36,133,WP
834b54fffffffff,36,115,WP
834143fffffffff,36,78,WP
836e9afffffffff,36,85,EP
834b52fffffffff,36,105,WP
834140fffffffff,36,95,WP
832f45fffffffff,36,95,WP
832f44fffffffff,36,90,WP
835193fffffffff,36,128,EP
834e60fffffffff,36,145,WP
834b72fffffffff,36,118,WP
834a35fffffffff,36,125,WP
834f40fffffffff,36,153,WP
83494cfffffffff,36,110,EP
83519bfffffffff,36,73,EP
834a69fffffffff,36,115,WP
832f4dfffffffff,36,140,WP
834a2dfffffffff,36,140,WP
834f5cfffffffff,36,160,WP
834f44fffffffff,36,155,WP
832f42fffffffff,36,105,WP
836dadfffffffff,36,70,EP
8349a6fffffffff,36,118,EP
8349a0fffffffff,36,115,EP
836daafffffffff,36,65,EP
834a53fffffffff,36,145,WP
83491efffffffff,36,120,EP
83482dfffffffff,36,105,EP
834b0afffffffff,36,123,WP
8384dafffffffff,35,135,SI
8384d6fffffffff,35,90,SI
83848efffffffff,35,103,SI
83a349fffffffff,35,103,SI
83695cfffffffff,35,103,WP
83690afffffffff,35,90,WP
83691dfffffffff,35,140,WP
834a70fffffffff,35,120,WP
837244fffffffff,35,73,WP
83694efffffffff,35,140,WP
83519efffffffff,35,113,EP
834144fffffffff,35,105,WP
834a21fffffffff,35,115,WP
835030fffffffff,35,110,EP
837715fffffffff,35,70,WP
832f46fffffffff,35,90,WP
834f75fffffffff,35,150,WP
836da5fffffffff,35,115,EP
834b01fffffffff,35,120,WP
834b48fffffffff,35,108,WP
83510bfffffffff,35,120,EP
834b5cfffffffff,35,115,WP
834f42fffffffff,35,160,WP
83875cfffffffff,35,85,SI
837316fffffffff,35,65,WP
834a43fffffffff,35,135,WP
834a44fffffffff,35,115,WP
8351a0fffffffff,35,118,EP
8351a5fffffffff,35,135,EP
834164fffffffff,35,90,WP
8349a1fffffffff,35,113,EP
834e66fffffffff,35,130,WP
837223fffffffff,35,130,WP
8351b5fffffffff,35,140,EP
834ae9fffffffff,35,125,WP
83411cfffffffff,35,85,WP
83ab6bfffffffff,34,123,SI
8384dbfffffffff,34,140,SI
83848afffffffff,34,100,SI
83690bfffffffff,34,98,WP
834a02fffffffff,34,125,WP
834b49fffffffff,34,140,WP
837706fffffffff,34,50,WP
837355fffffffff,34,110,WP
835034fffffffff,34,115,EP
83502cfffffffff,34,113,EP
834e6afffffffff,34,155,WP
834a0bfffffffff,34,140,WP
834a05fffffffff,34,128,WP
834a2efffffffff,34,130,WP
837724fffffffff,34,115,WP
834bb0fffffffff,34,125,WP
834e43fffffffff,34,160,WP
832f11fffffffff,34,75,WP
837714fffffffff,34,65,WP
834f6bfffffffff,34,135,WP
834b5afffffffff,34,138,WP
837318fffffffff,34,155,WP
83875dfffffffff,34,117,SI
836825fffffffff,34,90,WP
834f71fffffffff,34,153,WP
8384cafffffffff,34,90,SI
836841fffffffff,34,135,WP
834e62fffffffff,34,140,WP
834f58fffffffff,34,145,WP
834f6efffffffff,34,125,WP
834ba5fffffffff,34,125,WP
836942fffffffff,34,103,WP
83724cfffffffff,34,58,WP
835032fffffffff,34,115,EP
83518bfffffffff,34,90,EP
834a0dfffffffff,34,128,WP
8349adfffffffff,34,150,EP
834f64fffffffff,34,123,WP
834a28fffffffff,34,140,WP
836862fffffffff,34,155,WP
83ab28fffffffff,34,120,SI
834ecbfffffffff,34,115,WP
8351a4fffffffff,34,135,EP
832f6efffffffff,34,115,WP
835140fffffffff,34,125,EP
836da9fffffffff,34,65,EP
832f59fffffffff,34,105,WP
834b42fffffffff,34,113,WP
834e4afffffffff,34,125,WP
834b70fffffffff,34,115,WP
83874afffffffff,33,117,SI
837228fffffffff,33,130,WP
837221fffffffff,33,135,WP
834a72fffffffff,33,133,WP
837260fffffffff,33,105,WP
836eeafffffffff,33,118,EP
836954fffffffff,33,95,WP
834ee2fffffffff,33,130,WP
835198fffffffff,33,85,EP
83724dfffffffff,33,75,WP
834e4cfffffffff,33,140,WP
834a08fffffffff,33,135,WP
834a73fffffffff,33,125,WP
834b86fffffffff,33,130,WP
834e41fffffffff,33,165,WP
834a68fffffffff,33,115,WP
834f66fffffffff,33,119,WP
834f62fffffffff,33,148,WP
838669fffffffff,33,110,SI
834e40fffffffff,33,135,WP
8384ddfffffffff,33,115,SI
8384dcfffffffff,33,115,SI
838773fffffffff,33,140,SI
834b03fffffffff,33,120,WP
832f62fffffffff,33,93,WP
834b1efffffffff,33,135,WP
8349acfffffffff,33,110,EP
83510afffffffff,33,128,EP
832f08fffffffff,33,84,WP
83ab63fffffffff,33,120,SI
834a6afffffffff,33,125,WP
832f40fffffffff,33,105,WP
834103fffffffff,33,115,WP
832f63fffffffff,33,90,WP
835119fffffffff,33,118,EP
834b50fffffffff,33,115,WP
833c8dfffffffff,33,55,NI
832e64fffffffff,33,79,WP
834b55fffffffff,33,110,WP
834a4afffffffff,33,120,WP
83ab6afffffffff,33,125,SI
834953fffffffff,33,100,EP
8394b6fffffffff,32,120,SI
8384d8fffffffff,32,105,SI
83a260fffffffff,32,125,SI
838495fffffffff,32,98,SI
836956fffffffff,32,118,WP
834a0cfffffffff,32,140,WP
8350b6fffffffff,32,80,EP
836ec0fffffffff,32,140,EP
834ecefffffffff,32,115,WP
834ba4fffffffff,32,95,WP
834e61fffffffff,32,145,WP
834a2afffffffff,32,140,WP
834a42fffffffff,32,130,WP
834b59fffffffff,32,100,WP
837702fffffffff,32,60,WP
837720fffffffff,32,100,WP
838741fffffffff,32,128,SI
838749fffffffff,32,125,SI
834b28fffffffff,32,113,WP
836d82fffffffff,32,95,EP
832f55fffffffff,32,99,WP
834ec9fffffffff,32,120,WP
834e48fffffffff,32,149,WP
834941fffffffff,32,118,EP
834b58fffffffff,32,118,WP
837313fffffffff,32,43,WP
836875fffffffff,32,100,WP
836953fffffffff,32,85,WP
836824fffffffff,32,108,WP
83ab6efffffffff,32,120,SI
836919fffffffff,32,115,WP
834f51fffffffff,32,153,WP
83ab2efffffffff,32,140,SI
835181fffffffff,32,120,EP
836e5bfffffffff,32,125,EP
836ec6fffffffff,32,120,EP
836d1afffffffff,32,65,EP
834e75fffffffff,32,140,WP
834f73fffffffff,32,150,WP
834b13fffffffff,32,140,WP
834aedfffffffff,32,125,WP
83ab24fffffffff,32,138,SI
832f01fffffffff,32,95,WP
832f60fffffffff,32,100,WP
837312fffffffff,32,125,WP
8384d4fffffffff,31,53,SI
83a26efffffffff,31,120,SI
83a348fffffffff,31,125,SI
83a696fffffffff,31,130,SI
838494fffffffff,31,103,SI
837263fffffffff,31,120,WP
835026fffffffff,31,115,EP
83722efffffffff,31,60,WP
837220fffffffff,31,143,WP
836909fffffffff,31,115,WP
83511cfffffffff,31,130,EP
83415cfffffffff,31,95,WP
834f65fffffffff,31,125,WP
834111fffffffff,31,95,WP
836e8bfffffffff,31,135,EP
83495cfffffffff,31,110,EP
834ba0fffffffff,31,103,WP
834e65fffffffff,31,150,WP
83416afffffffff,31,80,WP
83518dfffffffff,31,125,EP
832f6cfffffffff,31,100,WP
834f6afffffffff,31,125,WP
83772cfffffffff,31,130,WP
83849dfffffffff,31,88,SI
83ab2bfffffffff,31,125,SI
83ab2afffffffff,31,138,SI
834e71fffffffff,31,125,WP
838706fffffffff,31,125,SI
834bb1fffffffff,31,98,WP
832f6dfffffffff,31,110,WP
83502efffffffff,31,115,EP
834b1cfffffffff,31,128,WP
832f1dfffffffff,31,78,WP
836952fffffffff,31,90,WP
834b43fffffffff,31,115,WP
833c8afffffffff,31,140,NI
83ab45fffffffff,31,123,SI
83ab76fffffffff,31,115,SI
834a45fffffffff,31,130,WP
8364d8fffffffff,31,140,NI
833c8cfffffffff,31,75,NI
835180fffffffff,31,125,EP
836ed4fffffffff,31,110,EP
8351a6fffffffff,31,130,EP
835154fffffffff,31,130,EP
83514cfffffffff,31,120,EP
832f73fffffffff,31,90,WP
834b63fffffffff,31,90,WP
836da4fffffffff,31,110,EP
8351b4fffffffff,31,123,EP
834a48fffffffff,31,130,WP
832f61fffffffff,31,113,WP
834a20fffffffff,31,145,WP
835111fffffffff,31,130,EP
836874fffffffff,31,95,WP
83ab72fffffffff,31,118,SI
834a24fffffffff,31,115,WP
83874cfffffffff,30,125,SI
83ab69fffffffff,30,120,SI
8394b4fffffffff,30,110,SI
8384d0fffffffff,30,85,SI
839410fffffffff,30,118,SI
8394a5fffffffff,30,100,SI
83ab68fffffffff,30,120,SI
83a694fffffffff,30,130,SI
839486fffffffff,30,110,SI
83849efffffffff,30,110,SI
83849afffffffff,30,140,SI
838483fffffffff,30,100,SI
838486fffffffff,30,110,SI
836950fffffffff,30,120,WP
836911fffffffff,30,98,WP
834a6cfffffffff,30,90,WP
834a52fffffffff,30,140,WP
834a56fffffffff,30,130,WP
834b73fffffffff,30,115,WP
834b6cfffffffff,30,93,WP
83511bfffffffff,30,120,EP
834bb3fffffffff,30,140,WP
834bb6fffffffff,30,120,WP
836e99fffffffff,30,105,EP
8350a5fffffffff,30,68,EP
834141fffffffff,30,73,WP
834160fffffffff,30,100,WP
837721fffffffff,30,115,WP
834e55fffffffff,30,110,WP
834e42fffffffff,30,138,WP
834a4dfffffffff,30,130,WP
832f54fffffffff,30,93,WP
834f63fffffffff,30,154,WP
832f65fffffffff,30,105,WP
8387a5fffffffff,30,95,SI
838488fffffffff,30,115,SI
83870bfffffffff,30,126,SI
838772fffffffff,30,135,SI
83ab2cfffffffff,30,123,SI
83a26cfffffffff,30,120,SI
838740fffffffff,30,140,SI
838743fffffffff,30,135,SI
838701fffffffff,30,125,SI
838498fffffffff,30,110,SI
83849bfffffffff,30,140,SI
83a265fffffffff,30,135,SI
834b2afffffffff,30,120,WP
834ec5fffffffff,30,125,WP
838750fffffffff,30,150,SI
834823fffffffff,30,110,EP
836d81fffffffff,30,85,EP
83ab73fffffffff,30,124,SI
83a382fffffffff,30,100,SI
836844fffffffff,30,120,WP
834a09fffffffff,30,135,WP
834e4bfffffffff,30,145,WP
834a4cfffffffff,30,130,WP
834a40fffffffff,30,135,WP
835109fffffffff,30,130,EP
835142fffffffff,30,115,EP
835024fffffffff,30,115,EP
836d1efffffffff,30,70,EP
836ee9fffffffff,30,123,EP
834b4efffffffff,30,133,WP
838499fffffffff,30,140,SI
838668fffffffff,30,115,SI
83731afffffffff,30,125,WP
834b0cfffffffff,30,110,WP
83a26afffffffff,29,125,SI
839485fffffffff,29,60,SI
838490fffffffff,29,138,SI
838491fffffffff,29,130,SI
83a268fffffffff,29,120,SI
83848dfffffffff,29,60,SI
837241fffffffff,29,55,WP
837703fffffffff,29,65,WP
834b44fffffffff,29,98,WP
8341a5fffffffff,29,90,WP
8341a0fffffffff,29,105,WP
835021fffffffff,29,115,EP
837725fffffffff,29,145,WP
834f56fffffffff,29,130,WP
83325afffffffff,29,70,WP
834a6bfffffffff,29,118,WP
838758fffffffff,29,105,SI
83ab29fffffffff,29,120,SI
838776fffffffff,29,130,SI
838746fffffffff,29,140,SI
838733fffffffff,29,118,SI
835006fffffffff,29,98,EP
834152fffffffff,29,65,WP
834ec3fffffffff,29,115,WP
834a65fffffffff,29,115,WP
832f09fffffffff,29,89,WP
832e25fffffffff,29,90,WP
834e4efffffffff,29,140,WP
835015fffffffff,29,93,EP
83491afffffffff,29,115,EP
832f0cfffffffff,29,85,WP
83682dfffffffff,29,90,WP
834b5bfffffffff,29,115,WP
838751fffffffff,29,120,SI
83ab0dfffffffff,29,125,SI
83ab0cfffffffff,29,123,SI
8384cbfffffffff,29,100,SI
8394b3fffffffff,29,115,SI
836902fffffffff,29,130,WP
834a46fffffffff,29,140,WP
834f53fffffffff,29,133,WP
832f4bfffffffff,29,118,WP
834ba2fffffffff,29,130,WP
8341a6fffffffff,29,90,WP
835155fffffffff,29,130,EP
835141fffffffff,29,120,EP
835143fffffffff,29,120,EP
834f5bfffffffff,29,140,WP
834ec2fffffffff,29,120,WP
839dabfffffffff,29,90,SP
834b5dfffffffff,29,135,WP
834b76fffffffff,29,110,WP
835186fffffffff,29,125,EP
83510efffffffff,29,130,EP
834952fffffffff,29,110,EP
836908fffffffff,29,113,WP
83ab05fffffffff,29,135,SI
8394a4fffffffff,28,115,SI
83a6b6fffffffff,28,140,SI
8384d3fffffffff,28,118,SI
83ab25fffffffff,28,130,SI
8394b5fffffffff,28,93,SI
838489fffffffff,28,115,SI
838482fffffffff,28,115,SI
837229fffffffff,28,110,WP
834a66fffffffff,28,140,WP
837700fffffffff,28,60,WP
834b0bfffffffff,28,115,WP
835020fffffffff,28,115,EP
835153fffffffff,28,105,EP
836941fffffffff,28,105,WP
834bb2fffffffff,28,120,WP
834ec4fffffffff,28,125,WP
834ee8fffffffff,28,140,WP
834eedfffffffff,28,143,WP
834ecafffffffff,28,115,WP
834ed9fffffffff,28,115,WP
832f04fffffffff,28,85,WP
834948fffffffff,28,93,EP
835199fffffffff,28,80,EP
834f74fffffffff,28,148,WP
834a55fffffffff,28,140,WP
832f6bfffffffff,28,103,WP
832f6afffffffff,28,115,WP
832f71fffffffff,28,90,WP
834bb4fffffffff,28,110,WP
834b08fffffffff,28,120,WP
834b0dfffffffff,28,110,WP
837226fffffffff,28,55,WP
836933fffffffff,28,104,WP
83ab70fffffffff,28,119,SI
838748fffffffff,28,115,SI
83a69bfffffffff,28,93,SI
83a275fffffffff,28,130,SI
834b12fffffffff,28,140,WP
834b05fffffffff,28,110,WP
832f66fffffffff,28,98,WP
834eeafffffffff,28,115,WP
832f76fffffffff,28,85,WP
832f0dfffffffff,28,80,WP
835004fffffffff,28,110,EP
835149fffffffff,28,125,EP
834b4afffffffff,28,90,WP
832f41fffffffff,28,100,WP
832f49fffffffff,28,95,WP
8394a6fffffffff,28,100,SI
83ab65fffffffff,28,95,SI
83a386fffffffff,28,90,SI
8364dbfffffffff,28,138,NI
833c81fffffffff,28,53,NI
834bb5fffffffff,28,118,WP
83514efffffffff,28,110,EP
834ec1fffffffff,28,120,WP
838742fffffffff,28,138,SI
83731bfffffffff,28,135,WP
832e65fffffffff,28,88,WP
834b6dfffffffff,28,90,WP
835108fffffffff,28,130,EP
8384d9fffffffff,28,130,SI
839413fffffffff,28,120,SI
834f5efffffffff,28,125,WP
8364ebfffffffff,28,105,NI
839599fffffffff,27,138,SI
83a201fffffffff,27,113,SI
839411fffffffff,27,100,SI
8394aafffffffff,27,74,SI
83af64fffffffff,27,88,SI
838493fffffffff,27,105,SI
83a26dfffffffff,27,125,SI
83a263fffffffff,27,140,SI
8394a3fffffffff,27,115,SI
83a686fffffffff,27,140,SI
834a63fffffffff,27,128,WP
83771dfffffffff,27,48,WP
834b6efffffffff,27,100,WP
8341a2fffffffff,27,70,WP
832ae2fffffffff,27,94,NA
834ee6fffffffff,27,113,WP
834eccfffffffff,27,120,WP
832f05fffffffff,27,90,WP
834b71fffffffff,27,90,WP
834f70fffffffff,27,140,WP
834f09fffffffff,27,135,WP
832f75fffffffff,27,90,WP
832f74fffffffff,27,95,WP
834a49fffffffff,27,140,WP
837729fffffffff,27,115,WP
836932fffffffff,27,85,WP
838712fffffffff,27,100,SI
834e53fffffffff,27,140,WP
83ab74fffffffff,27,109,SI
83a261fffffffff,27,130,SI
838726fffffffff,27,90,SI
836840fffffffff,27,105,WP
83a680fffffffff,27,125,SI
839e72fffffffff,27,103,SP
83a358fffffffff,27,138,SI
838700fffffffff,27,125,SI
83872afffffffff,27,115,SI
83a269fffffffff,27,100,SI
834e46fffffffff,27,140,WP
834b10fffffffff,27,140,WP
834ec0fffffffff,27,115,WP
834a6dfffffffff,27,115,WP
834e58fffffffff,27,140,WP
832fa0fffffffff,27,55,WP
832ad3fffffffff,27,90,NA
835014fffffffff,27,105,EP
835031fffffffff,27,115,EP
835010fffffffff,27,68,EP
834b51fffffffff,27,110,WP
838754fffffffff,27,115,SI
83ab62fffffffff,27,115,SI
834f55fffffffff,27,160,WP
834f26fffffffff,27,80,WP
833c8efffffffff,27,135,NI
834a41fffffffff,27,130,WP
832f20fffffffff,27,125,WP
8364d9fffffffff,27,125,NI
8341a4fffffffff,27,125,WP
834b68fffffffff,27,108,WP
83870efffffffff,27,65,SI
833cabfffffffff,27,40,NI
834b11fffffffff,27,118,WP
836871fffffffff,27,115,WP
836935fffffffff,27,100,WP
832f00fffffffff,27,85,WP
836931fffffffff,27,103,WP
834b74fffffffff,27,100,WP
839c46fffffffff,26,60,SP
8384d2fffffffff,26,125,SI
83a229fffffffff,26,115,SI
83a26bfffffffff,26,130,SI
83a22efffffffff,26,120,SI
839416fffffffff,26,120,SI
83a699fffffffff,26,100,SI
838c44fffffffff,26,120,SI
839484fffffffff,26,82,SI
83a264fffffffff,26,120,SI
83a262fffffffff,26,130,SI
8394e4fffffffff,26,109,SI
83a34efffffffff,26,130,SI
837271fffffffff,26,83,WP
837276fffffffff,26,85,WP
832f43fffffffff,26,108,WP
83515efffffffff,26,113,EP
83722bfffffffff,26,55,WP
837731fffffffff,26,140,WP
837705fffffffff,26,115,WP
832ae4fffffffff,26,90,NA
834eeefffffffff,26,133,WP
834ec8fffffffff,26,100,WP
832fa4fffffffff,26,58,WP
836d92fffffffff,26,60,EP
8350a4fffffffff,26,73,EP
83414cfffffffff,26,50,WP
834f52fffffffff,26,125,WP
834e54fffffffff,26,135,WP
834e5cfffffffff,26,155,WP
834e59fffffffff,26,138,WP
834b69fffffffff,26,100,WP
832f0afffffffff,26,80,WP
837723fffffffff,26,123,WP
83491bfffffffff,26,138,EP
836821fffffffff,26,95,WP
834f25fffffffff,26,155,WP
8384d1fffffffff,26,75,SI
839e54fffffffff,26,113,SP
839403fffffffff,26,90,SI
83a69afffffffff,26,95,SI
837770fffffffff,26,105,WP
837726fffffffff,26,120,WP
838731fffffffff,26,121,SI
834561fffffffff,26,105,NA
834b2efffffffff,26,100,WP
834025fffffffff,26,60,WP
835033fffffffff,26,113,EP
8350a6fffffffff,26,70,EP
835016fffffffff,26,80,EP
835148fffffffff,26,125,EP
8332c4fffffffff,26,65,WP
8356b6fffffffff,26,118,NA
8350b5fffffffff,26,95,EP
83411efffffffff,26,70,WP
835e86fffffffff,26,85,NA
83ab21fffffffff,26,120,SI
83ab26fffffffff,26,115,SI
83959bfffffffff,26,115,SI
837274fffffffff,26,100,WP
83684bfffffffff,26,60,WP
83a39cfffffffff,26,105,SI
83a398fffffffff,26,100,SI
833caafffffffff,26,37,NI
8344d6fffffffff,26,120,NA
83514dfffffffff,26,125,EP
832f72fffffffff,26,88,WP
834a74fffffffff,26,133,WP
836d1dfffffffff,26,115,EP
839592fffffffff,26,90,SI
839c36fffffffff,26,95,SP
83494afffffffff,26,85,EP
834a25fffffffff,26,130,WP
834b29fffffffff,26,105,WP
835146fffffffff,26,128,EP
83a359fffffffff,26,125,SI
83482cfffffffff,26,105,EP
8332e9fffffffff,26,68,WP
83a35cfffffffff,26,140,SI
839593fffffffff,26,118,SI
832f5efffffffff,26,118,WP
83874bfffffffff,25,115,SI
8394b2fffffffff,25,118,SI
83959efffffffff,25,105,SI
83a698fffffffff,25,83,SI
83866cfffffffff,25,63,SI
83a690fffffffff,25,133,SI
83ab2dfffffffff,25,125,SI
839495fffffffff,25,125,SI
838480fffffffff,25,100,SI
83a34afffffffff,25,143,SI
8394a2fffffffff,25,120,SI
837270fffffffff,25,90,WP
836910fffffffff,25,105,WP
834110fffffffff,25,95,WP
83515cfffffffff,25,120,EP
834e18fffffffff,25,135,WP
834ee0fffffffff,25,110,WP
834eebfffffffff,25,120,WP
8350b0fffffffff,25,75,EP
836d91fffffffff,25,55,EP
836e98fffffffff,25,65,EP
832b40fffffffff,25,90,NA
834e5dfffffffff,25,128,WP
832f06fffffffff,25,85,WP
83502dfffffffff,25,110,EP
83515afffffffff,25,105,EP
832f03fffffffff,25,95,WP
832fa2fffffffff,25,68,WP
832f5cfffffffff,25,110,WP
834ee1fffffffff,25,115,WP
83875efffffffff,25,105,SI
836915fffffffff,25,73,WP
834e51fffffffff,25,115,WP
838708fffffffff,25,115,SI
83870dfffffffff,25,128,SI
838721fffffffff,25,105,SI
838759fffffffff,25,115,SI
83a35dfffffffff,25,140,SI
83772efffffffff,25,105,WP
834b2dfffffffff,25,90,WP
8330defffffffff,25,105,WP
834b14fffffffff,25,108,WP
832f85fffffffff,25,70,WP
8350a0fffffffff,25,70,EP
832e24fffffffff,25,85,WP
834b75fffffffff,25,113,WP
832fa5fffffffff,25,75,WP
832ad5fffffffff,25,90,NA
832af1fffffffff,25,100,NA
835158fffffffff,25,100,EP
832f58fffffffff,25,95,WP
835eb3fffffffff,25,83,NA
835002fffffffff,25,65,EP
835e85fffffffff,25,95,NA
835156fffffffff,25,115,EP
83862dfffffffff,25,115,SI
83691efffffffff,25,85,WP
834f46fffffffff,25,70,WP
83684efffffffff,25,70,WP
83a6a3fffffffff,25,125,SI
83ab64fffffffff,25,105,SI
838730fffffffff,25,116,SI
83770cfffffffff,25,60,WP
833240fffffffff,25,93,WP
8364eafffffffff,25,98,NI
836d1cfffffffff,25,105,EP
832f69fffffffff,25,105,WP
833c98fffffffff,25,145,NI
836e5afffffffff,25,125,EP
835d48fffffffff,25,115,EP
835152fffffffff,25,115,EP
834f23fffffffff,25,90,WP
832f18fffffffff,25,73,WP
835172fffffffff,25,118,EP
836d11fffffffff,25,103,EP
834e5afffffffff,25,140,WP
83875afffffffff,25,105,SI
836d1bfffffffff,25,58,EP
83722afffffffff,25,123,WP
83a351fffffffff,25,140,SI
835e94fffffffff,25,123,NA
832f70fffffffff,25,90,WP
834e89fffffffff,25,95,WP
835110fffffffff,25,125,EP
835103fffffffff,25,130,EP
83682cfffffffff,25,90,WP
834e86fffffffff,25,110,WP
838492fffffffff,25,100,SI
83495efffffffff,25,85,EP
838755fffffffff,25,145,SI
836d10fffffffff,25,115,EP
835d49fffffffff,25,113,EP
839494fffffffff,24,115,SI
83a35afffffffff,24,115,SI
83a2e4fffffffff,24,110,SI
83941dfffffffff,24,130,SI
838d26fffffffff,24,103,SI
83ab20fffffffff,24,115,SI
83a24efffffffff,24,115,SI
839d1bfffffffff,24,135,SP
83af6cfffffffff,24,113,SI
83a34bfffffffff,24,145,SI
83a244fffffffff,24,125,SI
8394adfffffffff,24,125,SI
839c55fffffffff,24,120,SP
832ae0fffffffff,24,65,NA
834ee3fffffffff,24,130,WP
834edafffffffff,24,115,WP
832fa6fffffffff,24,75,WP
832fb5fffffffff,24,70,WP
834e30fffffffff,24,140,WP
8356a6fffffffff,24,95,NA
834e6efffffffff,24,150,WP
834ecdfffffffff,24,115,WP
834e1bfffffffff,24,133,WP
8332e8fffffffff,24,65,WP
837728fffffffff,24,120,WP
83772afffffffff,24,105,WP
8361a2fffffffff,24,75,NI
838625fffffffff,24,95,SI
837775fffffffff,24,115,WP
83772dfffffffff,24,125,WP
838709fffffffff,24,110,SI
83876bfffffffff,24,140,SI
83ab49fffffffff,24,130,SI
83a22cfffffffff,24,128,SI
83a223fffffffff,24,115,SI
838720fffffffff,24,93,SI
83874dfffffffff,24,123,SI
838496fffffffff,24,145,SI
838716fffffffff,24,65,SI
83ab01fffffffff,24,140,SI
83a24cfffffffff,24,120,SI
839e33fffffffff,24,150,SP
83a313fffffffff,24,65,SI
839d1afffffffff,24,130,SP
838711fffffffff,24,85,SI
83a271fffffffff,24,130,SI
838715fffffffff,24,80,SI
834560fffffffff,24,90,NA
834b02fffffffff,24,113,WP
834148fffffffff,24,40,WP
835d6bfffffffff,24,125,EP
835d40fffffffff,24,110,EP
832f48fffffffff,24,95,WP
835613fffffffff,24,80,NA
835000fffffffff,24,80,EP
834822fffffffff,24,100,EP
835025fffffffff,24,113,EP
835e80fffffffff,24,95,NA
838756fffffffff,24,142,SI
838661fffffffff,24,75,SI
83ab6dfffffffff,24,113,SI
8394a0fffffffff,24,98,SI
8364e9fffffffff,24,75,NI
833cf2fffffffff,24,100,NI
8394e6fffffffff,24,84,SI
839daefffffffff,24,123,SP
839da8fffffffff,24,125,SP
834a6efffffffff,24,120,WP
835d4cfffffffff,24,120,EP
835d4efffffffff,24,120,EP
836e59fffffffff,24,125,EP
834e70fffffffff,24,140,WP
834ba6fffffffff,24,100,WP
835d4dfffffffff,24,115,EP
834b56fffffffff,24,120,WP
83510dfffffffff,24,125,EP
834b46fffffffff,24,105,WP
832f50fffffffff,24,95,WP
837222fffffffff,24,135,WP
8341a1fffffffff,24,78,WP
834b6bfffffffff,24,130,WP
832f16fffffffff,24,75,WP
834ed3fffffffff,24,123,WP
83872bfffffffff,24,120,SI
83a391fffffffff,24,100,SI
83a384fffffffff,24,95,SI
8394a8fffffffff,24,115,SI
834153fffffffff,24,50,WP
834b2bfffffffff,24,105,WP
833cd6fffffffff,24,135,NI
832adefffffffff,24,110,NA
83ab04fffffffff,24,130,SI
834b40fffffffff,24,105,WP
832fb6fffffffff,24,60,WP
835ee0fffffffff,24,135,NA
83451cfffffffff,24,130,NA
83516bfffffffff,24,115,EP
83958bfffffffff,23,115,SI
83a200fffffffff,23,100,SI
83a228fffffffff,23,130,SI
83a20bfffffffff,23,118,SI
83866efffffffff,23,115,SI
83a24dfffffffff,23,125,SI
8394abfffffffff,23,90,SI
8384d5fffffffff,23,55,SI
8394e5fffffffff,23,105,SI
8394aefffffffff,23,82,SI
83a68bfffffffff,23,90,SI
8384c1fffffffff,23,68,SI
83848cfffffffff,23,80,SI
837240fffffffff,23,58,WP
839c50fffffffff,23,105,SP
832f51fffffffff,23,108,WP
83770afffffffff,23,60,WP
836ec4fffffffff,23,115,EP
836ec5fffffffff,23,115,EP
83414efffffffff,23,55,WP
83448afffffffff,23,120,NA
837701fffffffff,23,50,WP
834ef1fffffffff,23,115,WP
83324afffffffff,23,90,WP
833259fffffffff,23,75,WP
832fb3fffffffff,23,63,WP
8350a2fffffffff,23,70,EP
8350b2fffffffff,23,68,EP
834e84fffffffff,23,120,WP
83415dfffffffff,23,60,WP
835618fffffffff,23,70,NA
83561efffffffff,23,75,NA
832b58fffffffff,23,108,NA
835012fffffffff,23,55,EP
835e81fffffffff,23,105,NA
835e8cfffffffff,23,125,NA
83578afffffffff,23,120,NA
837249fffffffff,23,43,WP
836918fffffffff,23,90,WP
834f72fffffffff,23,145,WP
832f29fffffffff,23,95,WP
832f14fffffffff,23,75,WP
834e5bfffffffff,23,115,WP
834edbfffffffff,23,105,WP
834ed2fffffffff,23,100,WP
832f21fffffffff,23,128,WP
8332eafffffffff,23,60,WP
834b6afffffffff,23,115,WP
832f1cfffffffff,23,90,WP
832f10fffffffff,23,68,WP
834ee5fffffffff,23,120,WP
8384ccfffffffff,23,45,SI
8367b6fffffffff,23,58,NA
834514fffffffff,23,153,NA
838645fffffffff,23,93,SI
83849cfffffffff,23,108,SI
838c48fffffffff,23,58,SI
83ab4cfffffffff,23,140,SI
83ab33fffffffff,23,130,SI
83a274fffffffff,23,130,SI
839455fffffffff,23,100,SI
83a34cfffffffff,23,120,SI
837771fffffffff,23,123,WP
834b16fffffffff,23,135,WP
834b06fffffffff,23,108,WP
834b04fffffffff,23,100,WP
834b2cfffffffff,23,95,WP
832f84fffffffff,23,65,WP
834b32fffffffff,23,105,WP
834b41fffffffff,23,115,WP
8330d1fffffffff,23,85,WP
834edcfffffffff,23,110,WP
832f25fffffffff,23,110,WP
8344d2fffffffff,23,120,NA
834eb3fffffffff,23,110,WP
8332c6fffffffff,23,55,WP
834835fffffffff,23,110,EP
832e16fffffffff,23,63,WP
835159fffffffff,23,95,EP
834805fffffffff,23,105,EP
836820fffffffff,23,100,WP
834f24fffffffff,23,153,WP
834f29fffffffff,23,150,WP
8394b0fffffffff,23,120,SI
838704fffffffff,23,135,SI
83870cfffffffff,23,125,SI
83a691fffffffff,23,105,SI
83a3a1fffffffff,23,108,SI
83ab60fffffffff,23,125,SI
834f05fffffffff,23,95,WP
833260fffffffff,23,95,WP
833c9dfffffffff,23,135,NI
834b4dfffffffff,23,103,WP
832e36fffffffff,23,65,WP
834b23fffffffff,23,98,WP
832e6cfffffffff,23,87,WP
832f68fffffffff,23,105,WP
836d18fffffffff,23,58,EP
837764fffffffff,23,80,WP
834e5efffffffff,23,150,WP
8384f2fffffffff,23,110,SI
839da2fffffffff,23,84,SP
839e58fffffffff,23,120,SP
837235fffffffff,23,135,WP
834e88fffffffff,23,124,WP
834e8efffffffff,23,110,WP
834b09fffffffff,23,120,WP
83411dfffffffff,23,85,WP
832f12fffffffff,23,65,WP
834e23fffffffff,23,140,WP
834e05fffffffff,23,140,WP
839da3fffffffff,23,120,SP
838770fffffffff,23,130,SI
834958fffffffff,23,75,EP
834821fffffffff,23,95,EP
832adafffffffff,23,100,NA
832f64fffffffff,23,100,WP
834e50fffffffff,23,140,WP
832f02fffffffff,23,70,WP
832ac0fffffffff,23,98,NA
83ab23fffffffff,23,120,SI
83a350fffffffff,23,140,SI
832fb4fffffffff,23,83,WP
839e20fffffffff,23,128,SP
8373adfffffffff,23,120,WP
83ab42fffffffff,23,125,SI
83a36afffffffff,22,133,SI
839454fffffffff,22,135,SI
839409fffffffff,22,135,SI
83941cfffffffff,22,90,SI
838d25fffffffff,22,80,SI
838713fffffffff,22,45,SI
838c71fffffffff,22,80,SI
839588fffffffff,22,83,SI
83ab22fffffffff,22,125,SI
839d16fffffffff,22,125,SP
839da6fffffffff,22,95,SP
839da4fffffffff,22,115,SP
83a34dfffffffff,22,125,SI
83a266fffffffff,22,125,SI
838481fffffffff,22,100,SI
836914fffffffff,22,100,WP
83a6b3fffffffff,22,123,SI
839c51fffffffff,22,123,SP
834a54fffffffff,22,140,WP
83770efffffffff,22,65,WP
83415efffffffff,22,65,WP
834158fffffffff,22,60,WP
8341a8fffffffff,22,45,WP
834488fffffffff,22,98,NA
83448dfffffffff,22,95,NA
837704fffffffff,22,130,WP
837735fffffffff,22,140,WP
834e11fffffffff,22,123,WP
834e1dfffffffff,22,125,WP
834eecfffffffff,22,128,WP
834ed8fffffffff,22,110,WP
832f2dfffffffff,22,100,WP
832f28fffffffff,22,103,WP
832f2efffffffff,22,95,WP
832f33fffffffff,22,70,WP
832a75fffffffff,22,95,NA
8350a1fffffffff,22,60,EP
8330d5fffffffff,22,70,WP
832b43fffffffff,22,98,NA
834e72fffffffff,22,90,WP
833258fffffffff,22,60,WP
832f2afffffffff,22,85,WP
832fa1fffffffff,22,70,WP
834ec6fffffffff,22,115,WP
834ed0fffffffff,22,115,WP
832f56fffffffff,22,93,WP
838624fffffffff,22,100,SI
8384c9fffffffff,22,105,SI
837762fffffffff,22,110,WP
834f2dfffffffff,22,135,WP
83866bfffffffff,22,58,SI
8384b2fffffffff,22,130,SI
838745fffffffff,22,135,SI
83ab40fffffffff,22,115,SI
83ab46fffffffff,22,119,SI
83a22dfffffffff,22,130,SI
838c41fffffffff,22,90,SI
838d36fffffffff,22,140,SI
83a685fffffffff,22,125,SI
83ab4dfffffffff,22,125,SI
839e56fffffffff,22,120,SP
83a21bfffffffff,22,90,SI
839c15fffffffff,22,130,SP
83a311fffffffff,22,96,SI
838703fffffffff,22,90,SI
8330dafffffffff,22,105,WP
832faafffffffff,22,65,WP
834575fffffffff,22,65,NA
8341a3fffffffff,22,65,WP
834119fffffffff,22,65,WP
834eddfffffffff,22,113,WP
832f0bfffffffff,22,88,WP
8341b4fffffffff,22,113,WP
838621fffffffff,22,110,SI
832e04fffffffff,22,75,WP
83561dfffffffff,22,50,NA
835612fffffffff,22,95,NA
8330d6fffffffff,22,98,WP
832f0efffffffff,22,75,WP
832f1efffffffff,22,85,WP
835e5cfffffffff,22,120,NA
835e84fffffffff,22,108,NA
832e2afffffffff,22,65,WP
835150fffffffff,22,110,EP
836dabfffffffff,22,83,EP
838629fffffffff,22,65,SI
838663fffffffff,22,95,SI
834f54fffffffff,22,140,WP
834f21fffffffff,22,158,WP
837776fffffffff,22,105,WP
839412fffffffff,22,65,SI
83645efffffffff,22,55,NI
8364cdfffffffff,22,143,NI
833c9bfffffffff,22,140,NI
833c99fffffffff,22,140,NI
83a3a4fffffffff,22,85,SI
839e0afffffffff,22,113,SP
838665fffffffff,22,125,SI
838664fffffffff,22,125,SI
83ab03fffffffff,22,125,SI
83a3a0fffffffff,22,65,SI
8394b1fffffffff,22,120,SI
832f8cfffffffff,22,60,WP
836ee8fffffffff,22,120,EP
835151fffffffff,22,103,EP
834165fffffffff,22,80,WP
835ef0fffffffff,22,115,NA
834949fffffffff,22,85,EP
834b61fffffffff,22,70,WP
8364ccfffffffff,22,93,NI
839e1dfffffffff,22,140,SP
83ab34fffffffff,22,125,SI
8394a9fffffffff,22,90,SI
83875bfffffffff,22,110,SI
837205fffffffff,22,128,WP
83a353fffffffff,22,125,SI
832f5dfffffffff,22,125,WP
835173fffffffff,22,115,EP
833cd2fffffffff,22,135,NI
83a395fffffffff,22,115,SI
83872efffffffff,22,120,SI
83aa60fffffffff,22,135,SI
83ab08fffffffff,22,105,SI
83495afffffffff,22,80,EP
833a04fffffffff,22,100,NA
8394a1fffffffff,22,90,SI
834a61fffffffff,22,120,WP
833cd4fffffffff,22,115,NI
832f1afffffffff,22,85,WP
83ab43fffffffff,22,130,SI
839b0cfffffffff,21,120,SP
839c42fffffffff,21,125,SP
839c40fffffffff,21,105,SP
839490fffffffff,21,130,SI
83a241fffffffff,21,120,SI
83940bfffffffff,21,123,SI
83940afffffffff,21,130,SI
838d2cfffffffff,21,115,SI
838d5afffffffff,21,103,SI
838d51fffffffff,21,125,SI
839472fffffffff,21,120,SI
83940dfffffffff,21,115,SI
83959cfffffffff,21,110,SI
83a692fffffffff,21,120,SI
83ab32fffffffff,21,130,SI
839f89fffffffff,21,140,SP
83af61fffffffff,21,97,SI
839da5fffffffff,21,123,SP
83a259fffffffff,21,113,SI
839e51fffffffff,21,100,SP
8394acfffffffff,21,85,SI
838d74fffffffff,21,138,SI
8384b3fffffffff,21,128,SI
83a343fffffffff,21,138,SI
837246fffffffff,21,60,WP
832e35fffffffff,21,70,WP
832f8dfffffffff,21,60,WP
834113fffffffff,21,80,WP
834483fffffffff,21,108,NA
832ac4fffffffff,21,85,NA
832a76fffffffff,21,83,NA
834e19fffffffff,21,103,WP
83324bfffffffff,21,80,WP
834e35fffffffff,21,133,WP
83326dfffffffff,21,85,WP
833245fffffffff,21,80,WP
832ae6fffffffff,21,85,NA
832a71fffffffff,21,95,NA
834185fffffffff,21,55,WP
8330dcfffffffff,21,100,WP
8356a4fffffffff,21,110,NA
83579bfffffffff,21,105,NA
835e95fffffffff,21,125,NA
83579dfffffffff,21,125,NA
835e9dfffffffff,21,130,NA
834db5fffffffff,21,110,NA
832e5dfffffffff,21,65,WP
834e2cfffffffff,21,125,WP
834e2bfffffffff,21,140,WP
832f2cfffffffff,21,130,WP
834116fffffffff,21,105,WP
83866dfffffffff,21,90,SI
834e94fffffffff,21,105,WP
83866afffffffff,21,95,SI
83870afffffffff,21,110,SI
83ab48fffffffff,21,128,SI
8361a4fffffffff,21,63,NI
8361a3fffffffff,21,60,NI
83872cfffffffff,21,90,SI
838d56fffffffff,21,55,SI
838c40fffffffff,21,120,SI
838d2efffffffff,21,100,SI
839594fffffffff,21,140,SI
838666fffffffff,21,120,SI
83ab4bfffffffff,21,135,SI
83ab06fffffffff,21,125,SI
839ea5fffffffff,21,120,SP
839e2cfffffffff,21,120,SP
83a6b1fffffffff,21,133,SI
839442fffffffff,21,120,SI
8387a1fffffffff,21,55,SI
838702fffffffff,21,105,SI
837774fffffffff,21,105,WP
832fb2fffffffff,21,63,WP
834562fffffffff,21,75,NA
834024fffffffff,21,45,WP
834118fffffffff,21,75,WP
8341b6fffffffff,21,130,WP
832f26fffffffff,21,105,WP
832a72fffffffff,21,90,NA
832b5cfffffffff,21,115,NA
835eb2fffffffff,21,78,NA
832ad0fffffffff,21,95,NA
835028fffffffff,21,105,EP
83502bfffffffff,21,90,EP
83514afffffffff,21,120,EP
835d41fffffffff,21,120,EP
834e12fffffffff,21,140,WP
8316d4fffffffff,21,0,WP
832f5afffffffff,21,95,WP
83482efffffffff,21,105,EP
834828fffffffff,21,93,EP
834829fffffffff,21,110,EP
832a61fffffffff,21,105,NA
832b63fffffffff,21,85,NA
832fadfffffffff,21,78,WP
833baefffffffff,21,113,NA
835eaafffffffff,21,95,NA
832e2cfffffffff,21,110,WP
838762fffffffff,21,115,SI
838675fffffffff,21,73,SI
838660fffffffff,21,100,SI
834db6fffffffff,21,100,NA
834f28fffffffff,21,158,WP
8364c0fffffffff,21,120,NI
833cd3fffffffff,21,125,NI
83645afffffffff,21,85,NI
833cf3fffffffff,21,100,NI
839e5cfffffffff,21,118,SP
838d24fffffffff,21,85,SI
83a684fffffffff,21,120,SI
837744fffffffff,21,130,WP
837745fffffffff,21,130,WP
839e59fffffffff,21,95,SP
839e4afffffffff,21,123,SP
839daafffffffff,21,70,SP
836196fffffffff,21,120,NI
832f22fffffffff,21,75,WP
832ad1fffffffff,21,115,NA
834e9bfffffffff,21,90,WP
834e25fffffffff,21,115,WP
839e0dfffffffff,21,110,SP
83ab55fffffffff,21,130,SI
839da0fffffffff,21,95,SP
839dacfffffffff,21,103,SP
835ef6fffffffff,21,105,NA
833c84fffffffff,21,33,NI
834e83fffffffff,21,95,WP
833c9efffffffff,21,148,NI
8369adfffffffff,21,60,WP
83516dfffffffff,21,95,EP
833cd0fffffffff,21,140,NI
8364c1fffffffff,21,133,NI
838c49fffffffff,21,63,SI
8373a5fffffffff,21,140,WP
83a24bfffffffff,21,100,SI
838c6afffffffff,21,88,SI
83af65fffffffff,21,90,SI
83ab0efffffffff,21,140,SI
83ab10fffffffff,21,130,SI
838c62fffffffff,21,105,SI
836d19fffffffff,21,55,EP
83448cfffffffff,21,100,NA
834f5afffffffff,21,133,WP
835e52fffffffff,21,135,NA
8364dafffffffff,21,140,NI
839c11fffffffff,21,140,SP
8332c5fffffffff,21,55,WP
834b00fffffffff,21,113,WP
832e2efffffffff,21,75,WP
832e01fffffffff,21,65,WP
83a695fffffffff,21,140,SI
83ab4afffffffff,21,108,SI
832e2dfffffffff,21,75,WP
8332ebfffffffff,21,60,WP
832e26fffffffff,21,83,WP
832f4efffffffff,21,115,WP
832f2bfffffffff,21,75,WP
835ee1fffffffff,21,143,NA
835e92fffffffff,21,115,NA
83ab75fffffffff,21,120,SI
8384b1fffffffff,20,93,SI
83a38cfffffffff,20,103,SI
83a35efffffffff,20,135,SI
83a2f6fffffffff,20,88,SI
83a240fffffffff,20,120,SI
83a22afffffffff,20,120,SI
838d20fffffffff,20,75,SI
838714fffffffff,20,65,SI
838736fffffffff,20,111,SI
838c6bfffffffff,20,83,SI
838c74fffffffff,20,110,SI
83a68afffffffff,20,110,SI
83ab6cfffffffff,20,60,SI
83a6b2fffffffff,20,118,SI
839480fffffffff,20,125,SI
838725fffffffff,20,110,SI
83af2cfffffffff,20,105,SI
83a243fffffffff,20,118,SI
839449fffffffff,20,155,SP
83941afffffffff,20,118,SI
8384c8fffffffff,20,115,SI
839c53fffffffff,20,93,SP
832e20fffffffff,20,83,WP
837625fffffffff,20,35,WP
834112fffffffff,20,60,WP
834b36fffffffff,20,83,WP
83494dfffffffff,20,83,EP
834180fffffffff,20,40,WP
832ad8fffffffff,20,100,NA
832ac6fffffffff,20,100,NA
832f31fffffffff,20,80,WP
8350b1fffffffff,20,93,EP
835e11fffffffff,20,70,NA
832a2dfffffffff,20,105,NA
832a29fffffffff,20,105,NA
8330d4fffffffff,20,95,WP
8330cafffffffff,20,90,WP
835616fffffffff,20,93,NA
83579efffffffff,20,110,NA
834b66fffffffff,20,103,WP
832e48fffffffff,20,70,WP
834e0dfffffffff,20,140,WP
834a4bfffffffff,20,140,WP
834ef3fffffffff,20,105,WP
834e00fffffffff,20,115,WP
83645cfffffffff,20,55,NI
83619cfffffffff,20,135,NI
837711fffffffff,20,53,WP
838752fffffffff,20,90,SI
834510fffffffff,20,140,NA
834e52fffffffff,20,130,WP
838620fffffffff,20,100,SI
838744fffffffff,20,125,SI
83a35bfffffffff,20,115,SI
8364c9fffffffff,20,105,NI
839596fffffffff,20,118,SI
83af45fffffffff,20,120,SI
838c4bfffffffff,20,65,SI
839e0cfffffffff,20,130,SP
839e2efffffffff,20,123,SP
83a2b0fffffffff,20,92,SI
839ea4fffffffff,20,123,SP
839e14fffffffff,20,140,SP
839e23fffffffff,20,125,SP
839c14fffffffff,20,130,SP
839e73fffffffff,20,105,SP
83a25bfffffffff,20,105,SI
83abb1fffffffff,20,100,SI
839456fffffffff,20,99,SI
838728fffffffff,20,120,SI
837752fffffffff,20,43,WP
834e1afffffffff,20,95,WP
837743fffffffff,20,60,WP
834b15fffffffff,20,98,WP
832e28fffffffff,20,85,WP
832e23fffffffff,20,105,WP
832af5fffffffff,20,100,NA
834b62fffffffff,20,90,WP
833248fffffffff,20,90,WP
832b42fffffffff,20,113,NA
832f91fffffffff,20,45,WP
835eb1fffffffff,20,110,NA
832a0afffffffff,20,85,NA
83515dfffffffff,20,125,EP
835d51fffffffff,20,105,EP
8332d5fffffffff,20,40,WP
8356a1fffffffff,20,85,NA
8356a0fffffffff,20,90,NA
834b22fffffffff,20,88,WP
834834fffffffff,20,130,EP
831ad2fffffffff,20,88,NA
8332d0fffffffff,20,65,WP
835eabfffffffff,20,105,NA
832e05fffffffff,20,55,WP
835d46fffffffff,20,110,EP
836d8cfffffffff,20,85,EP
83ab66fffffffff,20,100,SI
83a341fffffffff,20,120,SI
834f2cfffffffff,20,160,WP
839408fffffffff,20,130,SI
8361b6fffffffff,20,145,NI
837248fffffffff,20,33,WP
83a312fffffffff,20,55,SI
839e09fffffffff,20,125,SP
839e74fffffffff,20,108,SP
838c69fffffffff,20,80,SI
8394e0fffffffff,20,55,SI
83a2e0fffffffff,20,105,SI
834f2afffffffff,20,105,WP
834f2bfffffffff,20,145,WP
839c32fffffffff,20,120,SP
839dadfffffffff,20,80,SP
83326bfffffffff,20,90,WP
836d02fffffffff,20,110,EP
834a50fffffffff,20,138,WP
834ed1fffffffff,20,118,WP
835171fffffffff,20,115,EP
835d43fffffffff,20,115,EP
835c71fffffffff,20,140,EP
834f02fffffffff,20,108,WP
834f50fffffffff,20,120,WP
835005fffffffff,20,100,EP
835166fffffffff,20,118,EP
835160fffffffff,20,130,EP
835c6dfffffffff,20,133,EP
836ef3fffffffff,20,105,EP
834b60fffffffff,20,110,WP
834f08fffffffff,20,120,WP
834e2afffffffff,20,140,WP
832fabfffffffff,20,55,WP
835ee2fffffffff,20,130,NA
83510cfffffffff,20,125,EP
832f15fffffffff,20,85,WP
835003fffffffff,20,60,EP
83ab36fffffffff,20,135,SI
839db5fffffffff,20,93,SP
838d42fffffffff,20,133,SI
83416efffffffff,20,80,WP
836e8afffffffff,20,90,EP
835001fffffffff,20,75,EP
833c85fffffffff,20,45,NI
83494bfffffffff,20,70,EP
834db2fffffffff,20,108,NA
838c4dfffffffff,20,105,SI
8384c0fffffffff,20,88,SI
838766fffffffff,20,120,SI
839e32fffffffff,20,140,SP
83ab0bfffffffff,20,125,SI
839f52fffffffff,20,80,SP
83ab58fffffffff,20,128,SI
838723fffffffff,20,110,SI
834e04fffffffff,20,120,WP
833c80fffffffff,20,63,NI
8330cdfffffffff,20,75,WP
832e14fffffffff,20,70,WP
83495bfffffffff,20,90,EP
834d16fffffffff,20,118,NA
834ef0fffffffff,20,115,WP
83325bfffffffff,20,90,WP
836459fffffffff,20,63,NI
834eb0fffffffff,20,110,WP
838769fffffffff,20,138,SI
83aa65fffffffff,20,130,SI
83aa64fffffffff,20,115,SI
83941bfffffffff,20,60,SI
83ab31fffffffff,20,130,SI
83a6d4fffffffff,20,118,SI
8330d3fffffffff,20,90,WP
832fa8fffffffff,20,73,WP
834f76fffffffff,20,140,WP
83516afffffffff,20,120,EP
834f0bfffffffff,20,78,WP
8356a5fffffffff,20,105,NA
83871cfffffffff,20,60,SI
832f53fffffffff,20,105,WP
839c5cfffffffff,19,85,SP
83958afffffffff,19,100,SI
83959afffffffff,19,120,SI
839496fffffffff,19,135,SI
83a206fffffffff,19,95,SI
83a2f5fffffffff,19,75,SI
83a693fffffffff,19,123,SI
83a69efffffffff,19,95,SI
838710fffffffff,19,80,SI
838732fffffffff,19,113,SI
838c68fffffffff,19,65,SI
838c45fffffffff,19,50,SI
838d04fffffffff,19,130,SI
83958efffffffff,19,83,SI
83ab30fffffffff,19,140,SI
83a258fffffffff,19,115,SI
839ec4fffffffff,19,140,SP
839e1bfffffffff,19,98,SP
839d1efffffffff,19,70,SP
83af60fffffffff,19,90,SI
83a2c4fffffffff,19,90,SI
83a202fffffffff,19,100,SI
8384b0fffffffff,19,110,SI
83aba6fffffffff,19,98,SI
839e53fffffffff,19,120,SP
839ce9fffffffff,19,153,SP
836912fffffffff,19,85,WP
839b56fffffffff,19,88,SP
83a6b0fffffffff,19,127,SI
83a69cfffffffff,19,85,SI
832e21fffffffff,19,95,WP
8341b1fffffffff,19,85,WP
836ee3fffffffff,19,85,EP
8341adfffffffff,19,50,WP
8341aafffffffff,19,45,WP
834182fffffffff,19,60,WP
83309afffffffff,19,70,WP
83446cfffffffff,19,100,NA
832adcfffffffff,19,88,NA
832ac2fffffffff,19,90,NA
832a09fffffffff,19,85,NA
832a0dfffffffff,19,95,NA
832f32fffffffff,19,75,WP
833249fffffffff,19,83,WP
832fb1fffffffff,19,60,WP
8350a3fffffffff,19,60,EP
834e80fffffffff,19,100,WP
83326efffffffff,19,75,WP
833263fffffffff,19,85,WP
833262fffffffff,19,93,WP
832aedfffffffff,19,100,NA
8341b5fffffffff,19,95,WP
83578bfffffffff,19,95,NA
835e82fffffffff,19,125,NA
835e8dfffffffff,19,135,NA
835e9efffffffff,19,123,NA
83560efffffffff,19,90,NA
83414dfffffffff,19,40,WP
834564fffffffff,19,95,NA
831698fffffffff,19,68,WP
832f4afffffffff,19,108,WP
834e34fffffffff,19,140,WP
836458fffffffff,19,70,NI
83645bfffffffff,19,75,NI
8387a4fffffffff,19,90,SI
838753fffffffff,19,85,SI
834511fffffffff,19,145,NA
836823fffffffff,19,48,WP
834516fffffffff,19,160,NA
83776afffffffff,19,100,WP
838670fffffffff,19,45,SI
8384c2fffffffff,19,88,SI
838771fffffffff,19,130,SI
83ab41fffffffff,19,140,SI
83a204fffffffff,19,105,SI
839595fffffffff,19,93,SI
838c70fffffffff,19,110,SI
838c4efffffffff,19,62,SI
83a39afffffffff,19,83,SI
839ee9fffffffff,19,108,SP
839e52fffffffff,19,110,SP
839f0bfffffffff,19,140,SP
83ab00fffffffff,19,115,SI
839b09fffffffff,19,85,SP
83a2c3fffffffff,19,80,SI
839450fffffffff,19,87,SI
838705fffffffff,19,135,SI
837709fffffffff,19,30,WP
834e2dfffffffff,19,100,WP
834e2efffffffff,19,140,WP
83456cfffffffff,19,90,NA
832e22fffffffff,19,65,WP
832fa9fffffffff,19,70,WP
8332cafffffffff,19,60,WP
8316d6fffffffff,19,65,WP
83402dfffffffff,19,45,WP
8330dbfffffffff,19,98,WP
832e15fffffffff,19,55,WP
832f35fffffffff,19,123,WP
832fa3fffffffff,19,68,WP
8356b2fffffffff,19,83,NA
835eb0fffffffff,19,95,NA
835ea2fffffffff,19,130,NA
835071fffffffff,19,80,EP
835d6afffffffff,19,125,EP
835d42fffffffff,19,105,EP
832e19fffffffff,19,53,WP
834b25fffffffff,19,100,WP
8330c3fffffffff,19,95,WP
832faefffffffff,19,70,WP
8332cdfffffffff,19,75,WP
835e5dfffffffff,19,123,NA
834d49fffffffff,19,155,NA
835ef2fffffffff,19,140,NA
832e10fffffffff,19,75,WP
835685fffffffff,19,78,NA
832f13fffffffff,19,73,WP
834b4cfffffffff,19,100,WP
838763fffffffff,19,124,SI
83aa6dfffffffff,19,105,SI
838626fffffffff,19,75,SI
836913fffffffff,19,65,WP
834f0dfffffffff,19,138,WP
837766fffffffff,19,148,WP
834f20fffffffff,19,50,WP
8364c5fffffffff,19,118,NI
833cd1fffffffff,19,115,NI
83a3a6fffffffff,19,75,SI
83ab15fffffffff,19,130,SI
83a24afffffffff,19,103,SI
838c5dfffffffff,19,110,SI
83a3a3fffffffff,19,90,SI
83bc96fffffffff,19,115,SI
838c4cfffffffff,19,90,SI
83a3b3fffffffff,19,115,SI
839c52fffffffff,19,110,SP
836191fffffffff,19,68,NI
8364dcfffffffff,19,140,NI
832f34fffffffff,19,120,WP
83326afffffffff,19,85,WP
8364e8fffffffff,19,75,NI
8364c3fffffffff,19,140,NI
833caefffffffff,19,30,NI
833ca1fffffffff,19,30,NI
836d03fffffffff,19,113,EP
834e9afffffffff,19,90,WP
836d83fffffffff,19,73,EP
836d9cfffffffff,19,48,EP
835c04fffffffff,19,135,EP
834f15fffffffff,19,115,WP
834e74fffffffff,19,140,WP
832e33fffffffff,19,100,WP
832e32fffffffff,19,50,WP
836eedfffffffff,19,90,EP
83502afffffffff,19,95,EP
835c6cfffffffff,19,135,EP
834b64fffffffff,19,92,WP
835ef1fffffffff,19,125,NA
835eeefffffffff,19,90,NA
83455bfffffffff,19,115,NA
836e89fffffffff,19,90,EP
835d4afffffffff,19,135,EP
8350b3fffffffff,19,60,EP
835086fffffffff,19,60,EP
834d10fffffffff,19,105,NA
832f24fffffffff,19,105,WP
836181fffffffff,19,83,NI
839e1cfffffffff,19,135,SP
839f8efffffffff,19,130,SP
836829fffffffff,19,90,WP
8384aafffffffff,19,130,SI
839faafffffffff,19,100,SP
83941efffffffff,19,60,SI
836c26fffffffff,19,40,EP
83495dfffffffff,19,98,EP
834481fffffffff,19,110,NA
833b85fffffffff,19,100,NA
836936fffffffff,19,60,WP
8369acfffffffff,19,60,WP
8364cefffffffff,19,138,NI
8384f3fffffffff,19,95,SI
838d5cfffffffff,19,125,SI
83a3abfffffffff,19,75,SI
839e28fffffffff,19,118,SP
83aa66fffffffff,19,128,SI
839e44fffffffff,19,100,SP
83ab11fffffffff,19,138,SI
838764fffffffff,19,115,SI
834b30fffffffff,19,93,WP
834ef2fffffffff,19,115,WP
8341b0fffffffff,19,115,WP
8332d6fffffffff,19,40,WP
833098fffffffff,19,65,WP
834565fffffffff,19,110,NA
8332e3fffffffff,19,53,WP
836930fffffffff,19,99,WP
834408fffffffff,19,123,NA
83618cfffffffff,19,80,NI
838649fffffffff,19,95,SI
83500cfffffffff,19,75,EP
835100fffffffff,19,110,EP
835101fffffffff,19,98,EP
835d59fffffffff,19,135,EP
832ac3fffffffff,19,95,NA
832f8bfffffffff,19,70,WP
836e4bfffffffff,19,135,EP
835674fffffffff,19,88,NA
835e93fffffffff,19,115,NA
83449afffffffff,19,115,NA
832e31fffffffff,19,70,WP
8361b0fffffffff,19,95,NI
8332dcfffffffff,19,55,WP
835d4bfffffffff,19,133,EP
8332d2fffffffff,19,55,WP
832e5efffffffff,19,63,WP
8364edfffffffff,19,75,NI
8373acfffffffff,19,120,WP
83a2b1fffffffff,19,90,SI
8361b2fffffffff,19,113,NI
838485fffffffff,19,60,SI
835796fffffffff,19,115,NA
83a36bfffffffff,18,130,SI
83a363fffffffff,18,135,SI
839598fffffffff,18,100,SI
83a245fffffffff,18,120,SI
83a273fffffffff,18,120,SI
83a272fffffffff,18,120,SI
83a221fffffffff,18,125,SI
83a256fffffffff,18,93,SI
83abb4fffffffff,18,98,SI
83871efffffffff,18,100,SI
838d55fffffffff,18,120,SI
83959dfffffffff,18,73,SI
839f8dfffffffff,18,95,SP
839fabfffffffff,18,90,SP
839d11fffffffff,18,113,SP
839d13fffffffff,18,115,SP
839e48fffffffff,18,105,SP
839e45fffffffff,18,95,SP
839e68fffffffff,18,108,SP
838c29fffffffff,18,43,SI
838d58fffffffff,18,125,SI
838724fffffffff,18,105,SI
83af28fffffffff,18,135,SI
839d15fffffffff,18,98,SP
83a2e3fffffffff,18,105,SI
839e55fffffffff,18,105,SP
839f5cfffffffff,18,108,SP
839c58fffffffff,18,77,SP
839452fffffffff,18,55,SI
839419fffffffff,18,125,SI
839418fffffffff,18,125,SI
8384c6fffffffff,18,90,SI
8384abfffffffff,18,45,SI
832f8efffffffff,18,60,WP
834b45fffffffff,18,100,WP
836ef1fffffffff,18,105,EP
834181fffffffff,18,43,WP
834e1cfffffffff,18,140,WP
834ee4fffffffff,18,105,WP
834ef5fffffffff,18,130,WP
834f1dfffffffff,18,120,WP
834e14fffffffff,18,115,WP
833244fffffffff,18,88,WP
835611fffffffff,18,83,NA
832a5efffffffff,18,90,NA
83579cfffffffff,18,110,NA
835793fffffffff,18,90,NA
835792fffffffff,18,103,NA
835e8afffffffff,18,130,NA
835e88fffffffff,18,130,NA
832a5afffffffff,18,103,NA
83691bfffffffff,18,90,WP
835671fffffffff,18,95,NA
835601fffffffff,18,98,NA
835600fffffffff,18,105,NA
8332edfffffffff,18,55,WP
8332e1fffffffff,18,63,WP
8341acfffffffff,18,55,WP
83515bfffffffff,18,93,EP
834566fffffffff,18,85,NA
834f22fffffffff,18,80,WP
834e31fffffffff,18,135,WP
834ed5fffffffff,18,105,WP
832f23fffffffff,18,90,WP
834ee9fffffffff,18,135,WP
836450fffffffff,18,58,NI
836451fffffffff,18,38,NI
83644afffffffff,18,50,NI
8361b5fffffffff,18,75,NI
836186fffffffff,18,75,NI
837710fffffffff,18,55,WP
834426fffffffff,18,140,NA
834513fffffffff,18,128,NA
834e8cfffffffff,18,124,WP
838676fffffffff,18,65,SI
838673fffffffff,18,65,SI
83a344fffffffff,18,125,SI
838768fffffffff,18,110,SI
8361a0fffffffff,18,65,NI
836185fffffffff,18,110,NI
836443fffffffff,18,48,NI
839582fffffffff,18,90,SI
838d34fffffffff,18,135,SI
838d31fffffffff,18,125,SI
83a2b4fffffffff,18,115,SI
83a2b5fffffffff,18,100,SI
838484fffffffff,18,80,SI
839b66fffffffff,18,110,SP
838662fffffffff,18,80,SI
839e21fffffffff,18,125,SP
839b2bfffffffff,18,118,SP
839c73fffffffff,18,55,SP
839b0efffffffff,18,130,SP
83a315fffffffff,18,123,SI
83a2cefffffffff,18,98,SI
83a2cafffffffff,18,95,SI
839c31fffffffff,18,88,SP
83a276fffffffff,18,135,SI
83940efffffffff,18,93,SI
839402fffffffff,18,80,SI
83776cfffffffff,18,95,WP
834d4bfffffffff,18,155,NA
837708fffffffff,18,35,WP
83771cfffffffff,18,50,WP
834e0bfffffffff,18,130,WP
834ea8fffffffff,18,100,WP
834e21fffffffff,18,120,WP
836d16fffffffff,18,115,EP
832e34fffffffff,18,55,WP
83402cfffffffff,18,55,WP
8344a8fffffffff,18,95,NA
8344abfffffffff,18,108,NA
8344d0fffffffff,18,120,NA
83411afffffffff,18,43,WP
834edefffffffff,18,108,WP
834ed6fffffffff,18,113,WP
83324dfffffffff,18,90,WP
832b5efffffffff,18,90,NA
832b46fffffffff,18,110,NA
83324cfffffffff,18,100,WP
832f82fffffffff,18,60,WP
835e1dfffffffff,18,80,NA
832af3fffffffff,18,85,NA
83514bfffffffff,18,90,EP
834eb2fffffffff,18,90,WP
83561cfffffffff,18,73,NA
8330d0fffffffff,18,73,WP
834da2fffffffff,18,115,NA
832a48fffffffff,18,115,NA
832a4cfffffffff,18,105,NA
832b45fffffffff,18,80,NA
832fb0fffffffff,18,73,WP
835e51fffffffff,18,120,NA
832ea5fffffffff,18,70,WP
834831fffffffff,18,110,EP
8356b3fffffffff,18,80,NA
836826fffffffff,18,90,WP
832a19fffffffff,18,95,NA
837761fffffffff,18,75,WP
8364cbfffffffff,18,105,NI
839e70fffffffff,18,103,SP
83ab02fffffffff,18,125,SI
83a249fffffffff,18,115,SI
8394f4fffffffff,18,45,SI
839482fffffffff,18,108,SI
83a6a0fffffffff,18,125,SI
839f1afffffffff,18,90,SP
83a2e2fffffffff,18,85,SI
83a340fffffffff,18,115,SI
83a3b0fffffffff,18,115,SI
839d85fffffffff,18,88,SP
836180fffffffff,18,120,NI
8364ddfffffffff,18,110,NI
839ee8fffffffff,18,130,SP
833ca0fffffffff,18,30,NI
833ca4fffffffff,18,30,NI
834401fffffffff,18,115,NA
83326cfffffffff,18,68,WP
833261fffffffff,18,90,WP
83321bfffffffff,18,99,WP
835c70fffffffff,18,140,EP
834e24fffffffff,18,115,WP
832ee5fffffffff,18,80,WP
836eeefffffffff,18,115,EP
835029fffffffff,18,70,EP
837924fffffffff,18,108,EP
835165fffffffff,18,123,EP
835c63fffffffff,18,138,EP
834f0cfffffffff,18,130,WP
835ec4fffffffff,18,125,NA
832e5cfffffffff,18,60,WP
834d99fffffffff,18,133,NA
83ab50fffffffff,18,115,SI
839db1fffffffff,18,100,SP
8349a9fffffffff,18,120,EP
836c24fffffffff,18,53,EP
836c34fffffffff,18,53,EP
836d93fffffffff,18,55,EP
835ee3fffffffff,18,128,NA
834ed4fffffffff,18,100,WP
832a69fffffffff,18,115,NA
837751fffffffff,18,55,WP
833251fffffffff,18,70,WP
836452fffffffff,18,108,NI
834e20fffffffff,18,80,WP
83af6bfffffffff,18,105,SI
8384cdfffffffff,18,105,SI
83a303fffffffff,18,103,SI
838775fffffffff,18,120,SI
83a388fffffffff,18,80,SI
839d19fffffffff,18,115,SP
83a3aafffffffff,18,80,SI
83a2c5fffffffff,18,105,SI
83ab56fffffffff,18,120,SI
8384c3fffffffff,18,60,SI
83ab1dfffffffff,18,118,SI
839d12fffffffff,18,65,SP
836e9efffffffff,18,58,EP
834b35fffffffff,18,75,WP
834e8bfffffffff,18,119,WP
834e99fffffffff,18,90,WP
834e33fffffffff,18,145,WP
835c23fffffffff,18,115,EP
835e5efffffffff,18,155,NA
834e8dfffffffff,18,95,WP
837772fffffffff,18,85,WP
8332eefffffffff,18,55,WP
833b1afffffffff,18,73,NA
8361aefffffffff,18,95,NI
83ab59fffffffff,18,140,SI
8384ebfffffffff,18,50,SI
839d84fffffffff,18,110,SP
839c1cfffffffff,18,124,SP
834e36fffffffff,18,140,WP
835c64fffffffff,18,135,EP
835d5bfffffffff,18,123,EP
835d58fffffffff,18,133,EP
835116fffffffff,18,128,EP
83440cfffffffff,18,115,NA
835114fffffffff,18,115,EP
833a31fffffffff,18,75,NA
83562bfffffffff,18,80,NA
83a3b1fffffffff,18,115,SI
83876cfffffffff,18,110,SI
83aa63fffffffff,18,128,SI
83ab1afffffffff,18,120,SI
83aa34fffffffff,18,113,SI
839e24fffffffff,18,143,SP
83a38efffffffff,18,63,SI
834f8bfffffffff,18,118,WP
837748fffffffff,18,48,WP
839ec5fffffffff,18,133,SP
835c29fffffffff,18,130,EP
832f1bfffffffff,18,75,WP
835c28fffffffff,18,130,EP
83448bfffffffff,18,120,NA
835783fffffffff,18,125,NA
832a6cfffffffff,18,115,NA
8367b4fffffffff,18,150,NA
836195fffffffff,18,125,NI
839e06fffffffff,18,105,SP
8349b4fffffffff,18,145,EP
835ef5fffffffff,18,120,NA
835686fffffffff,18,80,NA
8361a6fffffffff,18,70,NI
834498fffffffff,18,110,NA
835782fffffffff,18,123,NA
8384b6fffffffff,17,123,SI
839492fffffffff,17,115,SI
83a79efffffffff,17,95,SI
83a22bfffffffff,17,135,SI
83a2f4fffffffff,17,70,SI
83a246fffffffff,17,123,SI
83a20efffffffff,17,110,SI
83a208fffffffff,17,105,SI
83a250fffffffff,17,105,SI
83a25afffffffff,17,90,SI
838d21fffffffff,17,140,SI
838c75fffffffff,17,95,SI
838d22fffffffff,17,128,SI
83a688fffffffff,17,120,SI
83a25dfffffffff,17,120,SI
83aaa5fffffffff,17,73,SI
839d18fffffffff,17,125,SP
83a2f2fffffffff,17,75,SI
839ec0fffffffff,17,75,SP
839e46fffffffff,17,107,SP
839e75fffffffff,17,130,SP
839c59fffffffff,17,74,SP
83945efffffffff,17,43,SI
83a682fffffffff,17,115,SI
83a6d2fffffffff,17,80,SI
8384c5fffffffff,17,68,SI
839ea6fffffffff,17,155,SP
839b50fffffffff,17,130,SP
832e30fffffffff,17,60,WP
832f88fffffffff,17,60,WP
8341b2fffffffff,17,85,WP
834499fffffffff,17,103,NA
83440bfffffffff,17,133,NA
8344b3fffffffff,17,108,NA
83448efffffffff,17,90,NA
832adbfffffffff,17,100,NA
832a74fffffffff,17,95,NA
832b5bfffffffff,17,98,NA
832f92fffffffff,17,48,WP
835094fffffffff,17,80,EP
835e0efffffffff,17,88,NA
835e71fffffffff,17,115,NA
834f33fffffffff,17,88,WP
834e16fffffffff,17,120,WP
834ea3fffffffff,17,125,WP
834e82fffffffff,17,100,WP
83322bfffffffff,17,70,WP
835610fffffffff,17,90,NA
835614fffffffff,17,100,NA
834184fffffffff,17,75,WP
832e6dfffffffff,17,87,WP
835604fffffffff,17,93,NA
835615fffffffff,17,100,NA
835ed4fffffffff,17,128,NA
834daefffffffff,17,118,NA
835608fffffffff,17,90,NA
833b56fffffffff,17,95,NA
835064fffffffff,17,108,EP
834574fffffffff,17,70,NA
834f19fffffffff,17,120,WP
834e06fffffffff,17,115,WP
833b4afffffffff,17,90,NA
836454fffffffff,17,53,NI
83770bfffffffff,17,55,WP
83451efffffffff,17,158,NA
83862bfffffffff,17,65,SI
838644fffffffff,17,65,SI
8384cefffffffff,17,115,SI
838622fffffffff,17,55,SI
83876afffffffff,17,140,SI
83ab4efffffffff,17,135,SI
836184fffffffff,17,85,NI
8361b3fffffffff,17,105,NI
8364c8fffffffff,17,125,NI
839583fffffffff,17,105,SI
839590fffffffff,17,115,SI
838d05fffffffff,17,140,SI
83872dfffffffff,17,120,SI
838c2bfffffffff,17,40,SI
838d23fffffffff,17,140,SI
838646fffffffff,17,73,SI
839d95fffffffff,17,90,SP
839db0fffffffff,17,118,SP
839db4fffffffff,17,120,SP
839e0bfffffffff,17,100,SP
839e2afffffffff,17,120,SP
83ab14fffffffff,17,110,SI
83a2e5fffffffff,17,80,SI
83a2e6fffffffff,17,103,SI
83a2a6fffffffff,17,95,SI
839e31fffffffff,17,150,SP
839f53fffffffff,17,108,SP
839d8cfffffffff,17,70,SP
839d89fffffffff,17,107,SP
83a302fffffffff,17,130,SI
83a215fffffffff,17,93,SI
839c56fffffffff,17,75,SP
839c35fffffffff,17,95,SP
83abb5fffffffff,17,105,SI
837768fffffffff,17,135,WP
83a205fffffffff,17,118,SI
83af25fffffffff,17,115,SI
834d4efffffffff,17,135,NA
834e56fffffffff,17,130,WP
834eaefffffffff,17,105,WP
8387adfffffffff,17,65,SI
8330d9fffffffff,17,85,WP
832e29fffffffff,17,70,WP
8332c9fffffffff,17,45,WP
831689fffffffff,17,65,WP
832ae5fffffffff,17,88,NA
832af4fffffffff,17,88,NA
8344aefffffffff,17,113,NA
8344f2fffffffff,17,98,NA
8344d4fffffffff,17,90,NA
8344d3fffffffff,17,85,NA
834020fffffffff,17,45,WP
832e06fffffffff,17,75,WP
8356b1fffffffff,17,100,NA
835070fffffffff,17,90,EP
835d50fffffffff,17,125,EP
833349fffffffff,17,85,WP
8316f4fffffffff,17,65,WP
8356b5fffffffff,17,88,NA
834b20fffffffff,17,75,WP
8330c8fffffffff,17,78,WP
832e50fffffffff,17,60,WP
834d94fffffffff,17,90,NA
832a64fffffffff,17,108,NA
831aeafffffffff,17,70,NA
8332ccfffffffff,17,55,WP
835e1bfffffffff,17,128,NA
832a58fffffffff,17,108,NA
835d73fffffffff,17,115,EP
835684fffffffff,17,93,NA
834d05fffffffff,17,130,NA
832f9dfffffffff,17,55,WP
834830fffffffff,17,105,EP
83774efffffffff,17,53,WP
837760fffffffff,17,145,WP
8364e1fffffffff,17,75,NI
8364eefffffffff,17,115,NI
839c5dfffffffff,17,93,SP
836453fffffffff,17,63,NI
83a3a5fffffffff,17,70,SI
838c6dfffffffff,17,100,SI
839f74fffffffff,17,90,SP
83a3acfffffffff,17,115,SI
83ab61fffffffff,17,90,SI
834f31fffffffff,17,100,WP
839c22fffffffff,17,90,SP
838643fffffffff,17,125,SI
838765fffffffff,17,109,SI
833ca3fffffffff,17,40,NI
832a1bfffffffff,17,98,NA
834e92fffffffff,17,130,WP
834f1cfffffffff,17,115,WP
832e60fffffffff,17,75,WP
832e53fffffffff,17,50,WP
832e52fffffffff,17,60,WP
832ee4fffffffff,17,80,WP
834183fffffffff,17,58,WP
835d5cfffffffff,17,110,EP
835106fffffffff,17,60,EP
835c0dfffffffff,17,115,EP
834e01fffffffff,17,165,WP
836e88fffffffff,17,65,EP
835170fffffffff,17,123,EP
834ca4fffffffff,17,125,NA
834f2efffffffff,17,145,WP
839f85fffffffff,17,135,SP
83aba4fffffffff,17,100,SI
83a3b2fffffffff,17,70,SI
839d86fffffffff,17,65,SP
838628fffffffff,17,65,SI
838c73fffffffff,17,110,SI
836e9dfffffffff,17,70,EP
83862afffffffff,17,63,SI
8356b4fffffffff,17,90,NA
834864fffffffff,17,60,EP
834403fffffffff,17,118,NA
833bacfffffffff,17,110,NA
833252fffffffff,17,48,WP
83329cfffffffff,17,55,WP
832f19fffffffff,17,85,WP
836822fffffffff,17,55,WP
83af68fffffffff,17,98,SI
836830fffffffff,17,83,WP
83a383fffffffff,17,100,SI
83a390fffffffff,17,110,SI
83ab54fffffffff,17,135,SI
83aa24fffffffff,17,105,SI
839e2bfffffffff,17,120,SP
83a3a2fffffffff,17,95,SI
839c26fffffffff,17,135,SP
839e2dfffffffff,17,115,SP
834f0afffffffff,17,115,WP
833ca2fffffffff,17,30,NI
835161fffffffff,17,128,EP
832a41fffffffff,17,110,NA
835c22fffffffff,17,110,EP
835e53fffffffff,17,155,NA
834489fffffffff,17,100,NA
834992fffffffff,17,105,NA
834d25fffffffff,17,108,NA
834d30fffffffff,17,110,NA
832aebfffffffff,17,90,NA
837773fffffffff,17,80,WP
833b21fffffffff,17,90,NA
838640fffffffff,17,55,SI
834d0afffffffff,17,120,NA
8361a8fffffffff,17,80,NI
83ab09fffffffff,17,115,SI
839e50fffffffff,17,115,SP
83ab86fffffffff,17,90,SI
83a6d0fffffffff,17,120,SI
838c46fffffffff,17,78,SI
839fa9fffffffff,17,140,SP
835169fffffffff,17,130,EP
835084fffffffff,17,88,EP
834400fffffffff,17,105,NA
832eeefffffffff,17,50,WP
8332cefffffffff,17,68,WP
833b09fffffffff,17,93,NA
835e98fffffffff,17,130,NA
834804fffffffff,17,100,EP
8344d5fffffffff,17,55,NA
836870fffffffff,17,103,WP
834471fffffffff,17,130,NA
8344e5fffffffff,17,140,NA
83449dfffffffff,17,115,NA
83329dfffffffff,17,70,WP
832e03fffffffff,17,60,WP
8316c2fffffffff,17,45,WP
83774bfffffffff,17,70,WP
839e00fffffffff,17,95,SP
835eb5fffffffff,17,110,NA
835ee6fffffffff,17,133,NA
8332c8fffffffff,17,70,WP
8367b5fffffffff,17,135,NA
832e61fffffffff,17,90,WP
832aeafffffffff,17,93,NA
8332f6fffffffff,17,93,WP
83a39bfffffffff,17,90,SI
83af6afffffffff,17,100,SI
83af74fffffffff,17,140,SI
8356aafffffffff,17,55,NA
835ef4fffffffff,17,125,NA
839f56fffffffff,17,88,SP
833acbfffffffff,17,115,NA
839b72fffffffff,16,95,SP
839c44fffffffff,16,60,SP
83a345fffffffff,16,105,SI
83a209fffffffff,16,120,SI
83a6dbfffffffff,16,130,SI
838c6efffffffff,16,55,SI
838d0efffffffff,16,80,SI
839415fffffffff,16,68,SI
83a79afffffffff,16,107,SI
83ab35fffffffff,16,130,SI
83a2e9fffffffff,16,85,SI
839ee2fffffffff,16,135,SP
839fa8fffffffff,16,125,SP
839facfffffffff,16,118,SP
839e49fffffffff,16,125,SP
839e6cfffffffff,16,103,SP
8394f6fffffffff,16,55,SI
838c2dfffffffff,16,50,SI
83af22fffffffff,16,105,SI
83a25cfffffffff,16,78,SI
839eeefffffffff,16,120,SP
839e66fffffffff,16,88,SP
839f58fffffffff,16,110,SP
839c5efffffffff,16,60,SP
839459fffffffff,16,58,SI
83a683fffffffff,16,117,SI
8384c4fffffffff,16,75,SI
83a356fffffffff,16,140,SI
839f9bfffffffff,16,138,SP
839fb3fffffffff,16,55,SP
839b42fffffffff,16,105,SP
839b6bfffffffff,16,140,SP
831688fffffffff,16,55,WP
83168dfffffffff,16,65,WP
83309dfffffffff,16,65,WP
832e42fffffffff,16,70,WP
8344e6fffffffff,16,120,NA
8344e4fffffffff,16,110,NA
834486fffffffff,16,160,NA
832a0bfffffffff,16,95,NA
835695fffffffff,16,80,NA
835eb4fffffffff,16,100,NA
8345adfffffffff,16,160,NA
834548fffffffff,16,148,NA
834ea5fffffffff,16,115,WP
834ea1fffffffff,16,130,WP
833268fffffffff,16,80,WP
833b65fffffffff,16,90,NA
832aecfffffffff,16,90,NA
833b64fffffffff,16,90,NA
8350adfffffffff,16,48,EP
833089fffffffff,16,95,WP
83562efffffffff,16,95,NA
835605fffffffff,16,95,NA
835e90fffffffff,16,75,NA
835e83fffffffff,16,125,NA
835ef3fffffffff,16,145,NA
834d1bfffffffff,16,120,NA
832b66fffffffff,16,95,NA
833b42fffffffff,16,98,NA
83446efffffffff,16,130,NA
833ac9fffffffff,16,113,NA
833ac8fffffffff,16,123,NA
831ac6fffffffff,16,83,NA
8332f5fffffffff,16,75,WP
8367b0fffffffff,16,50,NA
834f04fffffffff,16,90,WP
834e02fffffffff,16,140,WP
8316ddfffffffff,16,50,WP
8316cdfffffffff,16,55,WP
833253fffffffff,16,65,WP
834e03fffffffff,16,100,WP
83645dfffffffff,16,55,NI
836116fffffffff,16,58,NI
836182fffffffff,16,133,NI
837756fffffffff,16,45,WP
834423fffffffff,16,148,NA
8360d9fffffffff,16,135,NI
837763fffffffff,16,140,WP
838635fffffffff,16,65,SI
838d2afffffffff,16,145,SI
83af63fffffffff,16,100,SI
838c76fffffffff,16,30,SI
838d52fffffffff,16,78,SI
839a0afffffffff,16,128,SP
839e08fffffffff,16,125,SP
839e25fffffffff,16,125,SP
839f51fffffffff,16,103,SP
839c0efffffffff,16,73,SP
839b08fffffffff,16,90,SP
839e76fffffffff,16,70,SP
839e29fffffffff,16,113,SP
839f5afffffffff,16,128,SP
83a270fffffffff,16,135,SI
839443fffffffff,16,128,SI
83a368fffffffff,16,135,SI
8387a0fffffffff,16,75,SI
837746fffffffff,16,70,WP
83af44fffffffff,16,125,SI
832a56fffffffff,16,98,NA
832e11fffffffff,16,65,WP
832b71fffffffff,16,110,NA
832b62fffffffff,16,110,NA
833241fffffffff,16,68,WP
8356acfffffffff,16,80,NA
8356aefffffffff,16,75,NA
835ea1fffffffff,16,65,NA
835076fffffffff,16,85,EP
834e0efffffffff,16,155,WP
8332e6fffffffff,16,45,WP
8316d2fffffffff,16,65,WP
832e80fffffffff,16,50,WP
832b4afffffffff,16,105,NA
8316dbfffffffff,16,0,WP
835e59fffffffff,16,155,NA
834d89fffffffff,16,120,NA
833b86fffffffff,16,120,NA
833b2bfffffffff,16,95,NA
833093fffffffff,16,45,WP
835d72fffffffff,16,105,EP
833b19fffffffff,16,90,NA
8365b2fffffffff,16,65,WP
838761fffffffff,16,90,SI
83aa6cfffffffff,16,125,SI
838674fffffffff,16,68,SI
8345a4fffffffff,16,140,NA
832ac9fffffffff,16,95,NA
83776efffffffff,16,140,WP
8364cafffffffff,16,140,NI
83a36efffffffff,16,135,SI
839e18fffffffff,16,115,SP
8394f5fffffffff,16,45,SI
838d35fffffffff,16,125,SI
839e4dfffffffff,16,118,SP
83684afffffffff,16,150,WP
83682efffffffff,16,43,WP
83a31cfffffffff,16,128,SI
834f30fffffffff,16,95,WP
839e5bfffffffff,16,105,SP
839d8dfffffffff,16,90,SP
83864efffffffff,16,140,SI
8364c4fffffffff,16,100,NI
834406fffffffff,16,135,NA
834402fffffffff,16,125,NA
836d15fffffffff,16,115,EP
833269fffffffff,16,90,WP
835175fffffffff,16,130,EP
835c20fffffffff,16,115,EP
835c44fffffffff,16,140,EP
835c05fffffffff,16,130,EP
833c9cfffffffff,16,120,NI
832e1efffffffff,16,60,WP
83308bfffffffff,16,73,WP
835133fffffffff,16,55,EP
835129fffffffff,16,90,EP
836e8efffffffff,16,45,EP
832f83fffffffff,16,50,WP
83416dfffffffff,16,40,WP
8316dcfffffffff,16,55,WP
834e96fffffffff,16,100,WP
835061fffffffff,16,45,EP
8361a5fffffffff,16,58,NI
8397b4fffffffff,16,110,SI
839da1fffffffff,16,118,SP
839b70fffffffff,16,120,SP
83a6b5fffffffff,16,130,SI
83862cfffffffff,16,125,SI
838722fffffffff,16,130,SI
838c42fffffffff,16,55,SI
837272fffffffff,16,30,WP
83720dfffffffff,16,115,WP
835eecfffffffff,16,153,NA
835e5bfffffffff,16,125,NA
834d4dfffffffff,16,120,NA
836590fffffffff,16,38,WP
836834fffffffff,16,35,WP
8369a9fffffffff,16,80,WP
835144fffffffff,16,115,EP
835145fffffffff,16,115,EP
83516efffffffff,16,120,EP
835168fffffffff,16,125,EP
83516cfffffffff,16,125,EP
835c61fffffffff,16,120,EP
835b6dfffffffff,16,35,WP
836836fffffffff,16,85,WP
838648fffffffff,16,140,SI
83864dfffffffff,16,135,SI
83a2c1fffffffff,16,100,SI
83a3a8fffffffff,16,75,SI
838760fffffffff,16,100,SI
83aa30fffffffff,16,103,SI
839e62fffffffff,16,98,SP
839f54fffffffff,16,95,SP
83ab12fffffffff,16,110,SI
83a380fffffffff,16,100,SI
838c63fffffffff,16,55,SI
839c41fffffffff,16,108,SP
83449cfffffffff,16,110,NA
834b26fffffffff,16,70,WP
834e8afffffffff,16,90,WP
834b21fffffffff,16,103,WP
8332f1fffffffff,16,60,WP
8316d8fffffffff,16,0,WP
835174fffffffff,16,95,EP
835e58fffffffff,16,155,NA
832a70fffffffff,16,80,NA
832b53fffffffff,16,90,NA
831ad0fffffffff,16,85,NA
832a66fffffffff,16,90,NA
8332c3fffffffff,16,45,WP
836594fffffffff,16,55,WP
8316c9fffffffff,16,0,WP
837755fffffffff,16,75,WP
834484fffffffff,16,155,NA
8361a1fffffffff,16,68,NI
8361aafffffffff,16,80,NI
833a22fffffffff,16,80,NA
839e15fffffffff,16,145,SP
834e76fffffffff,16,140,WP
83a252fffffffff,16,98,SI
83af05fffffffff,16,124,SI
835163fffffffff,16,113,EP
835d5afffffffff,16,125,EP
835c2cfffffffff,16,95,EP
835c33fffffffff,16,140,EP
834b34fffffffff,16,80,WP
8350aefffffffff,16,50,EP
835011fffffffff,16,65,EP
835102fffffffff,16,130,EP
8350a8fffffffff,16,48,EP
83328bfffffffff,16,40,WP
835666fffffffff,16,80,NA
835798fffffffff,16,108,NA
832addfffffffff,16,88,NA
832e1cfffffffff,16,60,WP
836198fffffffff,16,110,NI
833ca8fffffffff,16,30,NI
834473fffffffff,16,130,NA
836183fffffffff,16,125,NI
83a39dfffffffff,16,100,SI
83a3b6fffffffff,16,110,SI
839c20fffffffff,16,135,SP
834eabfffffffff,16,100,WP
8332ddfffffffff,16,45,WP
834e22fffffffff,16,140,WP
83325cfffffffff,16,60,WP
8316c3fffffffff,16,30,WP
834f0efffffffff,16,73,WP
833255fffffffff,16,95,WP
839eeafffffffff,16,130,SP
835ea8fffffffff,16,115,NA
835ea9fffffffff,16,118,NA
83579afffffffff,16,115,NA
835791fffffffff,16,113,NA
832f30fffffffff,16,75,WP
832e0afffffffff,16,60,WP
834446fffffffff,16,115,NA
834d12fffffffff,16,115,NA
83451dfffffffff,16,150,NA
838d5dfffffffff,16,115,SI
835c66fffffffff,16,123,EP
835c2efffffffff,16,120,EP
832f8afffffffff,16,80,WP
83871dfffffffff,16,95,SI
832a53fffffffff,16,100,NA
839f9afffffffff,15,108,SP
839fa4fffffffff,15,133,SP
839b69fffffffff,15,105,SP
839c71fffffffff,15,58,SP
83a38dfffffffff,15,65,SI
83a203fffffffff,15,68,SI
83a219fffffffff,15,105,SI
83a2c9fffffffff,15,58,SI
838d54fffffffff,15,110,SI
83a689fffffffff,15,103,SI
83a6f2fffffffff,15,115,SI
839470fffffffff,15,45,SI
83940cfffffffff,15,60,SI
839589fffffffff,15,80,SI
83a6b4fffffffff,15,110,SI
83a248fffffffff,15,103,SI
839e12fffffffff,15,60,SP
839e16fffffffff,15,125,SP
839f10fffffffff,15,135,SP
839f15fffffffff,15,105,SP
839e63fffffffff,15,85,SP
838d59fffffffff,15,130,SI
838c66fffffffff,15,85,SI
838c6cfffffffff,15,115,SI
83af66fffffffff,15,85,SI
83af23fffffffff,15,108,SI
83a255fffffffff,15,105,SI
83ab84fffffffff,15,88,SI
839eecfffffffff,15,120,SP
839f5bfffffffff,15,130,SP
839f42fffffffff,15,90,SP
83944dfffffffff,15,40,SP
839cebfffffffff,15,70,SP
839cedfffffffff,15,120,SP
839c5afffffffff,15,80,SP
839453fffffffff,15,45,SI
839f99fffffffff,15,85,SP
839b51fffffffff,15,140,SP
839448fffffffff,15,155,SP
839441fffffffff,15,62,SI
839b59fffffffff,15,110,SP
839a64fffffffff,15,115,SP
832f52fffffffff,15,100,WP
832f9cfffffffff,15,73,WP
83224dfffffffff,15,30,WP
837624fffffffff,15,38,WP
834196fffffffff,15,60,WP
832e55fffffffff,15,75,WP
8344f6fffffffff,15,103,NA
834892fffffffff,15,100,NA
831656fffffffff,15,0,WP
835e1cfffffffff,15,75,NA
835e03fffffffff,15,80,NA
835e68fffffffff,15,128,NA
83451bfffffffff,15,160,NA
834f00fffffffff,15,98,WP
834f03fffffffff,15,75,WP
833285fffffffff,15,60,WP
833280fffffffff,15,58,WP
833b6efffffffff,15,90,NA
833b61fffffffff,15,80,NA
832ae1fffffffff,15,90,NA
832b4cfffffffff,15,95,NA
833b2afffffffff,15,90,NA
8350acfffffffff,15,45,EP
834192fffffffff,15,55,WP
835e96fffffffff,15,93,NA
835eebfffffffff,15,125,NA
834da8fffffffff,15,120,NA
832a5bfffffffff,15,105,NA
832a55fffffffff,15,85,NA
833b59fffffffff,15,90,NA
833b71fffffffff,15,85,NA
833b66fffffffff,15,88,NA
834463fffffffff,15,130,NA
835493fffffffff,15,60,NA
835660fffffffff,15,78,NA
835672fffffffff,15,100,NA
83560dfffffffff,15,105,NA
835603fffffffff,15,83,NA
833b2dfffffffff,15,80,NA
8332e0fffffffff,15,58,WP
834504fffffffff,15,120,NA
834e26fffffffff,15,140,WP
8332c0fffffffff,15,55,WP
8316defffffffff,15,50,WP
832248fffffffff,15,55,WP
833592fffffffff,15,90,NA
837753fffffffff,15,40,WP
838c59fffffffff,15,75,SI
8387a6fffffffff,15,48,SI
834432fffffffff,15,105,NA
834411fffffffff,15,140,NA
83441cfffffffff,15,110,NA
83441afffffffff,15,86,NA
835b6cfffffffff,15,70,WP
83774cfffffffff,15,68,WP
834e95fffffffff,15,110,WP
838c5bfffffffff,15,40,SI
838623fffffffff,15,55,SI
838d30fffffffff,15,90,SI
838c2cfffffffff,15,90,SI
838d28fffffffff,15,115,SI
83bc92fffffffff,15,120,SI
83a28bfffffffff,15,70,SI
8384a2fffffffff,15,90,SI
83bac1fffffffff,15,98,SP
83a6aefffffffff,15,125,SI
839db3fffffffff,15,95,SP
839e22fffffffff,15,148,SP
839d81fffffffff,15,70,SP
839d88fffffffff,15,94,SP
839c08fffffffff,15,65,SP
839c72fffffffff,15,80,SP
839b55fffffffff,15,90,SP
83a30cfffffffff,15,110,SI
83a2c0fffffffff,15,75,SI
83bac6fffffffff,15,80,SP
83a6c3fffffffff,15,115,SI
839e42fffffffff,15,113,SP
83ab8bfffffffff,15,78,SI
838d4cfffffffff,15,128,SI
83776bfffffffff,15,103,WP
83a369fffffffff,15,135,SI
834d4afffffffff,15,140,NA
838735fffffffff,15,125,SI
83168bfffffffff,15,60,WP
834149fffffffff,15,35,WP
832af6fffffffff,15,65,NA
83560bfffffffff,15,65,NA
8356b0fffffffff,15,110,NA
835e13fffffffff,15,75,NA
832a08fffffffff,15,90,NA
834ea2fffffffff,15,110,WP
83320efffffffff,15,75,WP
83560afffffffff,15,48,NA
834b31fffffffff,15,93,WP
834563fffffffff,15,75,NA
832a63fffffffff,15,105,NA
832a44fffffffff,15,115,NA
832a60fffffffff,15,113,NA
834f88fffffffff,15,118,WP
834ce5fffffffff,15,125,NA
834c14fffffffff,15,123,NA
832a6dfffffffff,15,83,NA
833b1bfffffffff,15,93,NA
833b40fffffffff,15,90,NA
835ee5fffffffff,15,130,NA
835e48fffffffff,15,145,NA
834d9efffffffff,15,120,NA
832a5cfffffffff,15,95,NA
833b13fffffffff,15,105,NA
8330c6fffffffff,15,70,WP
8330c1fffffffff,15,88,WP
832e6bfffffffff,15,85,WP
832e62fffffffff,15,65,WP
83322dfffffffff,15,75,WP
8332a2fffffffff,15,55,WP
833b89fffffffff,15,110,NA
833b0bfffffffff,15,98,NA
831694fffffffff,15,48,WP
832acdfffffffff,15,105,NA
832a1dfffffffff,15,93,NA
83772bfffffffff,15,95,WP
8397a4fffffffff,15,100,SI
839ce1fffffffff,15,100,SP
83945cfffffffff,15,55,SI
838c4afffffffff,15,100,SI
8394e1fffffffff,15,55,SI
83a6a2fffffffff,15,125,SI
839e4bfffffffff,15,65,SP
839e5dfffffffff,15,125,SP
839f59fffffffff,15,90,SP
839f12fffffffff,15,99,SP
839f16fffffffff,15,100,SP
839c4afffffffff,15,65,SI
8394e9fffffffff,15,30,SI
83682bfffffffff,15,35,WP
83a284fffffffff,15,78,SI
83770dfffffffff,15,90,WP
837765fffffffff,15,100,WP
838642fffffffff,15,100,SI
83864cfffffffff,15,83,SI
839ec9fffffffff,15,90,SP
833d8afffffffff,15,30,NI
836d0efffffffff,15,65,EP
833cf1fffffffff,15,60,NI
83441dfffffffff,15,113,NA
833265fffffffff,15,130,WP
833246fffffffff,15,95,WP
835c2afffffffff,15,130,EP
832e51fffffffff,15,48,WP
835105fffffffff,15,78,EP
835128fffffffff,15,85,EP
835c6efffffffff,15,135,EP
835c14fffffffff,15,133,EP
837722fffffffff,15,135,WP
836ef2fffffffff,15,90,EP
833c83fffffffff,15,90,NI
83562dfffffffff,15,90,NA
832e1dfffffffff,15,60,WP
835096fffffffff,15,65,EP
832e4cfffffffff,15,78,WP
839c34fffffffff,15,110,SP
839da9fffffffff,15,128,SP
838c72fffffffff,15,65,SI
837273fffffffff,15,40,WP
834161fffffffff,15,90,WP
835e08fffffffff,15,70,NA
835eedfffffffff,15,125,NA
835e5afffffffff,15,80,NA
834466fffffffff,15,120,NA
8344aafffffffff,15,110,NA
83442afffffffff,15,135,NA
833b94fffffffff,15,120,NA
837740fffffffff,15,55,WP
83325dfffffffff,15,68,WP
836596fffffffff,15,58,WP
83416bfffffffff,15,60,WP
837665fffffffff,15,45,WP
836456fffffffff,15,70,NI
834f11fffffffff,15,135,WP
834eacfffffffff,15,115,WP
8387aefffffffff,15,40,SI
83af24fffffffff,15,120,SI
839f8cfffffffff,15,85,SP
839f1dfffffffff,15,125,SP
838d0bfffffffff,15,55,SI
838d43fffffffff,15,120,SI
839f08fffffffff,15,138,SP
83ab5afffffffff,15,126,SI
83ab53fffffffff,15,119,SI
83aa84fffffffff,15,62,SI
8394ecfffffffff,15,35,SI
839ce5fffffffff,15,95,SP
839c43fffffffff,15,125,SP
839a2afffffffff,15,145,SP
83415afffffffff,15,45,WP
834959fffffffff,15,68,EP
833250fffffffff,15,55,WP
8332f0fffffffff,15,30,WP
8330ddfffffffff,15,80,WP
832a6efffffffff,15,110,NA
833bb4fffffffff,15,80,NA
835f89fffffffff,15,110,NA
834d48fffffffff,15,118,NA
832a49fffffffff,15,105,NA
834ca6fffffffff,15,113,NA
832ae8fffffffff,15,100,NA
836934fffffffff,15,70,WP
8364b6fffffffff,15,48,WP
83a30efffffffff,15,98,SI
833a06fffffffff,15,100,NA
83ab0afffffffff,15,138,SI
833b8afffffffff,15,108,NA
839f1efffffffff,15,105,SP
839e03fffffffff,15,113,SP
83b45bfffffffff,15,65,SP
83ab16fffffffff,15,93,SI
838d50fffffffff,15,48,SI
839ea1fffffffff,15,115,SP
83a6c2fffffffff,15,105,SI
8330d2fffffffff,15,95,WP
83500efffffffff,15,50,EP
83500dfffffffff,15,65,EP
835c65fffffffff,15,105,EP
835c2dfffffffff,15,108,EP
835c31fffffffff,15,65,EP
835162fffffffff,15,130,EP
835d53fffffffff,15,123,EP
832e94fffffffff,15,0,WP
83455afffffffff,15,125,NA
8316cafffffffff,15,50,WP
8316cbfffffffff,15,0,WP
83440dfffffffff,15,120,NA
83512afffffffff,15,85,EP
836775fffffffff,15,115,NA
833b98fffffffff,15,120,NA
83562afffffffff,15,83,NA
832ac8fffffffff,15,105,NA
832e02fffffffff,15,55,WP
834452fffffffff,15,85,NA
8361b4fffffffff,15,125,NI
8344e2fffffffff,15,95,NA
83691afffffffff,15,68,WP
83876dfffffffff,15,120,SI
83ab1efffffffff,15,128,SI
83aa06fffffffff,15,115,SI
839eebfffffffff,15,120,SP
83ab5dfffffffff,15,130,SI
83ab13fffffffff,15,133,SI
83af21fffffffff,15,115,SI
832a01fffffffff,15,90,NA
835d5dfffffffff,15,115,EP
834eaafffffffff,15,85,WP
83336bfffffffff,15,63,WP
83325efffffffff,15,60,WP
83314afffffffff,15,60,WP
831ac3fffffffff,15,80,NA
832f89fffffffff,15,90,WP
835e9cfffffffff,15,120,NA
833b2cfffffffff,15,75,NA
8316d0fffffffff,15,55,WP
837234fffffffff,15,130,WP
834d2cfffffffff,15,115,NA
83abb0fffffffff,15,98,SI
83a2d3fffffffff,15,70,SI
83ab51fffffffff,15,115,SI
834ea0fffffffff,15,110,WP
83578efffffffff,15,90,NA
838d48fffffffff,15,100,SI
839f88fffffffff,15,105,SP
83862efffffffff,15,65,SI
835d55fffffffff,15,113,EP
834db0fffffffff,15,113,NA
83450afffffffff,15,140,NA
834404fffffffff,15,140,NA
839f0cfffffffff,15,115,SP
83309efffffffff,15,55,WP
835ea0fffffffff,15,60,NA
835eb6fffffffff,15,90,NA
834515fffffffff,15,150,NA
8344f5fffffffff,15,100,NA
832a59fffffffff,15,115,NA
838d4afffffffff,15,105,SI
83ab5cfffffffff,15,125,SI
839446fffffffff,15,108,SI
832e45fffffffff,15,73,WP
835c32fffffffff,15,150,EP
83440efffffffff,15,125,NA
835788fffffffff,15,95,NA
8350aafffffffff,15,65,EP
839f9efffffffff,14,65,SP
83a381fffffffff,14,115,SI
83a20cfffffffff,14,120,SI
83a20afffffffff,14,113,SI
83a253fffffffff,14,85,SI
839471fffffffff,14,35,SI
839473fffffffff,14,125,SI
838d2dfffffffff,14,115,SI
838d60fffffffff,14,115,SI
838d5efffffffff,14,70,SI
838d09fffffffff,14,50,SI
83958dfffffffff,14,78,SI
83aaa3fffffffff,14,64,SI
839f13fffffffff,14,138,SP
839e4efffffffff,14,130,SP
839e41fffffffff,14,130,SP
839e40fffffffff,14,140,SP
839e69fffffffff,14,100,SP
839e6bfffffffff,14,113,SP
8394eefffffffff,14,40,SI
8394e3fffffffff,14,35,SI
83a2f1fffffffff,14,75,SI
83a280fffffffff,14,70,SI
83a2a5fffffffff,14,93,SI
83a389fffffffff,14,53,SI
83a21afffffffff,14,35,SI
83ab82fffffffff,14,83,SI
839445fffffffff,14,64,SI
839c5bfffffffff,14,65,SP
838d75fffffffff,14,100,SI
838d44fffffffff,14,140,SI
83a342fffffffff,14,125,SI
83a355fffffffff,14,130,SI
839ea0fffffffff,14,155,SP
839fb4fffffffff,14,100,SP
839b16fffffffff,14,120,SP
839a34fffffffff,14,130,SP
839b5afffffffff,14,68,SP
83bad9fffffffff,14,100,SP
8316c4fffffffff,14,55,WP
834159fffffffff,14,55,WP
833088fffffffff,14,78,WP
8330f1fffffffff,14,60,WP
832e4efffffffff,14,55,WP
83455efffffffff,14,100,NA
832f94fffffffff,14,60,WP
831691fffffffff,14,58,WP
831684fffffffff,14,45,WP
835656fffffffff,14,65,NA
8356abfffffffff,14,50,NA
835e12fffffffff,14,65,NA
835e72fffffffff,14,110,NA
835e44fffffffff,14,120,NA
834f14fffffffff,14,140,WP
834f06fffffffff,14,65,WP
834e9efffffffff,14,93,WP
8332acfffffffff,14,63,WP
833b4bfffffffff,14,90,NA
833b48fffffffff,14,90,NA
832b5afffffffff,14,95,NA
832b5dfffffffff,14,110,NA
83308efffffffff,14,65,WP
8330c9fffffffff,14,85,WP
835ed5fffffffff,14,135,NA
835e89fffffffff,14,130,NA
835ec6fffffffff,14,135,NA
835ec5fffffffff,14,115,NA
835eeafffffffff,14,125,NA
834dadfffffffff,14,98,NA
832a73fffffffff,14,75,NA
832eedfffffffff,14,50,WP
833b46fffffffff,14,90,NA
833b62fffffffff,14,83,NA
834475fffffffff,14,115,NA
834462fffffffff,14,93,NA
835631fffffffff,14,90,NA
835795fffffffff,14,100,NA
835794fffffffff,14,108,NA
833acefffffffff,14,120,NA
833a05fffffffff,14,90,NA
833a23fffffffff,14,98,NA
833b54fffffffff,14,90,NA
831adafffffffff,14,95,NA
831ad3fffffffff,14,80,NA
831ad5fffffffff,14,75,NA
8332aafffffffff,14,65,WP
83506cfffffffff,14,75,EP
836713fffffffff,14,80,NA
8316f5fffffffff,14,65,WP
8316eefffffffff,14,50,WP
834f35fffffffff,14,95,WP
8316cefffffffff,14,55,WP
833b6cfffffffff,14,90,NA
834fa9fffffffff,14,140,WP
8361b1fffffffff,14,75,NI
837758fffffffff,14,40,WP
838718fffffffff,14,105,SI
8384eafffffffff,14,45,SI
834518fffffffff,14,155,NA
8345a9fffffffff,14,93,NA
83334afffffffff,14,80,WP
838671fffffffff,14,55,SI
83a375fffffffff,14,115,SI
838630fffffffff,14,43,SI
836442fffffffff,14,45,NI
83644efffffffff,14,45,NI
838d2bfffffffff,14,150,SI
838d1cfffffffff,14,55,SI
838d19fffffffff,14,55,SI
838c28fffffffff,14,35,SI
8395b2fffffffff,14,90,SI
838d32fffffffff,14,90,SI
83a396fffffffff,14,80,SI
83cb25fffffffff,14,50,SI
839a73fffffffff,14,115,SP
83bacefffffffff,14,73,SP
839591fffffffff,14,113,SI
839c09fffffffff,14,80,SP
83a371fffffffff,14,100,SI
83a301fffffffff,14,108,SI
83a310fffffffff,14,87,SI
839a1dfffffffff,14,135,SP
83bac0fffffffff,14,90,SP
839c0bfffffffff,14,92,SP
839d33fffffffff,14,93,SP
839f40fffffffff,14,85,SP
83944afffffffff,14,155,SI
835a6bfffffffff,14,65,WP
834ce9fffffffff,14,155,NA
837742fffffffff,14,70,WP
834512fffffffff,14,135,NA
832e63fffffffff,14,80,WP
83499efffffffff,14,58,NA
832a54fffffffff,14,90,NA
8330f3fffffffff,14,83,WP
833359fffffffff,14,128,WP
833266fffffffff,14,85,WP
832f80fffffffff,14,50,WP
8356a3fffffffff,14,85,NA
8356a2fffffffff,14,73,NA
835ea3fffffffff,14,130,NA
835e09fffffffff,14,80,NA
834588fffffffff,14,111,NA
833264fffffffff,14,130,WP
8332d1fffffffff,14,40,WP
832e2bfffffffff,14,73,WP
832e4dfffffffff,14,60,WP
832e86fffffffff,14,45,WP
83456dfffffffff,14,80,NA
834da0fffffffff,14,93,NA
832a45fffffffff,14,100,NA
832a65fffffffff,14,110,NA
834e10fffffffff,14,140,WP
83226efffffffff,14,0,WP
834d5bfffffffff,14,125,NA
834c10fffffffff,14,113,NA
832a68fffffffff,14,120,NA
833b84fffffffff,14,118,NA
833a25fffffffff,14,90,NA
833593fffffffff,14,80,NA
835e4efffffffff,14,140,NA
832b69fffffffff,14,95,NA
833b15fffffffff,14,110,NA
833b28fffffffff,14,85,NA
835ec0fffffffff,14,125,NA
8330c0fffffffff,14,83,WP
833aa4fffffffff,14,110,NA
833b8dfffffffff,14,100,NA
831690fffffffff,14,70,WP
833b1efffffffff,14,100,NA
8387b5fffffffff,14,55,SI
832a00fffffffff,14,65,NA
832a05fffffffff,14,73,NA
8364e3fffffffff,14,95,NI
8364c2fffffffff,14,135,NI
8364d3fffffffff,14,120,NI
839f50fffffffff,14,105,SP
839ceefffffffff,14,98,SP
839cecfffffffff,14,125,SP
839ce8fffffffff,14,145,SP
839451fffffffff,14,60,SI
838d5bfffffffff,14,80,SI
83a6a5fffffffff,14,121,SI
83a69dfffffffff,14,90,SI
839f4afffffffff,14,75,SP
839e35fffffffff,14,135,SP
839fadfffffffff,14,140,SP
83a3aefffffffff,14,75,SI
83ba9cfffffffff,14,78,SP
83682afffffffff,14,38,WP
83af2bfffffffff,14,124,SI
83af2afffffffff,14,128,SI
83a399fffffffff,14,100,SI
839ec8fffffffff,14,75,SP
839c33fffffffff,14,88,SP
836190fffffffff,14,108,NI
833c9afffffffff,14,150,NI
839db2fffffffff,14,105,SP
836d00fffffffff,14,60,EP
836e4afffffffff,14,115,EP
8344f0fffffffff,14,55,NA
835d8efffffffff,14,148,EP
834f36fffffffff,14,60,WP
835d56fffffffff,14,115,EP
835062fffffffff,14,75,EP
835c62fffffffff,14,120,EP
835d8afffffffff,14,50,EP
837926fffffffff,14,65,EP
832f81fffffffff,14,53,WP
833acafffffffff,14,125,NA
834d4cfffffffff,14,113,NA
832f5bfffffffff,14,98,WP
832e82fffffffff,14,40,WP
834461fffffffff,14,95,NA
834865fffffffff,14,65,EP
833369fffffffff,14,103,WP
832a4efffffffff,14,110,NA
834e0cfffffffff,14,123,WP
836193fffffffff,14,115,NI
836d9efffffffff,14,43,EP
839e11fffffffff,14,100,SP
839f9dfffffffff,14,90,SP
83abaafffffffff,14,101,SI
83abacfffffffff,14,119,SI
83aba2fffffffff,14,90,SI
83aa2efffffffff,14,113,SI
83aa04fffffffff,14,110,SI
839eccfffffffff,14,70,SP
839f81fffffffff,14,133,SP
839fa5fffffffff,14,125,SP
839a45fffffffff,14,115,SP
838c43fffffffff,14,115,SI
838c5cfffffffff,14,50,SI
838d46fffffffff,14,140,SI
83a352fffffffff,14,138,SI
833cb5fffffffff,14,30,NI
835e6efffffffff,14,80,NA
835673fffffffff,14,70,NA
83442efffffffff,14,155,NA
8330c2fffffffff,14,95,WP
835dabfffffffff,14,128,EP
83720cfffffffff,14,120,WP
835c72fffffffff,14,140,EP
836d9dfffffffff,14,45,EP
838634fffffffff,14,65,SI
8364defffffffff,14,125,NI
835a49fffffffff,14,140,WP
8384b5fffffffff,14,125,SI
83a366fffffffff,14,148,SI
837b24fffffffff,14,128,SI
83a2d2fffffffff,14,65,SI
839e30fffffffff,14,125,SP
839f0efffffffff,14,115,SP
839f2afffffffff,14,108,SP
83ab5bfffffffff,14,128,SI
83aa25fffffffff,14,123,SI
83aa20fffffffff,14,100,SI
83aa35fffffffff,14,99,SI
839f09fffffffff,14,85,SP
83ab1cfffffffff,14,120,SI
83a385fffffffff,14,90,SI
839f0afffffffff,14,115,SP
839440fffffffff,14,67,SI
839c18fffffffff,14,93,SP
836e9cfffffffff,14,50,EP
834f81fffffffff,14,133,WP
834f8efffffffff,14,95,WP
834e85fffffffff,14,103,WP
834e9cfffffffff,14,120,WP
833083fffffffff,14,65,WP
833d99fffffffff,14,25,NI
833bb5fffffffff,14,110,NA
831af2fffffffff,14,70,NA
835164fffffffff,14,65,EP
835e8efffffffff,14,125,NA
832ad4fffffffff,14,65,NA
832a0efffffffff,14,90,NA
83321cfffffffff,14,70,WP
832a4dfffffffff,14,80,NA
834ef4fffffffff,14,95,WP
8344a3fffffffff,14,118,NA
834ea9fffffffff,14,90,WP
833209fffffffff,14,109,WP
834485fffffffff,14,120,NA
834cc1fffffffff,14,75,NA
834d59fffffffff,14,133,NA
833a30fffffffff,14,95,NA
833b2efffffffff,14,75,NA
83a316fffffffff,14,80,SI
833b8efffffffff,14,105,NA
839e36fffffffff,14,140,SP
839e5efffffffff,14,120,SP
833cd5fffffffff,14,65,NI
832e00fffffffff,14,60,WP
835c21fffffffff,14,118,EP
832b56fffffffff,14,88,NA
835d5efffffffff,14,130,EP
833b1dfffffffff,14,95,NA
833b0afffffffff,14,85,NA
836e49fffffffff,14,115,EP
835115fffffffff,14,115,EP
83512bfffffffff,14,90,EP
835176fffffffff,14,105,EP
836776fffffffff,14,140,NA
835629fffffffff,14,90,NA
83449bfffffffff,14,100,NA
834d96fffffffff,14,95,NA
832acbfffffffff,14,108,NA
83619dfffffffff,14,140,NI
837754fffffffff,14,43,WP
836440fffffffff,14,45,NI
83a38afffffffff,14,85,SI
83ab1bfffffffff,14,100,SI
839c76fffffffff,14,80,SP
83a6aafffffffff,14,113,SI
83badefffffffff,14,100,SP
832facfffffffff,14,73,WP
835e91fffffffff,14,120,NA
833b0efffffffff,14,90,NA
835b58fffffffff,14,90,WP
839f5dfffffffff,14,90,SP
83ab95fffffffff,14,80,SI
83aa31fffffffff,14,105,SI
839e04fffffffff,14,125,SP
83ab19fffffffff,14,113,SI
836d0afffffffff,14,85,EP
835eaefffffffff,14,135,NA
835633fffffffff,14,70,NA
835799fffffffff,14,103,NA
834fadfffffffff,14,140,WP
835676fffffffff,14,75,NA
833a35fffffffff,14,105,NA
83458dfffffffff,14,100,NA
839f73fffffffff,14,98,SP
83af6efffffffff,14,100,SI
838d49fffffffff,14,110,SI
83a394fffffffff,14,115,SI
835d54fffffffff,14,105,EP
83324efffffffff,14,60,WP
83168afffffffff,14,60,WP
8332abfffffffff,14,91,WP
8349a8fffffffff,14,85,EP
834e09fffffffff,14,135,WP
8356a9fffffffff,14,60,NA
839f72fffffffff,14,103,SP
834e9dfffffffff,14,115,WP
834e98fffffffff,14,90,WP
83ab8afffffffff,14,75,SI
83aaa2fffffffff,14,60,SI
834b65fffffffff,14,98,WP
8387a9fffffffff,14,65,SI
8373a4fffffffff,14,145,WP
835085fffffffff,14,80,EP
835790fffffffff,14,115,NA
833b05fffffffff,14,95,NA
834431fffffffff,14,115,NA
839f84fffffffff,13,140,SP
839b68fffffffff,13,115,SP
839b63fffffffff,13,90,SP
839b71fffffffff,13,123,SP
839b01fffffffff,13,125,SP
83a213fffffffff,13,115,SI
83a254fffffffff,13,115,SI
83cb60fffffffff,13,85,SI
83a6dafffffffff,13,90,SI
838d6dfffffffff,13,90,SI
838d08fffffffff,13,90,SI
83aaa0fffffffff,13,62,SI
839f34fffffffff,13,118,SP
839e60fffffffff,13,95,SP
8394e2fffffffff,13,65,SI
83a791fffffffff,13,70,SI
83af2dfffffffff,13,105,SI
83af2efffffffff,13,125,SI
839d14fffffffff,13,85,SP
83a251fffffffff,13,85,SI
83a2e1fffffffff,13,95,SI
83a38bfffffffff,13,55,SI
839e71fffffffff,13,135,SP
839f71fffffffff,13,75,SP
83944cfffffffff,13,50,SI
838d45fffffffff,13,83,SI
83af49fffffffff,13,130,SI
836916fffffffff,13,60,WP
8365b6fffffffff,13,73,WP
839b43fffffffff,13,153,SP
839b1cfffffffff,13,100,SP
8316f2fffffffff,13,65,WP
8316ebfffffffff,13,0,WP
83224efffffffff,13,30,WP
83308dfffffffff,13,45,WP
8330c4fffffffff,13,60,WP
832e49fffffffff,13,65,WP
83441bfffffffff,13,63,NA
834456fffffffff,13,110,NA
834454fffffffff,13,108,NA
834442fffffffff,13,80,NA
834558fffffffff,13,80,NA
834559fffffffff,13,110,NA
834465fffffffff,13,100,NA
831650fffffffff,13,0,WP
8356e6fffffffff,13,70,NA
835e0dfffffffff,13,103,NA
835e70fffffffff,13,113,NA
834cd9fffffffff,13,145,NA
834424fffffffff,13,165,NA
834f18fffffffff,13,125,WP
834e32fffffffff,13,130,WP
833271fffffffff,13,90,WP
833270fffffffff,13,65,WP
833201fffffffff,13,53,WP
833213fffffffff,13,60,WP
831ac9fffffffff,13,88,NA
832a42fffffffff,13,93,NA
832b4efffffffff,13,85,NA
833b00fffffffff,13,105,NA
835628fffffffff,13,95,NA
835606fffffffff,13,50,NA
834d6efffffffff,13,120,NA
834d1afffffffff,13,130,NA
834db1fffffffff,13,118,NA
832b44fffffffff,13,83,NA
8330cbfffffffff,13,90,WP
833a00fffffffff,13,103,NA
833b73fffffffff,13,90,NA
831ad1fffffffff,13,78,NA
8332f4fffffffff,13,60,WP
8332a9fffffffff,13,73,WP
835066fffffffff,13,88,EP
835065fffffffff,13,80,EP
8367b1fffffffff,13,123,NA
834533fffffffff,13,148,NA
836d24fffffffff,13,60,NA
8316e3fffffffff,13,50,WP
8332c2fffffffff,13,0,WP
833b41fffffffff,13,90,NA
833590fffffffff,13,85,NA
83321afffffffff,13,80,WP
834facfffffffff,13,83,WP
834523fffffffff,13,125,NA
83775efffffffff,13,35,WP
837750fffffffff,13,35,WP
837719fffffffff,13,40,WP
838719fffffffff,13,105,SI
8384e2fffffffff,13,65,SI
834422fffffffff,13,140,NA
83455dfffffffff,13,60,NA
8360dafffffffff,13,100,NI
834415fffffffff,13,120,NA
834ef6fffffffff,13,105,WP
83a362fffffffff,13,115,SI
838631fffffffff,13,65,SI
83a231fffffffff,13,70,SI
833b72fffffffff,13,90,NA
836194fffffffff,13,118,NI
836472fffffffff,13,35,NI
83958cfffffffff,13,83,SI
838d63fffffffff,13,125,SI
838c2efffffffff,13,70,SI
83cb2cfffffffff,13,60,SI
83a2edfffffffff,13,80,SI
83a2cdfffffffff,13,60,SI
839a08fffffffff,13,143,SP
839a0dfffffffff,13,93,SP
839a71fffffffff,13,68,SP
839a65fffffffff,13,85,SP
839b4dfffffffff,13,110,SP
83baeafffffffff,13,70,SP
83a6adfffffffff,13,100,SI
839db6fffffffff,13,115,SP
83a242fffffffff,13,105,SI
83a2b6fffffffff,13,84,SI
839b03fffffffff,13,130,SP
839b74fffffffff,13,110,SP
839b75fffffffff,13,110,SP
839f48fffffffff,13,68,SP
839c02fffffffff,13,135,SP
839c6afffffffff,13,75,SP
83a211fffffffff,13,115,SI
839414fffffffff,13,73,SI
838d71fffffffff,13,95,SI
83af4dfffffffff,13,115,SI
835b60fffffffff,13,68,WP
835b63fffffffff,13,103,WP
839b06fffffffff,13,110,SP
83af20fffffffff,13,110,SI
83af62fffffffff,13,100,SI
83456bfffffffff,13,115,NA
834894fffffffff,13,123,NA
832e68fffffffff,13,75,WP
8332d8fffffffff,13,65,WP
836494fffffffff,13,33,WP
8330d8fffffffff,13,85,WP
832f36fffffffff,13,110,WP
833362fffffffff,13,123,WP
8356e4fffffffff,13,65,NA
835619fffffffff,13,70,NA
83561afffffffff,13,80,NA
8356adfffffffff,13,80,NA
835e54fffffffff,13,90,NA
834589fffffffff,13,115,NA
834412fffffffff,13,115,NA
835d45fffffffff,13,90,EP
834064fffffffff,13,25,WP
834eb1fffffffff,13,110,WP
83335bfffffffff,13,65,WP
833229fffffffff,13,68,WP
835e01fffffffff,13,60,NA
834b24fffffffff,13,73,WP
832e0bfffffffff,13,60,WP
83456efffffffff,13,78,NA
834db3fffffffff,13,113,NA
832a4bfffffffff,13,120,NA
833b25fffffffff,13,70,NA
834f89fffffffff,13,125,WP
834cedfffffffff,13,155,NA
834d8dfffffffff,13,113,NA
833ba9fffffffff,13,70,NA
835e49fffffffff,13,150,NA
834c81fffffffff,13,137,NA
832a43fffffffff,13,115,NA
831ad9fffffffff,13,70,NA
835ec1fffffffff,13,125,NA
835eccfffffffff,13,120,NA
833b01fffffffff,13,95,NA
833b0cfffffffff,13,80,NA
835060fffffffff,13,80,EP
835d68fffffffff,13,85,EP
8332a1fffffffff,13,50,WP
8332a3fffffffff,13,38,WP
83560cfffffffff,13,103,NA
833a91fffffffff,13,103,NA
833ab1fffffffff,13,105,NA
833aa0fffffffff,13,105,NA
833b8bfffffffff,13,105,NA
834c29fffffffff,13,123,NA
834d0bfffffffff,13,115,NA
834d0efffffffff,13,115,NA
831696fffffffff,13,60,WP
838604fffffffff,13,65,SI
83aa61fffffffff,13,134,SI
8360dbfffffffff,13,100,NI
83871afffffffff,13,65,SI
832ae9fffffffff,13,88,NA
832a03fffffffff,13,68,NA
832a23fffffffff,13,73,NA
8364e0fffffffff,13,95,NI
83685dfffffffff,13,133,WP
839e1efffffffff,13,130,SP
839e19fffffffff,13,100,SP
839f55fffffffff,13,105,SP
83945dfffffffff,13,135,SI
83cb64fffffffff,13,90,SI
83cb42fffffffff,13,58,SI
838c24fffffffff,13,63,SI
838d1dfffffffff,13,55,SI
839481fffffffff,13,51,SI
839491fffffffff,13,120,SI
839f6afffffffff,13,70,SP
839f31fffffffff,13,105,SP
839f36fffffffff,13,120,SP
83a222fffffffff,13,98,SI
83a31bfffffffff,13,88,SI
839c4bfffffffff,13,35,SI
83a6d6fffffffff,13,90,SI
83a2b3fffffffff,13,99,SI
83ba91fffffffff,13,70,SP
83af29fffffffff,13,140,SI
83a286fffffffff,13,68,SI
837769fffffffff,13,135,WP
839e64fffffffff,13,90,SP
839f45fffffffff,13,78,SP
838641fffffffff,13,85,SI
833254fffffffff,13,75,WP
836d8efffffffff,13,60,EP
835c35fffffffff,13,113,EP
835d88fffffffff,13,150,EP
835d8cfffffffff,13,65,EP
835c6afffffffff,13,130,EP
836e53fffffffff,13,125,EP
832eecfffffffff,13,58,WP
835074fffffffff,13,90,EP
83301dfffffffff,13,45,WP
837925fffffffff,13,95,EP
835c09fffffffff,13,135,EP
835c08fffffffff,13,135,EP
835d89fffffffff,13,85,EP
836e8dfffffffff,13,45,EP
83562cfffffffff,13,110,NA
835623fffffffff,13,95,NA
833addfffffffff,13,110,NA
834d5dfffffffff,13,120,NA
836592fffffffff,13,65,WP
8316d9fffffffff,13,0,WP
834eb6fffffffff,13,85,WP
834caafffffffff,13,100,NA
834da3fffffffff,13,100,NA
831a92fffffffff,13,105,NA
831a91fffffffff,13,100,NA
835d82fffffffff,13,140,EP
833cc2fffffffff,13,135,NI
834d13fffffffff,13,83,NA
836c35fffffffff,13,70,EP
83618efffffffff,13,85,NI
833cb0fffffffff,13,40,NI
83a360fffffffff,13,140,SI
839e0efffffffff,13,135,SP
835b76fffffffff,13,50,WP
83abaefffffffff,13,90,SI
83aa2cfffffffff,13,115,SI
83aa21fffffffff,13,108,SI
83aa23fffffffff,13,110,SI
83aa00fffffffff,13,93,SI
83a3b4fffffffff,13,100,SI
839d32fffffffff,13,120,SP
839f11fffffffff,13,103,SP
839a6dfffffffff,13,55,SP
839b58fffffffff,13,113,SP
839b54fffffffff,13,95,SP
833d9bfffffffff,13,30,NI
835644fffffffff,13,55,NA
834405fffffffff,13,125,NA
835a45fffffffff,13,75,WP
835d1bfffffffff,13,85,EP
83724efffffffff,13,30,WP
834f10fffffffff,13,140,WP
834e13fffffffff,13,125,WP
8369abfffffffff,13,58,WP
8384eefffffffff,13,58,SI
83af26fffffffff,13,115,SI
839f03fffffffff,13,135,SP
839d36fffffffff,13,105,SP
83a2d6fffffffff,13,55,SI
8395b0fffffffff,13,75,SI
83aa26fffffffff,13,110,SI
83a39efffffffff,13,95,SI
839ce4fffffffff,13,99,SP
83aa45fffffffff,13,120,SI
839b29fffffffff,13,108,SP
839a72fffffffff,13,108,SP
83a2f0fffffffff,13,85,SI
83416cfffffffff,13,43,WP
833242fffffffff,13,67,WP
833099fffffffff,13,68,WP
83321dfffffffff,13,60,WP
833289fffffffff,13,45,WP
8316c8fffffffff,13,0,WP
8330cefffffffff,13,70,WP
832ee1fffffffff,13,50,WP
837168fffffffff,13,115,EP
831a89fffffffff,13,73,NA
835c68fffffffff,13,48,EP
835c34fffffffff,13,110,EP
835013fffffffff,13,53,EP
833af2fffffffff,13,105,NA
832b51fffffffff,13,105,NA
832b75fffffffff,13,90,NA
831a93fffffffff,13,83,NA
834870fffffffff,13,65,EP
834d34fffffffff,13,115,NA
8344a2fffffffff,13,130,NA
832ae3fffffffff,13,80,NA
831a95fffffffff,13,70,NA
833208fffffffff,13,70,WP
83329efffffffff,13,40,WP
833298fffffffff,13,65,WP
83440afffffffff,13,90,NA
834ce8fffffffff,13,150,NA
833a14fffffffff,13,108,NA
833a33fffffffff,13,90,NA
833b02fffffffff,13,108,NA
834494fffffffff,13,145,NA
83abb3fffffffff,13,90,SI
839444fffffffff,13,90,SI
832b49fffffffff,13,83,NA
833af0fffffffff,13,95,NA
833aaafffffffff,13,78,NA
834d58fffffffff,13,115,NA
83876efffffffff,13,113,SI
83b45afffffffff,13,103,SP
839c10fffffffff,13,130,SP
838d53fffffffff,13,110,SI
83cb2dfffffffff,13,53,SI
83bac9fffffffff,13,113,SP
838d72fffffffff,13,105,SI
839c54fffffffff,13,73,SP
832eb5fffffffff,13,53,WP
832a5dfffffffff,13,115,NA
835018fffffffff,13,55,EP
8344defffffffff,13,45,NA
832ee8fffffffff,13,53,WP
8332f3fffffffff,13,60,WP
832a50fffffffff,13,90,NA
834420fffffffff,13,145,NA
832a1afffffffff,13,85,NA
83224cfffffffff,13,0,WP
834021fffffffff,13,35,WP
835e60fffffffff,13,115,NA
833b99fffffffff,13,100,NA
832a1efffffffff,13,75,NA
832e4afffffffff,13,65,WP
834450fffffffff,13,105,NA
834ce6fffffffff,13,120,NA
8369a1fffffffff,13,55,WP
8369a0fffffffff,13,55,WP
839c70fffffffff,13,43,SP
839d1cfffffffff,13,135,SP
833273fffffffff,13,93,WP
83328afffffffff,13,40,WP
834429fffffffff,13,150,NA
83415bfffffffff,13,43,WP
832b59fffffffff,13,85,NA
83860cfffffffff,13,38,SI
8332defffffffff,13,0,WP
832af0fffffffff,13,75,NA
832f86fffffffff,13,68,WP
836774fffffffff,13,50,NA
835b66fffffffff,13,60,WP
835b61fffffffff,13,70,WP
834d2afffffffff,13,130,NA
834d2efffffffff,13,93,NA
83a2ccfffffffff,13,80,SI
839ef5fffffffff,13,115,SP
834c1afffffffff,13,120,NA
835c74fffffffff,13,120,EP
8344f1fffffffff,13,80,NA
8316c5fffffffff,13,38,WP
833b6bfffffffff,13,85,NA
833b69fffffffff,13,85,NA
832ad6fffffffff,13,65,NA
833a20fffffffff,13,95,NA
836766fffffffff,13,73,NA
836711fffffffff,13,125,NA
832a0cfffffffff,13,80,NA
832a2afffffffff,13,90,NA
832a2efffffffff,13,85,NA
834ea4fffffffff,13,110,WP
834476fffffffff,13,140,NA
834f9bfffffffff,13,95,WP
831adcfffffffff,13,85,NA
8364d0fffffffff,13,145,NI
836876fffffffff,13,80,WP
834d11fffffffff,13,105,NA
83af69fffffffff,13,100,SI
832ee9fffffffff,13,55,WP
836765fffffffff,13,145,NA
834502fffffffff,13,148,NA
834503fffffffff,13,150,NA
8345abfffffffff,13,125,NA
839f8bfffffffff,13,135,SP
83442bfffffffff,13,120,NA
835e9afffffffff,13,115,NA
83ba59fffffffff,13,95,SP
834db4fffffffff,13,105,NA
832accfffffffff,13,103,NA
83cb43fffffffff,13,55,SI
8397a6fffffffff,13,83,SI
8367a6fffffffff,13,130,NA
839f91fffffffff,12,50,SP
839fa2fffffffff,12,103,SP
839b73fffffffff,12,103,SP
83a78cfffffffff,12,88,SI
83a212fffffffff,12,108,SI
83a21dfffffffff,12,100,SI
83a25efffffffff,12,70,SI
83cb65fffffffff,12,48,SI
838d66fffffffff,12,105,SI
838d61fffffffff,12,90,SI
83a6f3fffffffff,12,100,SI
839401fffffffff,12,65,SI
839432fffffffff,12,73,SI
83ab90fffffffff,12,73,SI
839f33fffffffff,12,105,SP
839e6efffffffff,12,88,SP
839e65fffffffff,12,80,SP
838c65fffffffff,12,125,SI
838c61fffffffff,12,122,SI
83af6dfffffffff,12,115,SI
83a28dfffffffff,12,53,SI
83a295fffffffff,12,99,SI
83a285fffffffff,12,70,SI
83a28afffffffff,12,50,SI
83aba0fffffffff,12,100,SI
83aba3fffffffff,12,100,SI
839ee3fffffffff,12,83,SP
839f62fffffffff,12,80,SP
839458fffffffff,12,50,SI
838d62fffffffff,12,110,SI
839fb0fffffffff,12,60,SP
83b44bfffffffff,12,110,SP
839a29fffffffff,12,65,SP
839a35fffffffff,12,130,SP
839b4cfffffffff,12,148,SP
83ba92fffffffff,12,58,SP
831693fffffffff,12,70,WP
83168efffffffff,12,30,WP
8316f0fffffffff,12,65,WP
8316ccfffffffff,12,50,WP
836ee2fffffffff,12,70,EP
8330f0fffffffff,12,90,WP
8330ebfffffffff,12,80,WP
832e43fffffffff,12,70,WP
834455fffffffff,12,105,NA
834464fffffffff,12,103,NA
834893fffffffff,12,79,NA
832f90fffffffff,12,43,WP
835090fffffffff,12,40,EP
835655fffffffff,12,55,NA
8356f4fffffffff,12,50,NA
835681fffffffff,12,63,NA
835e45fffffffff,12,125,NA
834543fffffffff,12,145,NA
835a4dfffffffff,12,100,WP
834f1bfffffffff,12,140,WP
835632fffffffff,12,75,NA
833b4cfffffffff,12,90,NA
834d65fffffffff,12,140,NA
834d6dfffffffff,12,123,NA
834d50fffffffff,12,135,NA
831a9efffffffff,12,90,NA
833a66fffffffff,12,90,NA
835492fffffffff,12,65,NA
835661fffffffff,12,68,NA
835786fffffffff,12,115,NA
833a1bfffffffff,12,108,NA
833b70fffffffff,12,80,NA
833b74fffffffff,12,85,NA
8364b2fffffffff,12,35,WP
835d6dfffffffff,12,80,EP
834506fffffffff,12,115,NA
832f95fffffffff,12,68,WP
8316f6fffffffff,12,65,WP
8316edfffffffff,12,55,WP
83224bfffffffff,12,55,WP
835a44fffffffff,12,75,WP
834f01fffffffff,12,115,WP
8332d3fffffffff,12,65,WP
833b49fffffffff,12,90,NA
833594fffffffff,12,80,NA
83640efffffffff,12,48,NI
83619efffffffff,12,115,NI
837718fffffffff,12,45,WP
8365b4fffffffff,12,65,WP
838cedfffffffff,12,45,SI
838c58fffffffff,12,60,SI
8384f5fffffffff,12,60,SI
8367b3fffffffff,12,140,NA
83454afffffffff,12,105,NA
8360e5fffffffff,12,60,NI
836786fffffffff,12,135,NA
834414fffffffff,12,110,NA
835b69fffffffff,12,70,WP
83335efffffffff,12,75,WP
83331bfffffffff,12,75,WP
8387a3fffffffff,12,60,SI
833584fffffffff,12,78,NA
839581fffffffff,12,90,SI
838c50fffffffff,12,68,SI
838c0dfffffffff,12,60,SI
838c20fffffffff,12,50,SI
8395b3fffffffff,12,140,SI
838d29fffffffff,12,140,SI
83a392fffffffff,12,115,SI
83cb61fffffffff,12,85,SI
83cb63fffffffff,12,80,SI
839a09fffffffff,12,35,SP
839a61fffffffff,12,90,SP
839b60fffffffff,12,115,SP
839eedfffffffff,12,113,SP
83a2adfffffffff,12,40,SI
839a36fffffffff,12,100,SP
839e10fffffffff,12,85,SP
83a300fffffffff,12,90,SI
83a236fffffffff,12,40,SI
83a214fffffffff,12,68,SI
83a68efffffffff,12,105,SI
83a6cefffffffff,12,120,SI
83ab81fffffffff,12,75,SI
83ab8efffffffff,12,78,SI
83ab88fffffffff,12,80,SI
839580fffffffff,12,110,SI
838d70fffffffff,12,110,SI
838d4dfffffffff,12,110,SI
839b00fffffffff,12,130,SP
83a2d8fffffffff,12,60,SI
83a2defffffffff,12,68,SI
8387b1fffffffff,12,55,SI
834c84fffffffff,12,125,NA
8387abfffffffff,12,38,SI
834890fffffffff,12,115,NA
8332cbfffffffff,12,35,WP
834993fffffffff,12,85,NA
835095fffffffff,12,70,EP
83302afffffffff,12,45,WP
833360fffffffff,12,135,WP
835e1efffffffff,12,125,NA
835e55fffffffff,12,110,NA
835e41fffffffff,12,55,NA
8345b6fffffffff,12,165,NA
8332e2fffffffff,12,35,WP
83161bfffffffff,12,45,WP
835e00fffffffff,12,90,NA
835e2afffffffff,12,110,NA
832a4afffffffff,12,95,NA
832a6afffffffff,12,95,NA
834f8afffffffff,12,140,WP
834ce4fffffffff,12,120,NA
834c1dfffffffff,12,115,NA
834c11fffffffff,12,125,NA
834d8cfffffffff,12,115,NA
834daafffffffff,12,110,NA
833ba3fffffffff,12,115,NA
833591fffffffff,12,80,NA
834ceafffffffff,12,136,NA
834cf6fffffffff,12,145,NA
834cabfffffffff,12,143,NA
834d95fffffffff,12,93,NA
833ba6fffffffff,12,93,NA
835ecdfffffffff,12,125,NA
834d0cfffffffff,12,115,NA
834d01fffffffff,12,103,NA
834d31fffffffff,12,110,NA
833ba1fffffffff,12,105,NA
83309cfffffffff,12,50,WP
8330ccfffffffff,12,70,WP
832ea0fffffffff,12,40,WP
832e91fffffffff,12,45,WP
835d0dfffffffff,12,105,EP
835d0cfffffffff,12,103,EP
83322afffffffff,12,55,WP
8356a8fffffffff,12,70,NA
833b76fffffffff,12,85,NA
8316b1fffffffff,12,40,WP
834d23fffffffff,12,95,NA
833b9cfffffffff,12,120,NA
833b81fffffffff,12,100,NA
833badfffffffff,12,85,NA
8365b3fffffffff,12,48,WP
836595fffffffff,12,45,WP
838605fffffffff,12,65,SI
8360cdfffffffff,12,63,NI
8387acfffffffff,12,60,SI
834ca0fffffffff,12,115,NA
8369a5fffffffff,12,90,WP
832a52fffffffff,12,100,NA
8364d1fffffffff,12,140,NI
838734fffffffff,12,80,SI
839f2efffffffff,12,100,SP
839f32fffffffff,12,125,SP
83bacbfffffffff,12,103,SP
838c25fffffffff,12,70,SI
83a6acfffffffff,12,125,SI
839b2cfffffffff,12,105,SP
83bad2fffffffff,12,100,SP
836843fffffffff,12,108,WP
836872fffffffff,12,45,WP
83a373fffffffff,12,128,SI
83a3b5fffffffff,12,105,SI
83762cfffffffff,12,33,WP
839ecdfffffffff,12,70,SP
839c06fffffffff,12,95,SP
836192fffffffff,12,115,NI
839ec6fffffffff,12,75,SP
834435fffffffff,12,90,NA
834430fffffffff,12,120,NA
834410fffffffff,12,115,NA
8332e4fffffffff,12,78,WP
835c25fffffffff,12,100,EP
835c26fffffffff,12,115,EP
835c30fffffffff,12,95,EP
835d81fffffffff,12,100,EP
835daafffffffff,12,125,EP
835c76fffffffff,12,118,EP
836e5cfffffffff,12,123,EP
832e71fffffffff,12,85,WP
832e40fffffffff,12,50,WP
832e44fffffffff,12,65,WP
835104fffffffff,12,68,EP
835c0cfffffffff,12,115,EP
835c54fffffffff,12,45,EP
835c0efffffffff,12,140,EP
83314cfffffffff,12,38,WP
831692fffffffff,12,60,WP
83224afffffffff,12,53,WP
833cacfffffffff,12,30,NI
834d6bfffffffff,12,110,NA
834169fffffffff,12,30,WP
8316aafffffffff,12,35,WP
8316abfffffffff,12,65,WP
834d5efffffffff,12,75,NA
834c2dfffffffff,12,110,NA
83336efffffffff,12,85,WP
834d88fffffffff,12,123,NA
835082fffffffff,12,55,EP
834d9bfffffffff,12,135,NA
834d98fffffffff,12,105,NA
834e90fffffffff,12,70,WP
833373fffffffff,12,115,WP
83636cfffffffff,12,80,NI
8360ddfffffffff,12,135,NI
839f83fffffffff,12,120,SP
836828fffffffff,12,90,WP
836448fffffffff,12,38,NI
83ab85fffffffff,12,80,SI
83aba9fffffffff,12,70,SI
83abadfffffffff,12,65,SI
83aba1fffffffff,12,95,SI
836112fffffffff,12,63,NI
8384aefffffffff,12,140,SI
83ab52fffffffff,12,118,SI
83aa1afffffffff,12,98,SI
83a792fffffffff,12,75,SI
8397b6fffffffff,12,105,SI
839f8afffffffff,12,125,SP
839f9cfffffffff,12,60,SP
839a68fffffffff,12,58,SP
83badbfffffffff,12,105,SP
838c55fffffffff,12,73,SI
837204fffffffff,12,30,WP
833cb1fffffffff,12,30,NI
835d6cfffffffff,12,75,EP
833cf6fffffffff,12,48,NI
834026fffffffff,12,55,WP
833d9dfffffffff,12,25,NI
834d14fffffffff,12,85,NA
834d36fffffffff,12,85,NA
833b96fffffffff,12,120,NA
837741fffffffff,12,55,WP
835c60fffffffff,12,125,EP
835c73fffffffff,12,130,EP
8369aafffffffff,12,70,WP
83a318fffffffff,12,83,SI
83a234fffffffff,12,51,SI
839f01fffffffff,12,115,SP
83aa2dfffffffff,12,124,SI
83aba5fffffffff,12,90,SI
83bc90fffffffff,12,115,SI
83a6f6fffffffff,12,115,SI
83ab5efffffffff,12,120,SI
83a6a4fffffffff,12,80,SI
839c19fffffffff,12,100,SP
8394e8fffffffff,12,35,SI
83badafffffffff,12,105,SP
839b2dfffffffff,12,105,SP
839b21fffffffff,12,103,SP
839c1efffffffff,12,60,SP
83482afffffffff,12,90,EP
834f80fffffffff,12,120,WP
834f8cfffffffff,12,45,WP
834186fffffffff,12,75,WP
832e8efffffffff,12,43,WP
8330eefffffffff,12,65,WP
832b6dfffffffff,12,68,NA
835c69fffffffff,12,50,EP
834c02fffffffff,12,120,NA
835e8bfffffffff,12,88,NA
834874fffffffff,12,100,EP
83571efffffffff,12,78,NA
8349a3fffffffff,12,90,EP
834d21fffffffff,12,110,NA
834d20fffffffff,12,100,NA
833b26fffffffff,12,83,NA
832aeefffffffff,12,90,NA
834409fffffffff,12,110,NA
834d8bfffffffff,12,110,NA
834c32fffffffff,12,125,NA
834d19fffffffff,12,125,NA
833aa3fffffffff,12,93,NA
8361abfffffffff,12,70,NI
839e34fffffffff,12,140,SP
83a2dbfffffffff,12,51,SI
839ee5fffffffff,12,100,SP
839e02fffffffff,12,133,SP
839faefffffffff,12,115,SP
839e01fffffffff,12,105,SP
839e26fffffffff,12,145,SP
83af70fffffffff,12,125,SI
838d73fffffffff,12,113,SI
83a6d5fffffffff,12,75,SI
834f8dfffffffff,12,120,WP
834f83fffffffff,12,145,WP
833cc6fffffffff,12,80,NI
836c25fffffffff,12,50,EP
83169cfffffffff,12,33,WP
835008fffffffff,12,40,EP
835072fffffffff,12,48,EP
834413fffffffff,12,135,NA
8330edfffffffff,12,55,WP
832e5bfffffffff,12,58,WP
8316b0fffffffff,12,0,WP
83169bfffffffff,12,50,WP
833ba0fffffffff,12,100,NA
833b08fffffffff,12,90,NA
832a18fffffffff,12,80,NA
83458afffffffff,12,103,NA
834419fffffffff,12,120,NA
836760fffffffff,12,110,NA
835665fffffffff,12,70,NA
835602fffffffff,12,103,NA
832acefffffffff,12,100,NA
832e58fffffffff,12,68,WP
832e5afffffffff,12,48,WP
832ee3fffffffff,12,40,WP
837231fffffffff,12,30,WP
837169fffffffff,12,115,EP
836eecfffffffff,12,110,EP
834c93fffffffff,12,140,NA
8344c4fffffffff,12,80,NA
839714fffffffff,12,95,SI
83860dfffffffff,12,43,SI
83aa43fffffffff,12,100,SI
83ab18fffffffff,12,120,SI
83ababfffffffff,12,68,SI
83ab8cfffffffff,12,87,SI
839c23fffffffff,12,55,SP
8332d4fffffffff,12,63,WP
835a6afffffffff,12,80,WP
836e58fffffffff,12,55,EP
835ca5fffffffff,12,115,EP
833272fffffffff,12,101,WP
833290fffffffff,12,0,WP
835e99fffffffff,12,110,NA
83672bfffffffff,12,80,NA
83670cfffffffff,12,130,NA
833a03fffffffff,12,105,NA
835b68fffffffff,12,70,WP
835b5efffffffff,12,83,WP
83774afffffffff,12,70,WP
83b452fffffffff,12,100,SP
83aa80fffffffff,12,60,SI
839a44fffffffff,12,115,SP
839a02fffffffff,12,125,SP
839b8bfffffffff,12,140,SP
83aa0efffffffff,12,60,SI
83cb28fffffffff,12,70,SI
832e09fffffffff,12,60,WP
835d99fffffffff,12,60,EP
833b18fffffffff,12,75,NA
834451fffffffff,12,73,NA
834453fffffffff,12,70,NA
834f1afffffffff,12,140,WP
8316ecfffffffff,12,55,WP
832f99fffffffff,12,60,WP
8345b0fffffffff,12,145,NA
839d82fffffffff,12,90,SP
838d41fffffffff,12,123,SI
83a31efffffffff,12,100,SI
83ba5bfffffffff,12,100,SP
832f9bfffffffff,12,60,WP
834e08fffffffff,12,130,WP
83456afffffffff,12,113,NA
833ac2fffffffff,12,105,NA
836846fffffffff,12,93,WP
839f76fffffffff,12,100,SP
83aa22fffffffff,12,110,SI
836ef0fffffffff,12,48,EP
834896fffffffff,12,70,NA
834e15fffffffff,12,143,WP
833a2dfffffffff,12,108,NA
832b41fffffffff,12,83,NA
835e15fffffffff,12,100,NA
835694fffffffff,12,78,NA
8365adfffffffff,12,58,WP
838d4bfffffffff,12,100,SI
834501fffffffff,12,150,NA
833b9dfffffffff,12,105,NA
834dacfffffffff,12,115,NA
839476fffffffff,12,50,SI
834f93fffffffff,12,95,WP
83561bfffffffff,12,73,NA
835680fffffffff,12,65,NA
834188fffffffff,12,30,WP
834872fffffffff,12,65,EP
834e81fffffffff,12,119,WP
839a2bfffffffff,12,85,SP
839f2dfffffffff,12,120,SP
834da6fffffffff,12,115,NA
832af2fffffffff,12,75,NA
832a2bfffffffff,12,100,NA
8349b5fffffffff,12,145,EP
834472fffffffff,12,113,NA
833ad5fffffffff,12,100,NA
839f98fffffffff,11,55,SP
837f24fffffffff,11,93,SP
839f95fffffffff,11,55,SP
839fa0fffffffff,11,135,SP
839b02fffffffff,11,115,SP
83a788fffffffff,11,100,SI
83a20dfffffffff,11,120,SI
83abb2fffffffff,11,95,SI
83cb44fffffffff,11,70,SI
838d6cfffffffff,11,90,SI
83af5bfffffffff,11,83,SI
838d01fffffffff,11,98,SI
839406fffffffff,11,60,SI
83ab9efffffffff,11,75,SI
839ee6fffffffff,11,100,SP
839e1afffffffff,11,100,SP
839e13fffffffff,11,58,SP
839f30fffffffff,11,110,SP
839e6afffffffff,11,110,SP
839e6dfffffffff,11,60,SP
838c64fffffffff,11,128,SI
83af31fffffffff,11,98,SI
83a2eefffffffff,11,90,SI
83cb23fffffffff,11,63,SI
83ab9cfffffffff,11,75,SI
839f46fffffffff,11,95,SP
838d6bfffffffff,11,130,SI
839b4bfffffffff,11,110,SP
839b48fffffffff,11,125,SP
839b5dfffffffff,11,115,SP
839b0bfffffffff,11,83,SP
839a22fffffffff,11,50,SP
83944efffffffff,11,155,SI
839b5bfffffffff,11,105,SP
839b61fffffffff,11,115,SP
839b64fffffffff,11,108,SP
835b89fffffffff,11,65,WP
83169efffffffff,11,70,WP
8316c1fffffffff,11,20,WP
8330c5fffffffff,11,70,WP
83414afffffffff,11,40,WP
83414bfffffffff,11,35,WP
8344b2fffffffff,11,150,NA
834482fffffffff,11,88,NA
83160bfffffffff,11,0,WP
8356f6fffffffff,11,50,NA
835690fffffffff,11,78,NA
835696fffffffff,11,75,NA
835e10fffffffff,11,68,NA
835e0cfffffffff,11,95,NA
835e69fffffffff,11,130,NA
834ccbfffffffff,11,135,NA
834cdbfffffffff,11,145,NA
834585fffffffff,11,130,NA
834551fffffffff,11,123,NA
835a4efffffffff,11,135,WP
835a4cfffffffff,11,90,WP
833293fffffffff,11,0,WP
8357acfffffffff,11,95,NA
833a6afffffffff,11,80,NA
831aebfffffffff,11,68,NA
831aedfffffffff,11,75,NA
832a51fffffffff,11,85,NA
832b68fffffffff,11,88,NA
833b06fffffffff,11,88,NA
834193fffffffff,11,50,WP
835ec2fffffffff,11,130,NA
835ecbfffffffff,11,140,NA
834d60fffffffff,11,135,NA
834d40fffffffff,11,115,NA
831ae9fffffffff,11,80,NA
833af5fffffffff,11,113,NA
833a21fffffffff,11,90,NA
831ae3fffffffff,11,70,NA
831ae0fffffffff,11,68,NA
834e28fffffffff,11,118,WP
833286fffffffff,11,40,WP
8332b3fffffffff,11,35,WP
834532fffffffff,11,63,NA
834505fffffffff,11,113,NA
83452bfffffffff,11,93,NA
83225dfffffffff,11,50,EP
835a68fffffffff,11,55,WP
835a6dfffffffff,11,98,WP
835a69fffffffff,11,65,WP
834f34fffffffff,11,95,WP
834fa1fffffffff,11,120,WP
83640bfffffffff,11,50,NI
83644bfffffffff,11,53,NI
836113fffffffff,11,65,NI
83619afffffffff,11,98,NI
837759fffffffff,11,38,WP
8384e3fffffffff,11,65,SI
83600bfffffffff,11,30,NI
8360e0fffffffff,11,50,NI
8360c8fffffffff,11,68,NI
836784fffffffff,11,125,NA
83441efffffffff,11,121,NA
834418fffffffff,11,65,NA
83a374fffffffff,11,105,SI
83a329fffffffff,11,128,SI
838785fffffffff,11,45,SI
838636fffffffff,11,40,SI
838d68fffffffff,11,100,SI
838729fffffffff,11,125,SI
838c56fffffffff,11,40,SI
838c2afffffffff,11,50,SI
8395b4fffffffff,11,75,SI
838d10fffffffff,11,48,SI
838d18fffffffff,11,45,SI
839405fffffffff,11,50,SI
839585fffffffff,11,88,SI
83a6cdfffffffff,11,65,SI
839736fffffffff,11,87,SI
83a2a2fffffffff,11,83,SI
83cb29fffffffff,11,50,SI
839fb5fffffffff,11,138,SP
838d33fffffffff,11,65,SI
839b76fffffffff,11,115,SP
839c6bfffffffff,11,50,SI
839ba2fffffffff,11,88,SP
83a3adfffffffff,11,85,SI
83cb6bfffffffff,11,63,SI
839a30fffffffff,11,63,SP
83baf2fffffffff,11,63,SP
83a681fffffffff,11,100,SI
83a615fffffffff,11,104,SI
839c04fffffffff,11,55,SP
839f44fffffffff,11,90,SP
839f63fffffffff,11,85,SP
839a16fffffffff,11,145,SP
83b456fffffffff,11,90,SP
835a48fffffffff,11,140,WP
839b33fffffffff,11,95,SP
83b44dfffffffff,11,100,SP
83a36dfffffffff,11,124,SI
83a2c2fffffffff,11,50,SI
838784fffffffff,11,55,SI
834d41fffffffff,11,118,NA
83775dfffffffff,11,70,WP
8345a3fffffffff,11,135,NA
834ca1fffffffff,11,135,NA
8387a8fffffffff,11,55,SI
8387aafffffffff,11,35,SI
836d14fffffffff,11,120,EP
834549fffffffff,11,125,NA
8332d9fffffffff,11,65,WP
8332dafffffffff,11,60,WP
8341aefffffffff,11,55,WP
834541fffffffff,11,80,NA
832b64fffffffff,11,75,NA
835acbfffffffff,11,130,WP
835eacfffffffff,11,110,NA
835e40fffffffff,11,90,NA
834cc9fffffffff,11,55,NA
836706fffffffff,11,130,NA
83458cfffffffff,11,117,NA
835046fffffffff,11,65,EP
835d69fffffffff,11,80,EP
833219fffffffff,11,105,WP
832ef4fffffffff,11,65,WP
835e02fffffffff,11,55,NA
834571fffffffff,11,75,NA
834da5fffffffff,11,110,NA
832a62fffffffff,11,95,NA
832b60fffffffff,11,78,NA
831ac1fffffffff,11,70,NA
834f9dfffffffff,11,145,WP
834e1efffffffff,11,75,WP
8316dafffffffff,11,0,WP
835e4afffffffff,11,100,NA
834c1cfffffffff,11,103,NA
833bb1fffffffff,11,113,NA
833ba8fffffffff,11,88,NA
833a34fffffffff,11,95,NA
835e1afffffffff,11,133,NA
835e19fffffffff,11,138,NA
835ee4fffffffff,11,135,NA
835e50fffffffff,11,120,NA
834cebfffffffff,11,150,NA
834d9afffffffff,11,118,NA
8335b3fffffffff,11,68,NA
834d00fffffffff,11,113,NA
834d04fffffffff,11,130,NA
833b03fffffffff,11,75,NA
8341a9fffffffff,11,33,WP
835d44fffffffff,11,95,EP
833348fffffffff,11,73,WP
833a9efffffffff,11,118,NA
833a86fffffffff,11,105,NA
833b0dfffffffff,11,90,NA
8335b2fffffffff,11,85,NA
833b83fffffffff,11,100,NA
834801fffffffff,11,90,EP
834833fffffffff,11,100,EP
833a76fffffffff,11,98,NA
83871bfffffffff,11,65,SI
834c30fffffffff,11,98,NA
8397a5fffffffff,11,100,SI
838d06fffffffff,11,75,SI
83a2c8fffffffff,11,75,SI
83cb40fffffffff,11,65,SI
83a79bfffffffff,11,130,SI
839e4cfffffffff,11,95,SP
839f1bfffffffff,11,108,SP
838d0afffffffff,11,45,SI
83a613fffffffff,11,104,SI
839734fffffffff,11,105,SI
83a218fffffffff,11,60,SI
839b89fffffffff,11,95,SP
839b19fffffffff,11,110,SP
839b28fffffffff,11,100,SP
836873fffffffff,11,85,WP
83af01fffffffff,11,75,SI
83a346fffffffff,11,125,SI
83a30bfffffffff,11,115,SI
836d06fffffffff,11,53,EP
834433fffffffff,11,110,NA
835d52fffffffff,11,120,EP
835c36fffffffff,11,98,EP
835d8dfffffffff,11,150,EP
835c45fffffffff,11,130,EP
835c2bfffffffff,11,108,EP
836e5dfffffffff,11,120,EP
834e29fffffffff,11,105,WP
835d19fffffffff,11,60,EP
835d1afffffffff,11,80,EP
833149fffffffff,11,75,WP
832e46fffffffff,11,70,WP
835c15fffffffff,11,135,EP
835c16fffffffff,11,70,EP
835d8bfffffffff,11,60,EP
83418dfffffffff,11,28,WP
835490fffffffff,11,43,NA
834d68fffffffff,11,120,NA
832e76fffffffff,11,60,WP
8316a3fffffffff,11,0,WP
832268fffffffff,11,58,WP
835ee8fffffffff,11,95,NA
834c2efffffffff,11,135,NA
833368fffffffff,11,73,WP
833275fffffffff,11,70,WP
834d8afffffffff,11,130,NA
831a82fffffffff,11,95,NA
831a80fffffffff,11,90,NA
831a29fffffffff,11,70,NA
835d80fffffffff,11,110,EP
834d15fffffffff,11,80,NA
833b91fffffffff,11,95,NA
835b55fffffffff,11,45,WP
835b4bfffffffff,11,130,WP
836c36fffffffff,11,78,EP
836199fffffffff,11,58,NI
83605bfffffffff,11,48,NI
839fa3fffffffff,11,135,SP
835b41fffffffff,11,65,WP
83aa02fffffffff,11,85,SI
83aaf0fffffffff,11,85,SI
839ec1fffffffff,11,73,SP
839e5afffffffff,11,110,SP
837255fffffffff,11,75,WP
833c82fffffffff,11,73,NI
833d9afffffffff,11,35,NI
838606fffffffff,11,40,SI
835e73fffffffff,11,80,NA
835654fffffffff,11,60,NA
833356fffffffff,11,90,WP
834495fffffffff,11,150,NA
8344adfffffffff,11,100,NA
834428fffffffff,11,148,NA
834d32fffffffff,11,80,NA
833b31fffffffff,11,70,NA
833b22fffffffff,11,73,NA
831ad6fffffffff,11,78,NA
83775cfffffffff,11,55,WP
836593fffffffff,11,40,WP
8332f2fffffffff,11,60,WP
833282fffffffff,11,55,WP
832263fffffffff,11,40,EP
836835fffffffff,11,53,WP
83724afffffffff,11,55,WP
835b62fffffffff,11,90,WP
8332ecfffffffff,11,68,WP
8332adfffffffff,11,35,WP
8364e5fffffffff,11,75,NI
834f1efffffffff,11,140,WP
836831fffffffff,11,75,WP
83949efffffffff,11,72,SI
8384f6fffffffff,11,45,SI
8384a3fffffffff,11,68,SI
839f18fffffffff,11,115,SP
839f00fffffffff,11,135,SP
83be90fffffffff,11,70,SP
83be96fffffffff,11,90,SP
83a2d4fffffffff,11,55,SI
83a289fffffffff,11,75,SI
839f21fffffffff,11,105,SP
83a6e4fffffffff,11,95,SI
83a758fffffffff,11,93,SI
83ba5afffffffff,11,85,SP
83ba5efffffffff,11,80,SP
8394edfffffffff,11,35,SI
83948cfffffffff,11,45,SI
83aa6efffffffff,11,115,SI
83aa44fffffffff,11,98,SI
83ba9bfffffffff,11,105,SP
839a41fffffffff,11,108,SP
839a0cfffffffff,11,145,SP
83a220fffffffff,11,110,SI
834491fffffffff,11,105,NA
835e6bfffffffff,11,118,NA
833ca6fffffffff,11,25,NI
833d9cfffffffff,11,25,NI
833bb6fffffffff,11,85,NA
8330e4fffffffff,11,65,WP
8330e6fffffffff,11,80,WP
83309bfffffffff,11,70,WP
832e41fffffffff,11,80,WP
835e06fffffffff,11,108,NA
834c15fffffffff,11,128,NA
835edafffffffff,11,130,NA
833a89fffffffff,11,60,NA
832a21fffffffff,11,85,NA
83322cfffffffff,11,70,WP
833b9afffffffff,11,93,NA
833bb3fffffffff,11,120,NA
83226dfffffffff,11,63,WP
833a93fffffffff,11,115,NA
833aaefffffffff,11,120,NA
833a10fffffffff,11,75,NA
838672fffffffff,11,65,SI
834d28fffffffff,11,115,NA
834d2dfffffffff,11,120,NA
83aa83fffffffff,11,50,SI
833a9cfffffffff,11,70,NA
839ee4fffffffff,11,115,SP
839f06fffffffff,11,95,SP
83a235fffffffff,11,61,SI
83af42fffffffff,11,123,SI
83af35fffffffff,11,100,SI
839d03fffffffff,11,135,SP
839c0afffffffff,11,105,SP
83945bfffffffff,11,54,SI
83945afffffffff,11,39,SI
833cc0fffffffff,11,110,NI
832eb4fffffffff,11,60,WP
831ab5fffffffff,11,70,NA
835019fffffffff,11,48,EP
8344d1fffffffff,11,55,NA
8350abfffffffff,11,45,EP
832ac5fffffffff,11,65,NA
834445fffffffff,11,75,NA
832a89fffffffff,11,53,NA
835b8cfffffffff,11,108,WP
83459dfffffffff,11,120,NA
834443fffffffff,11,53,NA
835e6cfffffffff,11,140,NA
834d18fffffffff,11,128,NA
833b88fffffffff,11,105,NA
835664fffffffff,11,55,NA
83575bfffffffff,11,83,NA
832a33fffffffff,11,85,NA
8344e8fffffffff,11,50,NA
834c1bfffffffff,11,120,NA
834ca9fffffffff,11,120,NA
8344e0fffffffff,11,135,NA
8369aefffffffff,11,65,WP
836471fffffffff,11,45,NI
839ee1fffffffff,11,103,SP
83aa13fffffffff,11,60,SI
83aa10fffffffff,11,70,SI
839b05fffffffff,11,113,SP
839e43fffffffff,11,135,SP
83a619fffffffff,11,115,SI
83bd82fffffffff,11,88,SI
83aa41fffffffff,11,113,SI
83af50fffffffff,11,118,SI
834b33fffffffff,11,85,WP
833a90fffffffff,11,100,NA
83865dfffffffff,11,103,SI
835c12fffffffff,11,115,EP
835a14fffffffff,11,80,WP
834fa5fffffffff,11,48,WP
832a02fffffffff,11,92,NA
832b73fffffffff,11,80,NA
834f9afffffffff,11,95,WP
833adbfffffffff,11,110,NA
833a8cfffffffff,11,90,NA
835e76fffffffff,11,60,NA
835e63fffffffff,11,135,NA
836703fffffffff,11,115,NA
83671cfffffffff,11,133,NA
832ef1fffffffff,11,50,WP
832ef0fffffffff,11,53,WP
833a8dfffffffff,11,108,NA
837ed3fffffffff,11,20,WP
8332dbfffffffff,11,55,WP
836d0bfffffffff,11,58,EP
839ea2fffffffff,11,110,SP
83b461fffffffff,11,80,SP
83cb66fffffffff,11,45,SI
839a15fffffffff,11,105,SP
8344a0fffffffff,11,130,NA
8364c6fffffffff,11,100,NI
834299fffffffff,11,128,NI
835b59fffffffff,11,95,WP
835a64fffffffff,11,115,WP
8316d1fffffffff,11,55,WP
832e56fffffffff,11,65,WP
832e54fffffffff,11,63,WP
835c06fffffffff,11,140,EP
835ca4fffffffff,11,115,EP
836d56fffffffff,11,50,EP
833babfffffffff,11,85,NA
833b55fffffffff,11,80,NA
835789fffffffff,11,98,NA
8316a9fffffffff,11,0,WP
832249fffffffff,11,0,WP
835620fffffffff,11,55,NA
833580fffffffff,11,65,NA
83165dfffffffff,11,0,WP
839d0afffffffff,11,105,SP
83ba58fffffffff,11,75,SP
83ba54fffffffff,11,95,SP
831644fffffffff,11,0,WP
831645fffffffff,11,0,WP
835d86fffffffff,11,113,EP
835d09fffffffff,11,105,EP
834480fffffffff,11,115,NA
833ae2fffffffff,11,98,NA
833ab0fffffffff,11,95,NA
834990fffffffff,11,80,NA
834470fffffffff,11,130,NA
8345acfffffffff,11,150,NA
834545fffffffff,11,105,NA
8364f3fffffffff,11,110,NI
833b23fffffffff,11,90,NA
831ae6fffffffff,11,75,NA
833091fffffffff,11,50,WP
833596fffffffff,11,90,NA
832b48fffffffff,11,100,NA
834854fffffffff,11,55,EP
8384e8fffffffff,11,55,SI
83af55fffffffff,11,80,SI
834194fffffffff,11,68,WP
835651fffffffff,11,48,NA
8356e1fffffffff,11,58,NA
83af75fffffffff,11,125,SI
832f98fffffffff,11,53,WP
834d06fffffffff,11,105,NA
832f96fffffffff,11,65,WP
83618dfffffffff,11,60,NI
835a41fffffffff,11,135,WP
834f92fffffffff,11,95,WP
832aa9fffffffff,11,60,NA
839b2afffffffff,11,115,SP
83948afffffffff,11,70,SI
8316c0fffffffff,11,30,WP
83452efffffffff,11,76,NA
8330eafffffffff,11,60,WP
833baafffffffff,11,90,NA
8345a6fffffffff,11,138,NA
832ad2fffffffff,11,50,NA
832b70fffffffff,11,100,NA
8345a5fffffffff,11,155,NA
835675fffffffff,11,65,NA
834cccfffffffff,11,115,NA
836d26fffffffff,11,58,NA
83482bfffffffff,11,80,EP
834528fffffffff,11,53,NA
839b6efffffffff,10,83,SP
839b14fffffffff,10,75,SP
839d0bfffffffff,10,78,SP
839d08fffffffff,10,70,SP
83be9dfffffffff,10,95,SP
83a233fffffffff,10,60,SI
83a2abfffffffff,10,90,SI
83ab96fffffffff,10,90,SI
83ae66fffffffff,10,110,SI
83af5afffffffff,10,80,SI
838d00fffffffff,10,75,SI
839400fffffffff,10,55,SI
839433fffffffff,10,70,SI
83a79cfffffffff,10,77,SI
83ab94fffffffff,10,93,SI
83ab98fffffffff,10,65,SI
83ab99fffffffff,10,50,SI
83aaa4fffffffff,10,65,SI
83aaa6fffffffff,10,50,SI
83ab9afffffffff,10,55,SI
83cb6afffffffff,10,53,SI
839eadfffffffff,10,123,SP
839d10fffffffff,10,80,SP
839e61fffffffff,10,100,SP
8394f1fffffffff,10,35,SI
83a793fffffffff,10,88,SI
83af33fffffffff,10,93,SI
839d06fffffffff,10,100,SP
83a2f3fffffffff,10,63,SI
83a288fffffffff,10,53,SI
83a28efffffffff,10,55,SI
83a2b2fffffffff,10,65,SI
83bcb6fffffffff,10,78,SI
83a21cfffffffff,10,110,SI
83aab4fffffffff,10,55,SI
83aab3fffffffff,10,45,SI
838d6afffffffff,10,125,SI
83a354fffffffff,10,140,SI
839b4afffffffff,10,115,SP
839b0afffffffff,10,120,SP
83b443fffffffff,10,95,SP
837f35fffffffff,10,65,SP
839a6efffffffff,10,40,SP
839a23fffffffff,10,130,SP
839baefffffffff,10,102,SP
839b84fffffffff,10,130,SP
839b6afffffffff,10,120,SP
83ba8afffffffff,10,85,SP
832243fffffffff,10,0,EP
836ef5fffffffff,10,70,EP
8344f4fffffffff,10,58,NA
834468fffffffff,10,85,NA
834c86fffffffff,10,120,NA
834cb3fffffffff,10,118,NA
8316e5fffffffff,10,0,WP
831652fffffffff,10,0,WP
831651fffffffff,10,0,WP
835650fffffffff,10,50,NA
835ea6fffffffff,10,60,NA
836764fffffffff,10,145,NA
834cdafffffffff,10,150,NA
83672dfffffffff,10,155,NA
834580fffffffff,10,125,NA
834550fffffffff,10,123,NA
83455cfffffffff,10,130,NA
83454efffffffff,10,155,NA
834f32fffffffff,10,70,WP
834e91fffffffff,10,95,WP
833276fffffffff,10,55,WP
833203fffffffff,10,48,WP
8357a9fffffffff,10,100,NA
833b6afffffffff,10,90,NA
832a46fffffffff,10,78,NA
832a2cfffffffff,10,80,NA
832a28fffffffff,10,90,NA
832b6bfffffffff,10,90,NA
833b14fffffffff,10,85,NA
831adbfffffffff,10,85,NA
8350a9fffffffff,10,43,EP
834191fffffffff,10,35,WP
832e69fffffffff,10,83,WP
834d45fffffffff,10,125,NA
834d42fffffffff,10,113,NA
834c25fffffffff,10,125,NA
8317b1fffffffff,10,0,WP
833a4cfffffffff,10,80,NA
833b58fffffffff,10,90,NA
835491fffffffff,10,55,NA
835630fffffffff,10,90,NA
833ac1fffffffff,10,130,NA
833af1fffffffff,10,115,NA
831adefffffffff,10,80,NA
8332a8fffffffff,10,25,WP
8367acfffffffff,10,128,NA
83169afffffffff,10,65,WP
835a6efffffffff,10,55,WP
834fa2fffffffff,10,85,WP
836408fffffffff,10,40,NI
836409fffffffff,10,48,NI
83640afffffffff,10,58,NI
8369a4fffffffff,10,75,WP
838c5efffffffff,10,63,SI
8384f4fffffffff,10,60,SI
836795fffffffff,10,130,NA
834421fffffffff,10,105,NA
8360e3fffffffff,10,55,NI
837749fffffffff,10,35,WP
837b25fffffffff,10,130,SI
83a305fffffffff,10,115,SI
8387a2fffffffff,10,55,SI
83878cfffffffff,10,60,SI
833586fffffffff,10,80,NA
839431fffffffff,10,45,SI
839586fffffffff,10,133,SI
838d14fffffffff,10,60,SI
838d11fffffffff,10,55,SI
83cb45fffffffff,10,45,SI
83a2cbfffffffff,10,73,SI
839b49fffffffff,10,130,SP
838d15fffffffff,10,58,SI
839b65fffffffff,10,115,SP
839f4efffffffff,10,65,SP
83beb3fffffffff,10,73,SP
839d80fffffffff,10,80,SP
839c45fffffffff,10,55,SP
839bb1fffffffff,10,130,SP
83a376fffffffff,10,98,SI
83a32bfffffffff,10,115,SI
83a21efffffffff,10,45,SI
83ab93fffffffff,10,70,SI
83cb59fffffffff,10,55,SI
839a31fffffffff,10,140,SP
83b4c1fffffffff,10,80,SP
83896cfffffffff,10,120,SP
839ba6fffffffff,10,90,SP
83b44efffffffff,10,100,SP
83b46bfffffffff,10,88,SP
83baf3fffffffff,10,68,SP
83a6c0fffffffff,10,77,SI
83a618fffffffff,10,109,SI
839d30fffffffff,10,73,SP
839a54fffffffff,10,60,SP
839a1cfffffffff,10,140,SP
839b8efffffffff,10,140,SP
839bb4fffffffff,10,118,SP
83b4edfffffffff,10,115,SP
835b6afffffffff,10,115,WP
835b6bfffffffff,10,115,WP
835a59fffffffff,10,95,WP
83859afffffffff,10,119,SI
83a2dafffffffff,10,50,SI
834c92fffffffff,10,143,NA
834ca3fffffffff,10,120,NA
834568fffffffff,10,70,NA
832aabfffffffff,10,60,NA
83454cfffffffff,10,120,NA
833028fffffffff,10,65,WP
832e13fffffffff,10,60,WP
832e89fffffffff,10,45,WP
835641fffffffff,10,33,NA
834ccafffffffff,10,85,NA
834cd8fffffffff,10,138,NA
835040fffffffff,10,40,EP
83320cfffffffff,10,73,WP
832e95fffffffff,10,0,WP
833b24fffffffff,10,80,NA
83329bfffffffff,10,0,WP
833a24fffffffff,10,103,NA
833b51fffffffff,10,88,NA
834ceefffffffff,10,150,NA
834cf0fffffffff,10,145,NA
834cb0fffffffff,10,118,NA
834d86fffffffff,10,130,NA
832b4bfffffffff,10,100,NA
8335aefffffffff,10,80,NA
834d6cfffffffff,10,125,NA
834d46fffffffff,10,138,NA
834d72fffffffff,10,110,NA
834d35fffffffff,10,128,NA
833b95fffffffff,10,95,NA
833b11fffffffff,10,88,NA
833b1cfffffffff,10,93,NA
8341abfffffffff,10,25,WP
83308cfffffffff,10,75,WP
832e6afffffffff,10,65,WP
835d00fffffffff,10,78,EP
83336afffffffff,10,85,WP
83334cfffffffff,10,78,WP
833228fffffffff,10,65,WP
834806fffffffff,10,110,EP
835edcfffffffff,10,120,NA
83569efffffffff,10,75,NA
835693fffffffff,10,85,NA
835f98fffffffff,10,113,NA
835f99fffffffff,10,115,NA
834c28fffffffff,10,110,NA
834d26fffffffff,10,95,NA
838600fffffffff,10,40,SI
8342d6fffffffff,10,95,NI
833b4dfffffffff,10,80,NA
8334b2fffffffff,10,85,NA
83358cfffffffff,10,73,NA
8387b0fffffffff,10,28,SI
8345a0fffffffff,10,135,NA
83459efffffffff,10,145,NA
834cb1fffffffff,10,120,NA
8384b4fffffffff,10,135,SI
839eacfffffffff,10,115,SP
839f69fffffffff,10,63,SP
83cb5dfffffffff,10,45,SI
839ceafffffffff,10,83,SP
83a612fffffffff,10,125,SI
83a606fffffffff,10,90,SI
839f75fffffffff,10,65,SP
839f29fffffffff,10,125,SP
839b6dfffffffff,10,108,SP
83bac8fffffffff,10,74,SP
83bac5fffffffff,10,65,SP
83a226fffffffff,10,100,SI
83a611fffffffff,10,99,SI
83bc9afffffffff,10,115,SI
83bc93fffffffff,10,118,SI
839ae4fffffffff,10,125,SP
839b1bfffffffff,10,95,SP
83ba94fffffffff,10,53,SP
83af03fffffffff,10,70,SI
83a372fffffffff,10,95,SI
83a308fffffffff,10,88,SI
83bd9cfffffffff,10,90,SI
839f4bfffffffff,10,73,SP
839f41fffffffff,10,63,SP
839f64fffffffff,10,65,SP
838654fffffffff,10,50,SI
838655fffffffff,10,43,SI
83af34fffffffff,10,105,SI
8364d5fffffffff,10,118,NI
836e4cfffffffff,10,45,EP
833cc4fffffffff,10,60,NI
832b29fffffffff,10,70,NA
833256fffffffff,10,95,WP
836d8dfffffffff,10,50,EP
836d88fffffffff,10,55,EP
837935fffffffff,10,105,EP
8342f0fffffffff,10,110,NI
836e51fffffffff,10,70,EP
835a65fffffffff,10,48,WP
836ee0fffffffff,10,48,EP
836e52fffffffff,10,40,EP
835d0bfffffffff,10,75,EP
835c24fffffffff,10,78,EP
835dadfffffffff,10,85,EP
835075fffffffff,10,45,EP
8330f6fffffffff,10,53,WP
832e6efffffffff,10,63,WP
836e4efffffffff,10,55,EP
835132fffffffff,10,45,EP
835c46fffffffff,10,125,EP
835d84fffffffff,10,115,EP
832e4bfffffffff,10,53,WP
831682fffffffff,10,43,WP
8316eafffffffff,10,0,WP
835482fffffffff,10,50,NA
835759fffffffff,10,55,NA
835758fffffffff,10,70,NA
83575efffffffff,10,85,NA
835622fffffffff,10,100,NA
835d71fffffffff,10,80,EP
835d74fffffffff,10,75,EP
8364b4fffffffff,10,20,WP
834c2cfffffffff,10,135,NA
83444cfffffffff,10,70,NA
83444efffffffff,10,55,NA
832ee6fffffffff,10,58,WP
832eb3fffffffff,10,0,WP
833361fffffffff,10,105,WP
83336cfffffffff,10,90,WP
834da9fffffffff,10,125,NA
835b5dfffffffff,10,28,WP
835b4afffffffff,10,108,WP
837f26fffffffff,10,83,SP
839f80fffffffff,10,138,SP
839fa1fffffffff,10,120,SP
837171fffffffff,10,125,EP
8346cbfffffffff,10,80,EP
835b2bfffffffff,10,45,WP
835b70fffffffff,10,53,WP
83aa1cfffffffff,10,78,SI
839d94fffffffff,10,90,SP
839f90fffffffff,10,48,SP
839d02fffffffff,10,135,SP
839b5cfffffffff,10,145,SP
839b5efffffffff,10,90,SP
833c86fffffffff,10,30,NI
838601fffffffff,10,45,SI
835d75fffffffff,10,75,EP
835663fffffffff,10,50,NA
832e66fffffffff,10,75,WP
83334efffffffff,10,75,WP
83442dfffffffff,10,125,NA
8330e3fffffffff,10,55,WP
835ba2fffffffff,10,100,EP
833d83fffffffff,10,25,NI
835092fffffffff,10,50,EP
833281fffffffff,10,33,WP
833291fffffffff,10,0,WP
83226cfffffffff,10,40,WP
835d83fffffffff,10,143,EP
835d95fffffffff,10,140,EP
833c90fffffffff,10,93,NI
8373a0fffffffff,10,25,WP
83659afffffffff,10,20,WP
835c1dfffffffff,10,70,EP
835c18fffffffff,10,40,EP
836d8afffffffff,10,40,EP
83725dfffffffff,10,50,WP
8384a9fffffffff,10,60,SI
8384a6fffffffff,10,75,SI
839c30fffffffff,10,85,SP
839f04fffffffff,10,128,SP
838d0cfffffffff,10,105,SI
838d40fffffffff,10,118,SI
83a2d1fffffffff,10,75,SI
83ab89fffffffff,10,70,SI
83bc91fffffffff,10,115,SI
83a75afffffffff,10,95,SI
839c1afffffffff,10,40,SP
83aa69fffffffff,10,95,SI
83aa52fffffffff,10,83,SI
839c4efffffffff,10,105,SP
833243fffffffff,10,75,WP
8332e5fffffffff,10,50,WP
83308afffffffff,10,65,WP
833081fffffffff,10,63,WP
832eb6fffffffff,10,55,WP
831683fffffffff,10,55,WP
837254fffffffff,10,90,WP
8330e2fffffffff,10,63,WP
835c19fffffffff,10,40,EP
835d9afffffffff,10,115,EP
83716efffffffff,10,115,EP
831a09fffffffff,10,73,NA
83501afffffffff,10,45,EP
834c2afffffffff,10,105,NA
833af6fffffffff,10,95,NA
832b55fffffffff,10,75,NA
832b09fffffffff,10,85,NA
83330bfffffffff,10,100,WP
832b6afffffffff,10,88,NA
83320bfffffffff,10,95,WP
831a90fffffffff,10,78,NA
833b35fffffffff,10,80,NA
831ae8fffffffff,10,63,NA
833ab3fffffffff,10,110,NA
833a15fffffffff,10,103,NA
833a26fffffffff,10,105,NA
834ce0fffffffff,10,115,NA
839a70fffffffff,10,68,SP
839ef6fffffffff,10,75,SP
839a0efffffffff,10,130,SP
839a01fffffffff,10,133,SP
839a20fffffffff,10,125,SP
839b46fffffffff,10,110,SP
83b449fffffffff,10,105,SP
83a6d1fffffffff,10,78,SI
83af30fffffffff,10,90,SI
839d8efffffffff,10,82,SP
8342f1fffffffff,10,55,NI
835009fffffffff,10,60,EP
832b52fffffffff,10,73,NA
83501efffffffff,10,55,EP
83501cfffffffff,10,58,EP
8316b6fffffffff,10,0,WP
8332c1fffffffff,10,58,WP
834434fffffffff,10,110,NA
832a8dfffffffff,10,65,NA
832a1cfffffffff,10,95,NA
8330aefffffffff,10,50,WP
832e70fffffffff,10,60,WP
833a41fffffffff,10,75,NA
835e74fffffffff,10,115,NA
835e75fffffffff,10,119,NA
835e66fffffffff,10,110,NA
835e62fffffffff,10,130,NA
835e61fffffffff,10,93,NA
836762fffffffff,10,130,NA
836770fffffffff,10,140,NA
834c35fffffffff,10,70,NA
83449efffffffff,10,105,NA
832ad9fffffffff,10,100,NA
832ac1fffffffff,10,98,NA
834caefffffffff,10,120,NA
834d93fffffffff,10,123,NA
8344f3fffffffff,10,45,NA
8364e2fffffffff,10,103,NI
835cb4fffffffff,10,40,EP
834444fffffffff,10,120,NA
8344c6fffffffff,10,58,NA
8369a3fffffffff,10,60,WP
8369a8fffffffff,10,75,WP
836446fffffffff,10,45,NI
83a314fffffffff,10,95,SI
83aa40fffffffff,10,103,SI
839c21fffffffff,10,110,SP
83aa1bfffffffff,10,60,SI
83a6d3fffffffff,10,118,SI
83af04fffffffff,10,85,SI
839d91fffffffff,10,58,SP
83af56fffffffff,10,113,SI
834460fffffffff,10,130,NA
836e5efffffffff,10,125,EP
834f99fffffffff,10,138,WP
834ea6fffffffff,10,125,WP
83334dfffffffff,10,55,WP
83335afffffffff,10,68,WP
834576fffffffff,10,75,NA
835e14fffffffff,10,110,NA
835e6dfffffffff,10,143,NA
833ad1fffffffff,10,118,NA
833a01fffffffff,10,100,NA
835b49fffffffff,10,68,WP
83480cfffffffff,10,85,EP
837ed8fffffffff,10,28,WP
8373a9fffffffff,10,35,WP
836019fffffffff,10,55,NI
833b9bfffffffff,10,115,NA
839eb5fffffffff,10,85,SP
839fb2fffffffff,10,55,SP
83aa36fffffffff,10,65,SI
8394ccfffffffff,10,30,SI
83a6abfffffffff,10,115,SI
839a03fffffffff,10,125,SP
8344b1fffffffff,10,130,NA
838633fffffffff,10,65,SI
835b72fffffffff,10,43,WP
835b5cfffffffff,10,45,WP
83165bfffffffff,10,55,WP
835c75fffffffff,10,120,EP
832acafffffffff,10,100,NA
834d92fffffffff,10,125,NA
833b8cfffffffff,10,98,NA
831a44fffffffff,10,70,NA
83445cfffffffff,10,45,NA
8316aefffffffff,10,0,WP
835b4cfffffffff,10,63,WP
836794fffffffff,10,113,NA
835621fffffffff,10,50,NA
835645fffffffff,10,55,NA
834cd6fffffffff,10,95,NA
833225fffffffff,10,98,WP
831642fffffffff,10,0,WP
832ea4fffffffff,10,58,WP
833d93fffffffff,10,27,NI
839d90fffffffff,10,68,SP
83a2d9fffffffff,10,55,SI
838c51fffffffff,10,65,SI
83ba09fffffffff,10,80,SP
83a364fffffffff,10,115,SI
832b00fffffffff,10,65,NA
833354fffffffff,10,95,WP
836702fffffffff,10,125,NA
83336dfffffffff,10,100,WP
834570fffffffff,10,75,NA
834800fffffffff,10,65,EP
83672cfffffffff,10,103,NA
834509fffffffff,10,115,NA
834554fffffffff,10,145,NA
834eb5fffffffff,10,110,WP
838632fffffffff,10,65,SI
83ba43fffffffff,10,65,SP
839a00fffffffff,10,140,SP
83aa11fffffffff,10,110,SI
83aa71fffffffff,10,105,SI
839f0dfffffffff,10,135,SP
838d4efffffffff,10,110,SI
83a6e0fffffffff,10,90,SI
8330e0fffffffff,10,73,WP
831641fffffffff,10,0,WP
832b76fffffffff,10,70,NA
833c91fffffffff,10,90,NI
833a29fffffffff,10,110,NA
832349fffffffff,10,60,EP
833a64fffffffff,10,98,NA
835ec8fffffffff,10,125,NA
833a92fffffffff,10,120,NA
834c18fffffffff,10,115,NA
8330f4fffffffff,10,50,WP
835f8bfffffffff,10,110,NA
836513fffffffff,10,50,WP
83bd86fffffffff,10,55,SI
83aa48fffffffff,10,80,SI
83b46dfffffffff,10,90,SP
83cb4bfffffffff,10,55,SI
838d0dfffffffff,10,95,SI
839b23fffffffff,10,78,SP
83358dfffffffff,10,65,NA
83450cfffffffff,10,110,NA
83450dfffffffff,10,75,NA
834572fffffffff,10,50,NA
835c0bfffffffff,10,35,EP
837144fffffffff,10,120,EP
837170fffffffff,10,123,EP
835652fffffffff,10,50,NA
8356e0fffffffff,10,68,NA
833a44fffffffff,10,68,NA
832b08fffffffff,10,80,NA
83864afffffffff,10,105,SI
834c24fffffffff,10,125,NA
8356f5fffffffff,10,50,NA
833436fffffffff,10,70,NA
831a96fffffffff,10,95,NA
832b61fffffffff,10,73,NA
839a14fffffffff,10,93,SP
83ba08fffffffff,10,65,SP
835c03fffffffff,10,135,EP
8330e8fffffffff,10,65,WP
833b10fffffffff,10,110,NA
835063fffffffff,10,75,EP
834876fffffffff,10,86,EP
834809fffffffff,10,63,EP
831a81fffffffff,10,80,NA
839732fffffffff,10,75,SI
83418cfffffffff,10,40,WP
8316e0fffffffff,10,55,WP
831addfffffffff,10,90,NA
834c9efffffffff,10,115,NA
834599fffffffff,10,80,NA
83450efffffffff,10,100,NA
834508fffffffff,10,92,NA
83450bfffffffff,10,110,NA
83ba4efffffffff,10,70,SP
83549efffffffff,10,50,NA
83566cfffffffff,10,43,NA
832b74fffffffff,10,70,NA
834d83fffffffff,10,125,NA
8316d5fffffffff,10,55,WP
832a06fffffffff,10,55,NA
8367a5fffffffff,10,110,NA
833b80fffffffff,10,100,NA
834875fffffffff,10,80,EP
835cb5fffffffff,10,35,EP
83af71fffffffff,10,125,SI
8335a1fffffffff,10,55,NA
831a52fffffffff,10,70,NA
83a6a1fffffffff,10,115,SI
836701fffffffff,10,130,NA
833ac3fffffffff,10,100,NA
8357b3fffffffff,10,110,NA
831ad8fffffffff,10,75,NA
839b0dfffffffff,9,90,SP
839b15fffffffff,9,100,SP
83a210fffffffff,9,65,SI
83abb6fffffffff,9,80,SI
83aaa1fffffffff,9,50,SI
83cb68fffffffff,9,65,SI
83cb4efffffffff,9,45,SI
83be93fffffffff,9,68,SP
8394f0fffffffff,9,28,SI
83af15fffffffff,9,90,SI
83af10fffffffff,9,65,SI
83bbadfffffffff,9,70,SP
83a2ecfffffffff,9,75,SI
83a283fffffffff,9,60,SI
83a2a9fffffffff,9,43,SI
83cb2efffffffff,9,58,SI
83cb2afffffffff,9,64,SI
83946efffffffff,9,25,SI
83ae75fffffffff,9,105,SI
8365b0fffffffff,9,35,WP
839b11fffffffff,9,55,SP
839b10fffffffff,9,95,SP
83b44afffffffff,9,105,SP
83b45dfffffffff,9,70,SP
83b428fffffffff,9,50,SP
839a62fffffffff,9,115,SP
839a75fffffffff,9,85,SP
839a74fffffffff,9,105,SP
839a26fffffffff,9,120,SP
839ba3fffffffff,9,130,SP
83944bfffffffff,9,125,SP
83badcfffffffff,9,98,SP
83ba98fffffffff,9,80,SP
83ba93fffffffff,9,50,SP
83b466fffffffff,9,75,SP
835ae0fffffffff,9,135,WP
836496fffffffff,9,20,WP
83164efffffffff,9,0,WP
835091fffffffff,9,65,EP
835682fffffffff,9,45,NA
835f9bfffffffff,9,58,NA
835ea5fffffffff,9,63,NA
836736fffffffff,9,115,NA
834425fffffffff,9,155,NA
83454dfffffffff,9,140,NA
835a42fffffffff,9,125,WP
833416fffffffff,9,90,NA
833414fffffffff,9,85,NA
835636fffffffff,9,93,NA
833a61fffffffff,9,70,NA
833a65fffffffff,9,65,NA
831b5bfffffffff,9,73,NA
833b29fffffffff,9,90,NA
835ec3fffffffff,9,125,NA
835ecefffffffff,9,125,NA
834d62fffffffff,9,130,NA
834c26fffffffff,9,123,NA
834d85fffffffff,9,115,NA
834d84fffffffff,9,115,NA
837716fffffffff,9,55,WP
833b5cfffffffff,9,105,NA
831ac8fffffffff,9,73,NA
831accfffffffff,9,85,NA
835662fffffffff,9,80,NA
835670fffffffff,9,100,NA
835780fffffffff,9,98,NA
833b52fffffffff,9,88,NA
831af1fffffffff,9,70,NA
831a66fffffffff,9,65,NA
83506dfffffffff,9,75,EP
835d65fffffffff,9,80,EP
8336dbfffffffff,9,95,EP
8367a1fffffffff,9,60,NA
8367b2fffffffff,9,60,NA
83452afffffffff,9,70,NA
83165afffffffff,9,0,WP
831a5bfffffffff,9,73,NA
831a5dfffffffff,9,70,NA
834fa8fffffffff,9,60,WP
83640dfffffffff,9,40,NI
836110fffffffff,9,60,NI
83611efffffffff,9,60,NI
834531fffffffff,9,85,NA
838c53fffffffff,9,65,SI
8365b5fffffffff,9,55,WP
8360e4fffffffff,9,60,NI
8360c1fffffffff,9,80,NI
8342d1fffffffff,9,83,NI
834436fffffffff,9,135,NA
835b65fffffffff,9,35,WP
833352fffffffff,9,75,WP
833220fffffffff,9,93,WP
833226fffffffff,9,70,WP
83a328fffffffff,9,120,SI
83878dfffffffff,9,65,SI
836455fffffffff,9,40,NI
839430fffffffff,9,50,SI
839436fffffffff,9,50,SI
839584fffffffff,9,75,SI
838d6efffffffff,9,115,SI
838c23fffffffff,9,50,SI
83942bfffffffff,9,30,SI
839404fffffffff,9,38,SI
8395aafffffffff,9,65,SI
8395b1fffffffff,9,80,SI
838d64fffffffff,9,90,SI
83a6c9fffffffff,9,115,SI
83ae4dfffffffff,9,58,SI
83cb21fffffffff,9,55,SI
83cb75fffffffff,9,51,SI
83cb71fffffffff,9,51,SI
83ca65fffffffff,9,55,SI
839fb6fffffffff,9,100,SP
83a6a8fffffffff,9,98,SI
83a61cfffffffff,9,95,SI
83cb26fffffffff,9,65,SI
83cb22fffffffff,9,74,SI
839f4dfffffffff,9,75,SP
839ba1fffffffff,9,130,SP
83a3a9fffffffff,9,65,SI
839b8dfffffffff,9,100,SP
839b80fffffffff,9,128,SP
83b4cdfffffffff,9,125,SP
83b4ccfffffffff,9,125,SP
83b4e3fffffffff,9,110,SP
83b546fffffffff,9,40,SP
839a1efffffffff,9,58,SP
839b9afffffffff,9,115,SP
83b469fffffffff,9,73,SP
83ba9afffffffff,9,88,SP
83a6f5fffffffff,9,80,SI
83a7aafffffffff,9,63,SI
839f5efffffffff,9,125,SP
839f61fffffffff,9,80,SP
839a42fffffffff,9,105,SP
83aa12fffffffff,9,70,SI
83aa8dfffffffff,9,52,SI
83b4c0fffffffff,9,93,SP
835b6efffffffff,9,35,WP
835b4dfffffffff,9,113,WP
83774dfffffffff,9,108,WP
835aebfffffffff,9,135,WP
833300fffffffff,9,100,WP
83a740fffffffff,9,83,SI
83a775fffffffff,9,65,SI
83762dfffffffff,9,35,WP
834584fffffffff,9,118,NA
8344a1fffffffff,9,145,NA
8330b0fffffffff,9,20,WP
834542fffffffff,9,88,NA
8348b5fffffffff,9,70,NA
83302bfffffffff,9,73,WP
833344fffffffff,9,93,WP
835642fffffffff,9,40,NA
836732fffffffff,9,135,NA
834416fffffffff,9,115,NA
835041fffffffff,9,53,EP
83334bfffffffff,9,83,WP
833274fffffffff,9,70,WP
83160afffffffff,9,0,WP
832e08fffffffff,9,55,WP
8316acfffffffff,9,0,WP
8316adfffffffff,9,0,WP
8348b4fffffffff,9,111,NA
831a98fffffffff,9,80,NA
834f9cfffffffff,9,115,WP
834cecfffffffff,9,115,NA
834c19fffffffff,9,110,NA
834da1fffffffff,9,100,NA
832a6bfffffffff,9,60,NA
833b50fffffffff,9,80,NA
8335a3fffffffff,9,75,NA
835e42fffffffff,9,145,NA
834c80fffffffff,9,105,NA
832a40fffffffff,9,95,NA
831acbfffffffff,9,90,NA
836791fffffffff,9,95,NA
834d63fffffffff,9,133,NA
834d44fffffffff,9,133,NA
834d09fffffffff,9,105,NA
833b92fffffffff,9,125,NA
833b90fffffffff,9,103,NA
833b12fffffffff,9,110,NA
83359cfffffffff,9,85,NA
833583fffffffff,9,85,NA
8330f2fffffffff,9,93,WP
832e74fffffffff,9,60,WP
832ea2fffffffff,9,60,WP
832e93fffffffff,9,0,WP
835d06fffffffff,9,73,EP
835d32fffffffff,9,65,EP
833212fffffffff,9,60,WP
8332b5fffffffff,9,60,WP
8332b4fffffffff,9,0,WP
833a9afffffffff,9,105,NA
833a82fffffffff,9,103,NA
8316b3fffffffff,9,40,WP
835692fffffffff,9,98,NA
835f9efffffffff,9,110,NA
835e4bfffffffff,9,120,NA
833b93fffffffff,9,95,NA
83480efffffffff,9,76,EP
83860efffffffff,9,45,SI
833ae1fffffffff,9,65,NA
833b5bfffffffff,9,75,NA
8387b2fffffffff,9,25,SI
834c96fffffffff,9,108,NA
834d1dfffffffff,9,115,NA
832a24fffffffff,9,68,NA
83a306fffffffff,9,119,SI
839eb0fffffffff,9,85,SP
839ea3fffffffff,9,95,SP
839f43fffffffff,9,90,SP
839f4cfffffffff,9,75,SP
838c21fffffffff,9,40,SI
838c60fffffffff,9,125,SI
83cb62fffffffff,9,50,SI
838d03fffffffff,9,75,SI
839483fffffffff,9,119,SI
839f6efffffffff,9,63,SP
839f23fffffffff,9,80,SP
83bae3fffffffff,9,55,SP
83bae0fffffffff,9,45,SP
83ba0efffffffff,9,35,SP
83948efffffffff,9,90,SI
83a78bfffffffff,9,113,SI
83a31afffffffff,9,70,SI
838d02fffffffff,9,75,SI
83a68cfffffffff,9,75,SI
83a602fffffffff,9,92,SI
83a631fffffffff,9,74,SI
839a12fffffffff,9,90,SP
839b25fffffffff,9,78,SP
83b54efffffffff,9,60,SP
83680dfffffffff,9,38,WP
83af00fffffffff,9,115,SI
83a31dfffffffff,9,80,SI
839c0cfffffffff,9,45,SP
839c2afffffffff,9,40,SP
838609fffffffff,9,43,SI
83af36fffffffff,9,90,SI
83afa1fffffffff,9,65,SI
839ecefffffffff,9,60,SP
836d01fffffffff,9,45,EP
832b0bfffffffff,9,80,NA
832b0dfffffffff,9,80,NA
835c6bfffffffff,9,130,EP
8342f2fffffffff,9,110,NI
835a61fffffffff,9,55,WP
835a6cfffffffff,9,48,WP
832e18fffffffff,9,40,WP
835d18fffffffff,9,65,EP
832e59fffffffff,9,35,WP
83512efffffffff,9,78,EP
835d9dfffffffff,9,48,EP
835d9cfffffffff,9,43,EP
83512dfffffffff,9,88,EP
837934fffffffff,9,60,EP
835d85fffffffff,9,103,EP
83314dfffffffff,9,50,WP
831680fffffffff,9,40,WP
831681fffffffff,9,0,WP
83168cfffffffff,9,55,WP
835495fffffffff,9,35,NA
835496fffffffff,9,40,NA
833adefffffffff,9,110,NA
835ed2fffffffff,9,100,NA
837101fffffffff,9,105,EP
835d70fffffffff,9,93,EP
832eaafffffffff,9,60,WP
835ee9fffffffff,9,80,NA
834d6afffffffff,9,120,NA
834d5cfffffffff,9,98,NA
834d81fffffffff,9,120,NA
831a02fffffffff,9,80,NA
834d9cfffffffff,9,95,NA
833233fffffffff,9,55,WP
833c92fffffffff,9,37,NI
8360a4fffffffff,9,90,NI
836e83fffffffff,9,48,EP
8360dcfffffffff,9,120,NI
8360d3fffffffff,9,95,NI
837165fffffffff,9,80,EP
835d96fffffffff,9,58,EP
835b44fffffffff,9,58,WP
835b40fffffffff,9,63,WP
835b48fffffffff,9,73,WP
836449fffffffff,9,48,NI
838924fffffffff,9,115,SP
8384a0fffffffff,9,75,SI
8384a8fffffffff,9,120,SI
83aaf4fffffffff,9,88,SI
83aaf3fffffffff,9,39,SI
83aac2fffffffff,9,78,SI
838d16fffffffff,9,50,SI
83a796fffffffff,9,70,SI
839fb1fffffffff,9,140,SP
839f14fffffffff,9,130,SP
839b4efffffffff,9,115,SP
839ecbfffffffff,9,73,SP
83bac2fffffffff,9,63,SP
83bad4fffffffff,9,80,SP
83ba95fffffffff,9,65,SP
839a6cfffffffff,9,43,SP
83b448fffffffff,9,100,SP
835d2bfffffffff,9,90,EP
835d2afffffffff,9,90,EP
835609fffffffff,9,55,NA
834861fffffffff,9,40,EP
834474fffffffff,9,125,NA
83446dfffffffff,9,60,NA
833224fffffffff,9,78,WP
835a28fffffffff,9,63,WP
835a71fffffffff,9,43,WP
835b85fffffffff,9,108,WP
835081fffffffff,9,28,EP
833b33fffffffff,9,85,NA
833b20fffffffff,9,70,NA
83486cfffffffff,9,38,EP
835da9fffffffff,9,100,EP
835093fffffffff,9,40,EP
8364d6fffffffff,9,125,NI
837243fffffffff,9,25,WP
83af0afffffffff,9,65,SI
835b75fffffffff,9,75,WP
837664fffffffff,9,35,WP
8364ecfffffffff,9,115,NI
839429fffffffff,9,35,SI
839428fffffffff,9,35,SI
83a2eafffffffff,9,88,SI
83bc95fffffffff,9,84,SI
83a6f0fffffffff,9,100,SI
839f20fffffffff,9,115,SP
83aab1fffffffff,9,50,SI
83aa68fffffffff,9,70,SI
83aaecfffffffff,9,75,SI
839b20fffffffff,9,68,SP
83ba90fffffffff,9,58,SP
839ce6fffffffff,9,35,SP
839ce0fffffffff,9,40,SP
839c4cfffffffff,9,82,SP
83a319fffffffff,9,83,SI
83a224fffffffff,9,70,SI
832e72fffffffff,9,45,WP
834075fffffffff,9,30,WP
834f86fffffffff,9,85,WP
833296fffffffff,9,0,WP
835e6afffffffff,9,110,NA
836729fffffffff,9,85,NA
833085fffffffff,9,70,WP
833016fffffffff,9,35,WP
833d95fffffffff,9,25,NI
835cacfffffffff,9,45,EP
831a0afffffffff,9,68,NA
831a72fffffffff,9,65,NA
8330aafffffffff,9,73,WP
8330a8fffffffff,9,60,WP
835123fffffffff,9,70,EP
835f88fffffffff,9,70,NA
835e32fffffffff,9,85,NA
835e33fffffffff,9,100,NA
834c00fffffffff,9,140,NA
833a19fffffffff,9,90,NA
833a0afffffffff,9,90,NA
834866fffffffff,9,75,EP
8332b0fffffffff,9,55,WP
8344b5fffffffff,9,120,NA
83775bfffffffff,9,35,WP
833a85fffffffff,9,75,NA
833a12fffffffff,9,75,NA
833a94fffffffff,9,100,NA
833a84fffffffff,9,73,NA
836008fffffffff,9,35,NI
833a1efffffffff,9,75,NA
833aa8fffffffff,9,83,NA
833a81fffffffff,9,90,NA
839f68fffffffff,9,65,SP
839bb5fffffffff,9,125,SP
839b22fffffffff,9,80,SP
839f19fffffffff,9,115,SP
83b4c8fffffffff,9,58,SP
83bab1fffffffff,9,65,SP
839c1dfffffffff,9,119,SP
83af5dfffffffff,9,50,SI
83af46fffffffff,9,60,SI
83af73fffffffff,9,90,SI
839d1dfffffffff,9,130,SP
83bac3fffffffff,9,90,SP
836e93fffffffff,9,50,EP
83500afffffffff,9,40,EP
83314bfffffffff,9,58,WP
8316d3fffffffff,9,50,WP
83301bfffffffff,9,55,WP
833b6dfffffffff,9,78,NA
834441fffffffff,9,50,NA
83445bfffffffff,9,43,NA
8344cafffffffff,9,45,NA
8346dcfffffffff,9,100,EP
834592fffffffff,9,100,NA
835d6efffffffff,9,95,EP
833a48fffffffff,9,88,NA
836761fffffffff,9,120,NA
83486dfffffffff,9,38,EP
833a2cfffffffff,9,58,NA
834493fffffffff,9,100,NA
832ee0fffffffff,9,55,WP
8364b0fffffffff,9,35,WP
8364e6fffffffff,9,45,NI
834440fffffffff,9,73,NA
8344ecfffffffff,9,65,NA
8344ebfffffffff,9,53,NA
834c91fffffffff,9,138,NA
8369b3fffffffff,9,30,WP
83aa5cfffffffff,9,85,SI
83ab8dfffffffff,9,60,SI
83ab9dfffffffff,9,45,SI
83aaadfffffffff,9,57,SI
83aa15fffffffff,9,113,SI
83b4cefffffffff,9,90,SP
83a2ebfffffffff,9,60,SI
839d92fffffffff,9,35,SP
839d93fffffffff,9,50,SP
83af0dfffffffff,9,80,SI
83411bfffffffff,9,35,WP
835da8fffffffff,9,100,EP
834d2bfffffffff,9,130,NA
835c1efffffffff,9,100,EP
838651fffffffff,9,35,SI
83865cfffffffff,9,60,SI
835a1dfffffffff,9,70,WP
835ae1fffffffff,9,100,WP
835aeefffffffff,9,135,WP
8330e1fffffffff,9,65,WP
834500fffffffff,9,120,NA
833ad4fffffffff,9,60,NA
833aa5fffffffff,9,113,NA
831af3fffffffff,9,75,NA
83328cfffffffff,9,45,WP
837edefffffffff,9,23,WP
835b53fffffffff,9,78,WP
83724bfffffffff,9,55,WP
836052fffffffff,9,50,NI
834d54fffffffff,9,138,NA
834d56fffffffff,9,130,NA
833ab4fffffffff,9,90,NA
837edbfffffffff,9,55,WP
835b45fffffffff,9,108,WP
83b4c4fffffffff,9,78,SP
838658fffffffff,9,98,SI
83b45efffffffff,9,93,SP
83b46cfffffffff,9,73,SP
83aa9bfffffffff,9,55,SI
83aa2bfffffffff,9,75,SI
8384e9fffffffff,9,35,SI
834cadfffffffff,9,115,NA
834c1efffffffff,9,113,NA
834c16fffffffff,9,118,NA
834cb6fffffffff,9,148,NA
835b51fffffffff,9,45,WP
831a55fffffffff,9,70,NA
833ad2fffffffff,9,125,NA
835a75fffffffff,9,60,WP
835a62fffffffff,9,65,WP
834f13fffffffff,9,140,WP
8316e6fffffffff,9,63,WP
835626fffffffff,9,45,NA
83571bfffffffff,9,80,NA
833a6cfffffffff,9,75,NA
835668fffffffff,9,48,NA
835e05fffffffff,9,113,NA
834c8efffffffff,9,110,NA
834d9dfffffffff,9,118,NA
834f12fffffffff,9,110,WP
832e12fffffffff,9,60,WP
836716fffffffff,9,155,NA
8345aafffffffff,9,110,NA
8360e2fffffffff,9,63,NI
83ba4bfffffffff,9,75,SP
839f70fffffffff,9,80,SP
83ba0dfffffffff,9,73,SP
8384f1fffffffff,9,40,SI
836d08fffffffff,9,45,EP
835db2fffffffff,9,110,EP
835d08fffffffff,9,90,EP
835d0afffffffff,9,80,EP
832f9afffffffff,9,55,WP
832b19fffffffff,9,65,NA
832b22fffffffff,9,75,NA
8357a5fffffffff,9,90,NA
833a5afffffffff,9,75,NA
833aedfffffffff,9,130,NA
833aecfffffffff,9,70,NA
834cc0fffffffff,9,100,NA
834991fffffffff,9,65,NA
8349aefffffffff,9,95,EP
833b60fffffffff,9,80,NA
832245fffffffff,9,55,EP
834546fffffffff,9,135,NA
834544fffffffff,9,105,NA
833adcfffffffff,9,113,NA
835073fffffffff,9,45,EP
835f93fffffffff,9,53,NA
8387b4fffffffff,9,55,SI
834519fffffffff,9,85,NA
8344a9fffffffff,9,75,NA
83ba5dfffffffff,9,115,SP
83ba49fffffffff,9,55,SP
839a06fffffffff,9,118,SP
839a33fffffffff,9,60,SP
83a6c1fffffffff,9,83,SI
839ef1fffffffff,9,75,SP
839c16fffffffff,9,83,SP
839d83fffffffff,9,75,SP
833ca9fffffffff,9,33,NI
833090fffffffff,9,40,WP
832e0dfffffffff,9,80,WP
834d1cfffffffff,9,110,NA
831ab0fffffffff,9,80,NA
835625fffffffff,9,118,NA
833a71fffffffff,9,90,NA
833b53fffffffff,9,85,NA
831a64fffffffff,9,63,NA
832e81fffffffff,9,0,WP
831659fffffffff,9,0,WP
835481fffffffff,9,50,NA
8384e5fffffffff,9,35,SI
834540fffffffff,9,80,NA
839c29fffffffff,9,63,SP
83bdb1fffffffff,9,85,SI
8387b3fffffffff,9,28,SI
83aa6afffffffff,9,58,SI
839c24fffffffff,9,53,SP
835635fffffffff,9,100,NA
835c0afffffffff,9,55,EP
837176fffffffff,9,130,EP
833148fffffffff,9,55,WP
831af4fffffffff,9,70,NA
835653fffffffff,9,45,NA
833a2efffffffff,9,80,NA
831ad4fffffffff,9,75,NA
833a62fffffffff,9,88,NA
836591fffffffff,9,30,WP
834d1efffffffff,9,90,NA
836476fffffffff,9,30,NI
83aa4cfffffffff,9,65,SI
83baebfffffffff,9,100,SP
834f84fffffffff,9,90,WP
834d33fffffffff,9,85,NA
833ba2fffffffff,9,105,NA
835b56fffffffff,9,55,WP
835b50fffffffff,9,70,WP
83a333fffffffff,9,117,SI
839a76fffffffff,9,100,SP
83beb6fffffffff,9,60,SP
83ba46fffffffff,9,80,SP
83ba72fffffffff,9,75,SP
839463fffffffff,9,25,SI
834eb4fffffffff,9,108,WP
8344e9fffffffff,9,30,NA
8316e8fffffffff,9,50,WP
83501dfffffffff,9,48,EP
832aadfffffffff,9,61,NA
8357b6fffffffff,9,105,NA
834d90fffffffff,9,95,NA
83429cfffffffff,9,130,NI
831a68fffffffff,9,65,NA
83651afffffffff,9,55,WP
8369a6fffffffff,9,55,WP
83a6d8fffffffff,9,130,SI
835f8afffffffff,9,113,NA
83480dfffffffff,9,70,EP
83166efffffffff,9,0,WP
83165efffffffff,9,30,WP
8344eafffffffff,9,25,NA
835131fffffffff,9,60,EP
8344e3fffffffff,9,80,NA
833aa9fffffffff,9,80,NA
834598fffffffff,9,145,NA
839462fffffffff,9,35,SI
833a16fffffffff,9,95,NA
839715fffffffff,9,100,SI
839d0efffffffff,9,110,SP
831aa5fffffffff,9,75,NA
832e0cfffffffff,9,60,WP
8316c6fffffffff,9,55,WP
834c05fffffffff,9,138,NA
8367a4fffffffff,9,120,NA
83af4cfffffffff,9,115,SI
83b460fffffffff,9,75,SP
8344edfffffffff,9,60,NA
833222fffffffff,9,65,WP
8394ebfffffffff,9,35,SI
832e0efffffffff,9,68,WP
833cb3fffffffff,9,63,NI
83aa33fffffffff,9,65,SI
839b2efffffffff,9,75,SP
833af3fffffffff,9,103,NA
8367a0fffffffff,9,63,NA
8316f3fffffffff,9,0,WP
834863fffffffff,9,43,EP
835752fffffffff,9,120,NA
83452dfffffffff,9,38,NA
83a798fffffffff,8,100,SI
83a79dfffffffff,8,98,SI
83a2acfffffffff,8,40,SI
83a2aafffffffff,8,75,SI
83cb46fffffffff,8,48,SI
83ae65fffffffff,8,90,SI
83a6e3fffffffff,8,95,SI
83ab91fffffffff,8,65,SI
83ab9bfffffffff,8,60,SI
83aaaefffffffff,8,45,SI
83cb69fffffffff,8,40,SI
83cb4afffffffff,8,55,SI
83be92fffffffff,8,88,SP
83afaefffffffff,8,85,SI
83a291fffffffff,8,99,SI
83cb20fffffffff,8,51,SI
83ab80fffffffff,8,70,SI
83aab0fffffffff,8,55,SI
83aa95fffffffff,8,60,SI
839f66fffffffff,8,65,SP
83ba45fffffffff,8,50,SP
839ccdfffffffff,8,50,SP
83af4bfffffffff,8,110,SI
83b426fffffffff,8,50,SP
839a63fffffffff,8,115,SP
839a28fffffffff,8,60,SP
839a2efffffffff,8,140,SP
839ba9fffffffff,8,90,SP
83bad8fffffffff,8,73,SP
83bad1fffffffff,8,95,SP
83b465fffffffff,8,50,SP
83b429fffffffff,8,60,SP
835aa5fffffffff,8,140,WP
832f93fffffffff,8,40,WP
83169dfffffffff,8,63,WP
834066fffffffff,8,45,WP
83161dfffffffff,8,0,WP
8316e4fffffffff,8,0,WP
83165cfffffffff,8,30,WP
831643fffffffff,8,30,WP
8356e5fffffffff,8,60,NA
83568cfffffffff,8,38,NA
835683fffffffff,8,43,NA
836728fffffffff,8,153,NA
83672efffffffff,8,150,NA
836730fffffffff,8,115,NA
834586fffffffff,8,125,NA
8345a8fffffffff,8,140,NA
83451afffffffff,8,155,NA
8348b3fffffffff,8,100,NA
833295fffffffff,8,40,WP
835746fffffffff,8,80,NA
833491fffffffff,8,78,NA
8357a8fffffffff,8,95,NA
833a4dfffffffff,8,85,NA
834d52fffffffff,8,135,NA
835711fffffffff,8,95,NA
831acafffffffff,8,68,NA
831884fffffffff,8,60,NA
83548cfffffffff,8,45,NA
835483fffffffff,8,45,NA
833ac0fffffffff,8,120,NA
833a18fffffffff,8,105,NA
831ac4fffffffff,8,80,NA
831a56fffffffff,8,75,NA
835d23fffffffff,8,80,EP
834529fffffffff,8,55,NA
8316e2fffffffff,8,0,WP
835a63fffffffff,8,65,WP
83350bfffffffff,8,53,NA
831a4efffffffff,8,68,NA
831a6afffffffff,8,65,NA
836805fffffffff,8,33,WP
83600efffffffff,8,48,NI
8360c5fffffffff,8,50,NI
8360eafffffffff,8,75,NI
8360d8fffffffff,8,95,NI
8342d2fffffffff,8,35,NI
8342d3fffffffff,8,88,NI
8342defffffffff,8,115,NI
83766dfffffffff,8,28,WP
833b63fffffffff,8,90,NA
831a48fffffffff,8,65,NA
8395abfffffffff,8,60,SI
838c0bfffffffff,8,40,SI
8395b5fffffffff,8,75,SI
838c26fffffffff,8,38,SI
83942afffffffff,8,30,SI
83a6cbfffffffff,8,80,SI
83a6c4fffffffff,8,100,SI
83a393fffffffff,8,100,SI
83cb74fffffffff,8,50,SI
83a299fffffffff,8,45,SI
839badfffffffff,8,125,SP
839c03fffffffff,8,90,SP
839b12fffffffff,8,118,SP
83b4ebfffffffff,8,68,SP
83b420fffffffff,8,55,SP
83a370fffffffff,8,100,SI
83cb6dfffffffff,8,68,SI
83cb48fffffffff,8,50,SI
839a04fffffffff,8,140,SP
839b86fffffffff,8,140,SP
839bb2fffffffff,8,55,SP
83b4c5fffffffff,8,120,SP
83b4e2fffffffff,8,100,SP
83b4e6fffffffff,8,95,SP
83b421fffffffff,8,50,SP
839a46fffffffff,8,110,SP
839a18fffffffff,8,95,SP
839a13fffffffff,8,45,SP
839b94fffffffff,8,53,SP
83b44cfffffffff,8,85,SP
83ba8cfffffffff,8,80,SP
83ba8dfffffffff,8,58,SP
83a6d9fffffffff,8,120,SI
839c00fffffffff,8,108,SP
83bfb4fffffffff,8,50,SP
839a43fffffffff,8,95,SP
839a10fffffffff,8,145,SP
839b88fffffffff,8,140,SP
83b4e9fffffffff,8,60,SP
83aaa8fffffffff,8,64,SI
835a5bfffffffff,8,95,WP
839b52fffffffff,8,128,SP
839b32fffffffff,8,85,SP
83b46efffffffff,8,80,SP
83b559fffffffff,8,70,SP
83a2dcfffffffff,8,53,SI
83af13fffffffff,8,65,SI
83afadfffffffff,8,65,SI
83a771fffffffff,8,73,SI
834eadfffffffff,8,95,WP
8367adfffffffff,8,140,NA
8345a1fffffffff,8,133,NA
834c90fffffffff,8,105,NA
832e75fffffffff,8,55,WP
8344a5fffffffff,8,65,NA
833092fffffffff,8,35,WP
834e0afffffffff,8,110,WP
8330f5fffffffff,8,85,WP
831a9cfffffffff,8,65,NA
835acdfffffffff,8,133,WP
833364fffffffff,8,135,WP
833343fffffffff,8,65,WP
83335dfffffffff,8,125,WP
83566afffffffff,8,40,NA
835640fffffffff,8,35,NA
835e0afffffffff,8,80,NA
835e4cfffffffff,8,60,NA
836704fffffffff,8,130,NA
834581fffffffff,8,70,NA
8344acfffffffff,8,95,NA
83320afffffffff,8,107,WP
832e1afffffffff,8,50,WP
832ea8fffffffff,8,45,WP
83499afffffffff,8,63,NA
831ac2fffffffff,8,73,NA
832244fffffffff,8,0,EP
834c2bfffffffff,8,118,NA
833b68fffffffff,8,60,NA
833582fffffffff,8,78,NA
835e56fffffffff,8,125,NA
834cb4fffffffff,8,145,NA
834d61fffffffff,8,138,NA
83419cfffffffff,8,40,WP
831790fffffffff,8,0,WP
835d15fffffffff,8,78,EP
835d33fffffffff,8,70,EP
835eddfffffffff,8,118,NA
833a9bfffffffff,8,140,NA
833a36fffffffff,8,98,NA
835f9afffffffff,8,73,NA
835e18fffffffff,8,140,NA
836582fffffffff,8,38,WP
83659cfffffffff,8,30,WP
83601dfffffffff,8,55,NI
8342d4fffffffff,8,100,NI
8342c6fffffffff,8,93,NI
833a0dfffffffff,8,100,NA
834c94fffffffff,8,95,NA
832a20fffffffff,8,70,NA
83685efffffffff,8,20,WP
836853fffffffff,8,20,WP
83a361fffffffff,8,118,SI
83a32afffffffff,8,115,SI
839712fffffffff,8,70,SI
839eaefffffffff,8,105,SP
839f6dfffffffff,8,45,SP
839ce3fffffffff,8,35,SP
83a610fffffffff,8,117,SI
83a604fffffffff,8,85,SI
839f22fffffffff,8,100,SP
839b6cfffffffff,8,100,SP
839e05fffffffff,8,95,SP
839488fffffffff,8,32,SI
83a799fffffffff,8,123,SI
83bc9efffffffff,8,115,SI
83af0cfffffffff,8,70,SI
83a309fffffffff,8,65,SI
83776dfffffffff,8,50,WP
83ba2bfffffffff,8,71,SP
8364d4fffffffff,8,120,NI
839d96fffffffff,8,63,SP
839ec3fffffffff,8,70,SP
831ab3fffffffff,8,100,NA
833294fffffffff,8,25,WP
835daefffffffff,8,115,EP
83419dfffffffff,8,28,WP
8340b0fffffffff,8,23,WP
836e4dfffffffff,8,45,EP
835c00fffffffff,8,60,EP
835c02fffffffff,8,135,EP
835d9efffffffff,8,65,EP
835c40fffffffff,8,120,EP
835c10fffffffff,8,115,EP
835db1fffffffff,8,118,EP
835ed3fffffffff,8,110,NA
835b95fffffffff,8,98,EP
831685fffffffff,8,35,WP
834d69fffffffff,8,75,NA
83446afffffffff,8,85,NA
83265bfffffffff,8,30,NA
834860fffffffff,8,55,EP
835acafffffffff,8,130,WP
834c85fffffffff,8,125,NA
834da4fffffffff,8,95,NA
831a85fffffffff,8,83,NA
835d91fffffffff,8,60,EP
835098fffffffff,8,38,EP
833355fffffffff,8,118,WP
833205fffffffff,8,55,WP
833204fffffffff,8,60,WP
833231fffffffff,8,55,WP
836c20fffffffff,8,58,EP
8360b2fffffffff,8,40,NI
836d98fffffffff,8,35,EP
836e91fffffffff,8,50,EP
83a36cfffffffff,8,134,SI
839eb4fffffffff,8,48,SP
8342dcfffffffff,8,110,NI
837f34fffffffff,8,50,SP
839f92fffffffff,8,63,SP
837162fffffffff,8,100,EP
835b31fffffffff,8,55,WP
835b46fffffffff,8,55,WP
83605efffffffff,8,45,NI
838592fffffffff,8,40,SI
83aba8fffffffff,8,109,SI
8361adfffffffff,8,45,NI
83aa18fffffffff,8,40,SI
838d13fffffffff,8,45,SI
83b8ccfffffffff,8,55,SI
837b29fffffffff,8,33,SI
83a332fffffffff,8,115,SI
839d00fffffffff,8,133,SP
83bad5fffffffff,8,85,SP
83b548fffffffff,8,55,SP
83b558fffffffff,8,65,SP
838941fffffffff,8,83,SP
839b83fffffffff,8,90,SP
839ba5fffffffff,8,128,SP
83a6c8fffffffff,8,118,SI
834836fffffffff,8,123,EP
837242fffffffff,8,40,WP
833d91fffffffff,8,30,NI
835e16fffffffff,8,50,NA
835d60fffffffff,8,80,EP
835d62fffffffff,8,73,EP
835d01fffffffff,8,90,EP
835044fffffffff,8,65,EP
835646fffffffff,8,60,NA
833cf0fffffffff,8,70,NI
835bb5fffffffff,8,55,EP
83508cfffffffff,8,35,EP
833c93fffffffff,8,115,NI
8373a1fffffffff,8,43,WP
83328dfffffffff,8,58,WP
835d14fffffffff,8,75,EP
8365b1fffffffff,8,30,WP
834f16fffffffff,8,113,WP
83864bfffffffff,8,45,SI
83949afffffffff,8,75,SI
83859bfffffffff,8,80,SI
83a230fffffffff,8,55,SI
83a2d0fffffffff,8,50,SI
83cb72fffffffff,8,51,SI
83a2a8fffffffff,8,51,SI
83bc94fffffffff,8,90,SI
83bc82fffffffff,8,115,SI
839f05fffffffff,8,90,SP
838c09fffffffff,8,35,SI
838c54fffffffff,8,40,SI
838774fffffffff,8,75,SI
83aa32fffffffff,8,89,SI
83bc83fffffffff,8,89,SI
83a68dfffffffff,8,120,SI
83a629fffffffff,8,105,SI
83be9cfffffffff,8,90,SP
83ba53fffffffff,8,78,SP
83a6a6fffffffff,8,95,SI
83a616fffffffff,8,95,SI
839d9dfffffffff,8,58,SP
839cacfffffffff,8,75,SP
839c1bfffffffff,8,35,SP
83aa73fffffffff,8,105,SI
839a4cfffffffff,8,100,SP
839d31fffffffff,8,63,SP
83428bfffffffff,8,105,NI
834289fffffffff,8,110,NI
834168fffffffff,8,50,WP
833d98fffffffff,8,25,NI
834198fffffffff,8,25,WP
8340b4fffffffff,8,30,WP
832259fffffffff,8,55,EP
835ca1fffffffff,8,105,EP
835d9bfffffffff,8,115,EP
83716dfffffffff,8,75,EP
837163fffffffff,8,80,EP
837175fffffffff,8,108,EP
837174fffffffff,8,85,EP
833b32fffffffff,8,93,NA
833b36fffffffff,8,85,NA
833b34fffffffff,8,90,NA
831af0fffffffff,8,75,NA
831af5fffffffff,8,60,NA
83301efffffffff,8,58,WP
83301cfffffffff,8,55,WP
834028fffffffff,8,35,WP
834c03fffffffff,8,115,NA
835ed6fffffffff,8,85,NA
833af4fffffffff,8,75,NA
832b28fffffffff,8,80,NA
833324fffffffff,8,115,WP
83330cfffffffff,8,65,WP
833353fffffffff,8,75,WP
835713fffffffff,8,75,NA
835784fffffffff,8,70,NA
8357b1fffffffff,8,80,NA
834c12fffffffff,8,135,NA
831ac5fffffffff,8,75,NA
83226bfffffffff,8,0,WP
834cddfffffffff,8,100,NA
834d64fffffffff,8,108,NA
833a80fffffffff,8,95,NA
834c34fffffffff,8,120,NA
833aa1fffffffff,8,115,NA
836032fffffffff,8,55,NI
83cb6efffffffff,8,65,SI
833b82fffffffff,8,118,NA
833a83fffffffff,8,95,NA
833a98fffffffff,8,120,NA
833a1dfffffffff,8,75,NA
833aadfffffffff,8,70,NA
8394c4fffffffff,8,65,SI
83cb54fffffffff,8,48,SI
83b450fffffffff,8,60,SP
83bad3fffffffff,8,103,SP
83a78efffffffff,8,50,SI
83af4afffffffff,8,90,SI
83af76fffffffff,8,115,SI
83cb41fffffffff,8,45,SI
83ae61fffffffff,8,110,SI
839cccfffffffff,8,60,SP
839f35fffffffff,8,65,SP
839498fffffffff,8,73,SI
839ef4fffffffff,8,100,SP
831aa6fffffffff,8,65,NA
8330abfffffffff,8,63,WP
832ec4fffffffff,8,40,WP
832e9cfffffffff,8,35,WP
833b44fffffffff,8,90,NA
8345a2fffffffff,8,140,NA
8346ddfffffffff,8,100,EP
837111fffffffff,8,40,EP
835bb0fffffffff,8,70,EP
835b81fffffffff,8,105,WP
834c99fffffffff,8,118,NA
835d63fffffffff,8,88,EP
835d66fffffffff,8,75,EP
833a40fffffffff,8,70,NA
833a73fffffffff,8,90,NA
833a70fffffffff,8,68,NA
835f5bfffffffff,8,105,NA
83509afffffffff,8,25,EP
833a32fffffffff,8,90,NA
833b5efffffffff,8,55,NA
834d5afffffffff,8,115,NA
832a15fffffffff,8,90,NA
8384adfffffffff,8,63,SI
838412fffffffff,8,40,SI
837201fffffffff,8,35,WP
836ee1fffffffff,8,95,EP
834c83fffffffff,8,135,NA
8369b2fffffffff,8,29,WP
8369b1fffffffff,8,40,WP
8369a2fffffffff,8,30,WP
839ee0fffffffff,8,100,SP
839710fffffffff,8,65,SI
83aae0fffffffff,8,50,SI
83aaedfffffffff,8,55,SI
83948bfffffffff,8,45,SI
839c2bfffffffff,8,53,SP
83aa42fffffffff,8,65,SI
83b4c9fffffffff,8,125,SP
839b04fffffffff,8,128,SP
83b446fffffffff,8,88,SP
83a6eafffffffff,8,93,SI
83baf0fffffffff,8,58,SP
83a62dfffffffff,8,65,SI
83aa4efffffffff,8,105,SI
839c05fffffffff,8,70,SP
83af09fffffffff,8,73,SI
834e93fffffffff,8,128,WP
837621fffffffff,8,30,WP
83444bfffffffff,8,35,NA
835a02fffffffff,8,65,WP
835a0afffffffff,8,75,WP
835ae5fffffffff,8,95,WP
834895fffffffff,8,50,NA
831a58fffffffff,8,75,NA
83189afffffffff,8,65,NA
834f98fffffffff,8,53,WP
833ad3fffffffff,8,120,NA
835e2bfffffffff,8,58,NA
835b52fffffffff,8,23,WP
835b5bfffffffff,8,50,WP
83bb4bfffffffff,8,50,SP
83bae2fffffffff,8,55,SP
839ab4fffffffff,8,108,SP
83ab83fffffffff,8,65,SI
83cccafffffffff,8,55,SI
839c49fffffffff,8,35,SI
8394cdfffffffff,8,35,SI
839f26fffffffff,8,120,SP
83aa9dfffffffff,8,45,SI
83ccdcfffffffff,8,40,SI
839493fffffffff,8,105,SI
83641bfffffffff,8,50,NI
8364f1fffffffff,8,118,NI
834281fffffffff,8,145,NI
835b2efffffffff,8,45,WP
835b54fffffffff,8,43,WP
833adafffffffff,8,80,NA
832ef5fffffffff,8,55,WP
832e8cfffffffff,8,0,WP
833496fffffffff,8,75,NA
833585fffffffff,8,83,NA
83548afffffffff,8,40,NA
83578dfffffffff,8,60,NA
834c88fffffffff,8,68,NA
834ca2fffffffff,8,130,NA
833301fffffffff,8,100,WP
831655fffffffff,8,0,WP
8361a9fffffffff,8,75,NI
8361acfffffffff,8,75,NI
83cb70fffffffff,8,70,SI
835b73fffffffff,8,48,WP
83aa05fffffffff,8,80,SI
8384e6fffffffff,8,40,SI
83ae6bfffffffff,8,60,SI
8360d5fffffffff,8,88,NI
8360c2fffffffff,8,105,NI
8360c3fffffffff,8,108,NI
836d09fffffffff,8,55,EP
831646fffffffff,8,0,WP
83330dfffffffff,8,85,WP
832a22fffffffff,8,60,NA
832b03fffffffff,8,63,NA
833234fffffffff,8,60,WP
83316bfffffffff,8,25,WP
834cd4fffffffff,8,83,NA
832b05fffffffff,8,78,NA
832b21fffffffff,8,75,NA
834f9efffffffff,8,95,WP
83329afffffffff,8,0,WP
834cc8fffffffff,8,88,NA
83679dfffffffff,8,105,NA
838c5afffffffff,8,53,SI
8364d2fffffffff,8,138,NI
836473fffffffff,8,50,NI
83ba41fffffffff,8,70,SP
83ba48fffffffff,8,50,SP
83b42cfffffffff,8,55,SP
83aa14fffffffff,8,89,SI
83aa1efffffffff,8,105,SI
839f2bfffffffff,8,130,SP
839a25fffffffff,8,125,SP
839d8afffffffff,8,53,SP
834f85fffffffff,8,135,WP
834d53fffffffff,8,110,NA
832b50fffffffff,8,78,NA
831ae2fffffffff,8,70,NA
834d24fffffffff,8,105,NA
835eadfffffffff,8,118,NA
832241fffffffff,8,0,EP
838452fffffffff,8,28,SI
8365a5fffffffff,8,55,WP
83bf92fffffffff,8,60,SP
83aa4dfffffffff,8,80,SI
83aa4bfffffffff,8,80,SI
83afa4fffffffff,8,98,SI
83a6ccfffffffff,8,100,SI
83a71bfffffffff,8,52,SI
83a6e5fffffffff,8,95,SI
83aa75fffffffff,8,110,SI
839fa6fffffffff,8,108,SP
83b468fffffffff,8,68,SP
833cb4fffffffff,8,30,NI
838590fffffffff,8,55,SI
8341b3fffffffff,8,95,WP
835e29fffffffff,8,100,NA
832b2cfffffffff,8,60,NA
832b20fffffffff,8,65,NA
8357b4fffffffff,8,55,NA
83359dfffffffff,8,95,NA
831661fffffffff,8,0,WP
837145fffffffff,8,118,EP
837123fffffffff,8,75,EP
833b04fffffffff,8,90,NA
833ae9fffffffff,8,115,NA
83565cfffffffff,8,43,NA
8357aefffffffff,8,75,NA
834ca8fffffffff,8,120,NA
8344c0fffffffff,8,60,NA
8344c2fffffffff,8,48,NA
8360e6fffffffff,8,48,NI
83aa6bfffffffff,8,55,SI
83aa59fffffffff,8,58,SI
839e80fffffffff,8,50,SP
839474fffffffff,8,55,SI
83bae9fffffffff,8,85,SP
83aaf1fffffffff,8,85,SI
833ab2fffffffff,8,110,NA
8316b2fffffffff,8,43,WP
83164cfffffffff,8,30,EP
836014fffffffff,8,40,NI
839e94fffffffff,8,60,SP
83be95fffffffff,8,55,SP
834d76fffffffff,8,128,NA
834d08fffffffff,8,105,NA
833ba5fffffffff,8,95,NA
83359afffffffff,8,85,NA
835bb2fffffffff,8,103,EP
834d80fffffffff,8,128,NA
8360c4fffffffff,8,65,NI
8365a1fffffffff,8,60,WP
8365acfffffffff,8,40,WP
8371a4fffffffff,8,83,EP
836444fffffffff,8,45,NI
839b35fffffffff,8,115,SP
83bae8fffffffff,8,96,SP
836859fffffffff,8,30,WP
8349b6fffffffff,8,110,EP
83569cfffffffff,8,50,NA
83188afffffffff,8,65,NA
834d22fffffffff,8,130,NA
834283fffffffff,8,135,NI
8342f5fffffffff,8,110,NI
838d1efffffffff,8,55,SI
83ba55fffffffff,8,55,SP
8344e1fffffffff,8,40,NA
8344eefffffffff,8,30,NA
837128fffffffff,8,140,EP
8344c5fffffffff,8,30,NA
835d90fffffffff,8,55,EP
8316e1fffffffff,8,0,WP
836188fffffffff,8,58,NI
8345b5fffffffff,8,140,NA
8345b4fffffffff,8,155,NA
83459afffffffff,8,88,NA
83234bfffffffff,8,60,EP
83445efffffffff,8,50,NA
834d70fffffffff,8,125,NA
835e9bfffffffff,8,123,NA
832b6cfffffffff,8,85,NA
8334b0fffffffff,8,68,NA
833376fffffffff,8,105,WP
8394c1fffffffff,8,25,SI
839f2cfffffffff,8,55,SP
83a795fffffffff,8,45,SI
83ba42fffffffff,8,85,SP
832a13fffffffff,8,70,NA
83418bfffffffff,8,30,WP
834d8efffffffff,8,120,NA
834cc6fffffffff,8,105,NA
83328efffffffff,8,89,WP
83630bfffffffff,8,115,NI
83af02fffffffff,8,99,SI
83b4eafffffffff,8,123,SP
8397b5fffffffff,8,100,SI
839706fffffffff,8,103,SI
83aa62fffffffff,8,115,SI
83aa53fffffffff,8,55,SI
833aa6fffffffff,8,105,NA
833292fffffffff,8,0,EP
836721fffffffff,8,80,NA
83aa16fffffffff,8,55,SI
836d25fffffffff,8,48,NA
83aa98fffffffff,8,48,SI
83671dfffffffff,8,150,NA
839f86fffffffff,7,60,SP
839c75fffffffff,7,75,SP
839d5afffffffff,7,45,SP
839d26fffffffff,7,115,SP
83be84fffffffff,7,68,SP
83a232fffffffff,7,40,SI
83a2aefffffffff,7,55,SI
83ae60fffffffff,7,105,SI
83ae14fffffffff,7,75,SI
83a6f1fffffffff,7,75,SI
83a6ecfffffffff,7,90,SI
83a7b3fffffffff,7,45,SI
83be8efffffffff,7,45,SP
83bb6bfffffffff,7,55,SP
83a29cfffffffff,7,60,SI
83a290fffffffff,7,73,SI
83a294fffffffff,7,65,SI
83a296fffffffff,7,75,SI
83a281fffffffff,7,65,SI
83a2a1fffffffff,7,60,SI
83a216fffffffff,7,45,SI
83bb5bfffffffff,7,50,SP
838d69fffffffff,7,110,SI
839b1dfffffffff,7,100,SP
83b442fffffffff,7,85,SP
83b455fffffffff,7,85,SP
839eb3fffffffff,7,43,SP
837f36fffffffff,7,45,SP
839ba8fffffffff,7,80,SP
839a2dfffffffff,7,30,SP
83ba9efffffffff,7,75,SP
83b42bfffffffff,7,65,SP
8346b6fffffffff,7,115,EP
835a90fffffffff,7,103,EP
835af4fffffffff,7,50,WP
8316f1fffffffff,7,50,WP
834060fffffffff,7,28,WP
834195fffffffff,7,60,WP
834190fffffffff,7,50,WP
831686fffffffff,7,0,WP
831619fffffffff,7,0,WP
836722fffffffff,7,140,NA
8345b3fffffffff,7,115,NA
8345aefffffffff,7,135,NA
8348b2fffffffff,7,118,NA
834886fffffffff,7,78,NA
835a43fffffffff,7,35,WP
833202fffffffff,7,60,WP
8332aefffffffff,7,40,WP
835748fffffffff,7,50,NA
835740fffffffff,7,55,NA
8334a5fffffffff,7,70,NA
833433fffffffff,7,80,NA
835716fffffffff,7,85,NA
833a6efffffffff,7,70,NA
831a50fffffffff,7,65,NA
834c20fffffffff,7,80,NA
832ec5fffffffff,7,45,WP
83571cfffffffff,7,100,NA
833a60fffffffff,7,100,NA
831a40fffffffff,7,70,NA
831895fffffffff,7,63,NA
834891fffffffff,7,85,NA
83549cfffffffff,7,45,NA
8357abfffffffff,7,100,NA
833ac6fffffffff,7,105,NA
831b4bfffffffff,7,80,NA
8336dafffffffff,7,53,EP
8367a2fffffffff,7,80,NA
833425fffffffff,7,65,NA
833402fffffffff,7,100,NA
833b4efffffffff,7,90,NA
831890fffffffff,7,65,NA
836119fffffffff,7,70,NI
837666fffffffff,7,25,WP
834553fffffffff,7,65,NA
83454bfffffffff,7,80,NA
836003fffffffff,7,55,NI
83600afffffffff,7,60,NI
8360cafffffffff,7,110,NI
837ecbfffffffff,7,25,WP
833221fffffffff,7,90,WP
8333a9fffffffff,7,55,WP
83a32efffffffff,7,115,SI
838781fffffffff,7,55,SI
833b75fffffffff,7,75,NA
833595fffffffff,7,78,NA
838c0cfffffffff,7,52,SI
8395b6fffffffff,7,30,SI
83a75bfffffffff,7,85,SI
839a60fffffffff,7,115,SP
83a61efffffffff,7,100,SI
83a753fffffffff,7,60,SI
839a49fffffffff,7,35,SP
8394ddfffffffff,7,28,SI
83b8c9fffffffff,7,55,SI
839bb6fffffffff,7,40,SP
83b40efffffffff,7,65,SP
839b8cfffffffff,7,98,SP
839b81fffffffff,7,130,SP
83b554fffffffff,7,35,SP
839aa4fffffffff,7,65,SP
83896dfffffffff,7,120,SP
838964fffffffff,7,120,SP
83b4cbfffffffff,7,65,SP
839b96fffffffff,7,120,SP
83b459fffffffff,7,70,SP
83ba99fffffffff,7,60,SP
83a6e2fffffffff,7,100,SI
83b8ecfffffffff,7,30,SI
83bf96fffffffff,7,70,SP
83b453fffffffff,7,90,SP
83b409fffffffff,7,90,SP
83b489fffffffff,7,55,SP
83b499fffffffff,7,90,SP
837ed9fffffffff,7,33,WP
835ac3fffffffff,7,90,WP
83332efffffffff,7,100,WP
833310fffffffff,7,45,WP
839b53fffffffff,7,75,SP
83a2d5fffffffff,7,80,SI
83c892fffffffff,7,58,SI
83a744fffffffff,7,80,SI
8367a8fffffffff,7,73,NA
8367aefffffffff,7,115,NA
834582fffffffff,7,125,NA
834c95fffffffff,7,120,NA
83af40fffffffff,7,65,SI
832a8cfffffffff,7,58,NA
8344a4fffffffff,7,65,NA
834022fffffffff,7,30,WP
834035fffffffff,7,30,WP
833094fffffffff,7,33,WP
8330b2fffffffff,7,25,WP
8330b5fffffffff,7,20,WP
8330a4fffffffff,7,35,WP
83318bfffffffff,7,15,WP
8348b6fffffffff,7,110,NA
832eabfffffffff,7,50,WP
835aeafffffffff,7,135,WP
835ac8fffffffff,7,128,WP
833342fffffffff,7,120,WP
83335cfffffffff,7,123,WP
835e46fffffffff,7,85,NA
83672afffffffff,7,65,NA
836733fffffffff,7,128,NA
8345b2fffffffff,7,160,NA
835e28fffffffff,7,105,NA
831a9afffffffff,7,75,NA
832269fffffffff,7,50,WP
833bb2fffffffff,7,88,NA
835e43fffffffff,7,141,NA
834ce3fffffffff,7,150,NA
834cf1fffffffff,7,100,NA
8335acfffffffff,7,75,NA
834d0dfffffffff,7,115,NA
83358efffffffff,7,60,NA
83418efffffffff,7,50,WP
832e84fffffffff,7,45,WP
831792fffffffff,7,0,WP
8317b3fffffffff,7,0,WP
835d0efffffffff,7,80,EP
835adafffffffff,7,55,WP
833374fffffffff,7,80,WP
833375fffffffff,7,80,WP
833aa2fffffffff,7,105,NA
83569dfffffffff,7,63,NA
835ea4fffffffff,7,60,NA
838603fffffffff,7,30,SI
836133fffffffff,7,35,NI
836034fffffffff,7,63,NI
8360e8fffffffff,7,75,NI
8360cefffffffff,7,85,NI
833a0bfffffffff,7,95,NA
833a09fffffffff,7,60,NA
8334b4fffffffff,7,93,NA
833513fffffffff,7,58,NA
839716fffffffff,7,85,SI
839eb2fffffffff,7,80,SP
838c05fffffffff,7,55,SI
83a622fffffffff,7,80,SI
83be98fffffffff,7,100,SP
83be9efffffffff,7,55,SP
83ba03fffffffff,7,50,SP
83949cfffffffff,7,88,SI
83a789fffffffff,7,50,SI
83a29bfffffffff,7,93,SI
83cb35fffffffff,7,84,SI
839a32fffffffff,7,65,SP
83b549fffffffff,7,55,SP
83a30afffffffff,7,90,SI
83ba44fffffffff,7,55,SP
83ba76fffffffff,7,65,SP
83ba26fffffffff,7,40,SP
83af32fffffffff,7,85,SI
83af16fffffffff,7,60,SI
83af80fffffffff,7,50,SI
833d8bfffffffff,7,25,NI
836c32fffffffff,7,48,EP
835dacfffffffff,7,70,EP
8342d0fffffffff,7,98,NI
835da1fffffffff,7,90,EP
8330a9fffffffff,7,50,WP
833029fffffffff,7,58,WP
83314efffffffff,7,48,WP
837920fffffffff,7,65,EP
835c1cfffffffff,7,75,EP
835c11fffffffff,7,115,EP
833d8efffffffff,7,30,NI
833ca5fffffffff,7,30,NI
833ad8fffffffff,7,110,NA
835ed1fffffffff,7,115,NA
837104fffffffff,7,35,EP
837131fffffffff,7,50,EP
837130fffffffff,7,45,EP
837136fffffffff,7,35,EP
835b94fffffffff,7,100,EP
835b80fffffffff,7,100,EP
834c23fffffffff,7,100,NA
834448fffffffff,7,45,NA
833210fffffffff,7,55,WP
832341fffffffff,7,35,EP
831a2afffffffff,7,70,NA
831b5afffffffff,7,65,NA
836d70fffffffff,7,65,EP
836d0cfffffffff,7,53,EP
834d82fffffffff,7,95,NA
834c22fffffffff,7,75,NA
835b42fffffffff,7,30,WP
833370fffffffff,7,110,WP
836d53fffffffff,7,40,EP
836e92fffffffff,7,45,EP
83859efffffffff,7,45,SI
838593fffffffff,7,55,SI
83634dfffffffff,7,35,NI
83634cfffffffff,7,43,NI
8360c9fffffffff,7,70,NI
8360defffffffff,7,80,NI
839a58fffffffff,7,35,SP
839f93fffffffff,7,30,SP
837173fffffffff,7,40,EP
83464efffffffff,7,108,EP
835b00fffffffff,7,30,WP
835b2afffffffff,7,45,WP
835b71fffffffff,7,55,WP
836441fffffffff,7,35,NI
8384a5fffffffff,7,40,SI
8384a1fffffffff,7,35,SI
83aa03fffffffff,7,55,SI
83b8c8fffffffff,7,45,SI
837b23fffffffff,7,135,SI
839f82fffffffff,7,60,SP
839d0dfffffffff,7,50,SP
83baddfffffffff,7,75,SP
83ba89fffffffff,7,90,SP
83ba81fffffffff,7,78,SP
83ba80fffffffff,7,70,SP
83b54afffffffff,7,43,SP
839489fffffffff,7,50,SI
8394d4fffffffff,7,48,SI
838968fffffffff,7,65,SP
83b441fffffffff,7,85,SP
83a790fffffffff,7,60,SI
83a6e8fffffffff,7,90,SI
83a75dfffffffff,7,70,SI
83a743fffffffff,7,72,SI
8342c2fffffffff,7,30,NI
834065fffffffff,7,35,WP
835d61fffffffff,7,53,EP
835d76fffffffff,7,85,EP
8342a8fffffffff,7,59,NI
83489afffffffff,7,35,NA
833235fffffffff,7,68,WP
835bb4fffffffff,7,45,EP
835b84fffffffff,7,65,EP
835080fffffffff,7,35,EP
836808fffffffff,7,58,WP
835d29fffffffff,7,70,EP
836586fffffffff,7,25,WP
83ae69fffffffff,7,68,SI
838da5fffffffff,7,65,SI
83a2e8fffffffff,7,50,SI
83cb55fffffffff,7,40,SI
838dadfffffffff,7,50,SI
83af52fffffffff,7,40,SI
83aa81fffffffff,7,57,SI
83cb2bfffffffff,7,40,SI
83a6e6fffffffff,7,85,SI
83aa56fffffffff,7,55,SI
839b26fffffffff,7,100,SP
839c13fffffffff,7,45,SP
839c69fffffffff,7,35,SI
839a55fffffffff,7,30,SP
836ef6fffffffff,7,48,EP
834fb3fffffffff,7,90,WP
832265fffffffff,7,0,EP
833080fffffffff,7,40,WP
8330a1fffffffff,7,45,WP
833175fffffffff,7,35,WP
835cadfffffffff,7,45,EP
835ca6fffffffff,7,115,EP
8346d3fffffffff,7,103,EP
833ba4fffffffff,7,78,NA
831a9bfffffffff,7,85,NA
831a1bfffffffff,7,70,NA
835d94fffffffff,7,125,EP
83501bfffffffff,7,35,EP
834c33fffffffff,7,115,NA
833ad6fffffffff,7,45,NA
8357a1fffffffff,7,93,NA
8357a3fffffffff,7,45,NA
833b9efffffffff,7,103,NA
833b30fffffffff,7,85,NA
831a5afffffffff,7,78,NA
832b65fffffffff,7,80,NA
834ccefffffffff,7,105,NA
834d66fffffffff,7,120,NA
836050fffffffff,7,98,NI
83639afffffffff,7,60,NI
833a8bfffffffff,7,105,NA
839b41fffffffff,7,155,SP
83b458fffffffff,7,65,SP
839b30fffffffff,7,78,SP
839b31fffffffff,7,125,SP
83ba0bfffffffff,7,70,SP
83b4d9fffffffff,7,110,SP
839b36fffffffff,7,95,SP
83a6dcfffffffff,7,55,SI
83ae29fffffffff,7,55,SI
83cb76fffffffff,7,45,SI
83cb0cfffffffff,7,58,SI
838c35fffffffff,7,38,SI
83bacafffffffff,7,95,SP
83baa5fffffffff,7,50,SP
832ea6fffffffff,7,65,WP
835054fffffffff,7,50,EP
832a8afffffffff,7,30,NA
832e88fffffffff,7,45,WP
83508dfffffffff,7,40,EP
83264bfffffffff,7,35,NA
832649fffffffff,7,30,NA
8344cdfffffffff,7,30,NA
8344d9fffffffff,7,55,NA
834034fffffffff,7,35,WP
8346d1fffffffff,7,93,EP
83402efffffffff,7,33,WP
83711dfffffffff,7,60,EP
83711cfffffffff,7,30,EP
835b88fffffffff,7,115,WP
833326fffffffff,7,115,WP
834449fffffffff,7,35,NA
835702fffffffff,7,45,NA
833a46fffffffff,7,58,NA
83670dfffffffff,7,135,NA
832a11fffffffff,7,77,NA
832a10fffffffff,7,75,NA
831b41fffffffff,7,65,NA
831b6efffffffff,7,65,NA
8384acfffffffff,7,40,SI
834cd0fffffffff,7,105,NA
837208fffffffff,7,35,WP
8369b4fffffffff,7,35,WP
83aa58fffffffff,7,73,SI
83aae3fffffffff,7,36,SI
839c2efffffffff,7,45,SP
837209fffffffff,7,115,WP
83a2c6fffffffff,7,88,SI
83aa51fffffffff,7,48,SI
83aaf5fffffffff,7,55,SI
839baafffffffff,7,68,SP
83b4c3fffffffff,7,100,SP
839f1cfffffffff,7,110,SP
839f02fffffffff,7,65,SP
83bcb3fffffffff,7,85,SI
83bd98fffffffff,7,85,SI
83a6a9fffffffff,7,100,SI
83a61afffffffff,7,101,SI
83afa5fffffffff,7,73,SI
83ab92fffffffff,7,88,SI
83cb6cfffffffff,7,68,SI
839edcfffffffff,7,58,SP
83444dfffffffff,7,35,NA
832643fffffffff,7,25,NA
835a29fffffffff,7,35,WP
835a74fffffffff,7,40,WP
833a96fffffffff,7,120,NA
834d29fffffffff,7,120,NA
835c13fffffffff,7,115,EP
83716afffffffff,7,50,EP
835a15fffffffff,7,60,WP
835a1cfffffffff,7,133,WP
835ae4fffffffff,7,85,WP
834fa4fffffffff,7,35,WP
833341fffffffff,7,55,WP
833168fffffffff,7,33,WP
8317aafffffffff,7,0,WP
832b54fffffffff,7,75,NA
831a4cfffffffff,7,60,NA
832e8dfffffffff,7,48,WP
833aabfffffffff,7,115,NA
837ed2fffffffff,7,20,WP
835b23fffffffff,7,38,WP
835a60fffffffff,7,45,WP
837230fffffffff,7,25,WP
836018fffffffff,7,55,NI
83bb41fffffffff,7,60,SP
839a66fffffffff,7,88,SP
838969fffffffff,7,48,SP
83865efffffffff,7,90,SI
83cccefffffffff,7,55,SI
8394c8fffffffff,7,30,SI
839b8afffffffff,7,63,SP
83b5b3fffffffff,7,48,SP
83b585fffffffff,7,35,SP
83aa0cfffffffff,7,55,SI
83ccdafffffffff,7,45,SI
839ef2fffffffff,7,75,SP
839cc8fffffffff,7,35,SP
83bcb2fffffffff,7,85,SI
839e91fffffffff,7,48,SP
839ef3fffffffff,7,75,SP
839ed5fffffffff,7,45,SP
83428cfffffffff,7,58,NI
835d98fffffffff,7,65,EP
833b43fffffffff,7,90,NA
831a53fffffffff,7,65,NA
831a61fffffffff,7,70,NA
831892fffffffff,7,60,NA
83575afffffffff,7,45,NA
832ee2fffffffff,7,50,WP
8316a8fffffffff,7,0,WP
835c56fffffffff,7,35,EP
836e43fffffffff,7,55,EP
836785fffffffff,7,105,NA
835718fffffffff,7,45,NA
833a68fffffffff,7,55,NA
833510fffffffff,7,50,NA
83549afffffffff,7,40,NA
833ab5fffffffff,7,105,NA
831a71fffffffff,7,75,NA
835bb3fffffffff,7,75,EP
833319fffffffff,7,60,WP
834faafffffffff,7,90,WP
8345b1fffffffff,7,145,NA
836401fffffffff,7,45,NI
836419fffffffff,7,95,NI
837b74fffffffff,7,40,SI
8360f1fffffffff,7,80,NI
8360f2fffffffff,7,108,NI
83a225fffffffff,7,85,SI
837b26fffffffff,7,153,SI
83ba51fffffffff,7,105,SP
83841efffffffff,7,40,SI
838413fffffffff,7,30,SI
83a635fffffffff,7,64,SI
83458bfffffffff,7,108,NA
835db3fffffffff,7,108,EP
835d1dfffffffff,7,75,EP
833346fffffffff,7,88,WP
835ac5fffffffff,7,100,WP
834f96fffffffff,7,113,WP
833ae3fffffffff,7,98,NA
834fa6fffffffff,7,63,WP
836731fffffffff,7,110,NA
834569fffffffff,7,115,NA
833ad9fffffffff,7,100,NA
83549dfffffffff,7,43,NA
83566efffffffff,7,50,NA
83676dfffffffff,7,120,NA
83679cfffffffff,7,123,NA
836d75fffffffff,7,58,EP
836712fffffffff,7,100,NA
8364e4fffffffff,7,95,NI
835aecfffffffff,7,45,WP
83aa70fffffffff,7,108,SI
83aaaafffffffff,7,60,SI
839f6cfffffffff,7,60,SP
838611fffffffff,7,30,SI
839f94fffffffff,7,35,SP
8360d1fffffffff,7,95,NI
8342f6fffffffff,7,90,NI
83161efffffffff,7,0,WP
832ea3fffffffff,7,60,WP
833a58fffffffff,7,75,NA
833a28fffffffff,7,75,NA
8316b4fffffffff,7,0,WP
832348fffffffff,7,55,EP
833493fffffffff,7,73,NA
831a42fffffffff,7,75,NA
835498fffffffff,7,35,NA
835ec9fffffffff,7,125,NA
83164afffffffff,7,0,EP
832a9cfffffffff,7,40,NA
833082fffffffff,7,35,WP
836512fffffffff,7,50,WP
835ae6fffffffff,7,138,WP
834fb0fffffffff,7,85,WP
834fa3fffffffff,7,80,WP
834faefffffffff,7,130,WP
83ba82fffffffff,7,65,SP
83a6f4fffffffff,7,98,SI
83cb4dfffffffff,7,60,SI
83ca60fffffffff,7,55,SI
83aa0afffffffff,7,53,SI
839c0dfffffffff,7,65,SP
83af72fffffffff,7,48,SI
837206fffffffff,7,25,WP
8384e0fffffffff,7,30,SI
831699fffffffff,7,55,WP
832b72fffffffff,7,65,NA
835634fffffffff,7,100,NA
835785fffffffff,7,100,NA
837129fffffffff,7,65,EP
83712bfffffffff,7,140,EP
837122fffffffff,7,75,EP
835a11fffffffff,7,133,WP
831af6fffffffff,7,65,NA
833ae4fffffffff,7,90,NA
833a4bfffffffff,7,90,NA
831a2bfffffffff,7,65,NA
833a63fffffffff,7,70,NA
836598fffffffff,7,28,WP
834ce1fffffffff,7,115,NA
831aa2fffffffff,7,105,NA
8344dcfffffffff,7,45,NA
834d51fffffffff,7,110,NA
835b08fffffffff,7,35,WP
835b09fffffffff,7,25,WP
83aa5dfffffffff,7,55,SI
839c2dfffffffff,7,58,SP
837693fffffffff,7,89,SP
836d33fffffffff,7,70,EP
832a30fffffffff,7,73,NA
8334a6fffffffff,7,95,NA
835643fffffffff,7,33,NA
835b0cfffffffff,7,35,WP
836189fffffffff,7,45,NI
832b6efffffffff,7,55,NA
835b28fffffffff,7,48,WP
839e95fffffffff,7,53,SP
83b543fffffffff,7,50,SP
835045fffffffff,7,55,EP
832eacfffffffff,7,60,WP
831671fffffffff,7,0,WP
834d55fffffffff,7,140,NA
835068fffffffff,7,58,EP
835ae8fffffffff,7,110,WP
832eb0fffffffff,7,48,WP
833b16fffffffff,7,88,NA
833434fffffffff,7,70,NA
836403fffffffff,7,35,NI
831a88fffffffff,7,75,NA
831a8dfffffffff,7,75,NA
8371a5fffffffff,7,75,EP
834f94fffffffff,7,130,WP
8365a4fffffffff,7,55,WP
838596fffffffff,7,40,SI
837b34fffffffff,7,38,SI
839f96fffffffff,7,60,SP
839a24fffffffff,7,113,SP
83ba73fffffffff,7,50,SP
835f9dfffffffff,7,65,NA
8346dbfffffffff,7,115,EP
83320dfffffffff,7,43,WP
834cc3fffffffff,7,53,NA
831658fffffffff,7,0,WP
834dabfffffffff,7,123,NA
836053fffffffff,7,90,NI
836361fffffffff,7,40,NI
83a30dfffffffff,7,88,SI
8344c1fffffffff,7,30,NA
83419bfffffffff,7,15,WP
835c55fffffffff,7,28,EP
835753fffffffff,7,100,NA
8330e9fffffffff,7,78,WP
832ec0fffffffff,7,55,WP
8397a0fffffffff,7,75,SI
839ca9fffffffff,7,30,SP
83265dfffffffff,7,28,NA
834d75fffffffff,7,115,NA
831a84fffffffff,7,70,NA
833ae0fffffffff,7,80,NA
8356e2fffffffff,7,45,NA
8356f0fffffffff,7,35,NA
83429dfffffffff,7,130,NI
839702fffffffff,7,85,SI
833c96fffffffff,7,30,NI
8349a2fffffffff,7,80,EP
834fb5fffffffff,7,80,WP
833d82fffffffff,7,25,NI
833accfffffffff,7,130,NA
834ccdfffffffff,7,95,NA
8335b6fffffffff,7,75,NA
832a31fffffffff,7,45,NA
83630afffffffff,7,110,NI
8335b1fffffffff,7,65,NA
83188cfffffffff,7,60,NA
836413fffffffff,7,45,NI
836715fffffffff,7,115,NA
836700fffffffff,7,125,NA
83cb04fffffffff,7,55,SI
836d72fffffffff,7,70,EP
836d71fffffffff,7,55,EP
83418afffffffff,7,45,WP
834846fffffffff,7,72,EP
835ca2fffffffff,7,35,EP
836d04fffffffff,7,70,EP
839469fffffffff,7,30,SP
831a51fffffffff,7,60,NA
836724fffffffff,7,65,NA
83571afffffffff,7,80,NA
835736fffffffff,7,60,NA
833576fffffffff,7,63,NA
833a45fffffffff,7,70,NA
833512fffffffff,7,75,NA
834530fffffffff,7,70,NA
839733fffffffff,7,115,SI
831aa3fffffffff,7,75,NA
834536fffffffff,7,68,NA
834cf2fffffffff,7,90,NA
8384f0fffffffff,7,45,SI
839559fffffffff,7,35,SI
83ccc1fffffffff,7,50,SI
83946cfffffffff,7,25,SI
8350f6fffffffff,7,35,EP
83a365fffffffff,7,115,SI
831acdfffffffff,7,70,NA
83670efffffffff,7,50,NA
834856fffffffff,7,55,EP
834996fffffffff,7,100,NA
831a62fffffffff,7,60,NA
834c9bfffffffff,7,120,NA
839b44fffffffff,6,125,SP
839d5bfffffffff,6,40,SP
839d5efffffffff,6,65,SP
839d0cfffffffff,6,58,SP
839d23fffffffff,6,117,SP
83be99fffffffff,6,113,SP
83bea4fffffffff,6,60,SP
83bf8afffffffff,6,55,SP
83a78afffffffff,6,75,SI
83cb50fffffffff,6,20,SI
83ae2dfffffffff,6,75,SI
83ae2efffffffff,6,68,SI
83a74bfffffffff,6,50,SI
83af12fffffffff,6,58,SI
83be81fffffffff,6,60,SP
83be85fffffffff,6,54,SP
83bea3fffffffff,6,60,SP
83bb6afffffffff,6,65,SP
83bb1afffffffff,6,70,SP
83cb24fffffffff,6,65,SI
83ba4dfffffffff,6,78,SP
83946afffffffff,6,35,SI
83946bfffffffff,6,25,SP
83b42efffffffff,6,50,SP
839a6bfffffffff,6,35,SP
839b85fffffffff,6,100,SP
83bad0fffffffff,6,93,SP
835babfffffffff,6,55,WP
835b8bfffffffff,6,140,WP
835a94fffffffff,6,108,EP
835a81fffffffff,6,118,WP
836492fffffffff,6,0,WP
831601fffffffff,6,0,WP
83160efffffffff,6,0,WP
836723fffffffff,6,145,NA
836735fffffffff,6,130,NA
834556fffffffff,6,143,NA
832261fffffffff,6,0,EP
8354b2fffffffff,6,75,NA
83574cfffffffff,6,63,NA
835741fffffffff,6,55,NA
8334a0fffffffff,6,75,NA
835712fffffffff,6,75,NA
833a49fffffffff,6,85,NA
831a83fffffffff,6,70,NA
8317b0fffffffff,6,0,WP
835710fffffffff,6,90,NA
831a45fffffffff,6,65,NA
8357aafffffffff,6,100,NA
835781fffffffff,6,85,NA
833a1afffffffff,6,90,NA
831ae5fffffffff,6,65,NA
831a73fffffffff,6,65,NA
831a75fffffffff,6,63,NA
8336d9fffffffff,6,93,EP
835d22fffffffff,6,75,EP
833482fffffffff,6,90,NA
8335b0fffffffff,6,83,NA
8335b5fffffffff,6,75,NA
836024fffffffff,6,50,NI
836025fffffffff,6,30,NI
836021fffffffff,6,58,NI
836054fffffffff,6,100,NI
836051fffffffff,6,40,NI
837660fffffffff,6,25,WP
83771efffffffff,6,30,WP
838ce1fffffffff,6,30,SI
838cecfffffffff,6,35,SI
83442cfffffffff,6,115,NA
834552fffffffff,6,68,NA
836000fffffffff,6,50,NI
8360ccfffffffff,6,75,NI
836781fffffffff,6,60,NA
836780fffffffff,6,135,NA
837ecafffffffff,6,25,WP
83331afffffffff,6,63,WP
8333a8fffffffff,6,75,WP
83a304fffffffff,6,117,SI
83a330fffffffff,6,75,SI
8335a0fffffffff,6,65,NA
831a4afffffffff,6,65,NA
83af41fffffffff,6,115,SI
836842fffffffff,6,100,WP
836855fffffffff,6,43,WP
838c08fffffffff,6,45,SI
8395a3fffffffff,6,45,SI
8395a2fffffffff,6,45,SI
83ae49fffffffff,6,57,SI
83a74afffffffff,6,78,SI
839730fffffffff,6,90,SI
83baeefffffffff,6,60,SP
83a603fffffffff,6,93,SI
83a75efffffffff,6,70,SI
83a751fffffffff,6,38,SI
83a2a0fffffffff,6,70,SI
83a29efffffffff,6,96,SI
83a298fffffffff,6,53,SI
837f33fffffffff,6,28,SP
83beb2fffffffff,6,70,SP
83be86fffffffff,6,55,SP
8394cafffffffff,6,30,SI
83b8cbfffffffff,6,68,SI
839b13fffffffff,6,120,SP
83b4e0fffffffff,6,75,SP
83b40afffffffff,6,45,SP
83b563fffffffff,6,45,SP
839b99fffffffff,6,65,SP
838961fffffffff,6,123,SP
83ba88fffffffff,6,75,SP
83baabfffffffff,6,53,SP
83a6ddfffffffff,6,118,SI
83a614fffffffff,6,80,SI
83a785fffffffff,6,75,SI
839c01fffffffff,6,35,SP
839a0bfffffffff,6,45,SP
839a11fffffffff,6,145,SP
83aaacfffffffff,6,69,SI
83aaabfffffffff,6,53,SI
83aa8bfffffffff,6,44,SI
83b4f3fffffffff,6,58,SP
83b48afffffffff,6,115,SP
837eddfffffffff,6,15,WP
835adefffffffff,6,93,WP
833328fffffffff,6,98,WP
833302fffffffff,6,65,WP
833312fffffffff,6,50,WP
838974fffffffff,6,58,SP
83b48dfffffffff,6,55,SP
83b4a2fffffffff,6,50,SP
83b46afffffffff,6,63,SP
838780fffffffff,6,55,SI
83af06fffffffff,6,75,SI
83ae1bfffffffff,6,55,SI
83775afffffffff,6,35,WP
836788fffffffff,6,108,NA
83678dfffffffff,6,110,NA
8367abfffffffff,6,55,NA
8344a6fffffffff,6,60,NA
834030fffffffff,6,20,WP
833096fffffffff,6,33,WP
8330a6fffffffff,6,18,WP
833014fffffffff,6,30,WP
8348b0fffffffff,6,90,NA
833019fffffffff,6,50,WP
831a9dfffffffff,6,75,NA
831a8efffffffff,6,83,NA
835ac1fffffffff,6,115,WP
833340fffffffff,6,45,WP
835043fffffffff,6,30,EP
831608fffffffff,6,0,WP
832e85fffffffff,6,50,WP
832e96fffffffff,6,0,WP
831618fffffffff,6,0,WP
831ac0fffffffff,6,55,NA
834ce2fffffffff,6,145,NA
834c8cfffffffff,6,140,NA
834496fffffffff,6,135,NA
834d91fffffffff,6,95,NA
836634fffffffff,6,55,NA
836783fffffffff,6,63,NA
834d73fffffffff,6,140,NA
835d03fffffffff,6,80,EP
83464cfffffffff,6,80,EP
833345fffffffff,6,75,WP
835ecafffffffff,6,90,NA
831a4bfffffffff,6,60,NA
8318d1fffffffff,6,70,NA
8316a2fffffffff,6,0,WP
836599fffffffff,6,25,WP
8364a2fffffffff,6,15,WP
83861dfffffffff,6,30,SI
836111fffffffff,6,35,NI
83611afffffffff,6,35,NI
8360e9fffffffff,6,60,NI
83636dfffffffff,6,83,NI
8342d5fffffffff,6,105,NI
8342c0fffffffff,6,80,NI
833ae5fffffffff,6,48,NA
834ca5fffffffff,6,123,NA
83680cfffffffff,6,20,WP
83685cfffffffff,6,45,WP
8397acfffffffff,6,36,SI
839e84fffffffff,6,58,SP
83bf9cfffffffff,6,55,SP
83cb5cfffffffff,6,55,SI
83a624fffffffff,6,33,SI
83a70afffffffff,6,75,SI
839f28fffffffff,6,95,SP
83baccfffffffff,6,105,SP
83ba00fffffffff,6,40,SP
83948dfffffffff,6,43,SI
83cb15fffffffff,6,48,SI
83bc9bfffffffff,6,91,SI
83a292fffffffff,6,68,SI
83bd9efffffffff,6,63,SI
839ecafffffffff,6,53,SP
83bb1bfffffffff,6,50,SP
83af84fffffffff,6,50,SI
836489fffffffff,6,100,NI
836e48fffffffff,6,35,EP
836ee5fffffffff,6,45,EP
835da0fffffffff,6,73,EP
83301afffffffff,6,48,WP
833018fffffffff,6,45,WP
836e41fffffffff,6,45,EP
835c01fffffffff,6,70,EP
835d93fffffffff,6,73,EP
835136fffffffff,6,55,EP
835122fffffffff,6,83,EP
8316e9fffffffff,6,53,WP
83574bfffffffff,6,45,NA
83574afffffffff,6,45,NA
83710cfffffffff,6,105,EP
837105fffffffff,6,45,EP
834d43fffffffff,6,70,NA
8332a6fffffffff,6,0,WP
831a11fffffffff,6,70,NA
831a01fffffffff,6,70,NA
831b59fffffffff,6,60,NA
8318acfffffffff,6,60,NA
836d73fffffffff,6,50,EP
834c36fffffffff,6,125,NA
833363fffffffff,6,98,WP
833351fffffffff,6,75,WP
833214fffffffff,6,50,WP
83338efffffffff,6,60,WP
836c30fffffffff,6,73,EP
83618afffffffff,6,115,NI
839a5dfffffffff,6,45,SP
837160fffffffff,6,58,EP
837161fffffffff,6,65,EP
8346c8fffffffff,6,113,EP
8346edfffffffff,6,80,EP
835b04fffffffff,6,45,WP
835b4efffffffff,6,70,WP
836445fffffffff,6,45,NI
836058fffffffff,6,40,NI
8384a4fffffffff,6,35,SI
83892afffffffff,6,90,SP
838920fffffffff,6,105,SP
83b4a9fffffffff,6,65,SP
83b5b6fffffffff,6,30,SP
83aad5fffffffff,6,25,SI
83aac3fffffffff,6,70,SI
837b2efffffffff,6,70,SI
837b28fffffffff,6,35,SI
83a324fffffffff,6,45,SI
83a171fffffffff,6,95,SP
839b45fffffffff,6,123,SP
838940fffffffff,6,88,SP
838973fffffffff,6,93,SP
83b4a3fffffffff,6,53,SP
83bab4fffffffff,6,60,SP
839b9efffffffff,6,125,SP
83b462fffffffff,6,60,SP
838932fffffffff,6,99,SP
83a6ebfffffffff,6,95,SI
834062fffffffff,6,20,WP
8342c3fffffffff,6,80,NI
834061fffffffff,6,20,WP
83568dfffffffff,6,35,NA
835691fffffffff,6,63,NA
834649fffffffff,6,78,EP
83460efffffffff,6,70,EP
835042fffffffff,6,43,EP
83716bfffffffff,6,35,EP
833cb6fffffffff,6,35,NI
8342a0fffffffff,6,125,NI
8326cbfffffffff,6,33,NA
835a70fffffffff,6,45,WP
835d2efffffffff,6,80,EP
835d05fffffffff,6,88,EP
833cdafffffffff,6,135,NI
833cdefffffffff,6,130,NI
836d99fffffffff,6,35,EP
836804fffffffff,6,35,WP
83a2ddfffffffff,6,70,SI
83cb0dfffffffff,6,40,SI
83af5efffffffff,6,95,SI
83aa85fffffffff,6,48,SI
83bc9dfffffffff,6,93,SI
839f25fffffffff,6,93,SP
83baedfffffffff,6,75,SP
83cb49fffffffff,6,58,SI
839ca1fffffffff,6,48,SP
839c12fffffffff,6,113,SP
839cadfffffffff,6,40,SP
83aa46fffffffff,6,105,SI
83aa54fffffffff,6,98,SI
83aae8fffffffff,6,45,SI
839a05fffffffff,6,60,SP
83beb1fffffffff,6,55,SP
836232fffffffff,6,58,NI
833d9efffffffff,6,30,NI
8342e9fffffffff,6,30,NI
83419afffffffff,6,35,WP
833218fffffffff,6,45,WP
835083fffffffff,6,45,EP
835ca0fffffffff,6,100,EP
8346dafffffffff,6,115,EP
8346d2fffffffff,6,125,EP
831a8afffffffff,6,68,NA
8330adfffffffff,6,60,WP
8346c9fffffffff,6,123,EP
835edefffffffff,6,45,NA
833a08fffffffff,6,100,NA
833b5afffffffff,6,93,NA
831aa8fffffffff,6,80,NA
834844fffffffff,6,68,EP
833325fffffffff,6,100,WP
833308fffffffff,6,90,WP
8332a0fffffffff,6,58,WP
834873fffffffff,6,59,EP
835480fffffffff,6,60,NA
835749fffffffff,6,40,NA
835703fffffffff,6,50,NA
831a59fffffffff,6,65,NA
8344b0fffffffff,6,140,NA
834492fffffffff,6,100,NA
837251fffffffff,6,65,WP
836059fffffffff,6,40,NI
836229fffffffff,6,55,NI
836211fffffffff,6,60,NI
836212fffffffff,6,60,NI
83639bfffffffff,6,60,NI
83aab6fffffffff,6,40,SI
83aa82fffffffff,6,55,SI
833bb0fffffffff,6,75,NA
833a11fffffffff,6,75,NA
834cf3fffffffff,6,85,NA
839ea8fffffffff,6,95,SP
83b5a1fffffffff,6,35,SP
839ba4fffffffff,6,90,SP
83ba83fffffffff,6,73,SP
83a6cafffffffff,6,115,SI
83ae6dfffffffff,6,74,SI
83af43fffffffff,6,125,SI
83ae74fffffffff,6,55,SI
83cb01fffffffff,6,50,SI
839c28fffffffff,6,40,SP
838d1afffffffff,6,50,SI
838d1bfffffffff,6,45,SI
838c04fffffffff,6,50,SI
83d4ddfffffffff,6,55,SP
839ea9fffffffff,6,75,SP
83baf1fffffffff,6,75,SP
83baacfffffffff,6,55,SP
83a6defffffffff,6,60,SI
8342f3fffffffff,6,45,NI
835130fffffffff,6,78,EP
8344dafffffffff,6,45,NA
832ef3fffffffff,6,35,WP
831492fffffffff,6,25,WP
83445dfffffffff,6,35,NA
832a04fffffffff,6,60,NA
834036fffffffff,6,30,WP
8346cafffffffff,6,73,EP
83710afffffffff,6,60,EP
837110fffffffff,6,45,EP
837116fffffffff,6,48,EP
83234cfffffffff,6,0,EP
834c98fffffffff,6,115,NA
834593fffffffff,6,100,NA
835715fffffffff,6,68,NA
833b5dfffffffff,6,70,NA
831b43fffffffff,6,60,NA
83841bfffffffff,6,40,SI
83841afffffffff,6,40,SI
833d90fffffffff,6,27,NI
834cd1fffffffff,6,108,NA
834c89fffffffff,6,65,NA
83716cfffffffff,6,60,EP
8346eafffffffff,6,75,EP
83264cfffffffff,6,30,NA
83619bfffffffff,6,80,NI
834c82fffffffff,6,135,NA
836475fffffffff,6,40,NI
8369b5fffffffff,6,55,WP
83aac5fffffffff,6,45,SI
83aae5fffffffff,6,40,SI
839d51fffffffff,6,28,SP
839d42fffffffff,6,28,SP
839d46fffffffff,6,30,SP
839babfffffffff,6,73,SP
83b4c2fffffffff,6,70,SP
83b49dfffffffff,6,115,SP
839b62fffffffff,6,88,SP
83b440fffffffff,6,65,SP
83bcb5fffffffff,6,103,SI
83bd83fffffffff,6,85,SI
83a6c6fffffffff,6,95,SI
83a6e9fffffffff,6,80,SI
83bdb3fffffffff,6,55,SI
83aab5fffffffff,6,50,SI
83ae26fffffffff,6,65,SI
83769efffffffff,6,124,SP
83ae5cfffffffff,6,77,SI
8376dafffffffff,6,55,SP
83446bfffffffff,6,45,NA
833a8efffffffff,6,60,NA
835d64fffffffff,6,35,EP
835ce4fffffffff,6,40,EP
835a03fffffffff,6,68,WP
833159fffffffff,6,63,WP
831785fffffffff,6,0,WP
832a25fffffffff,6,83,NA
831a69fffffffff,6,60,NA
83189dfffffffff,6,55,NA
836495fffffffff,6,20,WP
833a88fffffffff,6,35,NA
832ef2fffffffff,6,50,WP
832e98fffffffff,6,0,WP
833a0efffffffff,6,80,NA
831a0cfffffffff,6,65,NA
8332b2fffffffff,6,40,EP
834808fffffffff,6,65,EP
835b24fffffffff,6,28,WP
835a66fffffffff,6,43,WP
833200fffffffff,6,45,WP
837ed6fffffffff,6,20,WP
83766cfffffffff,6,28,WP
8360edfffffffff,6,50,NI
836343fffffffff,6,38,NI
836350fffffffff,6,55,NI
836352fffffffff,6,55,NI
83631afffffffff,6,115,NI
833ab6fffffffff,6,75,NA
83bfb6fffffffff,6,45,SP
835b2dfffffffff,6,50,WP
837edafffffffff,6,50,WP
839b93fffffffff,6,85,SP
83b4f5fffffffff,6,90,SP
83a781fffffffff,6,83,SI
83a7a3fffffffff,6,60,SI
836462fffffffff,6,30,NI
83b451fffffffff,6,65,SP
83b432fffffffff,6,58,SP
83aa29fffffffff,6,78,SI
83aa0dfffffffff,6,60,SI
83aa1dfffffffff,6,70,SI
839cf4fffffffff,6,30,SP
839cc9fffffffff,6,40,SP
839a5efffffffff,6,55,SP
83b40bfffffffff,6,55,SP
83a293fffffffff,6,70,SI
839e90fffffffff,6,35,SP
839e82fffffffff,6,45,SP
839ec2fffffffff,6,45,SP
83428afffffffff,6,50,NI
8342abfffffffff,6,78,NI
83225bfffffffff,6,0,EP
83315afffffffff,6,45,WP
836d50fffffffff,6,40,EP
833a8afffffffff,6,105,NA
836708fffffffff,6,150,NA
833492fffffffff,6,75,NA
835669fffffffff,6,43,NA
834cdefffffffff,6,110,NA
834c8bfffffffff,6,70,NA
835b90fffffffff,6,78,EP
8360b5fffffffff,6,55,NI
837b2bfffffffff,6,60,SI
8360f0fffffffff,6,50,NI
83af51fffffffff,6,120,SI
83ba52fffffffff,6,88,SP
83b4ddfffffffff,6,105,SP
83b485fffffffff,6,50,SP
83b422fffffffff,6,50,SP
83ba50fffffffff,6,65,SP
838418fffffffff,6,35,SI
8360c6fffffffff,6,95,NI
833372fffffffff,6,25,WP
832a26fffffffff,6,60,NA
832b24fffffffff,6,60,NA
835ac9fffffffff,6,115,WP
833365fffffffff,6,110,WP
833371fffffffff,6,110,WP
833230fffffffff,6,63,WP
8354b0fffffffff,6,35,NA
8354b6fffffffff,6,73,NA
8357a4fffffffff,6,78,NA
833aeefffffffff,6,110,NA
834cc2fffffffff,6,55,NA
834cd5fffffffff,6,100,NA
834c9cfffffffff,6,110,NA
8344b4fffffffff,6,115,NA
834555fffffffff,6,83,NA
834573fffffffff,6,155,NA
831aecfffffffff,6,70,NA
835f9cfffffffff,6,58,NA
833288fffffffff,6,35,WP
831a2efffffffff,6,65,NA
83642efffffffff,6,25,NI
83ba40fffffffff,6,65,SP
839b1afffffffff,6,130,SP
835da4fffffffff,6,70,EP
834659fffffffff,6,120,EP
835ae2fffffffff,6,90,WP
83b54bfffffffff,6,55,SP
83b4e1fffffffff,6,68,SP
83861cfffffffff,6,30,SI
8360d4fffffffff,6,115,NI
8342aefffffffff,6,69,NI
83792cfffffffff,6,73,EP
837922fffffffff,6,95,EP
8360b6fffffffff,6,25,NI
832ec6fffffffff,6,25,WP
831613fffffffff,6,0,WP
831aa4fffffffff,6,65,NA
835624fffffffff,6,115,NA
8357adfffffffff,6,80,NA
8357a0fffffffff,6,73,NA
833a59fffffffff,6,75,NA
831a60fffffffff,6,75,NA
832e1bfffffffff,6,60,WP
833299fffffffff,6,0,WP
831a49fffffffff,6,55,NA
83566dfffffffff,6,33,NA
832a99fffffffff,6,48,NA
834850fffffffff,6,50,EP
8384ecfffffffff,6,30,SI
8365abfffffffff,6,75,WP
836432fffffffff,6,100,NI
834fb1fffffffff,6,58,WP
83a2a4fffffffff,6,80,SI
83bd9afffffffff,6,90,SI
83af9cfffffffff,6,60,SI
83a718fffffffff,6,45,SI
83ba84fffffffff,6,75,SP
83b582fffffffff,6,45,SP
83b595fffffffff,6,58,SP
83af19fffffffff,6,95,SI
839b34fffffffff,6,45,SP
83b42dfffffffff,6,55,SP
836858fffffffff,6,23,WP
83350afffffffff,6,55,NA
833509fffffffff,6,60,NA
83712afffffffff,6,38,EP
837135fffffffff,6,75,EP
835a52fffffffff,6,45,WP
83315bfffffffff,6,25,WP
831ae4fffffffff,6,65,NA
831a0dfffffffff,6,70,NA
8357a2fffffffff,6,75,NA
833a54fffffffff,6,50,NA
8334b6fffffffff,6,83,NA
83458efffffffff,6,125,NA
8384edfffffffff,6,50,SI
831798fffffffff,6,0,WP
835b0afffffffff,6,28,WP
83601bfffffffff,6,70,NI
833cdcfffffffff,6,85,NI
839c2cfffffffff,6,75,SP
8394d5fffffffff,6,25,SI
83af0efffffffff,6,45,SI
83afa8fffffffff,6,55,SI
8333a5fffffffff,6,55,WP
835d1efffffffff,6,65,EP
832b1afffffffff,6,60,NA
83189bfffffffff,6,60,NA
833526fffffffff,6,65,NA
833a13fffffffff,6,75,NA
833435fffffffff,6,70,NA
832eb2fffffffff,6,0,WP
837b2cfffffffff,6,98,SI
837b76fffffffff,6,55,SI
832b0cfffffffff,6,70,NA
832b01fffffffff,6,80,NA
83321efffffffff,6,65,WP
838794fffffffff,6,25,SI
83892efffffffff,6,100,SP
838419fffffffff,6,30,SI
83bfb3fffffffff,6,65,SP
837113fffffffff,6,95,EP
835b0bfffffffff,6,45,WP
83be94fffffffff,6,75,SP
83d446fffffffff,6,75,SP
83bfb1fffffffff,6,60,SP
83af1efffffffff,6,88,SI
83ba69fffffffff,6,58,SP
839b95fffffffff,6,90,SP
83ba8efffffffff,6,70,SP
83648bfffffffff,6,63,NI
836318fffffffff,6,115,NI
83504cfffffffff,6,48,EP
83166afffffffff,6,0,WP
831668fffffffff,6,0,EP
835b01fffffffff,6,20,WP
833169fffffffff,6,25,WP
8330acfffffffff,6,35,WP
83506efffffffff,6,75,EP
833598fffffffff,6,75,NA
833589fffffffff,6,65,NA
837100fffffffff,6,105,EP
837133fffffffff,6,105,EP
837132fffffffff,6,105,EP
835aa4fffffffff,6,138,WP
833acdfffffffff,6,50,NA
8360c0fffffffff,6,70,NI
8365a8fffffffff,6,65,WP
83659efffffffff,6,30,WP
831a6efffffffff,6,60,NA
837112fffffffff,6,75,EP
835ba3fffffffff,6,110,EP
835baafffffffff,6,60,WP
833223fffffffff,6,40,WP
83651bfffffffff,6,30,NI
836470fffffffff,6,30,NI
836434fffffffff,6,55,WP
836405fffffffff,6,50,NI
837b22fffffffff,6,40,SI
839499fffffffff,6,30,SI
83baa8fffffffff,6,50,SP
839f24fffffffff,6,85,SP
839cabfffffffff,6,40,SP
839cf6fffffffff,6,35,SP
83568efffffffff,6,40,NA
837166fffffffff,6,90,EP
834c06fffffffff,6,135,NA
8318f0fffffffff,6,65,NA
8360ebfffffffff,6,43,NI
83a7b2fffffffff,6,30,SI
83baf5fffffffff,6,55,SP
83ba5cfffffffff,6,75,SP
831648fffffffff,6,0,EP
834280fffffffff,6,115,NI
83712efffffffff,6,75,EP
83509efffffffff,6,30,EP
835a56fffffffff,6,35,WP
835a5cfffffffff,6,65,WP
835a58fffffffff,6,70,WP
832ed5fffffffff,6,53,WP
838591fffffffff,6,33,SI
837b20fffffffff,6,155,SI
835a53fffffffff,6,43,WP
839b92fffffffff,6,83,SP
83bd94fffffffff,6,50,SI
83cb02fffffffff,6,53,SI
83aa28fffffffff,6,58,SI
832b2afffffffff,6,85,NA
832641fffffffff,6,30,NA
83266afffffffff,6,35,NA
83266dfffffffff,6,30,NA
831a0bfffffffff,6,65,NA
83188dfffffffff,6,58,NA
8344c3fffffffff,6,45,NA
8332b6fffffffff,6,60,EP
834284fffffffff,6,98,NI
835a1efffffffff,6,135,WP
835a50fffffffff,6,40,WP
839c48fffffffff,6,35,SI
839c4dfffffffff,6,33,SI
8394c5fffffffff,6,25,SI
83a334fffffffff,6,125,SI
831653fffffffff,6,0,WP
832a80fffffffff,6,43,NA
8357b2fffffffff,6,103,NA
833318fffffffff,6,80,WP
835e4dfffffffff,6,70,NA
834cc5fffffffff,6,115,NA
83564cfffffffff,6,30,NA
832b1dfffffffff,6,60,NA
836363fffffffff,6,55,NI
836710fffffffff,6,133,NA
83ba28fffffffff,6,63,SP
83cb00fffffffff,6,50,SI
839c25fffffffff,6,50,SP
83b509fffffffff,6,43,SP
83ae68fffffffff,6,115,SI
8344ccfffffffff,6,25,NA
833506fffffffff,6,55,NA
833531fffffffff,6,68,NA
834871fffffffff,6,75,EP
839731fffffffff,6,90,SI
839735fffffffff,6,100,SI
839c62fffffffff,6,35,SP
83ba20fffffffff,6,50,SP
839468fffffffff,6,30,SI
834cacfffffffff,6,120,NA
831ae1fffffffff,6,78,NA
831a41fffffffff,6,60,NA
835730fffffffff,6,53,NA
833b45fffffffff,6,70,NA
833c95fffffffff,6,75,NI
836985fffffffff,6,50,WP
83ba4afffffffff,6,90,SP
83beb4fffffffff,6,60,SP
839c74fffffffff,6,45,SP
839720fffffffff,6,53,SI
835d02fffffffff,6,80,EP
831b58fffffffff,6,65,NA
834c9afffffffff,6,100,NA
83316dfffffffff,6,33,WP
83b4e4fffffffff,6,60,SP
83b8eefffffffff,6,33,SI
839ccbfffffffff,6,25,SP
833ac4fffffffff,6,115,NA
83358bfffffffff,6,90,NA
831a8bfffffffff,6,75,NA
83452cfffffffff,6,60,NA
833a02fffffffff,6,90,NA
834c04fffffffff,6,100,NA
83aa55fffffffff,6,70,SI
839461fffffffff,6,25,SI
83ca35fffffffff,6,45,SI
833406fffffffff,6,100,NA
833a0cfffffffff,6,95,NA
835089fffffffff,6,30,EP
836714fffffffff,6,123,NA
832e83fffffffff,6,0,WP
83459bfffffffff,6,60,NA
834d71fffffffff,6,140,NA
831b70fffffffff,6,58,NA
83671efffffffff,6,146,NA
836984fffffffff,6,43,WP
83aac6fffffffff,6,85,SI
831aeefffffffff,6,68,NA
836d52fffffffff,6,40,EP
834840fffffffff,6,52,EP
833411fffffffff,6,98,NA
839d2afffffffff,5,60,SP
83be83fffffffff,5,45,SP
83be80fffffffff,5,50,SP
83bf1afffffffff,5,60,SP
83a713fffffffff,5,48,SI
83a716fffffffff,5,40,SI
83ca2cfffffffff,5,65,SI
83ae23fffffffff,5,65,SI
83ae15fffffffff,5,53,SI
83af9bfffffffff,5,30,SI
83af98fffffffff,5,35,SI
83a6edfffffffff,5,48,SI
83a786fffffffff,5,45,SI
8394eafffffffff,5,25,SI
83afaafffffffff,5,80,SI
839d04fffffffff,5,125,SP
83be8afffffffff,5,45,SP
83bf85fffffffff,5,55,SP
83bfa0fffffffff,5,55,SP
83bb44fffffffff,5,45,SP
83bb73fffffffff,5,45,SP
83a2a3fffffffff,5,53,SI
83ba6afffffffff,5,50,SP
83ba63fffffffff,5,50,SP
83ba66fffffffff,5,45,SP
83bb10fffffffff,5,50,SP
83d449fffffffff,5,50,SP
83b473fffffffff,5,73,SP
83b472fffffffff,5,53,SP
83b423fffffffff,5,35,SP
837f2cfffffffff,5,70,SP
837f22fffffffff,5,55,SP
837f30fffffffff,5,70,SP
83b55bfffffffff,5,38,SP
83b42afffffffff,5,50,SP
837195fffffffff,5,28,EP
835b8dfffffffff,5,58,WP
835aa0fffffffff,5,80,WP
835aa2fffffffff,5,80,WP
835ab3fffffffff,5,70,WP
835ab2fffffffff,5,65,EP
835a96fffffffff,5,100,EP
835a95fffffffff,5,78,WP
835af5fffffffff,5,40,WP
836eabfffffffff,5,50,EP
834cb2fffffffff,5,110,NA
8316a1fffffffff,5,0,WP
834880fffffffff,5,60,NA
834885fffffffff,5,45,NA
8348aafffffffff,5,30,NA
835484fffffffff,5,30,NA
835486fffffffff,5,68,NA
8354b3fffffffff,5,73,NA
835773fffffffff,5,45,NA
83349efffffffff,5,60,NA
831a1efffffffff,5,65,NA
832edcfffffffff,5,23,WP
831488fffffffff,5,0,WP
8317a6fffffffff,5,0,WP
83576bfffffffff,5,68,NA
831a5efffffffff,5,65,NA
831a5cfffffffff,5,73,NA
831a6cfffffffff,5,65,NA
831893fffffffff,5,60,NA
834882fffffffff,5,50,NA
83548efffffffff,5,28,NA
833a1cfffffffff,5,90,NA
831a54fffffffff,5,65,NA
8336cbfffffffff,5,80,EP
835d2dfffffffff,5,43,EP
8367a3fffffffff,5,115,NA
832242fffffffff,5,50,EP
833420fffffffff,5,68,NA
83341cfffffffff,5,58,NA
8334abfffffffff,5,70,NA
833489fffffffff,5,90,NA
833495fffffffff,5,90,NA
833494fffffffff,5,90,NA
834fa0fffffffff,5,65,WP
83640cfffffffff,5,40,NI
837712fffffffff,5,15,WP
8360e1fffffffff,5,60,NI
837e9dfffffffff,5,23,WP
833358fffffffff,5,78,WP
8333aefffffffff,5,0,WP
8335a2fffffffff,5,65,NA
83a04cfffffffff,5,97,SP
83a15afffffffff,5,50,SP
83a14efffffffff,5,70,SP
83a14cfffffffff,5,45,SP
838d76fffffffff,5,105,SI
83af48fffffffff,5,128,SI
838c01fffffffff,5,50,SI
83ae4bfffffffff,5,65,SI
83a759fffffffff,5,80,SI
83ca6cfffffffff,5,48,SI
83ca69fffffffff,5,40,SI
83cb05fffffffff,5,69,SI
83cb03fffffffff,5,45,SI
837f14fffffffff,5,35,SP
837f31fffffffff,5,65,SP
83be8bfffffffff,5,45,SP
8394cbfffffffff,5,30,SI
8394d3fffffffff,5,30,SI
83b8d8fffffffff,5,30,SI
83b8cafffffffff,5,63,SI
83a794fffffffff,5,45,SI
839bb0fffffffff,5,120,SP
83b4e8fffffffff,5,58,SP
83b508fffffffff,5,55,SP
839bb3fffffffff,5,45,SP
83b419fffffffff,5,53,SP
839aa5fffffffff,5,45,SP
839b98fffffffff,5,70,SP
838960fffffffff,5,125,SP
83baaafffffffff,5,45,SP
83a61bfffffffff,5,88,SI
83a78dfffffffff,5,35,SI
83ba6dfffffffff,5,43,SP
839a4efffffffff,5,90,SP
839a56fffffffff,5,50,SP
83aa88fffffffff,5,50,SI
83b4d4fffffffff,5,55,SP
83b48bfffffffff,5,75,SP
83b498fffffffff,5,65,SP
837edcfffffffff,5,15,WP
835a4afffffffff,5,90,WP
834fb4fffffffff,5,98,WP
835ae9fffffffff,5,100,WP
835accfffffffff,5,98,WP
83332dfffffffff,5,93,WP
833315fffffffff,5,85,WP
838975fffffffff,5,53,SP
83b4dafffffffff,5,53,SP
83b481fffffffff,5,45,SP
83b480fffffffff,5,105,SP
83b4b5fffffffff,5,85,SP
83b593fffffffff,5,55,SP
83b463fffffffff,5,70,SP
83b55efffffffff,5,60,SP
83859cfffffffff,5,35,SI
838598fffffffff,5,35,SI
838786fffffffff,5,20,SI
83a774fffffffff,5,50,SI
83a742fffffffff,5,85,SI
834591fffffffff,5,90,NA
8330b3fffffffff,5,30,WP
83148efffffffff,5,0,WP
831a8cfffffffff,5,65,NA
835e0bfffffffff,5,55,NA
836705fffffffff,5,128,NA
831665fffffffff,5,0,WP
830c92fffffffff,5,0,EP
832e8bfffffffff,5,43,WP
8316a0fffffffff,5,0,WP
831a99fffffffff,5,75,NA
83351efffffffff,5,68,NA
836635fffffffff,5,75,NA
836782fffffffff,5,65,NA
836790fffffffff,5,73,NA
831794fffffffff,5,0,WP
831784fffffffff,5,0,WP
83464dfffffffff,5,55,EP
833321fffffffff,5,100,WP
833329fffffffff,5,100,WP
833211fffffffff,5,60,WP
8335a4fffffffff,5,60,NA
831a4dfffffffff,5,55,NA
833530fffffffff,5,50,NA
8317abfffffffff,5,0,WP
8317a9fffffffff,5,0,WP
8316a4fffffffff,5,0,WP
83860afffffffff,5,33,SI
836114fffffffff,5,53,NI
8360ecfffffffff,5,80,NI
833a74fffffffff,5,80,NA
83358afffffffff,5,95,NA
8335a8fffffffff,5,45,NA
834583fffffffff,5,130,NA
83459cfffffffff,5,95,NA
836801fffffffff,5,63,WP
839e86fffffffff,5,40,SP
83bf83fffffffff,5,60,SP
83ca66fffffffff,5,43,SI
83a70efffffffff,5,30,SI
83be9afffffffff,5,84,SP
83ba0afffffffff,5,65,SP
83ba06fffffffff,5,45,SP
83ba36fffffffff,5,40,SP
83bbabfffffffff,5,45,SP
83bbb1fffffffff,5,50,SP
83b524fffffffff,5,50,SP
83a29dfffffffff,5,50,SI
83cb30fffffffff,5,50,SI
83cb1cfffffffff,5,54,SI
83cb18fffffffff,5,50,SI
83a630fffffffff,5,71,SI
83a29afffffffff,5,65,SI
839ae0fffffffff,5,90,SP
839a19fffffffff,5,85,SP
839a1bfffffffff,5,30,SP
839b24fffffffff,5,70,SP
83ba9dfffffffff,5,60,SP
83bd9dfffffffff,5,85,SI
837626fffffffff,5,20,WP
83ba71fffffffff,5,40,SP
83ba05fffffffff,5,55,SP
83ba23fffffffff,5,53,SP
83bba0fffffffff,5,50,SP
83d45efffffffff,5,45,SP
838615fffffffff,5,30,SI
838608fffffffff,5,35,SI
83af14fffffffff,5,68,SI
83afa3fffffffff,5,40,SI
83769afffffffff,5,117,SP
836e6bfffffffff,5,55,EP
832eadfffffffff,5,40,WP
831a94fffffffff,5,60,NA
8332b1fffffffff,5,45,WP
838595fffffffff,5,30,SI
837b36fffffffff,5,30,SI
837936fffffffff,5,115,EP
833158fffffffff,5,29,WP
833cf5fffffffff,5,60,NI
834032fffffffff,5,18,WP
835134fffffffff,5,75,EP
835135fffffffff,5,90,EP
83512cfffffffff,5,55,EP
835db6fffffffff,5,70,EP
836e8cfffffffff,5,50,EP
83149efffffffff,5,0,WP
83149cfffffffff,5,0,WP
832f9efffffffff,5,50,WP
83578cfffffffff,5,60,NA
83710dfffffffff,5,33,EP
835b86fffffffff,5,88,EP
83179afffffffff,5,0,WP
83444afffffffff,5,30,NA
835addfffffffff,5,73,WP
83236bfffffffff,5,0,EP
831a13fffffffff,5,80,NA
83509cfffffffff,5,45,EP
832934fffffffff,5,28,EP
832930fffffffff,5,25,EP
836d76fffffffff,5,60,EP
834c31fffffffff,5,100,NA
833389fffffffff,5,60,WP
836c21fffffffff,5,45,EP
836c22fffffffff,5,65,EP
8360a6fffffffff,5,25,NI
8360b0fffffffff,5,50,NI
833cb2fffffffff,5,25,NI
83634efffffffff,5,30,NI
837155fffffffff,5,40,EP
8346cdfffffffff,5,115,EP
8346ccfffffffff,5,115,EP
8346ebfffffffff,5,75,EP
833699fffffffff,5,73,EP
835b30fffffffff,5,28,WP
835b05fffffffff,5,45,WP
83644cfffffffff,5,35,NI
83605dfffffffff,5,30,NI
838905fffffffff,5,75,SP
838923fffffffff,5,88,SP
838922fffffffff,5,90,SP
83b4d6fffffffff,5,75,SP
83b4f2fffffffff,5,55,SP
83b4f0fffffffff,5,65,SP
83b412fffffffff,5,50,SP
83b581fffffffff,5,53,SP
83b580fffffffff,5,50,SP
83b5b0fffffffff,5,40,SP
83aaddfffffffff,5,45,SI
83a04dfffffffff,5,100,SP
839ab0fffffffff,5,105,SP
83b49cfffffffff,5,83,SP
83b4a0fffffffff,5,50,SP
8394d6fffffffff,5,45,SI
83b8dafffffffff,5,43,SI
83a06bfffffffff,5,73,SP
839a6afffffffff,5,35,SP
83baf6fffffffff,5,48,SP
83b52cfffffffff,5,55,SP
83d499fffffffff,5,55,SP
838953fffffffff,5,35,SP
839b9cfffffffff,5,140,SP
83b445fffffffff,5,35,SP
83a06cfffffffff,5,86,SP
83b492fffffffff,5,83,SP
838d65fffffffff,5,90,SI
836c31fffffffff,5,45,EP
836c33fffffffff,5,45,EP
836d89fffffffff,5,55,EP
837713fffffffff,5,20,WP
838789fffffffff,5,30,SI
834648fffffffff,5,80,EP
835cb6fffffffff,5,35,EP
833cf4fffffffff,5,40,NI
83486efffffffff,5,35,EP
83486afffffffff,5,55,EP
834469fffffffff,5,50,NA
833350fffffffff,5,93,WP
83338cfffffffff,5,0,WP
835a2efffffffff,5,35,WP
834005fffffffff,5,0,WP
835bb1fffffffff,5,63,EP
8373a6fffffffff,5,20,WP
83720efffffffff,5,15,WP
833283fffffffff,5,40,WP
8364abfffffffff,5,100,NI
836d8bfffffffff,5,33,EP
83ae24fffffffff,5,105,SI
83ae20fffffffff,5,45,SI
833cc3fffffffff,5,50,NI
83878efffffffff,5,45,SI
8377a4fffffffff,5,25,WP
83942efffffffff,5,30,SI
839423fffffffff,5,35,SI
838dacfffffffff,5,35,SI
83af58fffffffff,5,105,SI
83af53fffffffff,5,50,SI
83ccc5fffffffff,5,40,SI
83bc86fffffffff,5,113,SI
83a74efffffffff,5,48,SI
83be91fffffffff,5,55,SP
83be8cfffffffff,5,45,SP
83afb1fffffffff,5,55,SI
83beb0fffffffff,5,68,SP
8363a3fffffffff,5,115,NI
836493fffffffff,5,25,NI
8330a3fffffffff,5,25,WP
8330a5fffffffff,5,35,WP
833db3fffffffff,5,25,NI
831a19fffffffff,5,65,NA
831a08fffffffff,5,60,NA
8350f5fffffffff,5,35,EP
834862fffffffff,5,70,EP
831ab2fffffffff,5,60,NA
835ad2fffffffff,5,90,WP
835494fffffffff,5,30,NA
83574efffffffff,5,50,NA
835771fffffffff,5,80,NA
83570efffffffff,5,50,NA
834985fffffffff,5,55,EP
8344b6fffffffff,5,95,NA
834490fffffffff,5,105,NA
836015fffffffff,5,20,NI
836056fffffffff,5,40,NI
836348fffffffff,5,43,NI
83635bfffffffff,5,55,NI
83622bfffffffff,5,58,NI
83621dfffffffff,5,60,NI
836213fffffffff,5,60,NI
8362a0fffffffff,5,60,NI
8362a6fffffffff,5,60,NI
837a92fffffffff,5,55,NI
83aa86fffffffff,5,53,SI
835edbfffffffff,5,115,NA
839a4bfffffffff,5,28,SP
839eabfffffffff,5,80,SP
83cb73fffffffff,5,36,SI
839b18fffffffff,5,108,SP
839b40fffffffff,5,98,SP
83b408fffffffff,5,65,SP
83bae5fffffffff,5,73,SP
83aa90fffffffff,5,40,SI
838976fffffffff,5,95,SP
83b4cafffffffff,5,60,SP
83b575fffffffff,5,40,SP
83a7aefffffffff,5,30,SI
83b85bfffffffff,5,40,SI
83cb1dfffffffff,5,52,SI
838d12fffffffff,5,45,SI
83baf4fffffffff,5,70,SP
833cc5fffffffff,5,50,NI
832b2dfffffffff,5,58,NA
83302cfffffffff,5,53,WP
832a8efffffffff,5,30,NA
832a81fffffffff,5,50,NA
832ed4fffffffff,5,50,WP
831695fffffffff,5,0,WP
8350f2fffffffff,5,30,EP
83359efffffffff,5,75,NA
8335aafffffffff,5,55,NA
833015fffffffff,5,40,WP
833172fffffffff,5,30,WP
831714fffffffff,5,0,WP
837125fffffffff,5,65,EP
837124fffffffff,5,115,EP
8350f1fffffffff,5,35,EP
83710bfffffffff,5,25,EP
835a12fffffffff,5,138,WP
835a8afffffffff,5,110,WP
833304fffffffff,5,100,WP
83331efffffffff,5,80,WP
8333adfffffffff,5,78,WP
833381fffffffff,5,68,WP
83339cfffffffff,5,63,WP
83236dfffffffff,5,0,EP
8326e9fffffffff,5,35,NA
835714fffffffff,5,63,NA
833a72fffffffff,5,60,NA
833a2bfffffffff,5,103,NA
834d03fffffffff,5,105,NA
832a14fffffffff,5,75,NA
831b83fffffffff,5,55,NA
831a36fffffffff,5,73,NA
831b5cfffffffff,5,55,NA
831b6cfffffffff,5,50,NA
833d86fffffffff,5,25,NI
833d80fffffffff,5,30,NI
833d85fffffffff,5,25,NI
834802fffffffff,5,75,EP
837200fffffffff,5,25,WP
833c94fffffffff,5,68,NI
836833fffffffff,5,45,WP
835cb0fffffffff,5,35,EP
8346e0fffffffff,5,90,EP
834cf4fffffffff,5,80,NA
83869afffffffff,5,23,NI
83aa5afffffffff,5,65,SI
83aac1fffffffff,5,50,SI
839d52fffffffff,5,40,SP
839d5cfffffffff,5,50,SP
839d55fffffffff,5,30,SP
8377a5fffffffff,5,25,WP
83725cfffffffff,5,55,WP
83aa50fffffffff,5,90,SI
83aae6fffffffff,5,30,SI
83b58cfffffffff,5,55,SP
83a620fffffffff,5,40,SI
83bcb0fffffffff,5,85,SI
83bd9bfffffffff,5,100,SI
83bda2fffffffff,5,75,SI
83a6c5fffffffff,5,75,SI
83ba12fffffffff,5,50,SP
83a62bfffffffff,5,110,SI
83bcb1fffffffff,5,108,SI
83cba0fffffffff,5,50,SI
83aa89fffffffff,5,45,SI
83aad6fffffffff,5,40,SI
83aadafffffffff,5,40,SI
83a706fffffffff,5,68,SI
839ed2fffffffff,5,61,SP
839ed0fffffffff,5,63,SP
839ed1fffffffff,5,63,SP
839eddfffffffff,5,55,SP
83265afffffffff,5,25,NA
832658fffffffff,5,25,NA
8346c5fffffffff,5,108,EP
834d02fffffffff,5,80,NA
83845bfffffffff,5,45,SI
837923fffffffff,5,85,EP
834fb2fffffffff,5,130,WP
83421bfffffffff,5,45,NI
833ad0fffffffff,5,60,NA
832e9dfffffffff,5,38,WP
831786fffffffff,5,0,WP
83480afffffffff,5,53,EP
837e99fffffffff,5,25,WP
835b25fffffffff,5,20,WP
837ed0fffffffff,5,20,WP
83636bfffffffff,5,78,NI
837e8afffffffff,5,25,WP
839b9bfffffffff,5,60,SP
83b4f1fffffffff,5,65,SP
83b4a6fffffffff,5,50,SP
83aa91fffffffff,5,55,SI
839b82fffffffff,5,140,SP
839d59fffffffff,5,23,SP
83aa99fffffffff,5,36,SI
83ccd8fffffffff,5,43,SI
83b8cdfffffffff,5,35,SI
839b9dfffffffff,5,75,SP
83b454fffffffff,5,80,SP
838965fffffffff,5,85,SP
83b411fffffffff,5,48,SP
83aa76fffffffff,5,55,SI
839cc3fffffffff,5,35,SP
839ccefffffffff,5,35,SP
83b41dfffffffff,5,45,SP
83cb53fffffffff,5,40,SI
839e83fffffffff,5,33,SP
839e8dfffffffff,5,30,SP
834c13fffffffff,5,130,NA
8364f5fffffffff,5,50,NI
834292fffffffff,5,58,NI
836366fffffffff,5,50,NI
836364fffffffff,5,55,NI
836365fffffffff,5,50,NI
83429bfffffffff,5,68,NI
83428efffffffff,5,63,NI
834288fffffffff,5,50,NI
8342aafffffffff,5,80,NI
8342a3fffffffff,5,135,NI
835b0dfffffffff,5,38,WP
836d55fffffffff,5,45,EP
831acefffffffff,5,65,NA
8318f3fffffffff,5,60,NA
83676cfffffffff,5,120,NA
836763fffffffff,5,120,NA
836771fffffffff,5,135,NA
836772fffffffff,5,120,NA
836718fffffffff,5,150,NA
833515fffffffff,5,70,NA
835bb6fffffffff,5,65,EP
834692fffffffff,5,90,EP
835a92fffffffff,5,100,EP
83330efffffffff,5,100,WP
832e73fffffffff,5,63,WP
836098fffffffff,5,25,NI
833c12fffffffff,5,30,NI
838653fffffffff,5,35,SI
837661fffffffff,5,38,WP
8397b1fffffffff,5,59,SI
836026fffffffff,5,63,NI
83602afffffffff,5,70,NI
83600cfffffffff,5,45,NI
836009fffffffff,5,38,NI
83609cfffffffff,5,43,NI
839d9efffffffff,5,55,SP
837f02fffffffff,5,43,SP
83ba56fffffffff,5,83,SP
83bb59fffffffff,5,50,SP
83bb4afffffffff,5,50,SP
83b598fffffffff,5,50,SP
83b512fffffffff,5,45,SP
83ba2afffffffff,5,63,SP
83ba31fffffffff,5,70,SP
83ba35fffffffff,5,70,SP
83bba2fffffffff,5,45,SP
83ae48fffffffff,5,30,SI
83b84bfffffffff,5,38,SI
83b872fffffffff,5,33,SI
8360f3fffffffff,5,68,NI
8360d0fffffffff,5,43,NI
8350e4fffffffff,5,43,EP
831654fffffffff,5,0,WP
835d1cfffffffff,5,70,EP
834c8afffffffff,5,43,NA
8344d8fffffffff,5,70,NA
832a34fffffffff,5,60,NA
83479cfffffffff,5,90,EP
833330fffffffff,5,103,WP
833516fffffffff,5,55,NA
8348a6fffffffff,5,43,NA
836745fffffffff,5,50,NA
836746fffffffff,5,50,NA
836d63fffffffff,5,55,EP
8364f0fffffffff,5,120,NI
833cd8fffffffff,5,100,NI
83bb4dfffffffff,5,55,SP
8346ecfffffffff,5,50,EP
8346e5fffffffff,5,83,EP
835a5afffffffff,5,50,WP
83aaa9fffffffff,5,54,SI
83b54cfffffffff,5,35,SP
83b4e5fffffffff,5,65,SP
83a75cfffffffff,5,90,SI
839d9afffffffff,5,35,SP
83b85cfffffffff,5,40,SI
839d8bfffffffff,5,55,SP
839ef0fffffffff,5,40,SP
8349b0fffffffff,5,85,EP
834fabfffffffff,5,115,WP
833a9dfffffffff,5,98,NA
831a04fffffffff,5,80,NA
831611fffffffff,5,0,WP
832ea1fffffffff,5,40,WP
8354b1fffffffff,5,35,NA
83575cfffffffff,5,75,NA
835742fffffffff,5,80,NA
835751fffffffff,5,40,NA
835719fffffffff,5,45,NA
8335b4fffffffff,5,80,NA
831b4afffffffff,5,65,NA
831a43fffffffff,5,65,NA
832b9dfffffffff,5,38,NA
8330ecfffffffff,5,45,WP
835a73fffffffff,5,125,WP
8384e4fffffffff,5,25,SI
836516fffffffff,5,30,WP
8365a9fffffffff,5,70,WP
836436fffffffff,5,95,WP
83af54fffffffff,5,50,SI
83ba6cfffffffff,5,55,SP
83a633fffffffff,5,88,SI
839a53fffffffff,5,98,SP
839aecfffffffff,5,70,SP
838955fffffffff,5,50,SP
838971fffffffff,5,105,SP
839ed4fffffffff,5,40,SP
83bf95fffffffff,5,50,SP
83aadcfffffffff,5,28,SI
83af0bfffffffff,5,110,SI
83ae32fffffffff,5,78,SI
836809fffffffff,5,53,WP
838453fffffffff,5,30,SI
835e31fffffffff,5,50,NA
835e04fffffffff,5,115,NA
835e2efffffffff,5,50,NA
831672fffffffff,5,0,WP
831675fffffffff,5,0,WP
830c96fffffffff,5,0,EP
8357b5fffffffff,5,50,NA
833a52fffffffff,5,55,NA
8335abfffffffff,5,55,NA
833519fffffffff,5,55,NA
83498dfffffffff,5,60,NA
835b9cfffffffff,5,100,EP
835b83fffffffff,5,130,EP
835b8afffffffff,5,140,WP
835a10fffffffff,5,130,WP
835a19fffffffff,5,140,WP
836092fffffffff,5,25,NI
8357b0fffffffff,5,95,NA
833ae8fffffffff,5,55,NA
83226afffffffff,5,50,WP
8384e1fffffffff,5,30,SI
833a5efffffffff,5,40,NA
834cb5fffffffff,5,128,NA
83179dfffffffff,5,0,WP
835b03fffffffff,5,30,WP
83aa92fffffffff,5,35,SI
839c6efffffffff,5,45,SP
839c68fffffffff,5,68,SP
8394dcfffffffff,5,20,SI
839475fffffffff,5,30,SI
833cc1fffffffff,5,98,NI
83b464fffffffff,5,40,SP
834031fffffffff,5,25,WP
835d13fffffffff,5,55,EP
832b06fffffffff,5,60,NA
832b31fffffffff,5,55,NA
833529fffffffff,5,65,NA
8334a4fffffffff,5,93,NA
833431fffffffff,5,75,NA
83234dfffffffff,5,55,EP
833588fffffffff,5,65,NA
833426fffffffff,5,48,NA
8360b4fffffffff,5,65,NI
837b21fffffffff,5,50,SI
835b22fffffffff,5,30,WP
836010fffffffff,5,30,NI
839eb1fffffffff,5,85,SP
833390fffffffff,5,50,EP
83d4d8fffffffff,5,50,SP
838970fffffffff,5,100,SP
835b29fffffffff,5,50,WP
83ba1dfffffffff,5,60,SP
83ba02fffffffff,5,35,SP
83bb08fffffffff,5,55,SP
839d22fffffffff,5,115,SP
83af11fffffffff,5,90,SI
83bb93fffffffff,5,40,SP
834d74fffffffff,5,75,NA
836358fffffffff,5,35,NI
836351fffffffff,5,48,NI
83504dfffffffff,5,55,EP
8336c9fffffffff,5,65,EP
8346cefffffffff,5,103,EP
832eaefffffffff,5,50,WP
835a4bfffffffff,5,90,WP
834458fffffffff,5,30,NA
83445afffffffff,5,45,NA
833084fffffffff,5,55,WP
833143fffffffff,5,40,WP
8317a0fffffffff,5,0,WP
835da6fffffffff,5,125,EP
83466afffffffff,5,100,EP
83351bfffffffff,5,55,NA
83166cfffffffff,5,0,EP
8334a2fffffffff,5,80,NA
83350efffffffff,5,55,NA
833528fffffffff,5,55,NA
8318f1fffffffff,5,65,NA
8318f5fffffffff,5,60,NA
832aa1fffffffff,5,30,NA
837106fffffffff,5,105,EP
833366fffffffff,5,85,WP
834298fffffffff,5,95,NI
834294fffffffff,5,115,NI
8342b2fffffffff,5,125,NI
835b43fffffffff,5,25,WP
836406fffffffff,5,28,NI
836400fffffffff,5,30,NI
835ba6fffffffff,5,90,EP
835a32fffffffff,5,55,WP
836423fffffffff,5,30,NI
836428fffffffff,5,25,NI
83611dfffffffff,5,60,NI
83601efffffffff,5,38,NI
837b35fffffffff,5,40,SI
837b75fffffffff,5,68,SI
83ae6afffffffff,5,99,SI
83ba2efffffffff,5,30,SP
836850fffffffff,5,20,WP
83b550fffffffff,5,50,SP
83678afffffffff,5,63,NA
836798fffffffff,5,100,NA
837164fffffffff,5,90,EP
834695fffffffff,5,130,EP
834cdcfffffffff,5,45,NA
835ed9fffffffff,5,145,NA
831a46fffffffff,5,70,NA
8349abfffffffff,5,90,EP
836001fffffffff,5,35,NI
83429efffffffff,5,65,NI
83651efffffffff,5,48,WP
83642bfffffffff,5,25,NI
83bea2fffffffff,5,54,SP
83bacdfffffffff,5,113,SP
8397a2fffffffff,5,55,SI
8397a3fffffffff,5,35,SI
83bb13fffffffff,5,0,SP
83aaeefffffffff,5,68,SI
83aaeafffffffff,5,60,SI
834286fffffffff,5,88,NI
8340b6fffffffff,5,20,WP
835a98fffffffff,5,105,WP
833332fffffffff,5,80,WP
8330a2fffffffff,5,53,WP
8344cefffffffff,5,25,NA
832aaefffffffff,5,53,NA
835a54fffffffff,5,125,WP
834f90fffffffff,5,95,WP
834521fffffffff,5,109,NA
835a51fffffffff,5,30,WP
833aeafffffffff,5,115,NA
833ac5fffffffff,5,103,NA
836734fffffffff,5,100,NA
83b8e8fffffffff,5,30,SI
83b59afffffffff,5,73,SP
83bcb4fffffffff,5,90,SI
83bdb2fffffffff,5,55,SI
83aab2fffffffff,5,45,SI
83aa9cfffffffff,5,55,SI
83aa49fffffffff,5,73,SI
832b2efffffffff,5,81,NA
83266efffffffff,5,30,NA
831a28fffffffff,5,68,NA
8318f6fffffffff,5,55,NA
8334b1fffffffff,5,85,NA
833412fffffffff,5,90,NA
833500fffffffff,5,60,NA
833524fffffffff,5,60,NA
835aa6fffffffff,5,140,WP
839d76fffffffff,5,30,SP
83bb19fffffffff,5,48,SP
83698dfffffffff,5,43,WP
838795fffffffff,5,23,SI
831663fffffffff,5,0,WP
832b23fffffffff,5,75,NA
8340a4fffffffff,5,30,WP
836d0dfffffffff,5,40,EP
838610fffffffff,5,28,SI
832a88fffffffff,5,40,NA
832baafffffffff,5,40,NA
831ab1fffffffff,5,70,NA
83564dfffffffff,5,35,NA
831832fffffffff,5,60,NA
836373fffffffff,5,115,NI
83631bfffffffff,5,98,NI
8363a9fffffffff,5,108,NI
831823fffffffff,5,63,NA
836981fffffffff,5,35,WP
836986fffffffff,5,35,WP
836410fffffffff,5,45,NI
8364adfffffffff,5,45,NI
8365a6fffffffff,5,55,WP
836532fffffffff,5,29,WP
83bb40fffffffff,5,45,SP
83bab0fffffffff,5,73,SP
83bca2fffffffff,5,55,SI
83bba5fffffffff,5,0,SP
83bab2fffffffff,5,40,SP
835a40fffffffff,5,133,WP
837146fffffffff,5,30,EP
837109fffffffff,5,40,EP
833db1fffffffff,5,25,NI
835a36fffffffff,5,40,WP
83339afffffffff,5,60,WP
834cf5fffffffff,5,145,NA
836371fffffffff,5,80,NI
83aa19fffffffff,5,65,SI
83ccf3fffffffff,5,35,SI
83635efffffffff,5,30,NI
836356fffffffff,5,60,NI
836308fffffffff,5,75,NI
831aa0fffffffff,5,60,NA
831a15fffffffff,5,68,NA
832eb1fffffffff,5,30,WP
833a43fffffffff,5,70,NA
833573fffffffff,5,88,NA
83b5aefffffffff,5,35,SP
839f49fffffffff,5,83,SP
83bf9afffffffff,5,55,SP
83b41cfffffffff,5,45,SP
83b415fffffffff,5,45,SP
834023fffffffff,5,0,WP
833174fffffffff,5,30,WP
8316b5fffffffff,5,0,WP
834596fffffffff,5,105,NA
831b8cfffffffff,5,63,NA
836d42fffffffff,5,50,EP
836210fffffffff,5,40,NI
83cb0efffffffff,5,45,SI
8394c9fffffffff,5,30,SI
83d4defffffffff,5,60,SP
838c31fffffffff,5,45,SI
8342c4fffffffff,5,55,NI
833010fffffffff,5,0,WP
834f95fffffffff,5,115,WP
83b541fffffffff,5,55,SP
83630efffffffff,5,85,NI
83631dfffffffff,5,73,NI
835aa1fffffffff,5,133,WP
832a84fffffffff,5,40,NA
834594fffffffff,5,120,NA
83ca31fffffffff,5,45,SI
83ca6dfffffffff,5,40,SI
831994fffffffff,5,65,NA
833480fffffffff,5,90,NA
832a9bfffffffff,5,25,NA
832a98fffffffff,5,25,NA
833ae6fffffffff,5,93,NA
83428dfffffffff,5,95,NI
8362a4fffffffff,5,40,NI
832668fffffffff,5,40,NA
831609fffffffff,5,0,WP
831673fffffffff,5,0,WP
831a10fffffffff,5,60,NA
833533fffffffff,5,55,NA
833514fffffffff,5,55,NA
837102fffffffff,5,45,EP
83265efffffffff,5,38,NA
8360d2fffffffff,5,120,NI
83350dfffffffff,5,60,NA
8346c0fffffffff,5,120,EP
833935fffffffff,5,48,NA
83aa01fffffffff,5,75,SI
836234fffffffff,5,105,NI
831b93fffffffff,5,70,NA
839d53fffffffff,4,95,SP
839d05fffffffff,4,125,SP
83bea0fffffffff,4,50,SP
83bf88fffffffff,4,55,SP
83bfa9fffffffff,4,60,SP
83cb52fffffffff,4,45,SI
83ca56fffffffff,4,30,SI
83ae28fffffffff,4,70,SI
83af91fffffffff,4,50,SI
83a6e1fffffffff,4,75,SI
83a782fffffffff,4,58,SI
83a7b0fffffffff,4,35,SI
83cb4cfffffffff,4,55,SI
83afacfffffffff,4,45,SI
839d20fffffffff,4,75,SP
83bf81fffffffff,4,55,SP
83bfa5fffffffff,4,50,SP
83bfa4fffffffff,4,50,SP
83bb45fffffffff,4,65,SP
83bb46fffffffff,4,45,SP
83bb54fffffffff,4,45,SP
83bb18fffffffff,4,40,SP
83bba8fffffffff,4,30,SP
83bbaafffffffff,4,40,SP
83a282fffffffff,4,60,SI
83ba6bfffffffff,4,55,SP
83ba62fffffffff,4,50,SP
83bb52fffffffff,4,43,SP
83bb1cfffffffff,4,50,SP
83bb14fffffffff,4,50,SP
83ae73fffffffff,4,88,SI
83b51afffffffff,4,30,SP
837f21fffffffff,4,55,SP
839a21fffffffff,4,100,SP
83ba8bfffffffff,4,93,SP
8371b6fffffffff,4,38,WP
835b12fffffffff,4,45,WP
8346b5fffffffff,4,40,EP
8346a6fffffffff,4,40,EP
83479afffffffff,4,85,EP
835a86fffffffff,4,50,WP
83225efffffffff,4,53,EP
836ea9fffffffff,4,40,EP
834881fffffffff,4,38,NA
8348abfffffffff,4,33,NA
835772fffffffff,4,55,NA
83570dfffffffff,4,55,NA
83570cfffffffff,4,50,NA
835734fffffffff,4,60,NA
833484fffffffff,4,65,NA
833422fffffffff,4,67,NA
831aaafffffffff,4,70,NA
83141afffffffff,4,0,WP
8317b2fffffffff,4,0,WP
8317b5fffffffff,4,0,WP
83144afffffffff,4,0,WP
83570afffffffff,4,110,NA
83571dfffffffff,4,103,NA
834883fffffffff,4,38,NA
831b48fffffffff,4,50,NA
8364b3fffffffff,4,30,WP
835d2cfffffffff,4,50,EP
835d21fffffffff,4,55,EP
835d35fffffffff,4,65,EP
835d34fffffffff,4,70,EP
836d35fffffffff,4,58,NA
836d30fffffffff,4,45,NA
83225cfffffffff,4,30,EP
833474fffffffff,4,53,NA
833428fffffffff,4,70,NA
833556fffffffff,4,58,NA
83341efffffffff,4,75,NA
8334adfffffffff,4,60,NA
8334f2fffffffff,4,90,NA
83348cfffffffff,4,90,NA
833481fffffffff,4,90,NA
833483fffffffff,4,90,NA
83602cfffffffff,4,25,NI
837e88fffffffff,4,25,WP
837e89fffffffff,4,25,WP
837ecefffffffff,4,23,WP
8333a3fffffffff,4,20,WP
83a336fffffffff,4,45,SI
839796fffffffff,4,123,SI
83a009fffffffff,4,76,SP
83a00cfffffffff,4,72,SP
83af4efffffffff,4,125,SI
8395aefffffffff,4,45,SI
83a28cfffffffff,4,58,SI
83ccc9fffffffff,4,45,SI
83a605fffffffff,4,83,SI
83a62cfffffffff,4,58,SI
839a48fffffffff,4,35,SP
83bed6fffffffff,4,35,SP
83bed2fffffffff,4,30,SP
8394defffffffff,4,30,SI
83b8ddfffffffff,4,33,SI
83b401fffffffff,4,65,SP
83b405fffffffff,4,50,SP
83b425fffffffff,4,40,SP
83b544fffffffff,4,30,SP
83b561fffffffff,4,35,SP
83ba85fffffffff,4,42,SP
83baa3fffffffff,4,48,SP
83baaefffffffff,4,40,SP
83a7b5fffffffff,4,25,SI
83b8e9fffffffff,4,20,SI
83b8e1fffffffff,4,25,SI
839d34fffffffff,4,63,SP
839f65fffffffff,4,75,SP
83bfb2fffffffff,4,40,SP
83bb49fffffffff,4,30,SP
83bb48fffffffff,4,40,SP
83bb4efffffffff,4,50,SP
83b4c6fffffffff,4,63,SP
83a175fffffffff,4,75,SP
837ec2fffffffff,4,15,WP
835acefffffffff,4,125,WP
83896efffffffff,4,50,SP
83892dfffffffff,4,40,SP
83b4d3fffffffff,4,50,SP
83b4d0fffffffff,4,75,SP
83b48cfffffffff,4,50,SP
83b484fffffffff,4,50,SP
83b4b4fffffffff,4,40,SP
83afa9fffffffff,4,83,SI
83afabfffffffff,4,65,SI
83a776fffffffff,4,35,SI
8367a9fffffffff,4,68,NA
8367aafffffffff,4,90,NA
83678efffffffff,4,90,NA
833033fffffffff,4,30,WP
832ed6fffffffff,4,0,WP
832ed3fffffffff,4,0,WP
83175bfffffffff,4,0,WP
8314e8fffffffff,4,0,WP
835e2dfffffffff,4,50,NA
83179bfffffffff,4,0,WP
8316a6fffffffff,4,0,WP
8348b1fffffffff,4,48,NA
8335adfffffffff,4,55,NA
836626fffffffff,4,68,NA
836636fffffffff,4,55,NA
833320fffffffff,4,23,WP
83332cfffffffff,4,48,WP
834815fffffffff,4,54,EP
833532fffffffff,4,55,NA
833535fffffffff,4,50,NA
833520fffffffff,4,55,NA
83178dfffffffff,4,0,WP
8317a8fffffffff,4,0,WP
835689fffffffff,4,53,NA
835698fffffffff,4,35,NA
834c21fffffffff,4,100,NA
836115fffffffff,4,55,NI
836030fffffffff,4,55,NI
836031fffffffff,4,50,NI
836002fffffffff,4,45,NI
833599fffffffff,4,90,NA
83bf9efffffffff,4,40,SP
83bf16fffffffff,4,40,SP
83bf14fffffffff,4,40,SP
83bf30fffffffff,4,30,SP
83bae4fffffffff,4,33,SP
83ba33fffffffff,4,40,SP
83bbb0fffffffff,4,40,SP
83bbb6fffffffff,4,60,SP
83cb33fffffffff,4,50,SI
83cb1bfffffffff,4,47,SI
83a636fffffffff,4,60,SI
83cb34fffffffff,4,55,SI
83cb31fffffffff,4,30,SI
83cb06fffffffff,4,55,SI
839ae6fffffffff,4,65,SP
83b570fffffffff,4,45,SP
839ed9fffffffff,4,40,SP
839f60fffffffff,4,55,SP
83ba70fffffffff,4,40,SP
83bbacfffffffff,4,50,SP
83bba1fffffffff,4,45,SP
83d45bfffffffff,4,40,SP
83d458fffffffff,4,45,SP
83d451fffffffff,4,48,SP
83d450fffffffff,4,35,SP
838602fffffffff,4,40,SI
83648dfffffffff,4,93,NI
836483fffffffff,4,40,NI
833ce3fffffffff,4,25,NI
838594fffffffff,4,55,SI
837b33fffffffff,4,40,SI
835d12fffffffff,4,45,EP
834199fffffffff,4,20,WP
83315dfffffffff,4,40,WP
833ce2fffffffff,4,40,NI
835120fffffffff,4,65,EP
835121fffffffff,4,55,EP
835db0fffffffff,4,70,EP
83316afffffffff,4,35,WP
83145dfffffffff,4,0,WP
8336c1fffffffff,4,30,EP
832e90fffffffff,4,0,WP
835af0fffffffff,4,50,WP
835af3fffffffff,4,45,WP
833216fffffffff,4,45,WP
8332a4fffffffff,4,60,WP
831aaefffffffff,4,75,NA
832932fffffffff,4,30,EP
83322efffffffff,4,28,WP
833388fffffffff,4,35,WP
83339dfffffffff,4,60,WP
836c2cfffffffff,4,35,EP
8360b1fffffffff,4,25,NI
836e90fffffffff,4,50,EP
836e82fffffffff,4,43,EP
839eb6fffffffff,4,65,SP
836341fffffffff,4,40,NI
83636efffffffff,4,55,NI
8342ddfffffffff,4,70,NI
8342cefffffffff,4,63,NI
839a4dfffffffff,4,90,SP
8346e9fffffffff,4,78,EP
83465efffffffff,4,80,EP
83466bfffffffff,4,75,EP
83368afffffffff,4,70,EP
833688fffffffff,4,45,EP
835b02fffffffff,4,20,WP
83604efffffffff,4,30,NI
83605cfffffffff,4,30,NI
838599fffffffff,4,45,SI
838951fffffffff,4,40,SP
838950fffffffff,4,35,SP
838954fffffffff,4,35,SP
83890cfffffffff,4,65,SP
83b4f6fffffffff,4,68,SP
83b4adfffffffff,4,45,SP
83c661fffffffff,4,50,SP
83aaf6fffffffff,4,52,SI
83b8c6fffffffff,4,50,SI
83a325fffffffff,4,55,SI
83a326fffffffff,4,98,SI
83a322fffffffff,4,90,SI
83a02afffffffff,4,70,SP
83a06afffffffff,4,90,SP
83a045fffffffff,4,85,SP
839a84fffffffff,4,115,SP
839aa2fffffffff,4,45,SP
839ab6fffffffff,4,29,SP
83896bfffffffff,4,65,SP
83896afffffffff,4,46,SP
838946fffffffff,4,105,SP
838972fffffffff,4,55,SP
83b483fffffffff,4,110,SP
8394f2fffffffff,4,55,SI
838914fffffffff,4,100,SP
838933fffffffff,4,90,SP
838936fffffffff,4,95,SP
83a10dfffffffff,4,55,SP
839a40fffffffff,4,55,SP
83b56efffffffff,4,48,SP
83b566fffffffff,4,45,SP
83d4dafffffffff,4,55,SP
83c75bfffffffff,4,45,SP
83c672fffffffff,4,40,SP
8342c1fffffffff,4,45,NI
834655fffffffff,4,60,EP
834609fffffffff,4,58,EP
835058fffffffff,4,45,EP
83609efffffffff,4,35,NI
83609bfffffffff,4,20,NI
8342a9fffffffff,4,54,NI
8326cafffffffff,4,28,NA
83339efffffffff,4,60,EP
8348a2fffffffff,4,35,NA
835a2afffffffff,4,85,WP
835a76fffffffff,4,40,WP
834868fffffffff,4,35,EP
836856fffffffff,4,20,WP
83659bfffffffff,4,25,WP
8364b5fffffffff,4,15,WP
835d28fffffffff,4,60,EP
8364a4fffffffff,4,23,WP
8364acfffffffff,4,25,NI
83af08fffffffff,4,60,SI
83ae05fffffffff,4,40,SI
83ae1dfffffffff,4,30,SI
836d9afffffffff,4,35,EP
8377a1fffffffff,4,20,WP
837259fffffffff,4,50,WP
839558fffffffff,4,45,SI
839726fffffffff,4,75,SI
838da1fffffffff,4,25,SI
83af59fffffffff,4,105,SI
83ae22fffffffff,4,60,SI
83af8bfffffffff,4,55,SI
83aa8efffffffff,4,50,SI
83ccd9fffffffff,4,45,SI
83bc80fffffffff,4,60,SI
83bc88fffffffff,4,55,SI
83bca8fffffffff,4,55,SI
83bc9cfffffffff,4,90,SI
83a74cfffffffff,4,35,SI
83a76bfffffffff,4,33,SI
83a769fffffffff,4,35,SI
83aa94fffffffff,4,40,SI
839ca5fffffffff,4,100,SP
83aae9fffffffff,4,39,SI
83afb4fffffffff,4,58,SI
83afb0fffffffff,4,55,SI
836ef4fffffffff,4,48,EP
836e50fffffffff,4,40,EP
836233fffffffff,4,53,NI
8363aafffffffff,4,30,NI
8363aefffffffff,4,95,NI
8363b5fffffffff,4,103,NI
833db4fffffffff,4,25,NI
8342e1fffffffff,4,90,NI
8340b2fffffffff,4,20,WP
83509dfffffffff,4,30,EP
837250fffffffff,4,35,WP
835c1afffffffff,4,40,EP
83712dfffffffff,4,105,EP
8346d6fffffffff,4,90,EP
8347a6fffffffff,4,45,EP
834845fffffffff,4,65,EP
83332afffffffff,4,95,WP
836033fffffffff,4,35,NI
83621cfffffffff,4,60,NI
8362a5fffffffff,4,60,NI
837a90fffffffff,4,48,NI
833a99fffffffff,4,125,NA
839a4afffffffff,4,43,SP
83be36fffffffff,4,50,SP
83b406fffffffff,4,63,SP
83b5a8fffffffff,4,45,SP
83aa93fffffffff,4,55,SI
83b4dbfffffffff,4,73,SP
83b4d8fffffffff,4,58,SP
83ba86fffffffff,4,68,SP
83a7a0fffffffff,4,30,SI
83b859fffffffff,4,35,SI
83b858fffffffff,4,32,SI
83ae6cfffffffff,4,65,SI
83ae2afffffffff,4,53,SI
83cb0bfffffffff,4,36,SI
83cb56fffffffff,4,35,SI
839d01fffffffff,4,45,SP
838c22fffffffff,4,33,SI
83ae18fffffffff,4,35,SI
83b56cfffffffff,4,40,SP
83d4f0fffffffff,4,30,SP
83ba1afffffffff,4,65,SP
83baadfffffffff,4,60,SP
83baa4fffffffff,4,45,SP
83b56dfffffffff,4,65,SP
838c0afffffffff,4,40,SI
8342e2fffffffff,4,110,NI
83162afffffffff,4,0,WP
83162efffffffff,4,0,WP
833150fffffffff,4,40,WP
833171fffffffff,4,0,WP
83500bfffffffff,4,35,EP
833581fffffffff,4,75,NA
833511fffffffff,4,55,NA
833502fffffffff,4,60,NA
833504fffffffff,4,45,NA
834459fffffffff,4,30,NA
8344c8fffffffff,4,30,NA
8344dbfffffffff,4,25,NA
832a8bfffffffff,4,30,NA
833012fffffffff,4,40,WP
831449fffffffff,4,0,WP
8346d0fffffffff,4,118,EP
835a16fffffffff,4,130,WP
835aadfffffffff,4,55,WP
835aa9fffffffff,4,50,WP
833306fffffffff,4,90,WP
833311fffffffff,4,73,WP
8333aafffffffff,4,70,WP
8326edfffffffff,4,20,NA
832653fffffffff,4,25,NA
8336cefffffffff,4,90,EP
833023fffffffff,4,40,WP
833129fffffffff,4,0,WP
835775fffffffff,4,75,NA
832b13fffffffff,4,50,NA
831b82fffffffff,4,50,NA
831a30fffffffff,4,90,NA
831a22fffffffff,4,65,NA
831a21fffffffff,4,65,NA
831a2cfffffffff,4,65,NA
831b53fffffffff,4,70,NA
831992fffffffff,4,65,NA
83859dfffffffff,4,33,SI
833d81fffffffff,4,25,NI
8342dafffffffff,4,35,NI
834c8dfffffffff,4,80,NA
836480fffffffff,4,25,NI
836096fffffffff,4,25,NI
836482fffffffff,4,0,NI
833cadfffffffff,4,30,NI
83460afffffffff,4,113,EP
834626fffffffff,4,70,EP
838c0efffffffff,4,35,SI
836632fffffffff,4,95,NA
836464fffffffff,4,35,NI
836466fffffffff,4,33,NI
836832fffffffff,4,55,WP
83aaccfffffffff,4,55,SI
83aae4fffffffff,4,50,SI
839d50fffffffff,4,30,SP
83b4d5fffffffff,4,75,SP
83b488fffffffff,4,55,SP
83c664fffffffff,4,40,SP
83a623fffffffff,4,45,SI
83ba13fffffffff,4,30,SP
83a755fffffffff,4,55,SI
83a773fffffffff,4,40,SI
83bd95fffffffff,4,40,SI
83bdb0fffffffff,4,55,SI
83bdb4fffffffff,4,55,SI
83cba5fffffffff,4,45,SI
83aa4afffffffff,4,90,SI
83aa8cfffffffff,4,20,SI
83cc8bfffffffff,4,37,SI
839d9cfffffffff,4,65,SP
83ae42fffffffff,4,91,SI
83ae5bfffffffff,4,65,SI
83b823fffffffff,4,25,SI
839ed3fffffffff,4,65,SP
835b1bfffffffff,4,18,WP
835a20fffffffff,4,20,WP
836e69fffffffff,4,40,EP
835125fffffffff,4,60,EP
83792efffffffff,4,75,EP
837154fffffffff,4,35,EP
835a0bfffffffff,4,65,WP
8342f4fffffffff,4,65,NI
832ecdfffffffff,4,30,WP
83180cfffffffff,4,55,NA
832e9afffffffff,4,0,WP
831795fffffffff,4,0,WP
834803fffffffff,4,53,EP
835b2cfffffffff,4,20,WP
835a25fffffffff,4,20,WP
833206fffffffff,4,40,WP
833232fffffffff,4,50,WP
83338dfffffffff,4,23,WP
833385fffffffff,4,45,WP
833384fffffffff,4,25,WP
837e8bfffffffff,4,20,WP
837669fffffffff,4,20,WP
83605afffffffff,4,53,NI
836342fffffffff,4,40,NI
836225fffffffff,4,65,NI
837ed1fffffffff,4,20,WP
835b64fffffffff,4,35,WP
835b74fffffffff,4,60,WP
839a5afffffffff,4,45,SP
839b90fffffffff,4,90,SP
83b4f4fffffffff,4,80,SP
83b59efffffffff,4,60,SP
83865afffffffff,4,30,SI
839a1afffffffff,4,50,SP
839aa8fffffffff,4,110,SP
83b470fffffffff,4,65,SP
83b842fffffffff,4,25,SI
83aa9efffffffff,4,55,SI
836463fffffffff,4,45,NI
839b91fffffffff,4,45,SP
83ccc2fffffffff,4,37,SI
83ccc6fffffffff,4,40,SI
83b400fffffffff,4,65,SP
83b586fffffffff,4,35,SP
83b41bfffffffff,4,90,SP
83ccdefffffffff,4,30,SI
839cc2fffffffff,4,30,SP
83845afffffffff,4,30,SI
839a5cfffffffff,4,25,SP
839a51fffffffff,4,50,SP
839aadfffffffff,4,50,SP
839e89fffffffff,4,40,SP
836418fffffffff,4,30,NI
83429afffffffff,4,65,NI
83316efffffffff,4,35,WP
836d51fffffffff,4,45,EP
836490fffffffff,4,28,WP
8318f2fffffffff,4,65,NA
8318dcfffffffff,4,48,NA
8318ddfffffffff,4,80,NA
832ef6fffffffff,4,50,WP
835a21fffffffff,4,20,WP
835a2cfffffffff,4,28,WP
836773fffffffff,4,90,NA
836709fffffffff,4,145,NA
835489fffffffff,4,33,NA
83548bfffffffff,4,35,NA
83549bfffffffff,4,38,NA
83566bfffffffff,4,35,NA
835ed0fffffffff,4,83,NA
835f8dfffffffff,4,50,NA
834694fffffffff,4,140,EP
8346b2fffffffff,4,110,EP
833303fffffffff,4,45,WP
83331cfffffffff,4,83,WP
8386e5fffffffff,4,35,SI
838652fffffffff,4,35,SI
837b01fffffffff,4,25,SI
837b2afffffffff,4,48,SI
8397b3fffffffff,4,99,SI
836020fffffffff,4,55,NI
83602efffffffff,4,65,NI
83600dfffffffff,4,83,NI
83608dfffffffff,4,30,NI
838c52fffffffff,4,25,SI
83bae1fffffffff,4,55,SP
83bb6efffffffff,4,45,SP
83bb64fffffffff,4,30,SP
83b59bfffffffff,4,45,SP
83b59cfffffffff,4,45,SP
83b583fffffffff,4,50,SP
83b5a3fffffffff,4,50,SP
83b532fffffffff,4,50,SP
83b503fffffffff,4,45,SP
83b518fffffffff,4,55,SP
83cc82fffffffff,4,45,SI
83cc86fffffffff,4,25,SI
83ba04fffffffff,4,50,SP
83ba22fffffffff,4,40,SP
83601afffffffff,4,35,NI
8350e5fffffffff,4,38,EP
8340b5fffffffff,4,20,WP
8340a3fffffffff,4,20,WP
832b04fffffffff,4,48,NA
831b9efffffffff,4,53,NA
83339bfffffffff,4,0,WP
833a5bfffffffff,4,55,NA
832aaafffffffff,4,30,NA
832aacfffffffff,4,63,NA
832b18fffffffff,4,53,NA
83478afffffffff,4,90,EP
83479dfffffffff,4,90,EP
834791fffffffff,4,90,EP
833333fffffffff,4,95,WP
8354abfffffffff,4,35,NA
8354aafffffffff,4,43,NA
8354a3fffffffff,4,40,NA
8348a0fffffffff,4,33,NA
831b4efffffffff,4,65,NA
835f91fffffffff,4,35,NA
835f8efffffffff,4,50,NA
835e65fffffffff,4,118,NA
83676efffffffff,4,65,NA
836754fffffffff,4,55,NA
836756fffffffff,4,60,NA
83679efffffffff,4,125,NA
836793fffffffff,4,120,NA
836d61fffffffff,4,55,NA
836d62fffffffff,4,53,EP
8364f6fffffffff,4,115,NI
833cd9fffffffff,4,55,NI
83a7a6fffffffff,4,45,SI
83ba64fffffffff,4,50,SP
83ba65fffffffff,4,55,SP
834658fffffffff,4,60,EP
834653fffffffff,4,43,EP
83aa72fffffffff,4,65,SI
83ae63fffffffff,4,35,SI
83ae45fffffffff,4,99,SI
83ae5dfffffffff,4,35,SI
83bf26fffffffff,4,60,SP
83a136fffffffff,4,45,SP
838915fffffffff,4,50,SP
837921fffffffff,4,30,EP
8342ccfffffffff,4,55,NI
8342eafffffffff,4,33,NI
831799fffffffff,4,0,WP
831b89fffffffff,4,75,NA
831a33fffffffff,4,45,NA
83162dfffffffff,4,0,WP
83175efffffffff,4,0,WP
835743fffffffff,4,40,NA
833a42fffffffff,4,55,NA
832ea9fffffffff,4,60,WP
835720fffffffff,4,53,NA
832ab5fffffffff,4,40,NA
832b81fffffffff,4,40,NA
838656fffffffff,4,25,SI
8348ecfffffffff,4,38,EP
835a72fffffffff,4,125,WP
835a46fffffffff,4,25,WP
83161cfffffffff,4,0,WP
83840afffffffff,4,35,SI
836433fffffffff,4,83,NI
836402fffffffff,4,88,NI
835a1afffffffff,4,70,WP
838410fffffffff,4,35,SI
83bdb5fffffffff,4,50,SI
83afa2fffffffff,4,60,SI
83af9afffffffff,4,55,SI
83af85fffffffff,4,50,SI
839a59fffffffff,4,30,SP
839ae1fffffffff,4,80,SP
839ae5fffffffff,4,123,SP
83bab5fffffffff,4,40,SP
838966fffffffff,4,70,SP
83b4a4fffffffff,4,35,SP
83b58afffffffff,4,55,SP
83aae1fffffffff,4,50,SI
83af1bfffffffff,4,78,SI
83ae21fffffffff,4,43,SI
8385b2fffffffff,4,50,SI
835e30fffffffff,4,45,NA
835f5afffffffff,4,50,NA
831670fffffffff,4,0,WP
837ccbfffffffff,4,30,NA
833a53fffffffff,4,140,NA
83498cfffffffff,4,35,NA
837134fffffffff,4,75,EP
835b96fffffffff,4,75,EP
835b91fffffffff,4,95,EP
835b9dfffffffff,4,105,WP
835e22fffffffff,4,35,NA
835f58fffffffff,4,45,NA
8342cdfffffffff,4,45,NI
833a95fffffffff,4,83,NA
831a18fffffffff,4,55,NA
831a1dfffffffff,4,65,NA
833a75fffffffff,4,90,NA
831aa1fffffffff,4,65,NA
83178efffffffff,4,0,WP
83715afffffffff,4,75,EP
83711bfffffffff,4,90,EP
83711afffffffff,4,90,EP
835b15fffffffff,4,23,WP
835b0efffffffff,4,28,WP
8360f5fffffffff,4,73,NI
83b5adfffffffff,4,55,SP
83aa5bfffffffff,4,54,SI
839c63fffffffff,4,48,SP
8394c2fffffffff,4,25,SI
83bc98fffffffff,4,90,SI
83bc84fffffffff,4,55,SI
83bca3fffffffff,4,50,SI
83bca0fffffffff,4,50,SI
83ae36fffffffff,4,80,SI
83c894fffffffff,4,45,SI
837694fffffffff,4,43,SP
837682fffffffff,4,32,SP
83bac4fffffffff,4,63,SP
83c634fffffffff,4,30,SP
833ceafffffffff,4,35,NI
833698fffffffff,4,68,EP
8347a9fffffffff,4,65,EP
8333a4fffffffff,4,28,EP
833215fffffffff,4,45,WP
831a2dfffffffff,4,55,NA
8318d2fffffffff,4,50,NA
83352cfffffffff,4,45,NA
833574fffffffff,4,65,NA
833daefffffffff,4,25,NI
8334b5fffffffff,4,75,NA
833430fffffffff,4,40,NA
833424fffffffff,4,50,NA
83161afffffffff,4,50,WP
839e9cfffffffff,4,43,SP
833392fffffffff,4,40,EP
83b542fffffffff,4,55,SP
838944fffffffff,4,103,SP
83892bfffffffff,4,95,SP
837f28fffffffff,4,25,SP
83beb5fffffffff,4,65,SP
83bea6fffffffff,4,63,SP
83bf9bfffffffff,4,60,SP
83bf99fffffffff,4,58,SP
83ba74fffffffff,4,30,SP
83ba1cfffffffff,4,55,SP
83b4d2fffffffff,4,45,SP
83711efffffffff,4,100,EP
835b11fffffffff,4,38,WP
835b1dfffffffff,4,30,WP
83bb32fffffffff,4,30,SP
83aa2afffffffff,4,55,SI
83ba24fffffffff,4,45,SP
83af1afffffffff,4,85,SI
83be82fffffffff,4,54,SP
83bb92fffffffff,4,65,SP
833cdbfffffffff,4,60,NI
836319fffffffff,4,110,NI
836d54fffffffff,4,53,EP
835088fffffffff,4,30,EP
83506bfffffffff,4,45,EP
8336c5fffffffff,4,83,EP
832e92fffffffff,4,0,WP
837182fffffffff,4,25,EP
833152fffffffff,4,35,WP
8317a5fffffffff,4,0,WP
831716fffffffff,4,0,WP
83315efffffffff,4,35,WP
835069fffffffff,4,45,EP
835056fffffffff,4,30,EP
835a99fffffffff,4,83,WP
833323fffffffff,4,85,WP
833a51fffffffff,4,110,NA
834291fffffffff,4,55,NI
833ccefffffffff,4,40,NI
835aa3fffffffff,4,115,WP
835ae3fffffffff,4,135,WP
834fb6fffffffff,4,85,WP
8369b0fffffffff,4,40,WP
836422fffffffff,4,55,NI
836102fffffffff,4,48,NI
836004fffffffff,4,43,NI
836435fffffffff,4,55,NI
835ca3fffffffff,4,35,EP
836156fffffffff,4,45,NI
836153fffffffff,4,45,NI
83bb9afffffffff,4,40,SP
837a9afffffffff,4,33,NI
83b48efffffffff,4,50,SP
8394f3fffffffff,4,25,SI
83a61dfffffffff,4,58,SI
83ae6efffffffff,4,45,SI
83ae62fffffffff,4,35,SI
839ab5fffffffff,4,55,SP
83baa9fffffffff,4,50,SP
83bb11fffffffff,4,50,SP
83d46bfffffffff,4,30,SP
83d468fffffffff,4,30,SP
83769bfffffffff,4,55,SP
83b55dfffffffff,4,41,SP
83b55cfffffffff,4,35,SP
83b551fffffffff,4,55,SP
83b556fffffffff,4,45,SP
837695fffffffff,4,84,SP
839ca2fffffffff,4,40,SP
839caefffffffff,4,35,SP
839cf2fffffffff,4,30,SP
835f59fffffffff,4,50,NA
83676afffffffff,4,40,NA
835d92fffffffff,4,78,EP
837120fffffffff,4,115,EP
834699fffffffff,4,100,EP
83469cfffffffff,4,113,EP
834682fffffffff,4,90,EP
831780fffffffff,4,0,WP
831781fffffffff,4,0,WP
8318e0fffffffff,4,65,NA
836d64fffffffff,4,40,NA
834526fffffffff,4,43,NA
834522fffffffff,4,30,NA
83225afffffffff,4,0,EP
837114fffffffff,4,60,EP
836152fffffffff,4,30,NI
83610bfffffffff,4,30,NI
836022fffffffff,4,30,NI
836360fffffffff,4,43,NI
836011fffffffff,4,28,NI
836510fffffffff,4,43,WP
839e8efffffffff,4,35,SP
83bb65fffffffff,4,55,SP
83aac4fffffffff,4,40,SI
83ba16fffffffff,4,50,SP
83ba32fffffffff,4,60,SP
8397a1fffffffff,4,35,SI
83cc92fffffffff,4,45,SI
83955bfffffffff,4,40,SI
833cc8fffffffff,4,45,NI
8342b1fffffffff,4,70,NI
8342b5fffffffff,4,90,NI
835da3fffffffff,4,103,EP
83465bfffffffff,4,55,EP
833002fffffffff,4,50,WP
835a9efffffffff,4,105,WP
835a9bfffffffff,4,100,WP
832360fffffffff,4,65,EP
8330a0fffffffff,4,50,WP
8344ddfffffffff,4,25,NA
832a16fffffffff,4,30,NA
835a55fffffffff,4,125,WP
834789fffffffff,4,35,EP
835ad3fffffffff,4,95,WP
835ad8fffffffff,4,90,WP
833aacfffffffff,4,63,NA
8362edfffffffff,4,35,NI
83621efffffffff,4,45,NI
8362acfffffffff,4,50,NI
83ca61fffffffff,4,53,SI
83ca45fffffffff,4,48,SI
83ca4efffffffff,4,50,SI
83a712fffffffff,4,45,SI
83b89afffffffff,4,35,SI
839422fffffffff,4,43,SI
839435fffffffff,4,40,SI
831ab6fffffffff,4,65,NA
831ab4fffffffff,4,50,NA
831b9bfffffffff,4,75,NA
832b2bfffffffff,4,93,NA
831b5dfffffffff,4,63,NA
83198afffffffff,4,53,NA
83264efffffffff,4,40,NA
83189cfffffffff,4,65,NA
8318e6fffffffff,4,73,NA
833284fffffffff,4,45,WP
831b8bfffffffff,4,98,NA
8364f2fffffffff,4,120,NI
833a4efffffffff,4,43,NA
8344cbfffffffff,4,40,NA
8356e3fffffffff,4,45,NA
83632cfffffffff,4,35,NI
835a13fffffffff,4,70,WP
835a18fffffffff,4,140,WP
835a5dfffffffff,4,68,WP
838782fffffffff,4,20,SI
83d44dfffffffff,4,55,SP
8394c6fffffffff,4,25,SI
83425bfffffffff,4,25,NI
832b25fffffffff,4,65,NA
832ab1fffffffff,4,35,NA
8333abfffffffff,4,60,WP
833395fffffffff,4,45,EP
830748fffffffff,4,55,NA
836344fffffffff,4,60,NI
836354fffffffff,4,35,NI
836309fffffffff,4,125,NI
83638efffffffff,4,80,NI
836398fffffffff,4,35,NI
837a96fffffffff,4,45,NI
833534fffffffff,4,55,NA
837b62fffffffff,4,80,SI
836980fffffffff,4,35,WP
836514fffffffff,4,40,WP
83658dfffffffff,4,65,WP
836411fffffffff,4,25,NI
8394d2fffffffff,4,35,SI
836530fffffffff,4,28,WP
836982fffffffff,4,30,WP
838c30fffffffff,4,45,SI
838c34fffffffff,4,55,SI
8376dbfffffffff,4,20,SP
83ba25fffffffff,4,58,SP
83d55bfffffffff,4,50,SP
83d42cfffffffff,4,50,SP
83bb43fffffffff,4,48,SP
83bca6fffffffff,4,53,SI
83ca00fffffffff,4,37,SI
83bf90fffffffff,4,40,SP
83ba75fffffffff,4,45,SP
838928fffffffff,4,98,SP
83baecfffffffff,4,91,SP
83bba4fffffffff,4,80,SP
836559fffffffff,4,35,NI
833db5fffffffff,4,25,NI
833170fffffffff,4,30,WP
832258fffffffff,4,50,EP
834016fffffffff,4,0,WP
83181bfffffffff,4,45,NA
83641afffffffff,4,50,NI
835cb1fffffffff,4,35,EP
83710efffffffff,4,38,EP
836369fffffffff,4,85,NI
836362fffffffff,4,45,NI
836202fffffffff,4,28,NI
836215fffffffff,4,40,NI
836389fffffffff,4,35,NI
837153fffffffff,4,55,EP
83ccdbfffffffff,4,45,SI
83aa08fffffffff,4,60,SI
83ccd3fffffffff,4,40,SI
8360eefffffffff,4,70,NI
8342c5fffffffff,4,60,NI
831830fffffffff,4,60,NA
836d20fffffffff,4,30,NA
831882fffffffff,4,60,NA
8360cbfffffffff,4,63,NI
83c608fffffffff,4,40,SP
83bd90fffffffff,4,50,SI
83b418fffffffff,4,50,SP
83b848fffffffff,4,35,SI
836d2cfffffffff,4,45,NA
8346defffffffff,4,115,EP
83469efffffffff,4,65,EP
834693fffffffff,4,65,EP
835a85fffffffff,4,123,WP
832aa0fffffffff,4,30,NA
836430fffffffff,4,30,NI
83d4a3fffffffff,4,50,SP
839703fffffffff,4,55,SI
83c760fffffffff,4,60,SP
83bbb3fffffffff,4,50,SP
837cc9fffffffff,4,30,NA
832ec1fffffffff,4,0,WP
832e8afffffffff,4,0,WP
835b99fffffffff,4,90,WP
83419efffffffff,4,28,WP
831a76fffffffff,4,60,NA
8330e5fffffffff,4,23,WP
832ec8fffffffff,4,0,WP
834cd3fffffffff,4,45,NA
831820fffffffff,4,53,NA
83cb08fffffffff,4,43,SI
83b54dfffffffff,4,45,SP
83729bfffffffff,4,25,SP
834f91fffffffff,4,115,WP
831aacfffffffff,4,70,NA
832260fffffffff,4,0,EP
832b0efffffffff,4,85,NA
837292fffffffff,4,25,SI
839465fffffffff,4,25,SI
839464fffffffff,4,30,SI
83680efffffffff,4,60,WP
83af9efffffffff,4,55,SI
83aae2fffffffff,4,40,SI
83aac0fffffffff,4,35,SI
83cc83fffffffff,4,30,SI
836355fffffffff,4,45,NI
8350d4fffffffff,4,30,EP
834189fffffffff,4,0,WP
831796fffffffff,4,0,WP
837b05fffffffff,4,60,SI
8397aefffffffff,4,30,SI
839785fffffffff,4,28,SI
83cbadfffffffff,4,45,SI
83aa0bfffffffff,4,60,SI
839a2cfffffffff,4,40,SP
833404fffffffff,4,100,NA
831936fffffffff,4,58,NA
836d22fffffffff,4,50,NA
8356f2fffffffff,4,50,NA
835722fffffffff,4,50,NA
835706fffffffff,4,40,NA
839cc5fffffffff,4,30,SP
83ca25fffffffff,4,35,SI
83aa5efffffffff,4,45,SI
832a83fffffffff,4,28,NA
831a74fffffffff,4,60,NA
835688fffffffff,4,55,NA
834cc4fffffffff,4,95,NA
830749fffffffff,4,60,NA
833aebfffffffff,4,115,NA
83166dfffffffff,4,0,EP
83cb09fffffffff,4,40,SI
839aa6fffffffff,4,55,SP
83cc9efffffffff,4,60,SI
839ccafffffffff,4,30,SP
832648fffffffff,4,30,NA
832661fffffffff,4,30,NA
832665fffffffff,4,30,NA
834590fffffffff,4,120,NA
834595fffffffff,4,119,NA
832b4dfffffffff,4,73,NA
8350f0fffffffff,4,35,EP
83266bfffffffff,4,30,NA
831a12fffffffff,4,63,NA
833501fffffffff,4,40,NA
83946dfffffffff,4,35,SI
839466fffffffff,4,25,SI
83cce6fffffffff,4,40,SI
8318a3fffffffff,4,55,NA
831985fffffffff,4,55,NA
8318a1fffffffff,4,40,NA
832246fffffffff,4,0,EP
834c9dfffffffff,4,75,NA
8342a2fffffffff,4,90,NI
837103fffffffff,4,40,EP
836726fffffffff,4,125,NA
836720fffffffff,4,70,NA
836854fffffffff,4,48,WP
83ae25fffffffff,4,40,SI
833432fffffffff,4,55,NA
8346c4fffffffff,4,105,EP
836384fffffffff,4,80,NI
836d34fffffffff,4,50,NA
83ba2cfffffffff,4,55,SP
832b89fffffffff,4,50,NA
83cb19fffffffff,4,35,SI
8349b1fffffffff,4,85,EP
833572fffffffff,4,43,NA
833418fffffffff,4,55,NA
833931fffffffff,4,50,NA
83aadbfffffffff,4,40,SI
831b91fffffffff,4,60,NA
8350f4fffffffff,4,45,EP
835d04fffffffff,4,80,EP
831496fffffffff,4,0,WP
837b04fffffffff,4,58,SI
83575dfffffffff,4,35,NA
836d46fffffffff,4,53,EP
839722fffffffff,4,45,SI
8397adfffffffff,4,25,SI
83bf8cfffffffff,3,58,SP
83bf18fffffffff,3,60,SP
83b84cfffffffff,3,27,SI
83b86afffffffff,3,30,SI
83ca0afffffffff,3,35,SI
83ca4afffffffff,3,40,SI
83ae31fffffffff,3,58,SI
83ae16fffffffff,3,63,SI
83aea3fffffffff,3,50,SI
83ae8cfffffffff,3,45,SI
83aea6fffffffff,3,28,SI
83a749fffffffff,3,45,SI
83ae4afffffffff,3,25,SI
83a7b6fffffffff,3,30,SI
83b8ebfffffffff,3,33,SI
83b8eafffffffff,3,35,SI
83b8c5fffffffff,3,40,SI
83b8c4fffffffff,3,25,SI
83ca64fffffffff,3,45,SI
83bf8efffffffff,3,50,SP
83bfa3fffffffff,3,55,SP
83bb58fffffffff,3,43,SP
83bb1dfffffffff,3,48,SP
83d44cfffffffff,3,50,SP
83d46afffffffff,3,50,SP
83d463fffffffff,3,50,SP
83ae64fffffffff,3,110,SI
83ae71fffffffff,3,95,SI
837e93fffffffff,3,20,EP
8371b3fffffffff,3,43,EP
8371b0fffffffff,3,35,EP
835b16fffffffff,3,43,WP
835bacfffffffff,3,48,WP
835ba8fffffffff,3,50,WP
835ab1fffffffff,3,45,WP
8346b4fffffffff,3,85,EP
8346a4fffffffff,3,65,EP
83479bfffffffff,3,35,EP
835a80fffffffff,3,85,WP
836eaafffffffff,3,40,EP
831605fffffffff,3,0,WP
831600fffffffff,3,0,WP
831603fffffffff,3,0,WP
835701fffffffff,3,40,NA
835704fffffffff,3,40,NA
835731fffffffff,3,40,NA
83349afffffffff,3,60,NA
833486fffffffff,3,65,NA
833a6bfffffffff,3,85,NA
831aadfffffffff,3,68,NA
832ed8fffffffff,3,0,WP
83148bfffffffff,3,0,WP
8314abfffffffff,3,0,WP
8314a9fffffffff,3,0,WP
8314c5fffffffff,3,0,WP
8314cefffffffff,3,0,WP
8314c8fffffffff,3,0,WP
83144efffffffff,3,0,WP
835754fffffffff,3,40,NA
835709fffffffff,3,40,NA
835708fffffffff,3,40,NA
83489cfffffffff,3,40,NA
831b6bfffffffff,3,50,NA
834669fffffffff,3,30,EP
833429fffffffff,3,33,NA
833423fffffffff,3,98,NA
833421fffffffff,3,95,NA
83348dfffffffff,3,90,NA
836118fffffffff,3,55,NI
836028fffffffff,3,25,NI
836072fffffffff,3,90,NI
838ce2fffffffff,3,20,SI
838ce0fffffffff,3,25,SI
838ce3fffffffff,3,25,SI
837e9cfffffffff,3,20,WP
837ef2fffffffff,3,25,WP
837ec3fffffffff,3,20,WP
8333a2fffffffff,3,18,EP
83a331fffffffff,3,43,SI
83a041fffffffff,3,40,SP
83a00dfffffffff,3,76,SP
83a02bfffffffff,3,71,SP
83a158fffffffff,3,73,SP
8395a6fffffffff,3,20,SI
83a62efffffffff,3,70,SI
839b1efffffffff,3,40,SP
83bed3fffffffff,3,30,SP
83b8d3fffffffff,3,30,SI
83b8defffffffff,3,30,SI
839ba0fffffffff,3,90,SP
83b50bfffffffff,3,40,SP
83b50efffffffff,3,0,SP
83b501fffffffff,3,50,SP
83baa2fffffffff,3,40,SP
83b8e0fffffffff,3,25,SI
83bfb0fffffffff,3,45,SP
837f11fffffffff,3,35,SP
837f10fffffffff,3,30,SP
83b40cfffffffff,3,55,SP
83b494fffffffff,3,50,SP
83a149fffffffff,3,65,SP
83a14dfffffffff,3,45,SP
83a145fffffffff,3,55,SP
83a162fffffffff,3,90,SP
835adcfffffffff,3,80,WP
8333a0fffffffff,3,60,WP
838963fffffffff,3,50,SP
838962fffffffff,3,63,SP
83af8dfffffffff,3,65,SI
83ae13fffffffff,3,73,SI
83ae1efffffffff,3,58,SI
83a709fffffffff,3,30,SI
83a746fffffffff,3,25,SI
83c896fffffffff,3,50,SI
834033fffffffff,3,0,WP
8330b1fffffffff,3,30,WP
8314d2fffffffff,3,0,WP
8314aafffffffff,3,0,WP
83162bfffffffff,3,0,WP
8314d8fffffffff,3,0,WP
8314ddfffffffff,3,0,WP
8314edfffffffff,3,0,WP
83145efffffffff,3,0,WP
8335a6fffffffff,3,63,NA
833525fffffffff,3,45,NA
8318d0fffffffff,3,60,NA
8318ccfffffffff,3,45,NA
831789fffffffff,3,0,WP
8356d4fffffffff,3,30,NA
83568afffffffff,3,58,NA
83659dfffffffff,3,28,WP
8364a6fffffffff,3,25,WP
8386e4fffffffff,3,30,SI
836006fffffffff,3,40,NI
83359bfffffffff,3,50,NA
838cc9fffffffff,3,20,SI
83bfaefffffffff,3,55,SP
83bfa1fffffffff,3,45,SP
83bf34fffffffff,3,40,SP
83a626fffffffff,3,65,SI
83a700fffffffff,3,35,SI
83a704fffffffff,3,35,SI
83a722fffffffff,3,35,SI
83a726fffffffff,3,20,SI
83c994fffffffff,3,35,SI
83ba30fffffffff,3,45,SP
83bb85fffffffff,3,40,SP
83d4ebfffffffff,3,45,SP
83d4c0fffffffff,3,55,SP
83d4c2fffffffff,3,35,SP
83b525fffffffff,3,60,SP
83b540fffffffff,3,35,SP
83b529fffffffff,3,40,SP
83bba6fffffffff,3,50,SP
83d442fffffffff,3,50,SP
83d4ecfffffffff,3,40,SP
83d4e8fffffffff,3,35,SP
83d4cdfffffffff,3,35,SP
83648cfffffffff,3,70,NI
836481fffffffff,3,55,NI
837b32fffffffff,3,25,SI
837b14fffffffff,3,28,SI
837930fffffffff,3,115,EP
8340a2fffffffff,3,20,WP
833ce6fffffffff,3,30,NI
833164fffffffff,3,28,WP
831493fffffffff,3,0,WP
83149dfffffffff,3,0,WP
8314f2fffffffff,3,0,WP
83144bfffffffff,3,0,WP
831458fffffffff,3,0,WP
8317a2fffffffff,3,0,WP
8336d8fffffffff,3,55,EP
8336c3fffffffff,3,40,EP
8336c4fffffffff,3,30,EP
835ac6fffffffff,3,35,WP
832204fffffffff,3,0,EP
831b49fffffffff,3,80,NA
8318b3fffffffff,3,50,NA
83509bfffffffff,3,33,EP
836d29fffffffff,3,35,EP
8360a2fffffffff,3,25,NI
83636afffffffff,3,45,NI
8342c8fffffffff,3,35,NI
835b06fffffffff,3,30,WP
83890dfffffffff,3,60,SP
83b4acfffffffff,3,43,SP
83b58efffffffff,3,45,SP
83b5b1fffffffff,3,45,SP
83aaf2fffffffff,3,36,SI
83b8c1fffffffff,3,35,SI
83a035fffffffff,3,62,SP
83a034fffffffff,3,61,SP
83a1a9fffffffff,3,60,SP
839d2bfffffffff,3,33,SP
83a063fffffffff,3,82,SP
83a060fffffffff,3,80,SP
83a066fffffffff,3,77,SP
83c60dfffffffff,3,25,SP
83b55afffffffff,3,70,SP
839ab1fffffffff,3,115,SP
83b8cefffffffff,3,58,SI
83b8e3fffffffff,3,20,SI
83b8e2fffffffff,3,40,SI
83b8e6fffffffff,3,20,SI
838910fffffffff,3,73,SP
838906fffffffff,3,90,SP
838904fffffffff,3,85,SP
83a062fffffffff,3,57,SP
83a075fffffffff,3,56,SP
83a15bfffffffff,3,55,SP
83b569fffffffff,3,70,SP
83b52dfffffffff,3,0,SP
83c742fffffffff,3,25,SP
83895cfffffffff,3,45,SP
83a069fffffffff,3,91,SP
83a06dfffffffff,3,90,SP
83a144fffffffff,3,60,SP
83a174fffffffff,3,65,SP
83a741fffffffff,3,55,SI
83a745fffffffff,3,45,SI
836c05fffffffff,3,40,EP
836c04fffffffff,3,45,EP
83406cfffffffff,3,0,WP
83878bfffffffff,3,28,SI
834643fffffffff,3,75,EP
834642fffffffff,3,70,EP
834654fffffffff,3,50,EP
834608fffffffff,3,110,EP
83505cfffffffff,3,30,EP
83505afffffffff,3,43,EP
83714cfffffffff,3,35,EP
837141fffffffff,3,33,EP
836090fffffffff,3,25,NI
834399fffffffff,3,98,NI
8326cefffffffff,3,25,NA
8326c3fffffffff,3,25,NA
833236fffffffff,3,53,WP
833383fffffffff,3,65,WP
8371a6fffffffff,3,40,EP
835a34fffffffff,3,40,WP
835a31fffffffff,3,45,WP
835a22fffffffff,3,30,WP
835a23fffffffff,3,33,WP
834004fffffffff,3,0,WP
833d8cfffffffff,3,25,NI
83685bfffffffff,3,20,WP
83685afffffffff,3,20,WP
836580fffffffff,3,20,WP
8364a8fffffffff,3,45,NI
834814fffffffff,3,75,EP
83ae03fffffffff,3,50,SI
83aef5fffffffff,3,35,SI
836ca4fffffffff,3,35,EP
836d9bfffffffff,3,35,EP
836e96fffffffff,3,40,EP
83771bfffffffff,3,28,WP
8377a0fffffffff,3,0,WP
83b8d9fffffffff,3,45,SI
83954afffffffff,3,33,SI
83955dfffffffff,3,35,SI
83955afffffffff,3,43,SI
83942dfffffffff,3,35,SI
839724fffffffff,3,45,SI
838da8fffffffff,3,45,SI
83aa8afffffffff,3,38,SI
83ccddfffffffff,3,40,SI
83cb51fffffffff,3,50,SI
83bc8efffffffff,3,65,SI
83bc8afffffffff,3,45,SI
83bcaafffffffff,3,45,SI
83bc8cfffffffff,3,45,SI
839d99fffffffff,3,78,SP
83af86fffffffff,3,45,SI
839d35fffffffff,3,115,SP
836ee6fffffffff,3,50,EP
836236fffffffff,3,63,NI
8363b4fffffffff,3,95,NI
8352ebfffffffff,3,50,NI
8352ccfffffffff,3,45,NI
83649efffffffff,3,25,NI
8342e8fffffffff,3,30,NI
834094fffffffff,3,20,WP
833199fffffffff,3,25,WP
8331abfffffffff,3,25,WP
835c1bfffffffff,3,35,EP
83468bfffffffff,3,60,EP
83468afffffffff,3,65,EP
83402bfffffffff,3,28,WP
8333b2fffffffff,3,73,EP
835ad4fffffffff,3,45,WP
835744fffffffff,3,60,NA
835770fffffffff,3,78,NA
8332a5fffffffff,3,55,WP
83725bfffffffff,3,0,WP
837662fffffffff,3,15,WP
837675fffffffff,3,28,WP
836359fffffffff,3,50,NI
83635afffffffff,3,55,NI
837a91fffffffff,3,45,NI
838ce8fffffffff,3,35,SI
837f16fffffffff,3,35,SP
83daf2fffffffff,3,55,SP
839bacfffffffff,3,35,SP
83b576fffffffff,3,35,SP
83a7a4fffffffff,3,35,SI
83ae02fffffffff,3,40,SI
83ae11fffffffff,3,35,SI
83ae2bfffffffff,3,55,SI
83ae1cfffffffff,3,50,SI
83ae34fffffffff,3,65,SI
83ae30fffffffff,3,50,SI
83d4c6fffffffff,3,40,SP
8395a1fffffffff,3,25,SI
8395a8fffffffff,3,45,SI
8395a9fffffffff,3,45,SI
83b8c3fffffffff,3,54,SI
83b8c0fffffffff,3,53,SI
83b8f1fffffffff,3,40,SI
83bb99fffffffff,3,40,SP
83bb98fffffffff,3,40,SP
83bb9efffffffff,3,35,SP
83b571fffffffff,3,55,SP
83b52bfffffffff,3,40,SP
838c1dfffffffff,3,30,SI
83160cfffffffff,3,0,WP
831624fffffffff,3,0,WP
835055fffffffff,3,30,EP
833003fffffffff,3,0,WP
833155fffffffff,3,30,WP
833166fffffffff,3,30,WP
831499fffffffff,3,0,WP
832ed9fffffffff,3,25,WP
833153fffffffff,3,50,WP
8314f4fffffffff,3,0,WP
833523fffffffff,3,45,NA
833022fffffffff,3,35,WP
834029fffffffff,3,25,WP
834074fffffffff,3,20,WP
83714efffffffff,3,30,EP
837143fffffffff,3,30,EP
837151fffffffff,3,30,EP
837156fffffffff,3,25,EP
835aacfffffffff,3,70,WP
835a89fffffffff,3,45,WP
833322fffffffff,3,93,WP
8336ddfffffffff,3,50,EP
832655fffffffff,3,28,NA
833a2afffffffff,3,43,NA
832b14fffffffff,3,50,NA
831babfffffffff,3,50,NA
831a35fffffffff,3,50,NA
831a20fffffffff,3,65,NA
831b6afffffffff,3,65,NA
83858afffffffff,3,35,SI
837629fffffffff,3,30,WP
83609afffffffff,3,25,NI
8364b1fffffffff,3,0,WP
836584fffffffff,3,23,WP
8346eefffffffff,3,70,EP
8346e1fffffffff,3,70,EP
834603fffffffff,3,70,EP
834624fffffffff,3,70,EP
838ce4fffffffff,3,35,SI
838da4fffffffff,3,75,SI
836630fffffffff,3,85,NA
836789fffffffff,3,58,NA
8369b6fffffffff,3,40,WP
836134fffffffff,3,38,NI
836130fffffffff,3,45,NI
83af94fffffffff,3,35,SI
83aac9fffffffff,3,0,SI
839d43fffffffff,3,23,SP
837258fffffffff,3,50,WP
83b413fffffffff,3,75,SP
83b584fffffffff,3,45,SP
83c629fffffffff,3,40,SP
83a02dfffffffff,3,55,SP
83a156fffffffff,3,65,SP
83a12bfffffffff,3,55,SP
83a12cfffffffff,3,55,SP
83a701fffffffff,3,23,SI
83bd80fffffffff,3,83,SI
83bda6fffffffff,3,70,SI
83cbb1fffffffff,3,50,SI
83ba1efffffffff,3,35,SP
83a772fffffffff,3,33,SI
83a770fffffffff,3,50,SI
83cba2fffffffff,3,45,SI
83aad0fffffffff,3,0,SI
83b45cfffffffff,3,40,SP
838783fffffffff,3,35,SI
83ae70fffffffff,3,40,SI
83b82afffffffff,3,20,SI
83ae0cfffffffff,3,25,SI
83aee8fffffffff,3,45,SI
83a76cfffffffff,3,48,SI
83a762fffffffff,3,40,SI
8376d6fffffffff,3,30,SP
8376d8fffffffff,3,45,SP
83265cfffffffff,3,20,NA
835a26fffffffff,3,20,WP
838659fffffffff,3,45,SI
837140fffffffff,3,30,EP
837142fffffffff,3,30,EP
832edefffffffff,3,0,WP
8314d0fffffffff,3,0,WP
8314d1fffffffff,3,0,WP
831a6bfffffffff,3,60,NA
83189efffffffff,3,55,NA
83181afffffffff,3,45,NA
83180efffffffff,3,67,NA
83182bfffffffff,3,50,NA
834998fffffffff,3,28,NA
831b55fffffffff,3,65,NA
831b44fffffffff,3,63,NA
837e9bfffffffff,3,25,WP
837ed5fffffffff,3,15,WP
836226fffffffff,3,90,NI
83631efffffffff,3,30,NI
836313fffffffff,3,80,NI
836989fffffffff,3,25,WP
83bb62fffffffff,3,45,SP
83da96fffffffff,3,45,SP
83bb2dfffffffff,3,40,SP
837e8efffffffff,3,20,WP
83bae6fffffffff,3,30,SP
8373a3fffffffff,3,25,WP
839af5fffffffff,3,90,SP
83b846fffffffff,3,30,SI
83646afffffffff,3,25,NI
839c66fffffffff,3,40,SP
839d4afffffffff,3,35,SP
839a69fffffffff,3,35,SP
83b433fffffffff,3,60,SP
83b5b2fffffffff,3,50,SP
83b41efffffffff,3,43,SP
83c645fffffffff,3,48,SP
83ccd1fffffffff,3,45,SI
839e96fffffffff,3,30,SP
839e8cfffffffff,3,25,SP
836329fffffffff,3,38,NI
836374fffffffff,3,100,NI
834285fffffffff,3,143,NI
8342a5fffffffff,3,113,NI
832edbfffffffff,3,0,WP
837002fffffffff,3,70,EP
837014fffffffff,3,28,EP
837e9efffffffff,3,23,WP
835b20fffffffff,3,30,WP
831a63fffffffff,3,65,NA
831886fffffffff,3,60,NA
831880fffffffff,3,60,NA
831885fffffffff,3,58,NA
8318d5fffffffff,3,60,NA
8318d9fffffffff,3,40,NA
833564fffffffff,3,55,NA
833560fffffffff,3,60,NA
833561fffffffff,3,40,NA
833906fffffffff,3,35,NA
835485fffffffff,3,30,NA
833c1afffffffff,3,25,NI
835b1afffffffff,3,35,WP
835a2dfffffffff,3,25,WP
83670afffffffff,3,135,NA
836719fffffffff,3,43,NA
83671afffffffff,3,33,NA
835499fffffffff,3,35,NA
835b93fffffffff,3,90,EP
834696fffffffff,3,140,EP
835ab6fffffffff,3,90,EP
83479efffffffff,3,85,EP
834793fffffffff,3,100,EP
834790fffffffff,3,90,WP
834792fffffffff,3,83,WP
83330afffffffff,3,100,WP
83609dfffffffff,3,50,NI
838618fffffffff,3,35,SI
838619fffffffff,3,45,SI
83641dfffffffff,3,95,NI
837ec1fffffffff,3,15,WP
837b66fffffffff,3,45,SI
837b65fffffffff,3,38,SI
839794fffffffff,3,98,SI
836035fffffffff,3,48,NI
836023fffffffff,3,30,NI
83602bfffffffff,3,78,NI
836088fffffffff,3,78,NI
837ed4fffffffff,3,25,WP
835b26fffffffff,3,30,WP
837f00fffffffff,3,45,SP
837f05fffffffff,3,48,SP
83bb61fffffffff,3,35,SP
83b4aafffffffff,3,50,SP
83b533fffffffff,3,50,SP
83b502fffffffff,3,30,SP
83b51dfffffffff,3,40,SP
83b51bfffffffff,3,55,SP
83b435fffffffff,3,30,SP
83b434fffffffff,3,30,SP
83ccb6fffffffff,3,25,SI
83ba34fffffffff,3,50,SP
83bba9fffffffff,3,45,SP
83bba3fffffffff,3,40,SP
83d4e6fffffffff,3,35,SP
83a7adfffffffff,3,55,SI
8360f4fffffffff,3,85,NI
83505efffffffff,3,35,EP
835d11fffffffff,3,25,EP
835d16fffffffff,3,38,EP
835ac4fffffffff,3,90,WP
83576afffffffff,3,60,NA
8357a6fffffffff,3,45,NA
8346e3fffffffff,3,103,EP
8346f5fffffffff,3,120,EP
83461bfffffffff,3,118,EP
83478bfffffffff,3,78,EP
833336fffffffff,3,90,WP
8354a6fffffffff,3,50,NA
83488cfffffffff,3,35,NA
831b68fffffffff,3,68,NA
835f83fffffffff,3,25,NA
836768fffffffff,3,45,NA
836740fffffffff,3,50,NA
836755fffffffff,3,55,NA
836d6cfffffffff,3,70,NA
83670bfffffffff,3,40,NA
836424fffffffff,3,25,NI
836420fffffffff,3,25,NI
836421fffffffff,3,25,NI
83642afffffffff,3,30,NI
83ba60fffffffff,3,50,SP
83b5a9fffffffff,3,40,SP
834652fffffffff,3,38,EP
8346a9fffffffff,3,90,EP
8346a8fffffffff,3,88,EP
8346aefffffffff,3,40,EP
8346b0fffffffff,3,113,EP
83ae58fffffffff,3,35,SI
83a76afffffffff,3,55,SI
83bf93fffffffff,3,50,SP
83bf33fffffffff,3,58,SP
83b545fffffffff,3,50,SP
83a129fffffffff,3,58,SP
83b40dfffffffff,3,90,SP
83bd92fffffffff,3,50,SI
839d98fffffffff,3,73,SP
839d09fffffffff,3,50,SP
839d54fffffffff,3,40,SP
839d40fffffffff,3,30,SP
83792dfffffffff,3,68,EP
835da5fffffffff,3,53,EP
835c41fffffffff,3,108,EP
835c42fffffffff,3,30,EP
835c50fffffffff,3,30,EP
836095fffffffff,3,30,NI
831793fffffffff,3,0,WP
83179efffffffff,3,0,WP
83166bfffffffff,3,30,EP
831602fffffffff,3,0,WP
831628fffffffff,3,0,WP
831758fffffffff,3,0,WP
83174efffffffff,3,0,WP
8354a2fffffffff,3,30,NA
835750fffffffff,3,40,NA
833a5cfffffffff,3,53,NA
8334dbfffffffff,3,65,NA
8334dafffffffff,3,73,NA
835721fffffffff,3,45,NA
835726fffffffff,3,53,NA
833499fffffffff,3,40,NA
832a86fffffffff,3,38,NA
831ba1fffffffff,3,40,NA
831b12fffffffff,3,40,NA
83860bfffffffff,3,35,SI
838650fffffffff,3,25,SI
8386e1fffffffff,3,75,SI
836415fffffffff,3,75,NI
83641cfffffffff,3,93,NI
8360a5fffffffff,3,45,NI
835a1bfffffffff,3,70,WP
835aedfffffffff,3,25,WP
838403fffffffff,3,30,SI
83cba8fffffffff,3,40,SI
83afa0fffffffff,3,90,SI
83af83fffffffff,3,40,SI
83a702fffffffff,3,50,SI
83b86dfffffffff,3,35,SI
83beabfffffffff,3,45,SP
83bf23fffffffff,3,40,SP
839aedfffffffff,3,55,SP
83b4a5fffffffff,3,33,SP
83b59dfffffffff,3,60,SP
839eaafffffffff,3,28,SP
837f15fffffffff,3,30,SP
837f32fffffffff,3,80,SP
83a323fffffffff,3,40,SI
837236fffffffff,3,20,WP
8373a8fffffffff,3,23,WP
838458fffffffff,3,30,SI
83845efffffffff,3,35,SI
8385b3fffffffff,3,53,SI
8385b6fffffffff,3,35,SI
83505dfffffffff,3,48,EP
83160dfffffffff,3,0,WP
831662fffffffff,3,0,WP
833a56fffffffff,3,60,NA
83351afffffffff,3,55,NA
8335a9fffffffff,3,45,NA
833546fffffffff,3,35,NA
83498efffffffff,3,28,NA
834832fffffffff,3,100,EP
83174bfffffffff,3,0,WP
83174afffffffff,3,0,WP
8356ecfffffffff,3,40,NA
835f5efffffffff,3,40,NA
833db2fffffffff,3,30,NI
8342edfffffffff,3,25,NI
83565dfffffffff,3,40,NA
833a50fffffffff,3,50,NA
8348a9fffffffff,3,35,EP
837064fffffffff,3,60,EP
837159fffffffff,3,65,EP
83702dfffffffff,3,75,EP
83702cfffffffff,3,75,EP
837026fffffffff,3,90,EP
8371a9fffffffff,3,53,EP
8371adfffffffff,3,100,EP
8371aefffffffff,3,43,EP
8371b1fffffffff,3,35,EP
8371b5fffffffff,3,40,EP
835b14fffffffff,3,20,WP
83b5a5fffffffff,3,0,SP
83c635fffffffff,3,50,SP
83c636fffffffff,3,25,SP
83c785fffffffff,3,50,SP
83c784fffffffff,3,25,SP
833cddfffffffff,3,73,NI
836135fffffffff,3,30,NI
836104fffffffff,3,35,NI
83610cfffffffff,3,40,NI
83610dfffffffff,3,35,NI
839c60fffffffff,3,28,SP
839e85fffffffff,3,65,SP
837690fffffffff,3,79,SP
837686fffffffff,3,35,SP
837691fffffffff,3,109,SP
83b474fffffffff,3,58,SP
83b5a0fffffffff,3,55,SP
83b5a6fffffffff,3,45,SP
8336d0fffffffff,3,45,EP
8336d6fffffffff,3,45,EP
835d25fffffffff,3,65,EP
835d24fffffffff,3,68,EP
83474dfffffffff,3,70,EP
834768fffffffff,3,63,EP
83476dfffffffff,3,65,EP
834769fffffffff,3,65,EP
833d84fffffffff,3,25,NI
832933fffffffff,3,25,EP
832915fffffffff,3,25,EP
834f82fffffffff,3,90,WP
832b1efffffffff,3,50,NA
832b11fffffffff,3,48,NA
831b8efffffffff,3,65,NA
831b8dfffffffff,3,75,NA
831a23fffffffff,3,60,NA
833575fffffffff,3,85,NA
833930fffffffff,3,35,NA
833daafffffffff,3,25,NI
839e8afffffffff,3,30,SP
839e9dfffffffff,3,38,SP
83766efffffffff,3,25,WP
83234afffffffff,3,0,EP
833382fffffffff,3,50,WP
83d4dbfffffffff,3,55,SP
83d4c3fffffffff,3,0,SP
83d4c4fffffffff,3,0,SP
83d42dfffffffff,3,40,SP
83d428fffffffff,3,0,SP
83b4b1fffffffff,3,90,SP
83b4b6fffffffff,3,43,SP
83a000fffffffff,3,35,SP
83a006fffffffff,3,40,SP
837f2bfffffffff,3,28,SP
837f2dfffffffff,3,30,SP
83bf98fffffffff,3,55,SP
83bf9dfffffffff,3,55,SP
83bf82fffffffff,3,48,SP
83ba0cfffffffff,3,35,SP
83894cfffffffff,3,78,SP
835b1cfffffffff,3,33,WP
83a024fffffffff,3,55,SP
83a100fffffffff,3,63,SP
83bf89fffffffff,3,53,SP
83be32fffffffff,3,50,SP
83bb68fffffffff,3,35,SP
83bb63fffffffff,3,60,SP
83d440fffffffff,3,75,SP
83d42afffffffff,3,30,SP
83bf94fffffffff,3,68,SP
83bfa2fffffffff,3,45,SP
83bb88fffffffff,3,35,SP
83bb8efffffffff,3,35,SP
83bb82fffffffff,3,40,SP
83b4ecfffffffff,3,55,SP
83b496fffffffff,3,55,SP
83a148fffffffff,3,53,SP
83a141fffffffff,3,55,SP
83b573fffffffff,3,50,SP
83b50dfffffffff,3,50,SP
83b500fffffffff,3,50,SP
83c76cfffffffff,3,0,SP
834068fffffffff,3,33,NI
836349fffffffff,3,30,NI
83635cfffffffff,3,35,NI
83635dfffffffff,3,35,NI
836224fffffffff,3,35,NI
8363a1fffffffff,3,120,NI
83508efffffffff,3,38,EP
8336cdfffffffff,3,35,EP
8336eafffffffff,3,30,EP
837194fffffffff,3,25,EP
835b36fffffffff,3,25,WP
835b5afffffffff,3,40,WP
834852fffffffff,3,40,EP
833086fffffffff,3,20,WP
83315cfffffffff,3,43,WP
831732fffffffff,3,0,WP
83466efffffffff,3,90,EP
83379efffffffff,3,58,EP
833786fffffffff,3,40,EP
835050fffffffff,3,40,EP
8336ebfffffffff,3,30,EP
83648efffffffff,3,25,NI
836488fffffffff,3,78,NI
833485fffffffff,3,85,NA
831819fffffffff,3,45,NA
837172fffffffff,3,30,EP
835b82fffffffff,3,30,EP
835a84fffffffff,3,85,WP
835a82fffffffff,3,85,WP
835a83fffffffff,3,115,WP
838616fffffffff,3,25,SI
838788fffffffff,3,50,SI
8342b0fffffffff,3,55,NI
83439afffffffff,3,83,NI
83439efffffffff,3,45,NI
834393fffffffff,3,60,NI
8365a3fffffffff,3,25,WP
8365aefffffffff,3,65,WP
8318cdfffffffff,3,35,NA
835aa8fffffffff,3,58,WP
836426fffffffff,3,20,NI
836429fffffffff,3,25,NI
83644dfffffffff,3,45,NI
83611cfffffffff,3,43,NI
836109fffffffff,3,50,NI
836150fffffffff,3,45,NI
83602dfffffffff,3,45,NI
83d4c8fffffffff,3,60,SP
8362c6fffffffff,3,65,NI
8362f3fffffffff,3,65,NI
836392fffffffff,3,35,NI
8376d9fffffffff,3,20,SP
839e9efffffffff,3,25,SP
83cb5efffffffff,3,50,SI
83a6eefffffffff,3,80,SI
83be9bfffffffff,3,50,SP
83bb15fffffffff,3,30,SP
83d465fffffffff,3,30,SP
83d464fffffffff,3,30,SP
83d462fffffffff,3,30,SP
83d471fffffffff,3,40,SP
83d4edfffffffff,3,30,SP
839ed8fffffffff,3,30,SP
83ba96fffffffff,3,45,SP
83c749fffffffff,3,45,SP
83aa74fffffffff,3,80,SI
839cb5fffffffff,3,45,SP
839ca0fffffffff,3,35,SP
839ca3fffffffff,3,33,SP
839ca8fffffffff,3,45,SP
835e23fffffffff,3,50,NA
836d6dfffffffff,3,100,NA
83712cfffffffff,3,135,EP
83469dfffffffff,3,95,EP
834691fffffffff,3,118,EP
8346b3fffffffff,3,105,EP
833309fffffffff,3,78,WP
835d20fffffffff,3,80,EP
833681fffffffff,3,45,EP
831791fffffffff,3,0,WP
831782fffffffff,3,0,WP
831634fffffffff,3,0,WP
83171bfffffffff,3,0,WP
834853fffffffff,3,35,EP
835ed8fffffffff,3,140,NA
83504efffffffff,3,50,EP
831aa9fffffffff,3,65,NA
831899fffffffff,3,65,NA
8318e5fffffffff,3,65,NA
831856fffffffff,3,68,NA
83489dfffffffff,3,35,NA
836799fffffffff,3,30,NA
836792fffffffff,3,60,NA
837115fffffffff,3,50,EP
83610efffffffff,3,25,NI
83611bfffffffff,3,45,NI
834282fffffffff,3,65,NI
836518fffffffff,3,25,WP
837f54fffffffff,3,20,SP
83bfaafffffffff,3,30,SP
83bb89fffffffff,3,65,SP
83d454fffffffff,3,65,SP
839d71fffffffff,3,20,SP
83bab6fffffffff,3,53,SP
83b521fffffffff,3,25,SP
83ba68fffffffff,3,55,SP
83aacdfffffffff,3,25,SI
83af96fffffffff,3,35,SI
83cc93fffffffff,3,35,SI
83cc96fffffffff,3,55,SI
839edafffffffff,3,28,SP
83439bfffffffff,3,110,NI
83318afffffffff,3,25,WP
83465afffffffff,3,50,EP
837126fffffffff,3,38,EP
834698fffffffff,3,65,EP
833000fffffffff,3,45,WP
833173fffffffff,3,33,WP
832edafffffffff,3,0,WP
8346c3fffffffff,3,100,EP
8346d4fffffffff,3,120,EP
834689fffffffff,3,90,EP
834688fffffffff,3,108,EP
83468efffffffff,3,125,EP
834683fffffffff,3,88,EP
834686fffffffff,3,135,EP
833013fffffffff,3,33,WP
833011fffffffff,3,30,WP
83234efffffffff,3,25,EP
832eeafffffffff,3,55,WP
83858bfffffffff,3,25,SI
837b72fffffffff,3,55,SI
834614fffffffff,3,35,EP
835a9afffffffff,3,90,WP
836040fffffffff,3,30,NI
836043fffffffff,3,25,NI
83604bfffffffff,3,30,NI
8362ecfffffffff,3,38,NI
83b80bfffffffff,3,23,SI
83cb32fffffffff,3,55,SI
83ca26fffffffff,3,55,SI
83ca6efffffffff,3,50,SI
83ca41fffffffff,3,45,SI
83a632fffffffff,3,70,SI
839cf5fffffffff,3,15,SP
839ce2fffffffff,3,20,SP
839c8cfffffffff,3,30,SP
832b0afffffffff,3,50,NA
831b8afffffffff,3,63,NA
831b88fffffffff,3,63,NA
830f64fffffffff,3,55,NA
831a1afffffffff,3,50,NA
8318b4fffffffff,3,70,NA
832659fffffffff,3,30,NA
832a9efffffffff,3,40,NA
831b5efffffffff,3,50,NA
831b40fffffffff,3,55,NA
8319b2fffffffff,3,55,NA
8319b5fffffffff,3,48,NA
8319a0fffffffff,3,50,NA
8319a5fffffffff,3,50,NA
83188efffffffff,3,60,NA
831b18fffffffff,3,75,NA
831b03fffffffff,3,68,NA
8364aafffffffff,3,35,NI
832a91fffffffff,3,40,NA
832a95fffffffff,3,40,NA
832b99fffffffff,3,35,NA
8342b3fffffffff,3,105,NI
836412fffffffff,3,23,NI
83351cfffffffff,3,60,NA
831883fffffffff,3,63,NA
834799fffffffff,3,63,EP
839d72fffffffff,3,40,SP
839d29fffffffff,3,20,SP
83b436fffffffff,3,30,SP
837b2dfffffffff,3,55,SI
83bb12fffffffff,3,75,SP
83dbb2fffffffff,3,40,SP
83db98fffffffff,3,40,SP
83db95fffffffff,3,30,SP
83dbb3fffffffff,3,30,SP
83dbb0fffffffff,3,25,SP
83dbb4fffffffff,3,30,SP
83d466fffffffff,3,50,SP
83a7b1fffffffff,3,30,SI
83b851fffffffff,3,38,SI
839d69fffffffff,3,25,SP
83bb1efffffffff,3,0,SP
83b854fffffffff,3,35,SI
834290fffffffff,3,60,NI
8342b6fffffffff,3,123,NI
83425afffffffff,3,30,NI
833da6fffffffff,3,25,NI
836d5cfffffffff,3,30,EP
830c94fffffffff,3,0,EP
832b02fffffffff,3,50,NA
831a14fffffffff,3,55,NA
8322c9fffffffff,3,30,EP
836d66fffffffff,3,35,EP
835a0efffffffff,3,35,WP
835a08fffffffff,3,110,WP
83499dfffffffff,3,30,NA
832b98fffffffff,3,45,NA
832b8efffffffff,3,30,NA
832ba8fffffffff,3,43,NA
832bacfffffffff,3,30,NA
835ad1fffffffff,3,35,WP
833a4afffffffff,3,60,NA
831b98fffffffff,3,73,NA
831896fffffffff,3,60,NA
8318aefffffffff,3,60,NA
8318adfffffffff,3,60,NA
831813fffffffff,3,55,NA
831811fffffffff,3,55,NA
831810fffffffff,3,55,NA
831814fffffffff,3,60,NA
8319a4fffffffff,3,45,NA
83074bfffffffff,3,48,NA
830664fffffffff,3,58,NA
836346fffffffff,3,40,NI
83638cfffffffff,3,35,NI
83639dfffffffff,3,35,NI
8318a8fffffffff,3,60,NA
831804fffffffff,3,55,NA
836084fffffffff,3,20,NI
835a8efffffffff,3,100,WP
8365a0fffffffff,3,55,WP
836506fffffffff,3,30,WP
836533fffffffff,3,30,WP
836994fffffffff,3,25,WP
83ba21fffffffff,3,60,SP
837f25fffffffff,3,35,SP
83ba61fffffffff,3,55,SP
83bab3fffffffff,3,55,SP
83bb90fffffffff,3,40,SP
83d4c9fffffffff,3,65,SP
83d4c5fffffffff,3,30,SP
83d58afffffffff,3,40,SP
83bd99fffffffff,3,50,SI
83bd91fffffffff,3,60,SI
83ca2dfffffffff,3,40,SI
83b4defffffffff,3,55,SP
83bb9cfffffffff,3,35,SP
83d473fffffffff,3,75,SP
83d470fffffffff,3,45,SP
83d476fffffffff,3,30,SP
83bbaefffffffff,3,35,SP
83d459fffffffff,3,30,SP
83d45cfffffffff,3,35,SP
83d429fffffffff,3,0,SP
83c61cfffffffff,3,35,SP
83c61efffffffff,3,25,SP
83a625fffffffff,3,75,SI
83a70bfffffffff,3,28,SI
83655bfffffffff,3,35,NI
83236cfffffffff,3,40,EP
836d2afffffffff,3,45,EP
839a85fffffffff,3,45,SP
839aaafffffffff,3,45,SP
839ae3fffffffff,3,90,SP
83c652fffffffff,3,50,SP
8337b3fffffffff,3,60,EP
835a33fffffffff,3,45,WP
835a06fffffffff,3,35,WP
835a5efffffffff,3,48,WP
831889fffffffff,3,60,NA
8318d4fffffffff,3,60,NA
834842fffffffff,3,70,EP
83485cfffffffff,3,60,EP
836589fffffffff,3,50,WP
836416fffffffff,3,45,NI
8364f4fffffffff,3,50,NI
839a95fffffffff,3,43,SP
839ab2fffffffff,3,70,SP
83894dfffffffff,3,75,SP
838921fffffffff,3,100,SP
836370fffffffff,3,90,NI
836048fffffffff,3,30,NI
8362e5fffffffff,3,35,NI
836203fffffffff,3,53,NI
836214fffffffff,3,33,NI
836388fffffffff,3,35,NI
836382fffffffff,3,95,NI
8363b0fffffffff,3,65,NI
836d23fffffffff,3,25,NA
837152fffffffff,3,55,EP
839a82fffffffff,3,25,SP
83b41afffffffff,3,83,SP
83a068fffffffff,3,75,SP
83a061fffffffff,3,73,SP
83af5cfffffffff,3,45,SI
83aa09fffffffff,3,35,SI
83aad2fffffffff,3,50,SI
83ccd0fffffffff,3,30,SI
83ccd4fffffffff,3,40,SI
831a16fffffffff,3,55,NA
831a06fffffffff,3,60,NA
831a00fffffffff,3,65,NA
831894fffffffff,3,40,NA
835733fffffffff,3,55,NA
83350cfffffffff,3,50,NA
833544fffffffff,3,63,NA
833932fffffffff,3,60,NA
833933fffffffff,3,45,NA
8318c6fffffffff,3,50,NA
8318e4fffffffff,3,55,NA
83632dfffffffff,3,103,NI
834296fffffffff,3,115,NI
834535fffffffff,3,45,NA
836d2efffffffff,3,30,NA
8318a4fffffffff,3,60,NA
830933fffffffff,3,60,NA
8334d6fffffffff,3,60,NA
83348bfffffffff,3,60,NA
835735fffffffff,3,50,NA
83bfa6fffffffff,3,55,SP
83b5abfffffffff,3,45,SP
83c666fffffffff,3,43,SP
83c670fffffffff,3,40,SP
83d48dfffffffff,3,0,SP
83d483fffffffff,3,45,SP
83c70afffffffff,3,35,SP
83ba1bfffffffff,3,55,SP
83dab2fffffffff,3,50,SP
83b402fffffffff,3,45,SP
83b504fffffffff,3,55,SP
83b526fffffffff,3,30,SP
83d49dfffffffff,3,25,SP
83a62afffffffff,3,65,SI
83a719fffffffff,3,60,SI
83a71dfffffffff,3,33,SI
83a703fffffffff,3,75,SI
83a634fffffffff,3,63,SI
834258fffffffff,3,25,NI
831490fffffffff,3,0,WP
83469bfffffffff,3,65,EP
835b9bfffffffff,3,140,EP
832aa6fffffffff,3,35,NA
832b8afffffffff,3,33,NA
83aad4fffffffff,3,35,SI
83c718fffffffff,3,45,SP
83970efffffffff,3,45,SI
83b515fffffffff,3,35,SP
83c771fffffffff,3,30,SP
83bc99fffffffff,3,93,SI
83b444fffffffff,3,55,SP
83d4cbfffffffff,3,30,SP
839784fffffffff,3,35,SI
837cd8fffffffff,3,30,NA
837ccafffffffff,3,30,NA
832eebfffffffff,3,0,WP
835d36fffffffff,3,45,EP
831b62fffffffff,3,50,NA
8340a5fffffffff,3,0,WP
834012fffffffff,3,0,WP
83190afffffffff,3,55,NA
83499bfffffffff,3,68,NA
834999fffffffff,3,50,NA
831b63fffffffff,3,60,NA
831806fffffffff,3,58,NA
836036fffffffff,3,55,NI
83b8dcfffffffff,3,45,SI
8394dbfffffffff,3,30,SI
83cb5bfffffffff,3,45,SI
8394c3fffffffff,3,25,SI
8394d1fffffffff,3,25,SI
83d4d3fffffffff,3,60,SP
83c60efffffffff,3,35,SP
83cba3fffffffff,3,75,SI
83a628fffffffff,3,65,SI
83264afffffffff,3,20,NA
831a03fffffffff,3,58,NA
8334b3fffffffff,3,85,NA
831b73fffffffff,3,65,NA
834851fffffffff,3,45,EP
833a6dfffffffff,3,55,NA
839cf3fffffffff,3,30,SP
839cd5fffffffff,3,30,SP
839cddfffffffff,3,25,SP
83729afffffffff,3,25,SP
837293fffffffff,3,45,SI
836800fffffffff,3,68,WP
836803fffffffff,3,30,WP
83ca63fffffffff,3,35,SI
83ca44fffffffff,3,60,SI
83af82fffffffff,3,55,SI
83cc90fffffffff,3,60,SI
83cc99fffffffff,3,33,SI
83cc9dfffffffff,3,30,SI
83ccb1fffffffff,3,30,SI
839434fffffffff,3,45,SI
836310fffffffff,3,88,NI
836314fffffffff,3,100,NI
835249fffffffff,3,100,NI
835248fffffffff,3,35,NI
83641efffffffff,3,45,NI
833189fffffffff,3,15,WP
830f6dfffffffff,3,45,NA
831b14fffffffff,3,63,NA
8350d0fffffffff,3,25,EP
8350d3fffffffff,3,20,EP
833695fffffffff,3,75,EP
8336b6fffffffff,3,68,EP
8314d9fffffffff,3,0,WP
8314cbfffffffff,3,0,WP
837108fffffffff,3,50,EP
834884fffffffff,3,20,NA
833314fffffffff,3,40,WP
838416fffffffff,3,35,SI
83a335fffffffff,3,113,SI
836132fffffffff,3,35,NI
8397a8fffffffff,3,35,SI
8397aafffffffff,3,35,SI
83cb10fffffffff,3,53,SI
83ca68fffffffff,3,50,SI
833410fffffffff,3,40,NA
831783fffffffff,3,0,WP
8346d9fffffffff,3,30,EP
831934fffffffff,3,50,NA
830932fffffffff,3,50,NA
83cb12fffffffff,3,45,SI
83ca34fffffffff,3,45,SI
834cd2fffffffff,3,50,NA
836460fffffffff,3,45,NI
839cc4fffffffff,3,20,SP
839cc1fffffffff,3,25,SP
83aaebfffffffff,3,40,SI
83afb6fffffffff,3,33,SI
83afb2fffffffff,3,35,SI
831a86fffffffff,3,75,NA
837b63fffffffff,3,78,SI
8363a8fffffffff,3,110,NI
836385fffffffff,3,43,NI
836465fffffffff,3,33,NI
83ccf6fffffffff,3,0,SI
83ccaafffffffff,3,35,SI
83cccbfffffffff,3,27,SI
832749fffffffff,3,50,NA
832748fffffffff,3,30,NA
832ab4fffffffff,3,50,NA
832a35fffffffff,3,45,NA
83498afffffffff,3,40,NA
8335a5fffffffff,3,40,NA
8318b2fffffffff,3,80,NA
83198bfffffffff,3,45,NA
836091fffffffff,3,30,NI
83355afffffffff,3,65,NA
83355bfffffffff,3,63,NA
836725fffffffff,3,45,NA
836216fffffffff,3,40,NI
83638bfffffffff,3,40,NI
83b555fffffffff,3,33,SP
83b528fffffffff,3,40,SP
839460fffffffff,3,25,SI
836093fffffffff,3,28,NI
83506afffffffff,3,25,EP
835099fffffffff,3,30,EP
834681fffffffff,3,133,EP
834680fffffffff,3,140,EP
832aa8fffffffff,3,58,NA
834855fffffffff,3,53,EP
8319a2fffffffff,3,53,NA
833550fffffffff,3,90,NA
8318cbfffffffff,3,58,NA
838945fffffffff,3,55,SP
83cb1efffffffff,3,65,SI
83cba9fffffffff,3,45,SI
83b852fffffffff,3,25,SI
83469afffffffff,3,30,EP
8319b1fffffffff,3,55,NA
83ba6efffffffff,3,50,SP
83bbb2fffffffff,3,45,SP
83a621fffffffff,3,70,SI
836d45fffffffff,3,45,EP
832a9afffffffff,3,25,NA
832b1bfffffffff,3,45,NA
83199efffffffff,3,68,NA
83638dfffffffff,3,60,NI
83610afffffffff,3,45,NI
83cce3fffffffff,3,40,SI
83ca28fffffffff,3,42,SI
83ca2bfffffffff,3,65,SI
83ca0dfffffffff,3,45,SI
831759fffffffff,3,0,WP
8350e8fffffffff,3,35,EP
8318defffffffff,3,68,NA
83180afffffffff,3,70,NA
836c23fffffffff,3,30,EP
83949dfffffffff,3,30,SI
8363b1fffffffff,3,75,NI
834213fffffffff,3,55,NI
83421efffffffff,3,55,NI
836d5dfffffffff,3,30,EP
831983fffffffff,3,55,NA
831b80fffffffff,3,45,NA
836d36fffffffff,3,60,NA
836511fffffffff,3,20,WP
83471efffffffff,3,63,EP
839d5dfffffffff,3,45,SP
8360d6fffffffff,3,120,NI
83145cfffffffff,3,0,WP
83524bfffffffff,3,70,NI
83ae4cfffffffff,3,38,SI
83cc8cfffffffff,3,50,SI
83bcaefffffffff,3,45,SI
833570fffffffff,3,40,NA
8314c6fffffffff,3,0,WP
8334a8fffffffff,3,58,NA
83349dfffffffff,3,63,NA
833508fffffffff,3,58,NA
8318dbfffffffff,3,63,NA
833904fffffffff,3,40,NA
832aa3fffffffff,3,45,NA
83341afffffffff,3,75,NA
836200fffffffff,3,63,NI
836206fffffffff,3,70,NI
836393fffffffff,3,33,NI
83bb5dfffffffff,3,45,SP
83bb4cfffffffff,3,55,SP
8394cefffffffff,3,20,SI
83ca06fffffffff,3,35,SI
83af9dfffffffff,3,35,SI
83cc88fffffffff,3,40,SI
8350c6fffffffff,3,30,EP
8350c0fffffffff,3,30,EP
8346c6fffffffff,3,115,EP
832326fffffffff,3,55,EP
83574dfffffffff,3,70,NA
834615fffffffff,3,43,EP
833521fffffffff,3,50,NA
8318c9fffffffff,3,50,NA
8363adfffffffff,3,118,NI
8363acfffffffff,3,120,NI
8386e0fffffffff,3,65,SI
836851fffffffff,3,20,WP
83ca46fffffffff,3,38,SI
83cc8dfffffffff,3,40,SI
83464bfffffffff,3,35,EP
836d40fffffffff,3,53,EP
83622afffffffff,3,50,NI
839723fffffffff,3,38,SI
834843fffffffff,3,50,EP
832b88fffffffff,3,30,NA
833413fffffffff,3,95,NA
8318e2fffffffff,3,75,NA
837b30fffffffff,3,35,SI
8330b6fffffffff,3,25,WP
8346f0fffffffff,3,123,EP
8346e8fffffffff,3,48,EP
83199cfffffffff,3,65,NA
831a6dfffffffff,3,55,NA
839d56fffffffff,2,50,SP
83bfabfffffffff,2,60,SP
83bf19fffffffff,2,60,SP
83bf0afffffffff,2,60,SP
83bf54fffffffff,2,40,SP
83a7abfffffffff,2,25,SI
83a7a8fffffffff,2,35,SI
83a7acfffffffff,2,30,SI
83b849fffffffff,2,32,SI
83ca05fffffffff,2,30,SI
83ca01fffffffff,2,55,SI
83ca0bfffffffff,2,0,SI
83ca5cfffffffff,2,50,SI
83ae04fffffffff,2,60,SI
83ae06fffffffff,2,55,SI
83aea1fffffffff,2,55,SI
83ae85fffffffff,2,45,SI
83aeaefffffffff,2,25,SI
83ae4efffffffff,2,25,SI
83ae41fffffffff,2,35,SI
839d24fffffffff,2,55,SP
83bb71fffffffff,2,45,SP
83bb09fffffffff,2,43,SP
83bb0bfffffffff,2,55,SP
83d460fffffffff,2,48,SP
83aec1fffffffff,2,55,SI
83aec3fffffffff,2,40,SI
83aeddfffffffff,2,40,SI
83aed9fffffffff,2,30,SI
83c888fffffffff,2,20,SI
83b476fffffffff,2,58,SP
837e80fffffffff,2,15,WP
837e82fffffffff,2,20,WP
837e92fffffffff,2,20,EP
83719efffffffff,2,20,EP
835ab0fffffffff,2,45,WP
835aaafffffffff,2,40,WP
835aabfffffffff,2,40,WP
836e1bfffffffff,2,58,EP
831610fffffffff,2,0,WP
831a70fffffffff,2,55,NA
832ec3fffffffff,2,0,WP
83148dfffffffff,2,0,WP
8314adfffffffff,2,0,WP
8314e2fffffffff,2,0,WP
831459fffffffff,2,0,WP
835755fffffffff,2,80,NA
8336cafffffffff,2,55,EP
83466dfffffffff,2,63,EP
832252fffffffff,2,0,EP
83342bfffffffff,2,30,NA
83342efffffffff,2,40,NA
833552fffffffff,2,93,NA
833405fffffffff,2,50,NA
833400fffffffff,2,53,NA
8334a9fffffffff,2,63,NA
8318b1fffffffff,2,60,NA
836029fffffffff,2,25,NI
836076fffffffff,2,25,NI
836073fffffffff,2,25,NI
836055fffffffff,2,25,NI
838cf5fffffffff,2,20,SI
837ec6fffffffff,2,20,WP
837ec0fffffffff,2,20,WP
839795fffffffff,2,68,SI
83a040fffffffff,2,30,SP
83a054fffffffff,2,60,SP
83a028fffffffff,2,40,SP
83a15dfffffffff,2,35,SP
8395a0fffffffff,2,23,SI
83bedefffffffff,2,30,SP
83bed8fffffffff,2,20,SP
8394d8fffffffff,2,25,SI
83b4eefffffffff,2,50,SP
83b552fffffffff,2,0,SP
83baa6fffffffff,2,43,SP
83a784fffffffff,2,30,SI
83b490fffffffff,2,25,SP
83a16afffffffff,2,40,SP
833305fffffffff,2,75,WP
83a165fffffffff,2,40,SP
83a164fffffffff,2,80,SP
83c64cfffffffff,2,40,SP
838583fffffffff,2,20,SI
83aecafffffffff,2,30,SI
83c89afffffffff,2,35,SI
83c893fffffffff,2,30,SI
83a750fffffffff,2,45,SI
8314d6fffffffff,2,0,WP
831489fffffffff,2,0,WP
831483fffffffff,2,0,WP
831481fffffffff,2,0,WP
831629fffffffff,2,0,WP
83175afffffffff,2,0,WP
831666fffffffff,2,0,WP
831660fffffffff,2,0,WP
8314dafffffffff,2,40,WP
8314eafffffffff,2,0,WP
831453fffffffff,2,0,WP
831450fffffffff,2,0,WP
836620fffffffff,2,65,NA
83185afffffffff,2,48,NA
8316a5fffffffff,2,0,WP
836484fffffffff,2,0,NI
83178cfffffffff,2,0,WP
839f6bfffffffff,2,70,SP
83bf12fffffffff,2,0,SP
83bf32fffffffff,2,0,SP
83ca62fffffffff,2,45,SI
83c992fffffffff,2,20,SI
83bb84fffffffff,2,40,SP
83d4ccfffffffff,2,0,SP
83d4c1fffffffff,2,35,SP
83d4d0fffffffff,2,30,SP
83d4d6fffffffff,2,40,SP
8376abfffffffff,2,25,SP
83768cfffffffff,2,25,SP
837688fffffffff,2,30,SP
83768afffffffff,2,30,SP
83d455fffffffff,2,40,SP
837698fffffffff,2,28,SP
836e45fffffffff,2,25,EP
836e6afffffffff,2,25,EP
838586fffffffff,2,30,SI
835d10fffffffff,2,25,EP
8340a6fffffffff,2,0,WP
8340b1fffffffff,2,20,WP
835da2fffffffff,2,68,EP
833160fffffffff,2,0,WP
8314f1fffffffff,2,0,WP
8314c4fffffffff,2,0,WP
8314eefffffffff,2,0,WP
83145afffffffff,2,0,WP
8317a4fffffffff,2,0,WP
831448fffffffff,2,0,WP
83146afffffffff,2,0,WP
832251fffffffff,2,0,EP
832270fffffffff,2,0,EP
835ac2fffffffff,2,33,WP
832351fffffffff,2,0,EP
832352fffffffff,2,58,EP
836d74fffffffff,2,35,EP
836d2bfffffffff,2,53,EP
8342cafffffffff,2,50,NI
8342c9fffffffff,2,25,NI
835b33fffffffff,2,60,WP
83895bfffffffff,2,25,SP
838958fffffffff,2,30,SP
838909fffffffff,2,35,SP
83b416fffffffff,2,35,SP
83b58bfffffffff,2,0,SP
83a0c1fffffffff,2,37,SP
83a0e3fffffffff,2,65,SP
83a056fffffffff,2,30,SP
83a02efffffffff,2,55,SP
83a023fffffffff,2,66,SP
83a022fffffffff,2,65,SP
83a1a8fffffffff,2,58,SP
83b155fffffffff,2,30,SP
83b109fffffffff,2,25,SP
83b10afffffffff,2,0,SP
83a04afffffffff,2,84,SP
83a058fffffffff,2,55,SP
83a05dfffffffff,2,69,SP
83a048fffffffff,2,100,SP
83a159fffffffff,2,75,SP
83a15cfffffffff,2,71,SP
83a146fffffffff,2,65,SP
83c64bfffffffff,2,46,SP
83c642fffffffff,2,50,SP
83b49afffffffff,2,35,SP
8389a3fffffffff,2,31,SP
8389aefffffffff,2,33,SP
8389a1fffffffff,2,48,SP
838916fffffffff,2,100,SP
83a044fffffffff,2,59,SP
83a15efffffffff,2,51,SP
83a154fffffffff,2,100,SP
83a10cfffffffff,2,38,SP
83a104fffffffff,2,30,SP
83a0f4fffffffff,2,60,SP
83a01bfffffffff,2,62,SP
83a015fffffffff,2,45,SP
83a030fffffffff,2,50,SP
83a11afffffffff,2,23,SP
83b16efffffffff,2,35,SP
83b560fffffffff,2,0,SP
83b520fffffffff,2,0,SP
83c764fffffffff,2,45,SP
83c762fffffffff,2,40,SP
83c744fffffffff,2,0,SP
83c75cfffffffff,2,0,SP
83c758fffffffff,2,55,SP
83c674fffffffff,2,35,SP
83c676fffffffff,2,0,SP
83c60bfffffffff,2,35,SP
83c6e6fffffffff,2,30,SP
83c6f0fffffffff,2,0,SP
83882cfffffffff,2,30,SP
838943fffffffff,2,40,SP
83a0eafffffffff,2,60,SP
83a0ebfffffffff,2,50,SP
83a14bfffffffff,2,80,SP
83a14afffffffff,2,75,SP
83a140fffffffff,2,65,SP
83c659fffffffff,2,40,SP
83a0e4fffffffff,2,70,SP
83a005fffffffff,2,67,SP
83a1a2fffffffff,2,50,SP
83a1b4fffffffff,2,43,SP
83a76efffffffff,2,53,SI
836c28fffffffff,2,25,EP
836c2afffffffff,2,30,EP
838614fffffffff,2,30,SI
8342acfffffffff,2,33,NI
8342a6fffffffff,2,45,NI
834398fffffffff,2,35,NI
83439cfffffffff,2,35,NI
8326c0fffffffff,2,50,NA
8371a0fffffffff,2,45,EP
835ba0fffffffff,2,25,EP
835ba9fffffffff,2,35,WP
835a35fffffffff,2,30,WP
835a2bfffffffff,2,38,WP
833da8fffffffff,2,25,NI
836583fffffffff,2,20,WP
83658afffffffff,2,25,WP
8364a0fffffffff,2,23,NI
83ae19fffffffff,2,20,SI
83aef4fffffffff,2,20,SI
83aef1fffffffff,2,30,SI
83aec6fffffffff,2,0,SI
83236efffffffff,2,40,EP
836ca6fffffffff,2,35,EP
83771afffffffff,2,30,WP
8377adfffffffff,2,15,WP
8377acfffffffff,2,15,WP
839725fffffffff,2,38,SI
83bc89fffffffff,2,40,SI
83bcf6fffffffff,2,36,SI
83bcf4fffffffff,2,38,SI
83ae33fffffffff,2,40,SI
83ccc3fffffffff,2,35,SI
83ccc0fffffffff,2,55,SI
83bc8dfffffffff,2,45,SI
83bca9fffffffff,2,28,SI
83aee9fffffffff,2,30,SI
839ca4fffffffff,2,90,SP
83af81fffffffff,2,40,SI
8363abfffffffff,2,28,NI
8363a2fffffffff,2,108,NI
8352c1fffffffff,2,50,NI
8352c2fffffffff,2,65,NI
8352d1fffffffff,2,60,NI
834044fffffffff,2,18,WP
834041fffffffff,2,0,WP
833db0fffffffff,2,20,NI
8342ecfffffffff,2,55,NI
83318cfffffffff,2,25,WP
833034fffffffff,2,0,WP
83310dfffffffff,2,0,WP
833176fffffffff,2,0,WP
832ecbfffffffff,2,0,WP
832ed0fffffffff,2,0,WP
837253fffffffff,2,35,WP
8347b3fffffffff,2,40,EP
8347b1fffffffff,2,40,EP
8347a2fffffffff,2,45,EP
8347a4fffffffff,2,45,EP
8333b5fffffffff,2,75,EP
8333b0fffffffff,2,80,EP
832936fffffffff,2,35,EP
835a8bfffffffff,2,45,WP
835ad0fffffffff,2,33,WP
83725afffffffff,2,23,WP
83634afffffffff,2,45,NI
837a80fffffffff,2,28,NI
837a85fffffffff,2,25,NI
837aa8fffffffff,2,25,NI
838ceefffffffff,2,25,SI
83bf8dfffffffff,2,0,SP
83bf2bfffffffff,2,0,SP
83bf28fffffffff,2,30,SP
83dad2fffffffff,2,55,SP
83daf6fffffffff,2,0,SP
83da1afffffffff,2,50,SP
8373aefffffffff,2,0,WP
83ca21fffffffff,2,28,SI
83b403fffffffff,2,45,SP
83b430fffffffff,2,40,SP
83b562fffffffff,2,45,SP
83a7a1fffffffff,2,30,SI
83b8edfffffffff,2,25,SI
83b853fffffffff,2,20,SI
838ce5fffffffff,2,20,SI
83cb0afffffffff,2,30,SI
83ae01fffffffff,2,50,SI
83ae88fffffffff,2,45,SI
83aed1fffffffff,2,50,SI
83c8a6fffffffff,2,15,SI
83c99bfffffffff,2,40,SI
83b565fffffffff,2,30,SP
8395acfffffffff,2,25,SI
83949bfffffffff,2,53,SI
83b52afffffffff,2,33,SP
83b522fffffffff,2,30,SP
8342e3fffffffff,2,30,NI
836e73fffffffff,2,30,EP
831625fffffffff,2,0,WP
83170bfffffffff,2,0,WP
83424afffffffff,2,25,NI
83148cfffffffff,2,0,WP
833006fffffffff,2,40,WP
833024fffffffff,2,30,WP
8314e3fffffffff,2,0,WP
8350e2fffffffff,2,30,EP
837148fffffffff,2,25,EP
83715cfffffffff,2,30,EP
832369fffffffff,2,0,EP
83236afffffffff,2,38,EP
8336c0fffffffff,2,30,EP
832651fffffffff,2,25,NA
833020fffffffff,2,30,WP
83310bfffffffff,2,30,WP
831494fffffffff,2,0,WP
831486fffffffff,2,0,WP
835762fffffffff,2,75,NA
832badfffffffff,2,50,NA
832b32fffffffff,2,50,NA
832b30fffffffff,2,50,NA
831b90fffffffff,2,50,NA
831b81fffffffff,2,50,NA
831b45fffffffff,2,65,NA
838582fffffffff,2,30,SI
8342d8fffffffff,2,30,NI
8342d9fffffffff,2,20,NI
8372e5fffffffff,2,10,WP
836486fffffffff,2,25,NI
8346e4fffffffff,2,70,EP
834604fffffffff,2,70,EP
834622fffffffff,2,70,EP
83472afffffffff,2,60,EP
83264dfffffffff,2,28,NA
83678bfffffffff,2,60,NA
839711fffffffff,2,55,SI
83971cfffffffff,2,43,SI
83971dfffffffff,2,36,SI
838693fffffffff,2,20,NI
83869efffffffff,2,20,NI
83aac8fffffffff,2,45,SI
8377a6fffffffff,2,0,WP
83cb58fffffffff,2,36,SI
83b589fffffffff,2,0,SP
83c605fffffffff,2,0,SP
83a153fffffffff,2,60,SP
83a128fffffffff,2,55,SP
83a705fffffffff,2,30,SI
83bd84fffffffff,2,80,SI
83bda4fffffffff,2,63,SI
83cbb5fffffffff,2,55,SI
83769cfffffffff,2,117,SP
83a754fffffffff,2,43,SI
83a733fffffffff,2,35,SI
83b845fffffffff,2,23,SI
83b844fffffffff,2,28,SI
83b870fffffffff,2,20,SI
83b876fffffffff,2,25,SI
83ae0bfffffffff,2,25,SI
83a72bfffffffff,2,35,SI
8376d4fffffffff,2,38,SP
8376dcfffffffff,2,33,SP
837964fffffffff,2,48,EP
835126fffffffff,2,50,EP
835124fffffffff,2,25,EP
837928fffffffff,2,35,EP
837904fffffffff,2,33,EP
837931fffffffff,2,100,EP
832eccfffffffff,2,0,WP
832ecefffffffff,2,0,WP
8314cdfffffffff,2,0,WP
831881fffffffff,2,40,NA
8318abfffffffff,2,53,NA
831829fffffffff,2,48,NA
835b13fffffffff,2,10,WP
835b1efffffffff,2,30,WP
835b19fffffffff,2,15,WP
835a24fffffffff,2,20,WP
836220fffffffff,2,80,NI
837e98fffffffff,2,20,WP
836988fffffffff,2,25,WP
83bb75fffffffff,2,40,SP
83bb21fffffffff,2,0,SP
83bb20fffffffff,2,40,SP
837e83fffffffff,2,20,WP
839aebfffffffff,2,30,SP
839ae9fffffffff,2,20,SP
83b4a8fffffffff,2,60,SP
83b596fffffffff,2,50,SP
83c66dfffffffff,2,45,SP
83c662fffffffff,2,40,SP
839af4fffffffff,2,90,SP
839aa9fffffffff,2,95,SP
839aacfffffffff,2,70,SP
83b471fffffffff,2,40,SP
83b85dfffffffff,2,25,SI
83b873fffffffff,2,20,SI
83b829fffffffff,2,30,SI
83b946fffffffff,2,20,SI
837f20fffffffff,2,30,SP
83b58dfffffffff,2,55,SP
83b414fffffffff,2,30,SP
839cf0fffffffff,2,25,SP
839cf1fffffffff,2,25,SP
839cc6fffffffff,2,30,SP
839e81fffffffff,2,25,SP
83149bfffffffff,2,25,WP
8314d4fffffffff,2,0,WP
837015fffffffff,2,25,EP
835b21fffffffff,2,33,WP
836491fffffffff,2,25,NI
83649afffffffff,2,40,NI
833ccbfffffffff,2,35,NI
8318aafffffffff,2,55,NA
83356dfffffffff,2,45,NA
833914fffffffff,2,20,NA
833900fffffffff,2,30,NA
835ce5fffffffff,2,35,EP
835badfffffffff,2,15,WP
834796fffffffff,2,95,WP
833334fffffffff,2,100,WP
833335fffffffff,2,115,WP
833331fffffffff,2,100,WP
83331dfffffffff,2,53,WP
83608efffffffff,2,25,NI
836099fffffffff,2,20,NI
836e42fffffffff,2,40,EP
838612fffffffff,2,25,SI
8386acfffffffff,2,30,SI
838613fffffffff,2,25,SI
8386adfffffffff,2,30,SI
83861efffffffff,2,25,SI
837ec8fffffffff,2,20,WP
837b00fffffffff,2,25,SI
837f13fffffffff,2,35,SP
837f23fffffffff,2,50,SP
83ba29fffffffff,2,60,SP
83bb5afffffffff,2,55,SP
83bb60fffffffff,2,0,SP
83da93fffffffff,2,40,SP
83c76dfffffffff,2,55,SP
83ccd2fffffffff,2,36,SI
83cc8efffffffff,2,0,SI
83ccb2fffffffff,2,55,SI
83bbb4fffffffff,2,40,SP
83d4e9fffffffff,2,0,SP
83a71afffffffff,2,50,SI
83a710fffffffff,2,45,SI
83b843fffffffff,2,40,SI
835052fffffffff,2,35,EP
835053fffffffff,2,33,EP
835af1fffffffff,2,35,WP
835745fffffffff,2,30,NA
832a32fffffffff,2,25,NA
8346e2fffffffff,2,68,EP
834612fffffffff,2,65,EP
8346a5fffffffff,2,70,EP
834794fffffffff,2,90,WP
834982fffffffff,2,50,NA
8354f6fffffffff,2,25,NA
8354aefffffffff,2,38,NA
8354a0fffffffff,2,40,NA
83559bfffffffff,2,50,NA
835598fffffffff,2,50,NA
8348a8fffffffff,2,30,NA
83488bfffffffff,2,25,NA
8326eefffffffff,2,25,NA
83274efffffffff,2,30,NA
836625fffffffff,2,60,NA
831a31fffffffff,2,65,NA
83650afffffffff,2,25,NI
8346f4fffffffff,2,45,EP
8346a3fffffffff,2,40,EP
83ae40fffffffff,2,96,SI
83ca24fffffffff,2,36,SI
83ae59fffffffff,2,40,SI
83bf91fffffffff,2,50,SP
83bfacfffffffff,2,55,SP
83bf10fffffffff,2,55,SP
83bf31fffffffff,2,60,SP
83bf24fffffffff,2,60,SP
83a135fffffffff,2,50,SP
83a122fffffffff,2,50,SP
83a123fffffffff,2,55,SP
83a121fffffffff,2,30,SP
83a12efffffffff,2,48,SP
83c66bfffffffff,2,73,SP
83c668fffffffff,2,68,SP
83c66efffffffff,2,65,SP
83c663fffffffff,2,55,SP
83b4abfffffffff,2,53,SP
83ae0efffffffff,2,25,SI
83c993fffffffff,2,35,SI
83c9b4fffffffff,2,35,SI
837692fffffffff,2,25,SP
83b82bfffffffff,2,30,SI
836e81fffffffff,2,35,EP
834995fffffffff,2,38,EP
835c4cfffffffff,2,30,EP
835c43fffffffff,2,30,EP
836082fffffffff,2,20,NI
8342eefffffffff,2,40,NI
832e99fffffffff,2,0,WP
83175dfffffffff,2,0,WP
83174cfffffffff,2,0,WP
8354b5fffffffff,2,30,NA
83576cfffffffff,2,55,NA
83572dfffffffff,2,65,NA
83572cfffffffff,2,50,NA
833498fffffffff,2,30,NA
832ba1fffffffff,2,40,NA
830e6dfffffffff,2,40,NA
831bb3fffffffff,2,40,NA
831b15fffffffff,2,65,NA
831b00fffffffff,2,55,NA
8348eefffffffff,2,35,EP
8348c3fffffffff,2,23,EP
8386ecfffffffff,2,83,SI
83841cfffffffff,2,33,SI
838402fffffffff,2,20,SI
838411fffffffff,2,25,SI
83cba4fffffffff,2,80,SI
83a74dfffffffff,2,70,SI
83a730fffffffff,2,60,SI
83a736fffffffff,2,35,SI
83c9b6fffffffff,2,40,SI
83bea9fffffffff,2,40,SP
83beadfffffffff,2,40,SP
83bf20fffffffff,2,40,SP
83da9bfffffffff,2,30,SP
83bb66fffffffff,2,0,SP
839a50fffffffff,2,25,SP
839a5bfffffffff,2,30,SP
83a72dfffffffff,2,45,SI
83c8b0fffffffff,2,40,SI
83c98efffffffff,2,0,SI
83bf35fffffffff,2,40,SP
83a320fffffffff,2,85,SI
83a321fffffffff,2,80,SI
8386c4fffffffff,2,20,SI
8386e3fffffffff,2,25,SI
8386e8fffffffff,2,35,SI
8386e9fffffffff,2,15,SI
83844afffffffff,2,38,SI
835059fffffffff,2,25,EP
835699fffffffff,2,30,NA
835f8cfffffffff,2,30,NA
830c90fffffffff,2,0,EP
83164dfffffffff,2,0,EP
83351dfffffffff,2,53,NA
833518fffffffff,2,40,NA
833554fffffffff,2,35,NA
833555fffffffff,2,35,NA
833540fffffffff,2,38,NA
834983fffffffff,2,40,NA
8356eefffffffff,2,30,NA
8356c4fffffffff,2,45,NA
835e36fffffffff,2,35,NA
835e35fffffffff,2,35,NA
835e21fffffffff,2,38,NA
835f53fffffffff,2,40,NA
833d94fffffffff,2,27,NI
8342ebfffffffff,2,30,NI
837ceafffffffff,2,30,NA
837cebfffffffff,2,30,NA
83564afffffffff,2,40,NA
83481cfffffffff,2,40,EP
831788fffffffff,2,0,WP
837158fffffffff,2,25,EP
837021fffffffff,2,85,EP
837020fffffffff,2,88,EP
837034fffffffff,2,55,EP
8371a8fffffffff,2,45,EP
836013fffffffff,2,25,NI
8360adfffffffff,2,35,NI
837f03fffffffff,2,33,SP
83c751fffffffff,2,50,SP
83c7b3fffffffff,2,40,SP
83e2c8fffffffff,2,50,SP
83e2dcfffffffff,2,50,SP
83646efffffffff,2,35,NI
83afb5fffffffff,2,30,SI
836131fffffffff,2,35,NI
836100fffffffff,2,20,NI
836101fffffffff,2,20,NI
83614afffffffff,2,35,NI
836065fffffffff,2,30,NI
83606cfffffffff,2,38,NI
83aeeafffffffff,2,40,SI
83bca5fffffffff,2,55,SI
83af1dfffffffff,2,45,SI
837645fffffffff,2,15,WP
837674fffffffff,2,35,WP
83af95fffffffff,2,53,SI
83aeb0fffffffff,2,45,SI
83ae95fffffffff,2,43,SI
837202fffffffff,2,15,WP
833cccfffffffff,2,85,NI
833ccdfffffffff,2,73,NI
83404cfffffffff,2,50,NI
83b5acfffffffff,2,0,SP
83c62dfffffffff,2,0,SP
83c62cfffffffff,2,55,SP
83c7a9fffffffff,2,0,SP
83c7abfffffffff,2,45,SP
833ce8fffffffff,2,30,NI
83404bfffffffff,2,58,NI
834015fffffffff,2,0,WP
834002fffffffff,2,0,WP
83401efffffffff,2,0,WP
8336d1fffffffff,2,45,EP
833691fffffffff,2,60,EP
833694fffffffff,2,60,EP
834749fffffffff,2,73,EP
83476bfffffffff,2,65,EP
834740fffffffff,2,60,EP
834755fffffffff,2,50,EP
834750fffffffff,2,43,EP
834752fffffffff,2,75,EP
834625fffffffff,2,45,EP
834634fffffffff,2,38,EP
833313fffffffff,2,40,WP
833da3fffffffff,2,15,NI
834869fffffffff,2,33,EP
832b26fffffffff,2,73,NA
831b9cfffffffff,2,50,NA
83352dfffffffff,2,53,NA
8318dafffffffff,2,35,NA
833562fffffffff,2,30,NA
833936fffffffff,2,35,NA
833dacfffffffff,2,25,NI
832273fffffffff,2,0,EP
8376defffffffff,2,25,SP
839e8bfffffffff,2,25,SP
837663fffffffff,2,25,WP
837e9afffffffff,2,25,WP
839a52fffffffff,2,113,SP
83d4e2fffffffff,2,50,SP
83d40afffffffff,2,50,SP
83d40efffffffff,2,60,SP
83d401fffffffff,2,50,SP
83d405fffffffff,2,0,SP
83d421fffffffff,2,50,SP
83d550fffffffff,2,45,SP
83d423fffffffff,2,40,SP
83b486fffffffff,2,98,SP
83b4b0fffffffff,2,50,SP
83b4b2fffffffff,2,45,SP
83ba15fffffffff,2,40,SP
838925fffffffff,2,40,SP
835c91fffffffff,2,45,EP
837065fffffffff,2,55,EP
835b10fffffffff,2,40,WP
83a001fffffffff,2,55,SP
83a10afffffffff,2,50,SP
83a10efffffffff,2,65,SP
83a106fffffffff,2,60,SP
83b165fffffffff,2,45,SP
83c6cbfffffffff,2,43,SP
83b164fffffffff,2,35,SP
83b123fffffffff,2,35,SP
83beacfffffffff,2,50,SP
83be13fffffffff,2,43,SP
83be12fffffffff,2,50,SP
83be10fffffffff,2,40,SP
83be16fffffffff,2,45,SP
83bfadfffffffff,2,45,SP
83bb72fffffffff,2,0,SP
83bb33fffffffff,2,30,SP
83d42bfffffffff,2,0,SP
839d2efffffffff,2,30,SP
83aea8fffffffff,2,70,SI
839d25fffffffff,2,55,SP
83ba14fffffffff,2,0,SP
83bb91fffffffff,2,40,SP
8389acfffffffff,2,30,SP
83a170fffffffff,2,50,SP
83b160fffffffff,2,40,SP
83718cfffffffff,2,38,EP
83a12dfffffffff,2,33,SP
83c6defffffffff,2,40,SP
83b12cfffffffff,2,40,SP
83b50cfffffffff,2,35,SP
83b531fffffffff,2,50,SP
83c76efffffffff,2,50,SP
83c745fffffffff,2,0,SP
836499fffffffff,2,45,NI
836353fffffffff,2,35,NI
836312fffffffff,2,40,NI
8363a0fffffffff,2,30,NI
8363a6fffffffff,2,30,NI
83508bfffffffff,2,30,EP
8336ccfffffffff,2,30,EP
831676fffffffff,2,0,WP
837190fffffffff,2,20,EP
8348eafffffffff,2,30,EP
83302efffffffff,2,0,WP
833021fffffffff,2,35,WP
83302dfffffffff,2,0,WP
833692fffffffff,2,80,EP
833795fffffffff,2,45,EP
8336e8fffffffff,2,30,EP
833656fffffffff,2,25,EP
833654fffffffff,2,25,EP
833676fffffffff,2,60,EP
831674fffffffff,2,0,WP
8334a3fffffffff,2,65,NA
83352afffffffff,2,45,NA
8318d3fffffffff,2,43,NA
835a9dfffffffff,2,90,WP
83601cfffffffff,2,53,NI
834295fffffffff,2,50,NI
8342b4fffffffff,2,115,NI
834391fffffffff,2,45,NI
834395fffffffff,2,40,NI
8349aafffffffff,2,45,EP
8318cefffffffff,2,35,NA
833924fffffffff,2,50,NA
835aaefffffffff,2,128,WP
836404fffffffff,2,55,NI
835b35fffffffff,2,25,WP
836176fffffffff,2,25,NI
83612bfffffffff,2,30,NI
83612afffffffff,2,35,NI
83615efffffffff,2,25,NI
837f12fffffffff,2,25,SP
837fa5fffffffff,2,30,SP
83bb96fffffffff,2,40,SP
83d4e3fffffffff,2,50,SP
836069fffffffff,2,40,NI
8362c9fffffffff,2,40,NI
8362ccfffffffff,2,40,NI
8362f6fffffffff,2,58,NI
8362abfffffffff,2,65,NI
8362b4fffffffff,2,50,NI
837a93fffffffff,2,45,NI
8376d0fffffffff,2,35,SP
839e9bfffffffff,2,20,SP
838908fffffffff,2,30,SP
83cb5afffffffff,2,48,SI
83b8dbfffffffff,2,25,SI
83b591fffffffff,2,43,SP
83baa1fffffffff,2,35,SP
83bb8bfffffffff,2,35,SP
83ba4cfffffffff,2,75,SP
83d46cfffffffff,2,0,SP
837ec9fffffffff,2,20,WP
83766bfffffffff,2,20,WP
837668fffffffff,2,20,WP
83b424fffffffff,2,35,SP
83b519fffffffff,2,40,SP
83c62afffffffff,2,33,SP
83c602fffffffff,2,30,SP
837680fffffffff,2,30,SP
837696fffffffff,2,45,SP
839cb4fffffffff,2,45,SP
835f4bfffffffff,2,48,NA
836769fffffffff,2,43,NA
83676bfffffffff,2,40,NA
837121fffffffff,2,115,EP
835a9cfffffffff,2,110,WP
83332bfffffffff,2,93,WP
83368bfffffffff,2,50,EP
83368cfffffffff,2,40,EP
833685fffffffff,2,40,EP
837186fffffffff,2,25,EP
830cb2fffffffff,2,0,EP
831888fffffffff,2,65,NA
831854fffffffff,2,70,NA
83488efffffffff,2,30,NA
836d65fffffffff,2,55,NA
835baefffffffff,2,25,WP
834293fffffffff,2,25,NI
837f50fffffffff,2,18,SP
837f56fffffffff,2,20,SP
837f0dfffffffff,2,23,SP
83bf15fffffffff,2,30,SP
83bf36fffffffff,2,0,SP
83bb8dfffffffff,2,45,SP
83d408fffffffff,2,65,SP
83d435fffffffff,2,0,SP
83ae2cfffffffff,2,30,SI
83b56bfffffffff,2,40,SP
83b574fffffffff,2,45,SP
83aec9fffffffff,2,45,SI
8397b0fffffffff,2,75,SI
83642dfffffffff,2,20,NI
837fa4fffffffff,2,25,SP
83af92fffffffff,2,25,SI
8360abfffffffff,2,25,NI
833188fffffffff,2,25,WP
833032fffffffff,2,0,WP
833030fffffffff,2,0,WP
834014fffffffff,2,0,WP
833156fffffffff,2,30,WP
833162fffffffff,2,0,WP
83149afffffffff,2,25,WP
8314c9fffffffff,2,0,WP
831756fffffffff,2,0,WP
8346d5fffffffff,2,85,EP
835a91fffffffff,2,105,WP
834736fffffffff,2,65,EP
832362fffffffff,2,70,EP
832a9dfffffffff,2,25,NA
832aa5fffffffff,2,20,NA
835ba5fffffffff,2,23,WP
838589fffffffff,2,35,SI
8365a2fffffffff,2,15,WP
834788fffffffff,2,20,EP
835adbfffffffff,2,85,WP
83618bfffffffff,2,30,NI
839e93fffffffff,2,30,SP
836044fffffffff,2,15,NI
8362e1fffffffff,2,40,NI
8362e0fffffffff,2,40,NI
8362e4fffffffff,2,40,NI
8362e6fffffffff,2,43,NI
83621bfffffffff,2,45,NI
837a9cfffffffff,2,30,NI
83865bfffffffff,2,45,SI
838daefffffffff,2,25,SI
838da0fffffffff,2,20,SI
83b80cfffffffff,2,20,SI
83b820fffffffff,2,35,SI
83c65efffffffff,2,40,SP
83d26dfffffffff,2,40,SP
83d26cfffffffff,2,0,SP
83ca23fffffffff,2,50,SI
83a7a9fffffffff,2,60,SI
83b84afffffffff,2,28,SI
83b84efffffffff,2,33,SI
83bea5fffffffff,2,55,SP
833ceefffffffff,2,35,NI
831b99fffffffff,2,45,NA
831bacfffffffff,2,45,NA
831b16fffffffff,2,40,NA
830f65fffffffff,2,40,NA
8306d9fffffffff,2,38,NA
831a0efffffffff,2,65,NA
831b4cfffffffff,2,50,NA
83266cfffffffff,2,20,NA
831b60fffffffff,2,58,NA
831b65fffffffff,2,55,NA
83066dfffffffff,2,60,NA
831910fffffffff,2,45,NA
831915fffffffff,2,38,NA
831b01fffffffff,2,60,NA
831b2afffffffff,2,60,NA
831b2efffffffff,2,60,NA
831b2cfffffffff,2,55,NA
8364aefffffffff,2,18,NI
837620fffffffff,2,15,WP
8364a5fffffffff,2,20,NI
833522fffffffff,2,50,NA
833c13fffffffff,2,25,NI
835ab5fffffffff,2,60,WP
83a600fffffffff,2,65,SI
83a71efffffffff,2,37,SI
83b8f0fffffffff,2,30,SI
83b8f4fffffffff,2,30,SI
83b8adfffffffff,2,33,SI
83b8a1fffffffff,2,30,SI
83b990fffffffff,2,35,SP
83be88fffffffff,2,35,SP
839d28fffffffff,2,30,SP
839d2dfffffffff,2,20,SP
839d2cfffffffff,2,30,SP
83b404fffffffff,2,45,SP
83a748fffffffff,2,75,SI
837b31fffffffff,2,35,SI
837b64fffffffff,2,75,SI
83db9dfffffffff,2,40,SP
83db9efffffffff,2,0,SP
83db91fffffffff,2,35,SP
83b871fffffffff,2,27,SI
83b898fffffffff,2,30,SI
83b8b0fffffffff,2,25,SP
83d549fffffffff,2,0,SP
83b855fffffffff,2,25,SI
83b809fffffffff,2,20,SI
836325fffffffff,2,40,NI
836324fffffffff,2,68,NI
831a24fffffffff,2,40,NA
83402afffffffff,2,0,WP
8340a0fffffffff,2,23,WP
836744fffffffff,2,85,NA
836624fffffffff,2,43,NA
836d60fffffffff,2,45,EP
835a09fffffffff,2,30,WP
8347b0fffffffff,2,25,WP
8347b2fffffffff,2,25,WP
83499cfffffffff,2,45,NA
832b9bfffffffff,2,30,NA
833380fffffffff,2,28,WP
833396fffffffff,2,30,EP
832372fffffffff,2,35,EP
834819fffffffff,2,48,EP
83481bfffffffff,2,30,EP
837185fffffffff,2,40,EP
837184fffffffff,2,38,EP
837cc8fffffffff,2,25,NA
837ccdfffffffff,2,35,NA
831b9afffffffff,2,60,NA
831a05fffffffff,2,48,NA
831815fffffffff,2,58,NA
83074dfffffffff,2,45,NA
83074afffffffff,2,55,NA
830666fffffffff,2,50,NA
830662fffffffff,2,50,NA
830671fffffffff,2,50,NA
834520fffffffff,2,30,NA
831898fffffffff,2,55,NA
831821fffffffff,2,55,NA
8365aafffffffff,2,25,WP
83658cfffffffff,2,25,WP
836414fffffffff,2,25,NI
8376c5fffffffff,2,25,SP
8376c4fffffffff,2,25,SP
8376f1fffffffff,2,30,SP
8376f0fffffffff,2,33,SP
83768bfffffffff,2,25,SP
839edefffffffff,2,30,SP
838c19fffffffff,2,33,SI
838ce9fffffffff,2,40,SI
838450fffffffff,2,30,SI
838790fffffffff,2,15,SI
83699cfffffffff,2,30,WP
836995fffffffff,2,25,WP
837f73fffffffff,2,20,SP
837f71fffffffff,2,20,SP
839ed6fffffffff,2,25,SP
83db93fffffffff,2,35,SP
83db90fffffffff,2,0,SP
83dbb6fffffffff,2,30,SP
836814fffffffff,2,45,WP
836802fffffffff,2,40,WP
83681dfffffffff,2,33,WP
83a783fffffffff,2,43,SI
83dab6fffffffff,2,40,SP
83dab4fffffffff,2,40,SP
83db85fffffffff,2,30,SP
83dba3fffffffff,2,30,SP
83d41afffffffff,2,0,SP
83d596fffffffff,2,55,SP
83d54dfffffffff,2,30,SP
83d54cfffffffff,2,20,SP
83d541fffffffff,2,30,SP
83d540fffffffff,2,20,SP
83cba6fffffffff,2,45,SI
83bfb5fffffffff,2,55,SP
83b4dcfffffffff,2,30,SP
83bb86fffffffff,2,38,SP
83bbb5fffffffff,2,40,SP
83d45afffffffff,2,45,SP
83d45dfffffffff,2,80,SP
83c603fffffffff,2,0,SP
83a752fffffffff,2,30,SI
832375fffffffff,2,50,EP
8323a5fffffffff,2,35,EP
833393fffffffff,2,50,EP
839aabfffffffff,2,35,SP
839af0fffffffff,2,25,SP
839ac4fffffffff,2,53,SP
839aeefffffffff,2,35,SP
8386edfffffffff,2,88,SI
833da1fffffffff,2,25,NI
8336e3fffffffff,2,75,EP
8336a1fffffffff,2,43,EP
833782fffffffff,2,43,EP
8337b0fffffffff,2,35,EP
8323abfffffffff,2,30,EP
831cb5fffffffff,2,45,EP
831c14fffffffff,2,40,EP
833004fffffffff,2,30,WP
833109fffffffff,2,30,WP
835a30fffffffff,2,35,WP
83188bfffffffff,2,60,NA
8318d6fffffffff,2,58,NA
8318f4fffffffff,2,33,NA
835a93fffffffff,2,38,WP
839e92fffffffff,2,30,SP
835c84fffffffff,2,33,EP
838862fffffffff,2,25,SP
839a90fffffffff,2,30,SP
839a86fffffffff,2,50,SP
839ab3fffffffff,2,63,SP
83894efffffffff,2,80,SP
83b491fffffffff,2,75,SP
836368fffffffff,2,85,NI
836372fffffffff,2,130,NI
836045fffffffff,2,30,NI
836041fffffffff,2,30,NI
836049fffffffff,2,15,NI
836383fffffffff,2,100,NI
837f2efffffffff,2,20,SP
83715efffffffff,2,30,EP
837025fffffffff,2,55,EP
837024fffffffff,2,50,EP
8371b2fffffffff,2,55,EP
835b32fffffffff,2,60,WP
839a81fffffffff,2,30,SP
839a80fffffffff,2,30,SP
839a91fffffffff,2,20,SP
838903fffffffff,2,40,SP
838902fffffffff,2,45,SP
83a108fffffffff,2,65,SP
839aa0fffffffff,2,45,SP
83be34fffffffff,2,50,SP
83bf1cfffffffff,2,55,SP
83a004fffffffff,2,35,SP
83a031fffffffff,2,35,SP
836469fffffffff,2,25,NI
836468fffffffff,2,35,NI
832255fffffffff,2,50,EP
831812fffffffff,2,55,NA
831834fffffffff,2,60,NA
83489efffffffff,2,35,NA
8326c8fffffffff,2,25,NA
833a69fffffffff,2,48,NA
83352bfffffffff,2,48,NA
8354d4fffffffff,2,30,NA
833a5dfffffffff,2,73,NA
833571fffffffff,2,40,NA
833563fffffffff,2,40,NA
83356cfffffffff,2,63,NA
83180bfffffffff,2,45,NA
831809fffffffff,2,35,NA
834524fffffffff,2,35,NA
836d28fffffffff,2,30,EP
83191bfffffffff,2,60,NA
8334f0fffffffff,2,60,NA
8334d4fffffffff,2,53,NA
835724fffffffff,2,60,NA
83c675fffffffff,2,40,SP
83c61dfffffffff,2,35,SP
83c6acfffffffff,2,40,SP
83c665fffffffff,2,50,SP
83ba01fffffffff,2,60,SP
83d48cfffffffff,2,30,SP
83d482fffffffff,2,30,SP
83c70cfffffffff,2,30,SP
83c71bfffffffff,2,25,SP
83bb8afffffffff,2,35,SP
83bf80fffffffff,2,45,SP
83bfa8fffffffff,2,25,SP
83bf13fffffffff,2,25,SP
83bb24fffffffff,2,45,SP
83b4d1fffffffff,2,25,SP
83a715fffffffff,2,37,SI
8342e0fffffffff,2,100,NI
834253fffffffff,2,25,NI
83425efffffffff,2,28,NI
83bf03fffffffff,2,40,SP
83bf00fffffffff,2,55,SP
835b9afffffffff,2,65,EP
835a8cfffffffff,2,45,WP
8347b4fffffffff,2,25,WP
832b83fffffffff,2,20,NA
832b1cfffffffff,2,38,NA
836806fffffffff,2,20,WP
8397b2fffffffff,2,115,SI
83d484fffffffff,2,40,SP
83d4a2fffffffff,2,55,SP
83d4b5fffffffff,2,35,SP
83c700fffffffff,2,25,SP
839708fffffffff,2,28,SI
839709fffffffff,2,25,SI
839773fffffffff,2,20,SI
839746fffffffff,2,0,SI
83acb4fffffffff,2,0,SI
83a119fffffffff,2,35,SP
83b590fffffffff,2,68,SP
83c772fffffffff,2,45,SP
83af18fffffffff,2,45,SI
83b56afffffffff,2,35,SP
83d4cefffffffff,2,30,SP
83d4adfffffffff,2,60,SP
83d4acfffffffff,2,40,SP
83d5b3fffffffff,2,40,SP
83bb9bfffffffff,2,40,SP
83d4abfffffffff,2,50,SP
83d4b4fffffffff,2,55,SP
83bc81fffffffff,2,20,SI
837cdafffffffff,2,25,NA
833145fffffffff,2,38,WP
834663fffffffff,2,45,EP
834666fffffffff,2,50,EP
834758fffffffff,2,50,EP
834753fffffffff,2,35,EP
834756fffffffff,2,65,EP
834709fffffffff,2,65,EP
834708fffffffff,2,58,EP
831b46fffffffff,2,65,NA
830661fffffffff,2,60,NA
830665fffffffff,2,60,NA
833386fffffffff,2,45,EP
83316cfffffffff,2,0,WP
832ecafffffffff,2,0,WP
832931fffffffff,2,25,EP
832906fffffffff,2,25,EP
83181cfffffffff,2,58,NA
831803fffffffff,2,55,NA
831b72fffffffff,2,50,NA
831b6dfffffffff,2,70,NA
831998fffffffff,2,60,NA
831805fffffffff,2,60,NA
831b9dfffffffff,2,70,NA
8394dafffffffff,2,30,SI
83b899fffffffff,2,30,SI
83b893fffffffff,2,45,SP
83a7b4fffffffff,2,30,SI
839c6dfffffffff,2,50,SP
83d593fffffffff,2,40,SP
8394c0fffffffff,2,65,SI
83d4d2fffffffff,2,40,SP
834641fffffffff,2,25,EP
834640fffffffff,2,25,EP
83bcadfffffffff,2,40,SI
83bcabfffffffff,2,50,SI
831a34fffffffff,2,55,NA
831b56fffffffff,2,65,NA
83485efffffffff,2,30,EP
83955cfffffffff,2,35,SI
83655cfffffffff,2,25,NI
836558fffffffff,2,35,NI
83654bfffffffff,2,25,NI
83d4d9fffffffff,2,35,SP
839c61fffffffff,2,20,SP
83cc91fffffffff,2,43,SI
83ccc4fffffffff,2,0,SI
83cce0fffffffff,2,45,SI
83aad9fffffffff,2,35,SI
83ccb5fffffffff,2,45,SI
83cd9bfffffffff,2,25,SI
83af1cfffffffff,2,40,SI
836345fffffffff,2,53,NI
83631cfffffffff,2,45,NI
836311fffffffff,2,45,NI
835a0cfffffffff,2,105,WP
835a0dfffffffff,2,120,WP
831baafffffffff,2,50,NA
831baefffffffff,2,40,NA
831b10fffffffff,2,43,NA
831b13fffffffff,2,45,NA
835b98fffffffff,2,25,EP
83292dfffffffff,2,20,EP
833689fffffffff,2,45,EP
833683fffffffff,2,45,EP
833682fffffffff,2,75,EP
8336b3fffffffff,2,75,EP
83476efffffffff,2,60,EP
834762fffffffff,2,60,EP
834775fffffffff,2,65,EP
832324fffffffff,2,45,EP
832325fffffffff,2,48,EP
837118fffffffff,2,63,EP
831b11fffffffff,2,68,NA
830f6cfffffffff,2,40,NA
830f61fffffffff,2,55,NA
830f60fffffffff,2,55,NA
835f4afffffffff,2,45,NA
832669fffffffff,2,20,NA
8314cafffffffff,2,0,WP
834816fffffffff,2,60,EP
835ca8fffffffff,2,25,EP
839792fffffffff,2,30,SI
83c660fffffffff,2,40,SP
83612efffffffff,2,25,NI
836105fffffffff,2,30,NI
836106fffffffff,2,35,NI
83ccb0fffffffff,2,40,SI
8386a6fffffffff,2,25,SI
8386a4fffffffff,2,25,SI
8386a5fffffffff,2,25,SI
83aad1fffffffff,2,40,SI
83aadefffffffff,2,40,SI
83b536fffffffff,2,60,SP
83c763fffffffff,2,50,SP
83cb14fffffffff,2,25,SI
83cb13fffffffff,2,55,SI
83cb1afffffffff,2,45,SI
838949fffffffff,2,33,SP
839700fffffffff,2,65,SI
839701fffffffff,2,55,SI
83cccdfffffffff,2,40,SI
83ccebfffffffff,2,40,SI
839421fffffffff,2,30,SI
839420fffffffff,2,30,SI
839426fffffffff,2,30,SI
83951bfffffffff,2,30,SI
83762efffffffff,2,25,WP
83342cfffffffff,2,40,NA
83488dfffffffff,2,33,NA
8348f6fffffffff,2,30,NA
8348f0fffffffff,2,28,NA
8348f1fffffffff,2,25,NA
8346d8fffffffff,2,30,EP
83066cfffffffff,2,60,NA
8326c9fffffffff,2,43,NA
8326cdfffffffff,2,35,NA
832ab0fffffffff,2,33,NA
832b9afffffffff,2,30,NA
832b93fffffffff,2,30,NA
831b92fffffffff,2,45,NA
83074cfffffffff,2,55,NA
838401fffffffff,2,35,SI
83840bfffffffff,2,35,SI
836588fffffffff,2,30,WP
8362eafffffffff,2,20,NI
8362f0fffffffff,2,65,NI
8362aafffffffff,2,75,NI
83ca04fffffffff,2,0,SI
838456fffffffff,2,35,SI
839ae2fffffffff,2,90,SP
83aea2fffffffff,2,0,SI
83aacafffffffff,2,65,SI
83cc9bfffffffff,2,60,SI
83cc98fffffffff,2,20,SI
837256fffffffff,2,35,WP
83a985fffffffff,2,68,SA
83a9aefffffffff,2,70,SA
83a913fffffffff,2,75,SA
83a91efffffffff,2,75,SA
83649bfffffffff,2,43,NI
833490fffffffff,2,40,NA
832b8cfffffffff,2,28,NA
8386a0fffffffff,2,20,SI
83878afffffffff,2,25,SI
8356f1fffffffff,2,48,NA
8356f3fffffffff,2,50,NA
83318dfffffffff,2,25,WP
831410fffffffff,2,0,WP
831996fffffffff,2,60,NA
833a55fffffffff,2,100,NA
8362adfffffffff,2,45,NI
8362a1fffffffff,2,45,NI
837a95fffffffff,2,30,NI
83b4b3fffffffff,2,45,SP
83ca20fffffffff,2,0,SI
83d4aefffffffff,2,50,SP
839aaefffffffff,2,115,SP
839aa3fffffffff,2,115,SP
83ccf0fffffffff,2,45,SI
83cca9fffffffff,2,45,SI
83cc84fffffffff,2,30,SI
83274bfffffffff,2,30,NA
832ab6fffffffff,2,20,NA
832645fffffffff,2,35,NA
832a96fffffffff,2,25,NA
832ab2fffffffff,2,30,NA
831b61fffffffff,2,65,NA
831990fffffffff,2,65,NA
8318a6fffffffff,2,55,NA
8319abfffffffff,2,60,NA
831933fffffffff,2,40,NA
836094fffffffff,2,30,NI
83235dfffffffff,2,0,EP
833558fffffffff,2,60,NA
833912fffffffff,2,30,NA
8334e4fffffffff,2,60,NA
836399fffffffff,2,35,NI
837296fffffffff,2,20,SI
83954bfffffffff,2,25,SI
83cce2fffffffff,2,30,SI
839d58fffffffff,2,33,SP
83bb69fffffffff,2,50,SP
83bb42fffffffff,2,25,SP
83bb51fffffffff,2,40,SP
831999fffffffff,2,55,NA
831822fffffffff,2,60,NA
831908fffffffff,2,50,NA
8336c8fffffffff,2,35,EP
83468cfffffffff,2,120,EP
835ab4fffffffff,2,140,EP
832aa4fffffffff,2,30,NA
8318a0fffffffff,2,60,NA
83198efffffffff,2,45,NA
8319a3fffffffff,2,40,NA
8319a6fffffffff,2,45,NA
8318ebfffffffff,2,55,NA
831835fffffffff,2,63,NA
8318a5fffffffff,2,43,NA
832240fffffffff,2,0,EP
83714dfffffffff,2,30,EP
836431fffffffff,2,30,NI
83c6aefffffffff,2,40,SP
83cc95fffffffff,2,40,SI
83ccb4fffffffff,2,0,SI
83cd9afffffffff,2,50,SI
83cd82fffffffff,2,0,SI
83cda3fffffffff,2,0,SI
83cbacfffffffff,2,0,SI
83ca36fffffffff,2,0,SI
83ca15fffffffff,2,45,SI
83338bfffffffff,2,0,WP
839cb0fffffffff,2,30,SP
834388fffffffff,2,90,NI
83438dfffffffff,2,75,NI
832b10fffffffff,2,40,NA
834218fffffffff,2,48,NI
835b92fffffffff,2,25,EP
8386a1fffffffff,2,30,SI
831b75fffffffff,2,50,NA
830769fffffffff,2,50,NA
83076dfffffffff,2,48,NA
830765fffffffff,2,45,NA
8326c1fffffffff,2,35,NA
8326eafffffffff,2,28,NA
83480bfffffffff,2,60,EP
834534fffffffff,2,50,NA
836d21fffffffff,2,25,NA
833398fffffffff,2,0,WP
832b35fffffffff,2,60,NA
830f4dfffffffff,2,58,NA
830f6efffffffff,2,55,NA
836535fffffffff,2,25,WP
83ca40fffffffff,2,35,SI
836d6afffffffff,2,60,EP
836d6efffffffff,2,45,EP
8326d9fffffffff,2,23,NA
832642fffffffff,2,40,NA
832644fffffffff,2,45,NA
832664fffffffff,2,30,NA
83274afffffffff,2,30,NA
832660fffffffff,2,50,NA
832baefffffffff,2,38,NA
831a26fffffffff,2,40,NA
831b0cfffffffff,2,70,NA
831b76fffffffff,2,63,NA
836219fffffffff,2,35,NI
83cc16fffffffff,2,60,SI
83ca54fffffffff,2,65,SI
8350cdfffffffff,2,28,EP
8336defffffffff,2,50,EP
83379afffffffff,2,40,EP
835b8efffffffff,2,135,WP
8318c2fffffffff,2,53,NA
834810fffffffff,2,40,EP
834672fffffffff,2,53,EP
836089fffffffff,2,85,NI
83608afffffffff,2,70,NI
83b8f5fffffffff,2,40,SI
83b81afffffffff,2,40,SI
839d73fffffffff,2,33,SP
836381fffffffff,2,40,NI
834214fffffffff,2,68,NI
834210fffffffff,2,65,NI
836d4afffffffff,2,20,EP
836d58fffffffff,2,23,EP
836d5efffffffff,2,25,EP
831982fffffffff,2,55,NA
831b85fffffffff,2,43,NA
836d31fffffffff,2,40,EP
831ba9fffffffff,2,70,NA
831b1efffffffff,2,70,NA
834994fffffffff,2,25,NA
8334defffffffff,2,48,NA
83406efffffffff,2,30,NI
83471afffffffff,2,65,EP
83ba2dfffffffff,2,45,SP
83d519fffffffff,2,50,SP
83d51cfffffffff,2,0,SP
83d502fffffffff,2,50,SP
839d70fffffffff,2,30,SP
839d49fffffffff,2,30,SP
83b8b2fffffffff,2,25,SP
83ba19fffffffff,2,35,SP
83ae5afffffffff,2,60,SI
83ba11fffffffff,2,50,SP
83ba10fffffffff,2,45,SP
83bb83fffffffff,2,40,SP
83d409fffffffff,2,35,SP
83ca30fffffffff,2,40,SI
833154fffffffff,2,30,WP
83148afffffffff,2,0,WP
8314dcfffffffff,2,0,WP
832e9bfffffffff,2,0,WP
832e9efffffffff,2,0,WP
832b8dfffffffff,2,48,NA
832babfffffffff,2,45,NA
832ec2fffffffff,2,0,WP
837cddfffffffff,2,25,NA
831816fffffffff,2,60,NA
831928fffffffff,2,60,NA
8314ccfffffffff,2,0,WP
8314ebfffffffff,2,0,WP
836332fffffffff,2,55,NI
836301fffffffff,2,30,NI
839721fffffffff,2,20,SI
83972dfffffffff,2,20,SI
83bcdafffffffff,2,20,SI
83ccd6fffffffff,2,0,SI
83bd93fffffffff,2,45,SI
83bcacfffffffff,2,55,SI
83bca1fffffffff,2,50,SI
836c2dfffffffff,2,30,EP
83341dfffffffff,2,50,NA
83348efffffffff,2,60,NA
831b4dfffffffff,2,50,NA
833934fffffffff,2,35,NA
83622cfffffffff,2,30,NI
83622efffffffff,2,30,NI
836205fffffffff,2,30,NI
83639cfffffffff,2,35,NI
837a9bfffffffff,2,30,NI
836218fffffffff,2,35,NI
83cc4afffffffff,2,50,SI
83c890fffffffff,2,0,SI
83ca53fffffffff,2,50,SI
83a169fffffffff,2,38,SP
83afa6fffffffff,2,55,SI
836c16fffffffff,2,30,EP
8334d3fffffffff,2,58,NA
835723fffffffff,2,38,NA
8352d9fffffffff,2,25,NI
8352d8fffffffff,2,25,NI
833503fffffffff,2,40,NA
83651cfffffffff,2,20,WP
833415fffffffff,2,50,NA
83aeb4fffffffff,2,35,SI
83cbaefffffffff,2,0,SI
83d448fffffffff,2,35,SP
83b89bfffffffff,2,20,SI
838c36fffffffff,2,30,SI
83d4dcfffffffff,2,30,SP
83d4cafffffffff,2,40,SP
832264fffffffff,2,0,EP
83508afffffffff,2,20,EP
833095fffffffff,2,25,WP
835d26fffffffff,2,78,EP
83369cfffffffff,2,73,EP
8336b2fffffffff,2,73,EP
83364bfffffffff,2,35,EP
833642fffffffff,2,25,EP
8350c4fffffffff,2,35,EP
8350c5fffffffff,2,35,EP
834601fffffffff,2,40,EP
834605fffffffff,2,43,EP
83470bfffffffff,2,65,EP
834770fffffffff,2,65,EP
834766fffffffff,2,65,EP
83aeb1fffffffff,2,0,SI
83ae86fffffffff,2,0,SI
83ae82fffffffff,2,0,SI
83be89fffffffff,2,30,SP
83d44afffffffff,2,0,SP
83cc89fffffffff,2,25,SI
837628fffffffff,2,30,WP
833140fffffffff,2,40,WP
835d31fffffffff,2,40,EP
835d30fffffffff,2,38,EP
836e44fffffffff,2,28,EP
836e68fffffffff,2,35,EP
834646fffffffff,2,35,EP
8350f3fffffffff,2,20,EP
8350c3fffffffff,2,23,EP
831718fffffffff,2,0,WP
83171dfffffffff,2,0,WP
834711fffffffff,2,58,EP
83369afffffffff,2,60,EP
832322fffffffff,2,55,EP
832300fffffffff,2,55,EP
832235fffffffff,2,45,EP
832230fffffffff,2,45,EP
832233fffffffff,2,45,EP
8322b6fffffffff,2,45,EP
8346a1fffffffff,2,80,EP
8318c8fffffffff,2,50,NA
8352e9fffffffff,2,90,NI
8352cdfffffffff,2,55,NI
8352eafffffffff,2,50,NI
83b890fffffffff,2,30,SP
83b8b6fffffffff,2,25,SP
835725fffffffff,2,45,NA
8334f6fffffffff,2,65,NA
8334f4fffffffff,2,70,NA
83aad8fffffffff,2,45,SI
83cc1cfffffffff,2,40,SI
837b0cfffffffff,2,20,SI
837b0dfffffffff,2,20,SI
837b55fffffffff,2,55,SI
83349cfffffffff,2,58,NA
834645fffffffff,2,35,EP
83460cfffffffff,2,105,EP
834602fffffffff,2,40,EP
834776fffffffff,2,50,EP
834774fffffffff,2,50,EP
832323fffffffff,2,45,EP
832305fffffffff,2,45,EP
83570bfffffffff,2,40,NA
835732fffffffff,2,60,NA
831b50fffffffff,2,68,NA
83679afffffffff,2,100,NA
836d68fffffffff,2,65,NA
836d41fffffffff,2,55,EP
83622dfffffffff,2,30,NI
836228fffffffff,2,30,NI
83972efffffffff,2,38,SI
839728fffffffff,2,20,SI
83be8dfffffffff,2,40,SP
83beaafffffffff,2,45,SP
835faafffffffff,2,35,NA
835fabfffffffff,2,35,NA
83164bfffffffff,2,0,EP
836d48fffffffff,2,28,EP
8330b4fffffffff,2,25,WP
83319bfffffffff,2,25,WP
835051fffffffff,2,35,EP
8344c9fffffffff,2,20,NA
8334aefffffffff,2,83,NA
8334acfffffffff,2,85,NA
833566fffffffff,2,83,NA
838da9fffffffff,2,53,SI
838c00fffffffff,2,40,SI
838c06fffffffff,2,40,SI
83ca75fffffffff,2,42,SI
83ca71fffffffff,2,42,SI
83bb6cfffffffff,2,53,SP
83ca42fffffffff,2,40,SI
83ca5efffffffff,2,30,SI
83ca5afffffffff,2,40,SI
83af88fffffffff,2,68,SI
836230fffffffff,2,105,NI
83524dfffffffff,2,93,NI
83526efffffffff,2,35,NI
83276afffffffff,2,30,NA
831995fffffffff,2,50,NA
832ed2fffffffff,2,0,WP
8346c1fffffffff,2,118,EP
8346f6fffffffff,2,95,EP
835db4fffffffff,2,53,EP
8346f1fffffffff,2,28,EP
8340b3fffffffff,2,0,WP
83369dfffffffff,2,70,EP
832a82fffffffff,2,25,NA
837cc1fffffffff,2,33,NA
837cccfffffffff,2,35,NA
835648fffffffff,2,38,NA
83564efffffffff,2,35,NA
833403fffffffff,2,75,NA
83342dfffffffff,2,68,NA
83355cfffffffff,2,65,NA
833543fffffffff,2,65,NA
83356afffffffff,2,65,NA
837699fffffffff,2,40,SP
83524afffffffff,2,68,NI
83525dfffffffff,2,30,NI
833926fffffffff,2,35,NA
831980fffffffff,2,60,NA
837b73fffffffff,2,53,SI
83aa96fffffffff,2,45,SI
839d4bfffffffff,2,25,SP
83a32cfffffffff,2,105,SI
839786fffffffff,2,60,SI
830cb3fffffffff,2,0,EP
8350e6fffffffff,2,33,EP
8350e0fffffffff,2,30,EP
83352efffffffff,2,60,NA
83182afffffffff,2,48,NA
83195afffffffff,2,40,NA
831958fffffffff,2,40,NA
83ae1afffffffff,2,30,SI
831a65fffffffff,2,53,NA
8314b2fffffffff,2,0,WP
836796fffffffff,2,75,NA
83671bfffffffff,2,45,NA
836231fffffffff,2,88,NI
839705fffffffff,2,50,SI
83bb80fffffffff,2,30,SP
83aef2fffffffff,2,50,SI
83235bfffffffff,2,0,EP
837b45fffffffff,2,70,SI
837b6afffffffff,2,55,SI
8360f6fffffffff,2,95,NI
835a04fffffffff,2,60,WP
831748fffffffff,2,0,WP
830ca2fffffffff,2,0,EP
831986fffffffff,2,53,NA
83421afffffffff,2,50,NI
832262fffffffff,2,0,EP
83222bfffffffff,2,0,EP
836c06fffffffff,2,30,EP
836c14fffffffff,2,30,EP
836500fffffffff,2,25,WP
83b8c2fffffffff,2,40,SI
83bb16fffffffff,2,0,SP
83971afffffffff,2,30,SI
83971bfffffffff,2,25,SI
83a766fffffffff,2,45,SI
831649fffffffff,2,0,EP
833505fffffffff,2,55,NA
839713fffffffff,2,30,SI
8397a9fffffffff,2,15,SI
83199dfffffffff,2,58,NA
832274fffffffff,2,0,EP
832228fffffffff,2,0,EP
83bd8afffffffff,2,55,SI
83ca03fffffffff,2,35,SI
83ca1dfffffffff,2,0,SI
83ca5bfffffffff,2,45,SI
83be24fffffffff,1,58,SP
83bf0bfffffffff,1,55,SP
83bf09fffffffff,1,45,SP
83bf73fffffffff,1,35,SP
83bf71fffffffff,1,33,SP
83bf44fffffffff,1,30,SP
83bf63fffffffff,1,30,SP
83bf61fffffffff,1,30,SP
83bf65fffffffff,1,28,SP
83dacbfffffffff,1,25,SP
83dacafffffffff,1,25,SP
83dacefffffffff,1,25,SP
83dac3fffffffff,1,25,SP
83dac2fffffffff,1,25,SP
83dad5fffffffff,1,25,SP
83b84dfffffffff,1,25,SI
83ca0efffffffff,1,0,SI
83ca50fffffffff,1,0,SI
83ca51fffffffff,1,0,SI
83ca5dfffffffff,1,0,SI
83aea5fffffffff,1,60,SI
83ae81fffffffff,1,0,SI
83aeaafffffffff,1,0,SI
83aea0fffffffff,1,0,SI
83bb0afffffffff,1,40,SP
83bb8cfffffffff,1,30,SP
83bb5efffffffff,1,40,SP
83d54afffffffff,1,45,SP
83ae55fffffffff,1,70,SI
83ae50fffffffff,1,60,SI
83ae52fffffffff,1,58,SI
83aeecfffffffff,1,55,SI
83aeeefffffffff,1,55,SI
83aedbfffffffff,1,40,SI
83c88dfffffffff,1,35,SI
83c8abfffffffff,1,0,SI
83c8adfffffffff,1,30,SI
837e91fffffffff,1,0,WP
837191fffffffff,1,23,EP
836e1afffffffff,1,45,EP
831606fffffffff,1,0,WP
831622fffffffff,1,0,WP
831620fffffffff,1,0,WP
831623fffffffff,1,0,WP
8314a8fffffffff,1,0,WP
83141bfffffffff,1,0,WP
8314e6fffffffff,1,0,WP
83466cfffffffff,1,25,EP
83342afffffffff,1,25,NA
837ef3fffffffff,1,20,WP
839790fffffffff,1,0,SI
83a04efffffffff,1,0,SP
83a046fffffffff,1,0,SP
83a073fffffffff,1,30,SP
83a072fffffffff,1,0,SP
83a029fffffffff,1,40,SP
837f1efffffffff,1,20,SP
83b49efffffffff,1,0,SP
83b493fffffffff,1,65,SP
83a163fffffffff,1,0,SP
83a16dfffffffff,1,40,SP
83af89fffffffff,1,65,SI
83aec4fffffffff,1,0,SI
83a764fffffffff,1,0,SI
83a70dfffffffff,1,0,SI
83a756fffffffff,1,0,SI
83678cfffffffff,1,30,NA
8317a3fffffffff,1,0,WP
8318c3fffffffff,1,45,NA
83185dfffffffff,1,45,NA
83178bfffffffff,1,0,WP
8356d6fffffffff,1,20,NA
83568bfffffffff,1,25,NA
838ccbfffffffff,1,0,SI
838cc8fffffffff,1,0,SI
838ccdfffffffff,1,0,SI
83d4d5fffffffff,1,0,SP
83761afffffffff,1,20,SP
8376a9fffffffff,1,20,SP
839edbfffffffff,1,35,SP
83d453fffffffff,1,0,SP
83769dfffffffff,1,15,SP
838580fffffffff,1,30,SI
833ce0fffffffff,1,0,NI
833163fffffffff,1,0,WP
8314e9fffffffff,1,0,WP
83145bfffffffff,1,0,WP
83144dfffffffff,1,0,WP
83146bfffffffff,1,0,WP
831445fffffffff,1,0,WP
831441fffffffff,1,0,WP
831443fffffffff,1,0,WP
8322e0fffffffff,1,0,EP
8322e2fffffffff,1,0,EP
8322f3fffffffff,1,0,EP
8322d6fffffffff,1,0,EP
8336e2fffffffff,1,25,EP
8336f4fffffffff,1,25,EP
832272fffffffff,1,0,EP
83220dfffffffff,1,0,EP
832208fffffffff,1,0,EP
83220afffffffff,1,0,EP
832342fffffffff,1,0,EP
832223fffffffff,1,0,EP
83465cfffffffff,1,80,EP
83369bfffffffff,1,63,EP
838959fffffffff,1,25,SP
83895efffffffff,1,30,SP
83b588fffffffff,1,30,SP
83b8f3fffffffff,1,30,SI
83a0c9fffffffff,1,30,SP
83a0c8fffffffff,1,0,SP
83a0cefffffffff,1,30,SP
83a0c5fffffffff,1,30,SP
83a0e1fffffffff,1,50,SP
83a052fffffffff,1,55,SP
83a050fffffffff,1,0,SP
83a1acfffffffff,1,0,SP
83a1a1fffffffff,1,0,SP
83a1a0fffffffff,1,0,SP
83a1a4fffffffff,1,0,SP
83b14cfffffffff,1,0,SP
83b141fffffffff,1,0,SP
83b140fffffffff,1,40,SP
83b154fffffffff,1,0,SP
83b11dfffffffff,1,0,SP
83b11efffffffff,1,0,SP
83b1adfffffffff,1,0,SP
83b1a1fffffffff,1,0,SP
83a05afffffffff,1,30,SP
83a05efffffffff,1,38,SP
83a142fffffffff,1,68,SP
83c64afffffffff,1,39,SP
83c643fffffffff,1,35,SP
83c654fffffffff,1,28,SP
838935fffffffff,1,24,SP
83b49bfffffffff,1,24,SP
83b818fffffffff,1,15,SI
838912fffffffff,1,62,SP
838931fffffffff,1,82,SP
838930fffffffff,1,79,SP
83a151fffffffff,1,50,SP
83a12afffffffff,1,35,SP
83a105fffffffff,1,33,SP
83a0f2fffffffff,1,30,SP
83a0f0fffffffff,1,0,SP
83a018fffffffff,1,40,SP
83a01cfffffffff,1,0,SP
83a002fffffffff,1,50,SP
83a033fffffffff,1,50,SP
83a1adfffffffff,1,50,SP
83a113fffffffff,1,0,SP
83a110fffffffff,1,40,SP
83a116fffffffff,1,0,SP
83b16dfffffffff,1,35,SP
83b168fffffffff,1,0,SP
83b145fffffffff,1,0,SP
83b144fffffffff,1,0,SP
83b146fffffffff,1,30,SP
83d498fffffffff,1,0,SP
83d49efffffffff,1,40,SP
83c766fffffffff,1,0,SP
83c609fffffffff,1,0,SP
83c6e4fffffffff,1,0,SP
83c6f5fffffffff,1,0,SP
83c6f6fffffffff,1,30,SP
83a049fffffffff,1,0,SP
83882afffffffff,1,28,SP
838828fffffffff,1,30,SP
83a0d2fffffffff,1,26,SP
83a0d0fffffffff,1,30,SP
83a0d5fffffffff,1,32,SP
83a0c2fffffffff,1,35,SP
83a0c0fffffffff,1,36,SP
83a0e9fffffffff,1,41,SP
8389b4fffffffff,1,44,SP
83a05bfffffffff,1,45,SP
8389a6fffffffff,1,52,SP
8389a4fffffffff,1,60,SP
8389a5fffffffff,1,95,SP
838934fffffffff,1,92,SP
8378c8fffffffff,1,30,SP
8378cbfffffffff,1,0,SP
83a09bfffffffff,1,32,SP
83a098fffffffff,1,36,SP
83a099fffffffff,1,37,SP
83a09dfffffffff,1,39,SP
83a08afffffffff,1,42,SP
83a088fffffffff,1,45,SP
83a08cfffffffff,1,45,SP
83a08dfffffffff,1,45,SP
83a0abfffffffff,1,50,SP
83a0a9fffffffff,1,55,SP
83a019fffffffff,1,66,SP
83a00bfffffffff,1,72,SP
83a1aefffffffff,1,55,SP
83a1a3fffffffff,1,53,SP
83a1b5fffffffff,1,47,SP
83b14bfffffffff,1,39,SP
83b159fffffffff,1,34,SP
836c29fffffffff,1,25,EP
8342a1fffffffff,1,35,NI
83439dfffffffff,1,0,NI
8326c6fffffffff,1,20,NA
8326c4fffffffff,1,20,NA
8326f1fffffffff,1,20,NA
8326e2fffffffff,1,20,NA
8326f5fffffffff,1,20,NA
8326e6fffffffff,1,20,NA
832619fffffffff,1,20,NA
83260afffffffff,1,20,NA
835ba4fffffffff,1,20,EP
835ba1fffffffff,1,20,WP
833dabfffffffff,1,25,NI
83484cfffffffff,1,25,EP
8373b5fffffffff,1,0,WP
8373b4fffffffff,1,0,WP
8368edfffffffff,1,0,WP
83680bfffffffff,1,0,WP
8364a1fffffffff,1,25,NI
83bcd6fffffffff,1,33,SI
83bcf2fffffffff,1,36,SI
83af8efffffffff,1,20,SI
8352c3fffffffff,1,35,NI
8352defffffffff,1,30,NI
834045fffffffff,1,0,WP
8342e5fffffffff,1,0,NI
8342e4fffffffff,1,25,NI
834096fffffffff,1,20,WP
83319afffffffff,1,20,WP
83318efffffffff,1,0,WP
83311bfffffffff,1,0,WP
83310afffffffff,1,0,WP
833108fffffffff,1,0,WP
832eddfffffffff,1,0,WP
83486bfffffffff,1,45,EP
835ad6fffffffff,1,45,WP
835ad5fffffffff,1,30,WP
8377b0fffffffff,1,0,WP
8377b5fffffffff,1,0,WP
8377b4fffffffff,1,0,WP
83725efffffffff,1,25,WP
837a82fffffffff,1,30,NI
837aaafffffffff,1,20,NI
83bf1bfffffffff,1,0,SP
83bf08fffffffff,1,0,SP
83bf0dfffffffff,1,0,SP
83bf2cfffffffff,1,0,SP
83dad4fffffffff,1,30,SP
83da1efffffffff,1,30,SP
8373aafffffffff,1,0,WP
837385fffffffff,1,0,WP
83b568fffffffff,1,50,SP
83b85efffffffff,1,20,SI
83ae00fffffffff,1,33,SI
83aeacfffffffff,1,25,SI
83aeadfffffffff,1,48,SI
83aea9fffffffff,1,45,SI
83aeabfffffffff,1,45,SI
83c8dbfffffffff,1,45,SI
83c8d8fffffffff,1,40,SI
83c8c3fffffffff,1,40,SI
83c8c0fffffffff,1,0,SI
83c8c4fffffffff,1,35,SI
83c8e2fffffffff,1,30,SI
83c8e6fffffffff,1,0,SI
83c819fffffffff,1,30,SI
83c81dfffffffff,1,0,SI
83c803fffffffff,1,25,SI
83c802fffffffff,1,0,SI
83c806fffffffff,1,25,SI
83aed5fffffffff,1,30,SI
83aedefffffffff,1,0,SI
83c8d2fffffffff,1,25,SI
83aedafffffffff,1,0,SI
83c88bfffffffff,1,20,SI
83c88cfffffffff,1,0,SI
83c8aafffffffff,1,15,SI
83c8aefffffffff,1,0,SI
83c8a3fffffffff,1,15,SI
83c8a0fffffffff,1,0,SI
83c999fffffffff,1,15,SI
83d4f6fffffffff,1,45,SP
83b819fffffffff,1,30,SI
83b81dfffffffff,1,0,SI
83b81cfffffffff,1,25,SI
838c18fffffffff,1,25,SI
836e56fffffffff,1,30,EP
836e54fffffffff,1,30,EP
836e55fffffffff,1,35,EP
831621fffffffff,1,0,WP
83505bfffffffff,1,25,EP
83424bfffffffff,1,25,NI
834249fffffffff,1,25,NI
831491fffffffff,1,0,WP
831482fffffffff,1,0,WP
8314f6fffffffff,1,0,WP
837150fffffffff,1,0,EP
8314b3fffffffff,1,0,WP
831484fffffffff,1,0,WP
831485fffffffff,1,0,WP
835776fffffffff,1,30,NA
832a36fffffffff,1,63,NA
832b34fffffffff,1,50,NA
831b95fffffffff,1,50,NA
831b51fffffffff,1,50,NA
833d96fffffffff,1,0,NI
837252fffffffff,1,0,WP
83720bfffffffff,1,0,WP
834600fffffffff,1,70,EP
83470afffffffff,1,70,EP
83470efffffffff,1,65,EP
834728fffffffff,1,60,EP
838c03fffffffff,1,25,SI
8366a4fffffffff,1,25,NA
83afb3fffffffff,1,0,SI
83b5b4fffffffff,1,40,SP
83c615fffffffff,1,30,SP
83a074fffffffff,1,30,SP
83a152fffffffff,1,48,SP
83a109fffffffff,1,55,SP
83c65bfffffffff,1,50,SP
83a125fffffffff,1,50,SP
83c6e9fffffffff,1,45,SP
83c6ebfffffffff,1,43,SP
83c6eafffffffff,1,35,SP
83c6c0fffffffff,1,30,SP
83cb80fffffffff,1,45,SI
83cb83fffffffff,1,40,SI
83cb8afffffffff,1,35,SI
83aad3fffffffff,1,36,SI
8377aefffffffff,1,0,WP
83a732fffffffff,1,25,SI
83b86bfffffffff,1,0,SI
83b822fffffffff,1,25,SI
83aee1fffffffff,1,0,SI
83aeebfffffffff,1,0,SI
8376d5fffffffff,1,26,SP
8376c2fffffffff,1,28,SP
837933fffffffff,1,30,EP
837932fffffffff,1,30,EP
835c4dfffffffff,1,30,EP
835c48fffffffff,1,30,EP
835c5dfffffffff,1,30,EP
835c5cfffffffff,1,30,EP
835c53fffffffff,1,30,EP
835c52fffffffff,1,30,EP
8314c2fffffffff,1,0,WP
8314c3fffffffff,1,0,WP
831818fffffffff,1,40,NA
83182dfffffffff,1,45,NA
83195efffffffff,1,45,NA
83195cfffffffff,1,45,NA
831942fffffffff,1,45,NA
831940fffffffff,1,45,NA
831945fffffffff,1,45,NA
831963fffffffff,1,45,NA
831961fffffffff,1,45,NA
831965fffffffff,1,45,NA
830996fffffffff,1,40,NA
830990fffffffff,1,35,NA
830994fffffffff,1,28,NA
830992fffffffff,1,15,NA
831f35fffffffff,1,15,NA
834818fffffffff,1,25,EP
835b18fffffffff,1,0,WP
83b4a1fffffffff,1,40,SP
83b599fffffffff,1,40,SP
83b82dfffffffff,1,20,SI
83b953fffffffff,1,20,SI
83b951fffffffff,1,20,SI
833161fffffffff,1,0,WP
833165fffffffff,1,0,WP
837001fffffffff,1,20,EP
837000fffffffff,1,20,EP
837016fffffffff,1,20,EP
83718bfffffffff,1,20,EP
83718afffffffff,1,20,EP
837199fffffffff,1,20,EP
837198fffffffff,1,20,EP
837193fffffffff,1,20,EP
83356efffffffff,1,13,NA
833903fffffffff,1,15,NA
83390efffffffff,1,15,NA
8360a3fffffffff,1,0,NI
836085fffffffff,1,25,NI
836081fffffffff,1,0,NI
833d92fffffffff,1,20,NI
8360a0fffffffff,1,25,NI
837b02fffffffff,1,23,SI
837b60fffffffff,1,30,SI
837f94fffffffff,1,30,SP
837fb3fffffffff,1,30,SP
837f86fffffffff,1,25,SP
837f95fffffffff,1,25,SP
837f82fffffffff,1,25,SP
837f80fffffffff,1,25,SP
837f85fffffffff,1,28,SP
837faefffffffff,1,33,SP
837facfffffffff,1,35,SP
837f1cfffffffff,1,40,SP
83cc8afffffffff,1,0,SI
83d4e0fffffffff,1,0,SP
83b82efffffffff,1,40,SI
835af2fffffffff,1,25,WP
83461afffffffff,1,65,EP
8346adfffffffff,1,65,EP
834613fffffffff,1,65,EP
834980fffffffff,1,30,NA
83559efffffffff,1,50,NA
835591fffffffff,1,50,NA
835595fffffffff,1,50,NA
835594fffffffff,1,43,NA
8355b2fffffffff,1,30,NA
8355b6fffffffff,1,25,NA
8334ebfffffffff,1,25,NA
8348a1fffffffff,1,30,NA
8348acfffffffff,1,30,NA
834888fffffffff,1,25,NA
8326dbfffffffff,1,25,NA
8326d8fffffffff,1,25,NA
8326c5fffffffff,1,25,NA
832671fffffffff,1,25,NA
832759fffffffff,1,25,NA
8364a9fffffffff,1,25,NI
83b85afffffffff,1,0,SI
8346e6fffffffff,1,30,EP
834684fffffffff,1,40,EP
8346b1fffffffff,1,40,EP
835af6fffffffff,1,40,WP
83ae43fffffffff,1,25,SI
83da8efffffffff,1,0,SP
83da81fffffffff,1,0,SP
83da85fffffffff,1,0,SP
83daa3fffffffff,1,40,SP
83daa0fffffffff,1,0,SP
83daa4fffffffff,1,0,SP
83db8afffffffff,1,0,SP
83db8efffffffff,1,35,SP
83b564fffffffff,1,40,SP
83b161fffffffff,1,40,SP
83a134fffffffff,1,0,SP
83a120fffffffff,1,55,SP
83a166fffffffff,1,85,SP
83c644fffffffff,1,43,SP
83c646fffffffff,1,35,SP
83a72efffffffff,1,35,SI
83a720fffffffff,1,35,SI
836cb4fffffffff,1,25,EP
836e94fffffffff,1,25,EP
836e95fffffffff,1,25,EP
8349b3fffffffff,1,40,EP
837966fffffffff,1,25,EP
835c51fffffffff,1,30,EP
8342cbfffffffff,1,30,NI
8354a1fffffffff,1,25,NA
8354acfffffffff,1,25,NA
835413fffffffff,1,25,NA
835756fffffffff,1,33,NA
8354b4fffffffff,1,35,NA
835769fffffffff,1,38,NA
835768fffffffff,1,50,NA
83576efffffffff,1,53,NA
835761fffffffff,1,53,NA
835760fffffffff,1,40,NA
835766fffffffff,1,35,NA
832b16fffffffff,1,40,NA
830e4dfffffffff,1,40,NA
830e6bfffffffff,1,40,NA
831b94fffffffff,1,40,NA
831bb1fffffffff,1,40,NA
831b84fffffffff,1,40,NA
8348c5fffffffff,1,23,EP
83175cfffffffff,1,0,WP
8360a1fffffffff,1,40,NI
8360aefffffffff,1,30,NI
8360aafffffffff,1,25,NI
83608cfffffffff,1,20,NI
83cba1fffffffff,1,0,SI
837ee3fffffffff,1,15,WP
837ec5fffffffff,1,15,WP
83b94dfffffffff,1,35,SI
83b96bfffffffff,1,38,SI
83b968fffffffff,1,40,SI
83be1efffffffff,1,40,SP
83be11fffffffff,1,40,SP
83be02fffffffff,1,40,SP
83be06fffffffff,1,40,SP
83be31fffffffff,1,40,SP
83be04fffffffff,1,0,SP
83be21fffffffff,1,0,SP
83be25fffffffff,1,0,SP
83bf56fffffffff,1,0,SP
83bf72fffffffff,1,0,SP
83bf76fffffffff,1,0,SP
83bf2efffffffff,1,0,SP
83da9afffffffff,1,25,SP
837fa6fffffffff,1,28,SP
838805fffffffff,1,15,SP
838823fffffffff,1,23,SP
838821fffffffff,1,25,SP
838952fffffffff,1,25,SP
83c99dfffffffff,1,40,SI
83c9aafffffffff,1,35,SI
83c9a1fffffffff,1,0,SI
83b96cfffffffff,1,25,SI
83bf84fffffffff,1,0,SP
83da99fffffffff,1,30,SP
83ae0afffffffff,1,25,SI
83ae09fffffffff,1,25,SI
83ae08fffffffff,1,15,SI
836852fffffffff,1,20,WP
8386f1fffffffff,1,15,SI
83844bfffffffff,1,15,SI
83845dfffffffff,1,18,SI
837b16fffffffff,1,28,SI
8385b4fffffffff,1,23,SI
835f92fffffffff,1,25,NA
830c93fffffffff,1,0,EP
834981fffffffff,1,28,NA
831743fffffffff,1,0,WP
8356c5fffffffff,1,25,NA
8356c6fffffffff,1,30,NA
8380dbfffffffff,1,30,NA
83569afffffffff,1,28,NA
835f96fffffffff,1,25,NA
835f90fffffffff,1,20,NA
835f95fffffffff,1,15,NA
835f82fffffffff,1,15,NA
835f81fffffffff,1,23,NA
837ce9fffffffff,1,25,NA
83564bfffffffff,1,25,NA
8371a3fffffffff,1,18,EP
8371a2fffffffff,1,20,EP
837f06fffffffff,1,25,SP
837f04fffffffff,1,25,SP
83c769fffffffff,1,45,SP
83c76bfffffffff,1,0,SP
83c74cfffffffff,1,50,SP
83c741fffffffff,1,0,SP
83c743fffffffff,1,50,SP
83c752fffffffff,1,0,SP
83c625fffffffff,1,0,SP
83c626fffffffff,1,0,SP
83c630fffffffff,1,0,SP
83c7a8fffffffff,1,0,SP
83c7b2fffffffff,1,0,SP
83e2cefffffffff,1,0,SP
83646cfffffffff,1,15,NI
838691fffffffff,1,20,NI
836172fffffffff,1,30,NI
836173fffffffff,1,35,NI
836146fffffffff,1,35,NI
836140fffffffff,1,35,NI
836143fffffffff,1,35,NI
83615dfffffffff,1,35,NI
836064fffffffff,1,33,NI
83856dfffffffff,1,30,NI
83606dfffffffff,1,30,NI
838565fffffffff,1,30,NI
8362cbfffffffff,1,28,NI
83aec5fffffffff,1,25,SI
83bd8bfffffffff,1,50,SI
83bd88fffffffff,1,50,SI
83bdabfffffffff,1,50,SI
83bda8fffffffff,1,50,SI
83bd13fffffffff,1,50,SI
83bd14fffffffff,1,50,SI
83cbb2fffffffff,1,50,SI
83cb94fffffffff,1,50,SI
83cb91fffffffff,1,50,SI
83cb98fffffffff,1,50,SI
837644fffffffff,1,15,WP
837671fffffffff,1,15,WP
83ae98fffffffff,1,40,SI
83c8b2fffffffff,1,45,SI
83c8b6fffffffff,1,45,SI
83c8b4fffffffff,1,0,SI
83c998fffffffff,1,50,SI
83c98cfffffffff,1,50,SI
837203fffffffff,1,15,WP
83404dfffffffff,1,60,NI
834043fffffffff,1,40,NI
8376b2fffffffff,1,0,SP
8376b6fffffffff,1,0,SP
8376b0fffffffff,1,0,SP
8376b1fffffffff,1,0,SP
83c74dfffffffff,1,55,SP
83c748fffffffff,1,55,SP
83c74afffffffff,1,55,SP
83c75dfffffffff,1,0,SP
83c75efffffffff,1,55,SP
83c621fffffffff,1,55,SP
83c620fffffffff,1,0,SP
83c7aafffffffff,1,0,SP
83c7b1fffffffff,1,40,SP
833ce9fffffffff,1,28,NI
834011fffffffff,1,0,WP
8336dcfffffffff,1,25,EP
83369efffffffff,1,30,EP
833690fffffffff,1,30,EP
83476afffffffff,1,30,EP
834745fffffffff,1,30,EP
834742fffffffff,1,35,EP
834620fffffffff,1,43,EP
834635fffffffff,1,38,EP
8347a8fffffffff,1,30,EP
8347aefffffffff,1,25,EP
8347a3fffffffff,1,23,EP
8347a0fffffffff,1,20,EP
833565fffffffff,1,20,NA
8336c2fffffffff,1,25,EP
837192fffffffff,1,20,WP
83d552fffffffff,1,0,SP
83d553fffffffff,1,40,SP
83d42efffffffff,1,40,SP
83a010fffffffff,1,38,SP
83a016fffffffff,1,30,SP
83a18bfffffffff,1,35,SP
83a188fffffffff,1,25,SP
835c8bfffffffff,1,23,EP
8388dbfffffffff,1,25,EP
835c99fffffffff,1,30,EP
835c98fffffffff,1,33,EP
835c9efffffffff,1,43,EP
835c93fffffffff,1,48,EP
835c92fffffffff,1,50,EP
837066fffffffff,1,65,EP
83715bfffffffff,1,73,EP
8371acfffffffff,1,90,EP
8371a1fffffffff,1,80,EP
8371b4fffffffff,1,40,WP
838985fffffffff,1,0,SP
838984fffffffff,1,0,SP
8389b1fffffffff,1,30,SP
8389b3fffffffff,1,30,SP
8389b0fffffffff,1,33,SP
8389b2fffffffff,1,35,SP
8389b6fffffffff,1,40,SP
83a0eefffffffff,1,63,SP
83a0e0fffffffff,1,70,SP
83a00afffffffff,1,70,SP
83a00efffffffff,1,60,SP
83a021fffffffff,1,53,SP
83a025fffffffff,1,50,SP
83a133fffffffff,1,48,SP
83c6d9fffffffff,1,35,SP
83c6dbfffffffff,1,0,SP
83c6dafffffffff,1,35,SP
83b129fffffffff,1,35,SP
83b128fffffffff,1,0,SP
83b135fffffffff,1,0,SP
83b136fffffffff,1,35,SP
83d26bfffffffff,1,0,SP
83d241fffffffff,1,0,SP
83d240fffffffff,1,0,SP
83d273fffffffff,1,0,SP
83beaefffffffff,1,55,SP
83be14fffffffff,1,38,SP
83bb03fffffffff,1,0,SP
83bb00fffffffff,1,30,SP
83d472fffffffff,1,30,SP
83d431fffffffff,1,30,SP
83d430fffffffff,1,30,SP
83bb56fffffffff,1,0,SP
83ae8dfffffffff,1,65,SI
83aed6fffffffff,1,60,SI
83c8d3fffffffff,1,58,SI
83c8d0fffffffff,1,55,SI
83c8f0fffffffff,1,53,SI
83c81bfffffffff,1,50,SI
8389aafffffffff,1,20,SP
8389a8fffffffff,1,25,SP
838913fffffffff,1,25,SP
83a176fffffffff,1,50,SP
837033fffffffff,1,25,EP
837032fffffffff,1,40,EP
83718dfffffffff,1,45,EP
8371aafffffffff,1,30,EP
83a124fffffffff,1,35,SP
83c6c9fffffffff,1,0,SP
83c6cafffffffff,1,30,SP
83b122fffffffff,1,0,SP
83b130fffffffff,1,30,SP
83b572fffffffff,1,0,SP
83b506fffffffff,1,0,SP
83b530fffffffff,1,0,SP
83c740fffffffff,1,50,SP
83c755fffffffff,1,50,SP
83c754fffffffff,1,0,SP
83c756fffffffff,1,40,SP
83406dfffffffff,1,35,NI
83406afffffffff,1,25,NI
832925fffffffff,1,25,EP
83178afffffffff,1,0,WP
831615fffffffff,1,0,WP
8348c1fffffffff,1,25,EP
8348ddfffffffff,1,20,EP
8317a1fffffffff,1,0,WP
835db5fffffffff,1,120,EP
83465dfffffffff,1,115,EP
833696fffffffff,1,80,EP
833791fffffffff,1,50,EP
8336ecfffffffff,1,25,EP
833652fffffffff,1,25,EP
833672fffffffff,1,23,EP
832256fffffffff,1,0,EP
834394fffffffff,1,35,NI
8343b2fffffffff,1,25,NI
8343b6fffffffff,1,25,NI
833925fffffffff,1,30,NA
833921fffffffff,1,30,NA
8360a8fffffffff,1,30,NI
837196fffffffff,1,20,WP
835b34fffffffff,1,20,WP
837b71fffffffff,1,25,SI
837b46fffffffff,1,25,SI
836170fffffffff,1,15,NI
836174fffffffff,1,20,NI
836129fffffffff,1,28,NI
836108fffffffff,1,40,NI
837e25fffffffff,1,15,SP
837e20fffffffff,1,20,SP
837e26fffffffff,1,20,SP
837e35fffffffff,1,20,SP
837f1bfffffffff,1,20,SP
837f1afffffffff,1,20,SP
837fadfffffffff,1,20,SP
836144fffffffff,1,25,NI
836145fffffffff,1,25,NI
836141fffffffff,1,25,NI
83614efffffffff,1,25,NI
836148fffffffff,1,25,NI
83614bfffffffff,1,30,NI
836061fffffffff,1,35,NI
836068fffffffff,1,40,NI
8362c8fffffffff,1,40,NI
8362c1fffffffff,1,40,NI
8362c0fffffffff,1,40,NI
8362f2fffffffff,1,40,NI
8362aefffffffff,1,45,NI
8362a3fffffffff,1,45,NI
8362a2fffffffff,1,45,NI
8362b5fffffffff,1,50,NI
8376d1fffffffff,1,15,SP
8376ddfffffffff,1,20,SP
839e98fffffffff,1,20,SP
83b482fffffffff,1,30,SP
8389a0fffffffff,1,23,SP
8389adfffffffff,1,30,SP
83891afffffffff,1,30,SP
83891bfffffffff,1,30,SP
838919fffffffff,1,30,SP
838824fffffffff,1,30,SP
83890afffffffff,1,30,SP
83b4aefffffffff,1,58,SP
83bb36fffffffff,1,30,SP
83d461fffffffff,1,30,SP
83d54bfffffffff,1,30,SP
83b5a2fffffffff,1,0,SP
83c75afffffffff,1,0,SP
83c628fffffffff,1,25,SP
83c600fffffffff,1,0,SP
8376a8fffffffff,1,15,SP
8376aafffffffff,1,20,SP
837685fffffffff,1,25,SP
839cb6fffffffff,1,45,SP
839cd4fffffffff,1,20,SP
836741fffffffff,1,40,NA
836743fffffffff,1,40,NA
836742fffffffff,1,40,NA
836751fffffffff,1,40,NA
836750fffffffff,1,40,NA
836752fffffffff,1,40,NA
836621fffffffff,1,40,NA
836623fffffffff,1,40,NA
836622fffffffff,1,38,NA
836631fffffffff,1,35,NA
836633fffffffff,1,33,NA
837181fffffffff,1,15,EP
837180fffffffff,1,15,EP
831855fffffffff,1,70,NA
831846fffffffff,1,70,NA
834811fffffffff,1,45,EP
83481efffffffff,1,40,EP
834898fffffffff,1,25,EP
836158fffffffff,1,20,NI
837f09fffffffff,1,20,SP
839e88fffffffff,1,38,SP
83bf11fffffffff,1,30,SP
83d404fffffffff,1,0,SP
83d51afffffffff,1,30,SP
839d75fffffffff,1,18,SP
83ba18fffffffff,1,0,SP
83a76dfffffffff,1,20,SI
83a765fffffffff,1,20,SI
83c89efffffffff,1,20,SI
83c891fffffffff,1,0,SI
83c895fffffffff,1,0,SI
83c8b3fffffffff,1,0,SI
83642cfffffffff,1,15,NI
839accfffffffff,1,15,SP
839aeafffffffff,1,15,SP
839ae8fffffffff,1,20,SP
83d445fffffffff,1,0,SP
8322cdfffffffff,1,0,EP
837929fffffffff,1,30,EP
831754fffffffff,1,0,WP
831773fffffffff,1,0,WP
831744fffffffff,1,0,WP
83176efffffffff,1,0,WP
830d92fffffffff,1,0,WP
830db1fffffffff,1,0,WP
8333a6fffffffff,1,65,EP
834734fffffffff,1,65,EP
832373fffffffff,1,75,EP
832355fffffffff,1,68,EP
832350fffffffff,1,60,EP
832353fffffffff,1,0,EP
838433fffffffff,1,25,SI
838414fffffffff,1,25,SI
834812fffffffff,1,45,EP
8348aefffffffff,1,35,EP
832254fffffffff,1,0,EP
836046fffffffff,1,15,NI
836042fffffffff,1,15,NI
83604afffffffff,1,28,NI
83634bfffffffff,1,33,NI
837a9dfffffffff,1,23,NI
837a8afffffffff,1,15,NI
83b808fffffffff,1,20,SI
83b805fffffffff,1,20,SI
83c65dfffffffff,1,0,SP
83c6ecfffffffff,1,0,SP
83c6e5fffffffff,1,40,SP
83c619fffffffff,1,0,SP
83c618fffffffff,1,35,SP
83c6aafffffffff,1,0,SP
83c69cfffffffff,1,30,SP
838415fffffffff,1,15,SI
837189fffffffff,1,25,EP
837188fffffffff,1,20,EP
83718efffffffff,1,20,EP
837183fffffffff,1,23,EP
83ca2afffffffff,1,0,SI
83bea8fffffffff,1,40,SP
83be15fffffffff,1,0,SP
839caafffffffff,1,30,SP
831b32fffffffff,1,40,NA
831b36fffffffff,1,40,NA
8306d8fffffffff,1,35,NA
8306dafffffffff,1,35,NA
831aabfffffffff,1,50,NA
831b42fffffffff,1,50,NA
831904fffffffff,1,35,NA
831921fffffffff,1,35,NA
8309a5fffffffff,1,35,NA
831873fffffffff,1,63,NA
831871fffffffff,1,60,NA
834076fffffffff,1,25,WP
834070fffffffff,1,20,WP
831b1bfffffffff,1,83,NA
831b05fffffffff,1,60,NA
8364a3fffffffff,1,15,NI
833d88fffffffff,1,15,NI
8348e4fffffffff,1,45,EP
8348e0fffffffff,1,38,EP
8348e3fffffffff,1,30,EP
832ab3fffffffff,1,40,NA
8356e8fffffffff,1,30,NA
83632efffffffff,1,25,NI
836323fffffffff,1,23,NI
833c1efffffffff,1,20,NI
833c18fffffffff,1,15,NI
834798fffffffff,1,20,EP
836425fffffffff,1,20,NI
836552fffffffff,1,20,NI
836553fffffffff,1,20,NI
83655afffffffff,1,20,NI
836474fffffffff,1,20,NI
83b8a9fffffffff,1,27,SI
83b8acfffffffff,1,30,SI
83b8a5fffffffff,1,30,SI
83b8a4fffffffff,1,30,SI
83b998fffffffff,1,30,SP
83b99efffffffff,1,0,SP
83b996fffffffff,1,0,SP
839d64fffffffff,1,30,SP
8333b3fffffffff,1,0,EP
83db86fffffffff,1,0,SP
83db99fffffffff,1,0,SP
83b875fffffffff,1,20,SI
83b95bfffffffff,1,20,SI
83b89cfffffffff,1,28,SI
83b883fffffffff,1,25,SI
83b880fffffffff,1,25,SI
83b886fffffffff,1,25,SP
83b8b1fffffffff,1,25,SP
83b8b4fffffffff,1,25,SP
839d68fffffffff,1,25,SP
839d6cfffffffff,1,25,SP
839d61fffffffff,1,25,SP
839d60fffffffff,1,25,SP
839d66fffffffff,1,25,SP
83bedbfffffffff,1,23,SP
839d74fffffffff,1,20,SP
83d56bfffffffff,1,30,SP
83b80dfffffffff,1,19,SI
83b824fffffffff,1,0,SI
83b919fffffffff,1,30,SI
833cc9fffffffff,1,25,NI
833da0fffffffff,1,20,NI
833da5fffffffff,1,20,NI
833d12fffffffff,1,20,NI
833d13fffffffff,1,15,NI
833dadfffffffff,1,15,NI
831b08fffffffff,1,40,NA
830659fffffffff,1,38,NA
830c9bfffffffff,1,30,EP
834085fffffffff,1,0,WP
834081fffffffff,1,0,WP
83408efffffffff,1,0,WP
8347b5fffffffff,1,25,EP
835ac0fffffffff,1,15,WP
832365fffffffff,1,30,EP
832371fffffffff,1,30,EP
832370fffffffff,1,30,EP
832309fffffffff,1,30,EP
834040fffffffff,1,0,WP
831836fffffffff,1,50,NA
8319a8fffffffff,1,45,NA
8319acfffffffff,1,45,NA
833536fffffffff,1,55,NA
831952fffffffff,1,55,NA
831950fffffffff,1,55,NA
831946fffffffff,1,55,NA
831944fffffffff,1,55,NA
8376f5fffffffff,1,20,SP
8376f4fffffffff,1,20,SP
8376f6fffffffff,1,25,SP
83768dfffffffff,1,25,SP
83844efffffffff,1,28,SI
838441fffffffff,1,20,SI
838443fffffffff,1,20,SI
838440fffffffff,1,20,SI
838442fffffffff,1,20,SI
838455fffffffff,1,20,SI
836536fffffffff,1,25,WP
836990fffffffff,1,25,WP
836993fffffffff,1,25,WP
83699efffffffff,1,25,WP
837f44fffffffff,1,18,SP
837f63fffffffff,1,20,SP
837f61fffffffff,1,20,SP
8376c9fffffffff,1,20,SP
8376cbfffffffff,1,20,SP
83bb0cfffffffff,1,55,SP
83bb05fffffffff,1,55,SP
83d55afffffffff,1,0,SP
83d426fffffffff,1,0,SP
83d434fffffffff,1,0,SP
83d5a8fffffffff,1,0,SP
83d585fffffffff,1,30,SP
836815fffffffff,1,45,WP
836819fffffffff,1,30,WP
8368e4fffffffff,1,30,WP
8368e5fffffffff,1,30,WP
8368e1fffffffff,1,30,WP
8368ecfffffffff,1,30,WP
8368e8fffffffff,1,28,WP
8368e9fffffffff,1,25,WP
8373b6fffffffff,1,23,WP
83a780fffffffff,1,33,SI
83a7a2fffffffff,1,30,SI
83bb70fffffffff,1,40,SP
83bb29fffffffff,1,40,SP
83db9bfffffffff,1,0,SP
83db83fffffffff,1,40,SP
83db81fffffffff,1,0,SP
83db80fffffffff,1,35,SP
83dba0fffffffff,1,0,SP
83d569fffffffff,1,25,SP
83d568fffffffff,1,0,SP
83d56efffffffff,1,20,SP
83d41bfffffffff,1,30,SP
83d413fffffffff,1,30,SP
83d416fffffffff,1,0,SP
83d59dfffffffff,1,0,SP
83d59cfffffffff,1,30,SP
83d590fffffffff,1,0,SP
83bd8efffffffff,1,33,SI
83bdaafffffffff,1,30,SI
83bdaefffffffff,1,30,SI
83bb81fffffffff,1,35,SP
83d44bfffffffff,1,30,SP
83d46dfffffffff,1,30,SP
83d546fffffffff,1,30,SP
83ca2efffffffff,1,35,SI
839718fffffffff,1,0,SI
839719fffffffff,1,0,SI
83c753fffffffff,1,25,SP
83c62efffffffff,1,25,SP
83c601fffffffff,1,0,SP
83c6adfffffffff,1,0,SP
83c6a8fffffffff,1,25,SP
83655dfffffffff,1,15,NI
83654afffffffff,1,18,NI
833cebfffffffff,1,65,NI
834059fffffffff,1,50,NI
83232bfffffffff,1,38,EP
832301fffffffff,1,35,EP
832311fffffffff,1,35,EP
839af6fffffffff,1,15,SP
839af1fffffffff,1,25,SP
83c669fffffffff,1,0,SP
83c655fffffffff,1,0,SP
83c6e0fffffffff,1,0,SP
83c61bfffffffff,1,0,SP
83c6a9fffffffff,1,30,SP
83c680fffffffff,1,0,SP
83d260fffffffff,1,0,SP
833c11fffffffff,1,0,NI
8386eefffffffff,1,30,SI
8336eefffffffff,1,33,EP
8336e1fffffffff,1,35,EP
8336e0fffffffff,1,38,EP
8336e6fffffffff,1,40,EP
83361bfffffffff,1,40,EP
83361afffffffff,1,40,EP
8336adfffffffff,1,40,EP
8336acfffffffff,1,40,EP
8336a5fffffffff,1,50,EP
8336a4fffffffff,1,55,EP
83378afffffffff,1,53,EP
83379dfffffffff,1,48,EP
8337b4fffffffff,1,33,EP
8323a1fffffffff,1,30,EP
8323acfffffffff,1,30,EP
8323a8fffffffff,1,30,EP
832236fffffffff,1,30,EP
83238dfffffffff,1,30,EP
832232fffffffff,1,30,EP
832389fffffffff,1,30,EP
832216fffffffff,1,28,EP
8322a5fffffffff,1,30,EP
8322a0fffffffff,1,28,EP
8322a2fffffffff,1,25,EP
8322b1fffffffff,1,25,EP
8322b2fffffffff,1,25,EP
831cb6fffffffff,1,25,EP
831cb4fffffffff,1,25,EP
831ca6fffffffff,1,28,EP
831ca5fffffffff,1,30,EP
831c16fffffffff,1,28,EP
831c06fffffffff,1,28,EP
831c31fffffffff,1,30,EP
831c22fffffffff,1,30,EP
831c23fffffffff,1,30,EP
831c2efffffffff,1,30,EP
831c2cfffffffff,1,30,EP
831c28fffffffff,1,30,EP
831c2dfffffffff,1,30,EP
831d5afffffffff,1,30,EP
831ce5fffffffff,1,30,EP
831ce1fffffffff,1,30,EP
831ceefffffffff,1,30,EP
831ceafffffffff,1,30,EP
831cccfffffffff,1,30,EP
831ccdfffffffff,1,28,EP
831cc9fffffffff,1,25,EP
832869fffffffff,1,25,EP
832868fffffffff,1,25,EP
83286cfffffffff,1,28,EP
83376dfffffffff,1,30,EP
832865fffffffff,1,25,EP
832864fffffffff,1,25,EP
832959fffffffff,1,25,EP
83295bfffffffff,1,20,EP
83295afffffffff,1,20,EP
833025fffffffff,1,30,WP
832911fffffffff,1,20,EP
83291efffffffff,1,20,EP
834259fffffffff,1,0,NI
834248fffffffff,1,0,NI
83424dfffffffff,1,0,NI
835a00fffffffff,1,35,WP
832253fffffffff,1,50,EP
8322e1fffffffff,1,50,EP
8322e6fffffffff,1,50,EP
83221bfffffffff,1,50,EP
83221afffffffff,1,50,EP
834858fffffffff,1,55,EP
83485bfffffffff,1,43,EP
8329b5fffffffff,1,30,EP
8329b1fffffffff,1,28,EP
8329b3fffffffff,1,25,EP
837f46fffffffff,1,15,SP
837f55fffffffff,1,15,SP
837f0bfffffffff,1,15,SP
837f0afffffffff,1,15,SP
837f08fffffffff,1,18,SP
837f72fffffffff,1,20,SP
837f76fffffffff,1,20,SP
837f70fffffffff,1,25,SP
837f74fffffffff,1,25,SP
838860fffffffff,1,25,SP
838865fffffffff,1,30,SP
839a92fffffffff,1,30,SP
83b495fffffffff,1,63,SP
83a101fffffffff,1,25,SP
83a131fffffffff,1,25,SP
83b162fffffffff,1,0,SP
83b175fffffffff,1,25,SP
83b172fffffffff,1,0,SP
83b118fffffffff,1,0,SP
83b11afffffffff,1,0,SP
83b1a9fffffffff,1,0,SP
83b1aafffffffff,1,0,SP
83b181fffffffff,1,0,SP
83604cfffffffff,1,15,NI
8362e9fffffffff,1,15,NI
836386fffffffff,1,35,NI
8363b3fffffffff,1,35,NI
838926fffffffff,1,90,SP
837029fffffffff,1,20,EP
839a83fffffffff,1,25,SP
83c623fffffffff,1,30,SP
83e2d3fffffffff,1,0,SP
83d321fffffffff,1,0,SP
83d320fffffffff,1,0,SP
83e29bfffffffff,1,0,SP
839ad3fffffffff,1,20,SP
839ad0fffffffff,1,20,SP
839ad5fffffffff,1,20,SP
839af3fffffffff,1,20,SP
83d400fffffffff,1,50,SP
83d511fffffffff,1,50,SP
83890efffffffff,1,35,SP
83a06efffffffff,1,75,SP
83a064fffffffff,1,58,SP
83a071fffffffff,1,45,SP
83a130fffffffff,1,48,SP
83c6ddfffffffff,1,0,SP
83b12dfffffffff,1,0,SP
83b12efffffffff,1,0,SP
83b104fffffffff,1,0,SP
83b133fffffffff,1,30,SP
83b132fffffffff,1,0,SP
83d249fffffffff,1,0,SP
83d248fffffffff,1,0,SP
83d24afffffffff,1,0,SP
83d25dfffffffff,1,0,SP
83d258fffffffff,1,0,SP
83d25efffffffff,1,0,SP
83d2edfffffffff,1,0,SP
839aa1fffffffff,1,40,SP
83bf02fffffffff,1,55,SP
83bf06fffffffff,1,0,SP
83da9dfffffffff,1,55,SP
83da84fffffffff,1,0,SP
83daa6fffffffff,1,55,SP
83db88fffffffff,1,0,SP
83da36fffffffff,1,55,SP
83db1afffffffff,1,0,SP
83db1cfffffffff,1,55,SP
83db00fffffffff,1,0,SP
83db23fffffffff,1,55,SP
83eab6fffffffff,1,0,SP
83eab1fffffffff,1,55,SP
83ea80fffffffff,1,0,SP
83ea9dfffffffff,1,55,SP
83ed24fffffffff,1,0,SP
83ed25fffffffff,1,55,SP
83ed21fffffffff,1,0,SP
83ed2efffffffff,1,55,SP
83ed01fffffffff,1,0,SP
83ed0afffffffff,1,55,SP
83d46efffffffff,1,35,SP
83d444fffffffff,1,0,SP
838942fffffffff,1,45,SP
83a008fffffffff,1,30,SP
83a036fffffffff,1,0,SP
83a1abfffffffff,1,0,SP
83a1aafffffffff,1,0,SP
83a185fffffffff,1,0,SP
83a184fffffffff,1,0,SP
83a1b1fffffffff,1,0,SP
83a1b0fffffffff,1,0,SP
83b065fffffffff,1,0,SP
83646bfffffffff,1,20,NI
83191afffffffff,1,30,NA
8322e9fffffffff,1,0,EP
8354d0fffffffff,1,30,NA
8354d6fffffffff,1,30,NA
833901fffffffff,1,25,NA
834525fffffffff,1,30,NA
831989fffffffff,1,60,NA
83191cfffffffff,1,60,NA
831902fffffffff,1,60,NA
831931fffffffff,1,60,NA
830936fffffffff,1,58,NA
8334f1fffffffff,1,30,NA
8334f3fffffffff,1,35,NA
836326fffffffff,1,35,NI
834390fffffffff,1,28,NI
83bf86fffffffff,1,35,SP
83c74bfffffffff,1,0,SP
83698bfffffffff,1,23,WP
83d4eefffffffff,1,30,SP
83d495fffffffff,1,0,SP
83d494fffffffff,1,30,SP
83c729fffffffff,1,0,SP
83c70efffffffff,1,0,SP
83c632fffffffff,1,30,SP
83c788fffffffff,1,0,SP
83c78afffffffff,1,30,SP
83c79bfffffffff,1,0,SP
83d369fffffffff,1,30,SP
83d36afffffffff,1,0,SP
83d345fffffffff,1,30,SP
83a714fffffffff,1,30,SI
83b841fffffffff,1,30,SI
83b840fffffffff,1,29,SI
83b874fffffffff,1,25,SI
83b82cfffffffff,1,30,SI
83b825fffffffff,1,30,SI
83b90afffffffff,1,0,SI
83b91dfffffffff,1,30,SI
83dad6fffffffff,1,0,SP
83da1cfffffffff,1,0,SP
83da02fffffffff,1,45,SP
83da22fffffffff,1,0,SP
83da24fffffffff,1,45,SP
83db0efffffffff,1,0,SP
83db2afffffffff,1,40,SP
83db21fffffffff,1,0,SP
83db25fffffffff,1,30,SP
83eb98fffffffff,1,0,SP
83eb8afffffffff,1,30,SP
831495fffffffff,1,0,WP
831480fffffffff,1,0,WP
835a88fffffffff,1,40,WP
833316fffffffff,1,30,WP
832359fffffffff,1,0,EP
831669fffffffff,1,0,EP
83d480fffffffff,1,45,SP
83d485fffffffff,1,45,SP
83d4b0fffffffff,1,35,SP
83d4b6fffffffff,1,0,SP
83c721fffffffff,1,30,SP
83c723fffffffff,1,25,SP
83c704fffffffff,1,0,SP
83c703fffffffff,1,25,SP
83c71cfffffffff,1,0,SP
839772fffffffff,1,0,SI
839740fffffffff,1,0,SI
839741fffffffff,1,0,SI
83974cfffffffff,1,0,SI
83976bfffffffff,1,0,SI
83acb6fffffffff,1,0,SI
83ad9bfffffffff,1,0,SI
83ad98fffffffff,1,0,SI
83a118fffffffff,1,28,SP
83a10bfffffffff,1,60,SP
83a173fffffffff,1,100,SP
83a160fffffffff,1,75,SP
83a161fffffffff,1,75,SP
83b592fffffffff,1,73,SP
83b510fffffffff,1,30,SP
83b534fffffffff,1,0,SP
83c709fffffffff,1,0,SP
83c7adfffffffff,1,35,SP
83c7aefffffffff,1,0,SP
83b863fffffffff,1,20,SI
83b862fffffffff,1,0,SI
83b866fffffffff,1,40,SI
83b958fffffffff,1,40,SI
83b95cfffffffff,1,40,SI
83b942fffffffff,1,0,SI
83b973fffffffff,1,35,SI
83d4a9fffffffff,1,40,SP
83d4a5fffffffff,1,0,SP
83d583fffffffff,1,0,SP
83e26efffffffff,1,0,SP
83e240fffffffff,1,40,SP
83e255fffffffff,1,0,SP
83e256fffffffff,1,40,SP
83d4eafffffffff,1,40,SP
83c724fffffffff,1,30,SP
83d592fffffffff,1,0,SP
83e268fffffffff,1,30,SP
83bad6fffffffff,1,35,SP
837cd9fffffffff,1,30,NA
833142fffffffff,1,0,WP
83475bfffffffff,1,43,EP
83475efffffffff,1,38,EP
83470cfffffffff,1,30,EP
834701fffffffff,1,28,EP
834705fffffffff,1,25,EP
834723fffffffff,1,25,EP
834721fffffffff,1,25,EP
834725fffffffff,1,25,EP
831b64fffffffff,1,43,NA
830668fffffffff,1,40,NA
830759fffffffff,1,35,NA
83075efffffffff,1,35,NA
830753fffffffff,1,33,NA
830756fffffffff,1,30,NA
830709fffffffff,1,30,NA
83072bfffffffff,1,30,NA
83072efffffffff,1,30,NA
830720fffffffff,1,30,NA
832935fffffffff,1,28,EP
83190cfffffffff,1,45,NA
83192efffffffff,1,45,NA
831924fffffffff,1,45,NA
8348a4fffffffff,1,20,NA
831a32fffffffff,1,35,NA
831b09fffffffff,1,35,NA
831b71fffffffff,1,35,NA
83b89efffffffff,1,30,SI
8394d0fffffffff,1,25,SI
83d492fffffffff,1,0,SP
83c72dfffffffff,1,40,SP
83c725fffffffff,1,0,SP
83d594fffffffff,1,0,SP
83e261fffffffff,1,30,SP
83e275fffffffff,1,0,SP
83e20dfffffffff,1,30,SP
83e21dfffffffff,1,0,SP
83e21efffffffff,1,30,SP
83d49bfffffffff,1,0,SP
83d49afffffffff,1,50,SP
83c746fffffffff,1,30,SP
83a026fffffffff,1,35,SP
83c658fffffffff,1,30,SP
83c653fffffffff,1,0,SP
83c656fffffffff,1,0,SP
83cb8cfffffffff,1,65,SI
83cb8bfffffffff,1,55,SI
83bc36fffffffff,1,30,SI
83bc30fffffffff,1,35,SI
83bc33fffffffff,1,35,SI
83bc14fffffffff,1,0,SI
83bc10fffffffff,1,30,SI
83bc13fffffffff,1,0,SI
831b04fffffffff,1,55,NA
831b23fffffffff,1,55,NA
831b20fffffffff,1,55,NA
831b25fffffffff,1,55,NA
83065afffffffff,1,53,NA
83065efffffffff,1,50,NA
830650fffffffff,1,45,NA
830654fffffffff,1,40,NA
831b54fffffffff,1,65,NA
839cdcfffffffff,1,25,SP
839cd8fffffffff,1,25,SP
839cd9fffffffff,1,25,SP
83729efffffffff,1,25,SP
839551fffffffff,1,35,SI
839555fffffffff,1,35,SI
836983fffffffff,1,25,WP
83698cfffffffff,1,35,WP
838c98fffffffff,1,30,WP
838c9bfffffffff,1,65,WP
836526fffffffff,1,65,WP
836520fffffffff,1,43,WP
836523fffffffff,1,35,WP
83652efffffffff,1,30,WP
836528fffffffff,1,25,WP
83652bfffffffff,1,23,NI
836576fffffffff,1,20,NI
836572fffffffff,1,25,NI
836573fffffffff,1,25,NI
836555fffffffff,1,25,NI
836551fffffffff,1,25,NI
838696fffffffff,1,25,NI
83d4f1fffffffff,1,35,SP
83d410fffffffff,1,30,SP
83d414fffffffff,1,0,SP
83d436fffffffff,1,30,SP
83d513fffffffff,1,0,SP
83d532fffffffff,1,30,SP
836340fffffffff,1,40,NI
83524cfffffffff,1,30,NI
838cebfffffffff,1,30,SI
8387b6fffffffff,1,45,SI
83768efffffffff,1,25,SP
837683fffffffff,1,25,SP
832929fffffffff,1,18,EP
83292bfffffffff,1,15,EP
835049fffffffff,1,30,EP
8336c6fffffffff,1,30,EP
8336f3fffffffff,1,28,EP
8336f2fffffffff,1,25,EP
83368efffffffff,1,25,EP
8336b0fffffffff,1,30,EP
834763fffffffff,1,30,EP
83472dfffffffff,1,35,EP
83472cfffffffff,1,35,EP
83232dfffffffff,1,35,EP
832329fffffffff,1,35,EP
832376fffffffff,1,35,EP
832356fffffffff,1,35,EP
832221fffffffff,1,35,EP
838429fffffffff,1,20,SI
838428fffffffff,1,20,SI
83842efffffffff,1,25,SI
838423fffffffff,1,20,SI
838422fffffffff,1,20,SI
838435fffffffff,1,20,SI
838434fffffffff,1,20,SI
83851afffffffff,1,20,SI
8385a9fffffffff,1,25,SI
8385a8fffffffff,1,35,SI
8385aefffffffff,1,35,SI
8385a3fffffffff,1,35,SI
8385a0fffffffff,1,35,SI
8385a6fffffffff,1,33,SI
837ba4fffffffff,1,28,SI
837ba5fffffffff,1,25,SI
8348a3fffffffff,1,10,NA
831ba8fffffffff,1,48,NA
835f49fffffffff,1,25,NA
8314dbfffffffff,1,0,WP
83179cfffffffff,1,0,WP
834989fffffffff,1,68,EP
834716fffffffff,1,0,EP
839793fffffffff,1,25,SI
83c60afffffffff,1,0,SP
83612dfffffffff,1,25,NI
836128fffffffff,1,25,NI
83612cfffffffff,1,25,NI
83ae96fffffffff,1,0,SI
837eb3fffffffff,1,15,EP
837e95fffffffff,1,15,WP
837e86fffffffff,1,15,WP
837e85fffffffff,1,15,WP
837eaafffffffff,1,15,WP
837e8cfffffffff,1,15,WP
837e8dfffffffff,1,15,WP
83bd96fffffffff,1,25,SI
83970cfffffffff,1,0,SI
83970dfffffffff,1,0,SI
83c98afffffffff,1,25,SI
83b50afffffffff,1,0,SP
83d48afffffffff,1,0,SP
83942cfffffffff,1,25,SI
837623fffffffff,1,15,WP
8376b3fffffffff,1,0,SP
8348e2fffffffff,1,25,NA
832b96fffffffff,1,25,NA
831b0bfffffffff,1,63,NA
831b0dfffffffff,1,65,NA
831b29fffffffff,1,65,NA
83064afffffffff,1,65,NA
83064efffffffff,1,65,NA
830641fffffffff,1,65,NA
830645fffffffff,1,63,NA
830663fffffffff,1,60,NA
830660fffffffff,1,58,NA
83076efffffffff,1,53,NA
83840cfffffffff,1,45,SI
838400fffffffff,1,25,SI
838404fffffffff,1,30,SI
838405fffffffff,1,30,SI
838408fffffffff,1,45,SI
83841dfffffffff,1,25,SI
8362ebfffffffff,1,15,NI
8362c5fffffffff,1,18,NI
8362c4fffffffff,1,20,NI
8362f1fffffffff,1,25,NI
836285fffffffff,1,78,NI
836280fffffffff,1,80,NI
836284fffffffff,1,65,NI
8362b1fffffffff,1,35,NI
8362b3fffffffff,1,30,NI
8362b2fffffffff,1,30,NI
837ab6fffffffff,1,30,NI
837ab4fffffffff,1,30,NI
837b9bfffffffff,1,30,NI
837b98fffffffff,1,30,NI
835a05fffffffff,1,20,WP
835a01fffffffff,1,20,WP
83349bfffffffff,1,30,NA
83d559fffffffff,1,45,SP
83d55dfffffffff,1,40,SP
83d543fffffffff,1,0,SP
83d542fffffffff,1,40,SP
83d555fffffffff,1,0,SP
83d573fffffffff,1,40,SP
83aacefffffffff,1,0,SI
83a986fffffffff,1,45,SA
83a984fffffffff,1,55,SA
83a9acfffffffff,1,75,SA
83a91cfffffffff,1,75,SA
83a91dfffffffff,1,75,SA
83a919fffffffff,1,50,SA
835c9dfffffffff,1,20,EP
835c9cfffffffff,1,20,EP
835c90fffffffff,1,20,EP
835c96fffffffff,1,20,EP
834010fffffffff,1,0,WP
831712fffffffff,1,0,WP
831710fffffffff,1,0,WP
832aa2fffffffff,1,33,NA
831616fffffffff,1,0,WP
8331a8fffffffff,1,0,WP
8331acfffffffff,1,0,WP
833110fffffffff,1,0,WP
833114fffffffff,1,0,WP
833132fffffffff,1,0,WP
833134fffffffff,1,0,WP
831596fffffffff,1,0,WP
831595fffffffff,1,0,WP
831586fffffffff,1,0,WP
831584fffffffff,1,0,WP
831580fffffffff,1,0,WP
831585fffffffff,1,0,WP
831581fffffffff,1,0,WP
8315aafffffffff,1,0,WP
83158cfffffffff,1,0,WP
83158dfffffffff,1,0,WP
831432fffffffff,1,0,WP
831414fffffffff,1,0,WP
831413fffffffff,1,0,WP
830768fffffffff,1,55,NA
830930fffffffff,1,60,NA
830911fffffffff,1,60,NA
83091efffffffff,1,58,NA
83091afffffffff,1,55,NA
830835fffffffff,1,50,NA
830831fffffffff,1,45,NA
830804fffffffff,1,43,NA
830800fffffffff,1,40,NA
830803fffffffff,1,38,NA
83081dfffffffff,1,30,NA
837b6efffffffff,1,25,SI
836376fffffffff,1,35,NI
83630dfffffffff,1,35,NI
83630cfffffffff,1,35,NI
83616afffffffff,1,20,NI
83616bfffffffff,1,20,NI
838549fffffffff,1,20,NI
83854bfffffffff,1,30,NI
838548fffffffff,1,33,NI
83854afffffffff,1,35,NI
83854efffffffff,1,43,NI
838543fffffffff,1,48,NI
838540fffffffff,1,55,NI
838544fffffffff,1,60,NI
838571fffffffff,1,63,NI
838562fffffffff,1,65,NI
838575fffffffff,1,65,NI
838566fffffffff,1,65,NI
8362dbfffffffff,1,60,NI
8362d9fffffffff,1,55,NI
8362d8fffffffff,1,58,NI
8362ddfffffffff,1,60,NI
8362dcfffffffff,1,63,NI
8362c2fffffffff,1,65,NI
8362f4fffffffff,1,60,NI
83621afffffffff,1,53,NI
837aaefffffffff,1,25,NI
837aadfffffffff,1,25,NI
837a1efffffffff,1,23,NI
837a11fffffffff,1,20,NI
838da3fffffffff,1,15,SI
83a043fffffffff,1,15,SP
83a065fffffffff,1,0,SP
83b594fffffffff,1,30,SP
83869bfffffffff,1,25,NI
83c66cfffffffff,1,0,SP
83c671fffffffff,1,40,SP
83c6a2fffffffff,1,0,SP
83c6b0fffffffff,1,35,SP
83d34dfffffffff,1,0,SP
83d34efffffffff,1,35,SP
83d35cfffffffff,1,0,SP
83d353fffffffff,1,0,SP
83b553fffffffff,1,45,SP
83d4d4fffffffff,1,50,SP
83d4a8fffffffff,1,0,SP
83cca8fffffffff,1,40,SI
83cc85fffffffff,1,0,SI
83274dfffffffff,1,20,NA
832b15fffffffff,1,23,NA
832b33fffffffff,1,20,NA
832a94fffffffff,1,10,NA
832769fffffffff,1,10,NA
832b9efffffffff,1,10,NA
832a93fffffffff,1,28,NA
8319b0fffffffff,1,63,NA
83076afffffffff,1,48,NA
830745fffffffff,1,45,NA
830761fffffffff,1,45,NA
830913fffffffff,1,45,NA
8318b0fffffffff,1,40,NA
8318b5fffffffff,1,40,NA
83198dfffffffff,1,35,NA
8319adfffffffff,1,35,NA
831913fffffffff,1,35,NA
831935fffffffff,1,35,NA
830902fffffffff,1,35,NA
830903fffffffff,1,35,NA
83090cfffffffff,1,33,NA
83090dfffffffff,1,30,NA
830954fffffffff,1,30,NA
830955fffffffff,1,30,NA
832640fffffffff,1,20,NA
832663fffffffff,1,20,NA
836d32fffffffff,1,28,NA
833476fffffffff,1,40,NA
833559fffffffff,1,50,NA
83354afffffffff,1,48,NA
833548fffffffff,1,40,NA
83354dfffffffff,1,35,NA
8339a4fffffffff,1,33,NA
8339a5fffffffff,1,30,NA
833913fffffffff,1,30,NA
833911fffffffff,1,30,NA
83391cfffffffff,1,30,NA
8334f5fffffffff,1,60,NA
8334e6fffffffff,1,60,NA
833456fffffffff,1,60,NA
833454fffffffff,1,60,NA
833446fffffffff,1,60,NA
833444fffffffff,1,60,NA
833445fffffffff,1,58,NA
83346cfffffffff,1,55,NA
833994fffffffff,1,53,NA
833995fffffffff,1,50,NA
833980fffffffff,1,43,NA
83398cfffffffff,1,35,NA
833830fffffffff,1,33,NA
833823fffffffff,1,30,NA
836121fffffffff,1,15,NI
83615afffffffff,1,43,NI
83615bfffffffff,1,33,NI
836075fffffffff,1,30,NI
836062fffffffff,1,30,NI
836063fffffffff,1,30,NI
83a7a5fffffffff,1,0,SI
83b861fffffffff,1,0,SI
83b865fffffffff,1,30,SI
83b94bfffffffff,1,0,SI
83b948fffffffff,1,30,SI
837233fffffffff,1,25,WP
837232fffffffff,1,25,WP
83738dfffffffff,1,0,WP
83738cfffffffff,1,0,WP
837381fffffffff,1,0,WP
839c64fffffffff,1,20,SP
83bb55fffffffff,1,0,SP
839d9bfffffffff,1,0,SP
83648afffffffff,1,0,NI
831833fffffffff,1,30,NA
831831fffffffff,1,30,NA
83190bfffffffff,1,30,NA
83190dfffffffff,1,30,NA
831976fffffffff,1,30,NA
834006fffffffff,1,0,WP
832924fffffffff,1,20,EP
832920fffffffff,1,20,EP
832923fffffffff,1,15,EP
832b80fffffffff,1,20,NA
832b85fffffffff,1,20,NA
831981fffffffff,1,40,NA
830644fffffffff,1,50,NA
830646fffffffff,1,50,NA
830640fffffffff,1,50,NA
8318ecfffffffff,1,55,NA
8319a9fffffffff,1,65,NA
83198cfffffffff,1,55,NA
831988fffffffff,1,45,NA
83180dfffffffff,1,28,NA
831800fffffffff,1,43,NA
837b03fffffffff,1,20,SI
83c60cfffffffff,1,35,SP
83c613fffffffff,1,0,SP
83c684fffffffff,1,0,SP
83c695fffffffff,1,35,SP
83b516fffffffff,1,0,SP
83cbabfffffffff,1,0,SI
83cb8dfffffffff,1,37,SI
83cb88fffffffff,1,0,SI
83caa4fffffffff,1,40,SI
83caa0fffffffff,1,0,SI
83caa3fffffffff,1,45,SI
83cb36fffffffff,1,25,SI
83aacbfffffffff,1,40,SI
83cc9afffffffff,1,40,SI
83ccb3fffffffff,1,0,SI
83338afffffffff,1,0,WP
833391fffffffff,1,0,EP
839cb1fffffffff,1,20,SP
8342a4fffffffff,1,110,NI
83438bfffffffff,1,100,NI
834236fffffffff,1,60,NI
8343abfffffffff,1,45,NI
8343a9fffffffff,1,30,NI
836086fffffffff,1,20,NI
83421dfffffffff,1,50,NI
834203fffffffff,1,50,NI
834200fffffffff,1,40,NI
834205fffffffff,1,25,NI
83422afffffffff,1,20,NI
834228fffffffff,1,20,NI
835b9efffffffff,1,25,EP
830649fffffffff,1,53,NA
83064dfffffffff,1,58,NA
83066bfffffffff,1,60,NA
830669fffffffff,1,60,NA
8319b3fffffffff,1,55,NA
830764fffffffff,1,45,NA
830935fffffffff,1,40,NA
830923fffffffff,1,35,NA
834003fffffffff,1,0,WP
834001fffffffff,1,0,WP
83400cfffffffff,1,0,WP
83488afffffffff,1,20,NA
8326dafffffffff,1,20,NA
8326defffffffff,1,20,NA
8326dcfffffffff,1,25,NA
8326c2fffffffff,1,38,NA
8348e5fffffffff,1,30,EP
833399fffffffff,1,0,WP
831b96fffffffff,1,60,NA
831bb2fffffffff,1,60,NA
831bb5fffffffff,1,60,NA
830f6bfffffffff,1,55,NA
8306cafffffffff,1,50,NA
8306cefffffffff,1,45,NA
83cc5afffffffff,1,55,SI
83d452fffffffff,1,30,SP
83649cfffffffff,1,30,NI
8333acfffffffff,1,0,WP
8333b1fffffffff,1,0,EP
8348c6fffffffff,1,20,NA
8348c2fffffffff,1,20,NA
83489bfffffffff,1,23,NA
835caefffffffff,1,33,EP
832662fffffffff,1,20,NA
83276bfffffffff,1,20,NA
831a1cfffffffff,1,38,NA
831b19fffffffff,1,40,NA
831b1dfffffffff,1,40,NA
831b2bfffffffff,1,63,NA
83481dfffffffff,1,65,EP
838451fffffffff,1,25,SI
838454fffffffff,1,33,SI
83525bfffffffff,1,25,NI
83525afffffffff,1,25,NI
83525efffffffff,1,25,NI
836e86fffffffff,1,25,EP
836e80fffffffff,1,30,EP
83ccadfffffffff,1,45,SI
83cc13fffffffff,1,0,SI
83ccc8fffffffff,1,0,SI
83ccccfffffffff,1,25,SI
83b505fffffffff,1,30,SP
83b511fffffffff,1,60,SP
83b514fffffffff,1,60,SP
83c775fffffffff,1,60,SP
837290fffffffff,1,35,SI
837294fffffffff,1,20,SI
839549fffffffff,1,25,SI
839548fffffffff,1,25,SI
833c1bfffffffff,1,30,NI
833c19fffffffff,1,15,NI
8350e1fffffffff,1,20,EP
8350ecfffffffff,1,20,EP
8350ebfffffffff,1,18,EP
8336d3fffffffff,1,45,EP
833680fffffffff,1,35,EP
833684fffffffff,1,33,EP
8336b1fffffffff,1,30,EP
8336b5fffffffff,1,30,EP
83379bfffffffff,1,30,EP
83379cfffffffff,1,40,EP
833780fffffffff,1,30,EP
833784fffffffff,1,30,EP
8337a3fffffffff,1,30,EP
8337a1fffffffff,1,30,EP
833712fffffffff,1,30,EP
833716fffffffff,1,30,EP
836c2bfffffffff,1,20,EP
836c2efffffffff,1,20,EP
835ca9fffffffff,1,25,EP
835caafffffffff,1,25,EP
835c85fffffffff,1,30,EP
834656fffffffff,1,70,EP
834670fffffffff,1,50,EP
834676fffffffff,1,38,EP
834629fffffffff,1,33,EP
83462dfffffffff,1,30,EP
83608bfffffffff,1,45,NI
838929fffffffff,1,63,SP
83c641fffffffff,1,0,SP
83c651fffffffff,1,0,SP
83c6e1fffffffff,1,0,SP
83c6e2fffffffff,1,40,SP
83c68dfffffffff,1,35,SP
83c68efffffffff,1,0,SP
83c69dfffffffff,1,40,SP
83c69efffffffff,1,0,SP
83d26efffffffff,1,0,SP
839a94fffffffff,1,28,SP
838948fffffffff,1,35,SP
838869fffffffff,1,25,SP
838868fffffffff,1,25,SP
83886efffffffff,1,25,SP
838863fffffffff,1,0,SP
838875fffffffff,1,20,SP
83895afffffffff,1,35,SP
83a999fffffffff,1,30,SA
83a99dfffffffff,1,30,SA
83a983fffffffff,1,30,SA
83a9a1fffffffff,1,30,SA
83a912fffffffff,1,40,SA
83a910fffffffff,1,30,SA
83a911fffffffff,1,38,SA
83a9a5fffffffff,1,40,SA
83c5b4fffffffff,1,40,SA
83c5b5fffffffff,1,40,SA
83c5a2fffffffff,1,40,SA
83c5a1fffffffff,1,43,SA
83c5acfffffffff,1,45,SA
83c5adfffffffff,1,45,SA
83c51afffffffff,1,45,SA
83c51bfffffffff,1,45,SA
83c420fffffffff,1,45,SA
83c552fffffffff,1,45,SA
83c553fffffffff,1,45,SA
83d481fffffffff,1,55,SP
83d59bfffffffff,1,55,SP
83d598fffffffff,1,0,SP
83d591fffffffff,1,55,SP
83d5b6fffffffff,1,55,SP
83e260fffffffff,1,0,SP
83e274fffffffff,1,55,SP
83e20cfffffffff,1,0,SP
83e21cfffffffff,1,55,SP
83e213fffffffff,1,0,SP
83e2a1fffffffff,1,55,SP
83e2a3fffffffff,1,0,SP
83e284fffffffff,1,0,SP
83438afffffffff,1,83,NI
834389fffffffff,1,50,NI
8342e6fffffffff,1,33,NI
834899fffffffff,1,28,NA
8326ddfffffffff,1,20,NA
8326ecfffffffff,1,20,NA
831badfffffffff,1,70,NA
831b33fffffffff,1,60,NA
8334d8fffffffff,1,50,NA
8334d1fffffffff,1,35,NA
8334d5fffffffff,1,30,NA
833466fffffffff,1,30,NA
833464fffffffff,1,25,NA
833465fffffffff,1,25,NA
8339b6fffffffff,1,25,NA
833ccafffffffff,1,40,NI
834069fffffffff,1,35,NI
836515fffffffff,1,20,WP
83ae0dfffffffff,1,0,SI
834795fffffffff,1,25,EP
83478dfffffffff,1,35,EP
834636fffffffff,1,35,EP
83471cfffffffff,1,30,EP
834702fffffffff,1,30,EP
834706fffffffff,1,28,EP
834704fffffffff,1,25,EP
83d425fffffffff,1,0,SP
83d533fffffffff,1,0,SP
83d530fffffffff,1,50,SP
83a72cfffffffff,1,43,SI
83a721fffffffff,1,38,SI
839d48fffffffff,1,30,SP
83b8b5fffffffff,1,25,SP
83b8a2fffffffff,1,25,SP
83b8a3fffffffff,1,25,SI
83b8aefffffffff,1,25,SI
83b8a8fffffffff,1,25,SI
83b8abfffffffff,1,25,SI
83b8f6fffffffff,1,25,SI
83aec8fffffffff,1,35,SI
83aeedfffffffff,1,50,SI
83aecefffffffff,1,33,SI
83d55efffffffff,1,40,SP
83d551fffffffff,1,0,SP
83a890fffffffff,1,25,SA
83a893fffffffff,1,25,SA
83a891fffffffff,1,30,SA
83a882fffffffff,1,30,SA
83a886fffffffff,1,30,SA
83a8b3fffffffff,1,30,SA
83a8b1fffffffff,1,30,SA
83a8b0fffffffff,1,30,SA
83a8b6fffffffff,1,30,SA
83a494fffffffff,1,30,SA
83a495fffffffff,1,30,SA
83a491fffffffff,1,30,SA
83a482fffffffff,1,33,SA
83a483fffffffff,1,35,SA
83a48efffffffff,1,38,SA
83a48cfffffffff,1,43,SA
83a48dfffffffff,1,45,SA
83a4f6fffffffff,1,45,SA
83d40dfffffffff,1,0,SP
83d40cfffffffff,1,35,SP
83d420fffffffff,1,0,SP
83cb11fffffffff,1,47,SI
83ca33fffffffff,1,0,SI
832b36fffffffff,1,40,NA
830e69fffffffff,1,40,NA
8354d2fffffffff,1,20,NA
83191dfffffffff,1,60,NA
83190efffffffff,1,60,NA
8309a6fffffffff,1,60,NA
831468fffffffff,1,0,WP
8322ecfffffffff,1,0,EP
8354defffffffff,1,20,NA
8354d3fffffffff,1,20,NA
837cd3fffffffff,1,20,NA
837cdefffffffff,1,23,NA
836300fffffffff,1,25,NI
836302fffffffff,1,20,NI
836315fffffffff,1,35,NI
836333fffffffff,1,48,NI
836305fffffffff,1,25,NI
838ceafffffffff,1,15,SI
83972cfffffffff,1,0,SI
83a729fffffffff,1,50,SI
83a728fffffffff,1,45,SI
83a72afffffffff,1,35,SI
83bca4fffffffff,1,43,SI
83bc85fffffffff,1,25,SI
83af90fffffffff,1,40,SI
83af93fffffffff,1,10,SI
83baa0fffffffff,1,45,SP
839542fffffffff,1,30,SI
831730fffffffff,1,0,WP
831498fffffffff,1,0,WP
8314c1fffffffff,1,0,WP
831632fffffffff,1,0,WP
832650fffffffff,1,20,NA
833419fffffffff,1,50,NA
833488fffffffff,1,55,NA
8386ebfffffffff,1,0,SI
838459fffffffff,1,15,SI
836391fffffffff,1,35,NI
836016fffffffff,1,40,NI
836012fffffffff,1,20,NI
837a94fffffffff,1,28,NI
837a86fffffffff,1,20,NI
83ca43fffffffff,1,50,SI
83ca59fffffffff,1,0,SI
83cc4cfffffffff,1,0,SI
83cc68fffffffff,1,48,SI
836998fffffffff,1,0,WP
836999fffffffff,1,0,WP
83b5b5fffffffff,1,0,SP
83c759fffffffff,1,0,SP
83bed0fffffffff,1,20,SP
83bed4fffffffff,1,20,SP
83bef2fffffffff,1,20,SP
83bef3fffffffff,1,0,SP
83bef0fffffffff,1,20,SP
83bef5fffffffff,1,0,SP
83bee6fffffffff,1,20,SP
83ca09fffffffff,1,37,SI
836991fffffffff,1,20,WP
83655efffffffff,1,30,NI
836c01fffffffff,1,20,EP
836c03fffffffff,1,20,EP
836c02fffffffff,1,25,EP
836c11fffffffff,1,25,EP
836c10fffffffff,1,25,EP
836ca5fffffffff,1,25,EP
837119fffffffff,1,30,EP
835774fffffffff,1,75,NA
831636fffffffff,1,0,WP
831626fffffffff,1,0,WP
831709fffffffff,1,0,WP
831750fffffffff,1,0,WP
831753fffffffff,1,0,WP
831612fffffffff,1,0,WP
836581fffffffff,1,23,WP
8362cdfffffffff,1,25,NI
8362eefffffffff,1,20,NI
8362e3fffffffff,1,20,NI
8362e2fffffffff,1,20,NI
837a9efffffffff,1,35,NI
836519fffffffff,1,20,NI
83aeb5fffffffff,1,25,SI
83ae84fffffffff,1,0,SI
83ae89fffffffff,1,0,SI
83aed0fffffffff,1,0,SI
83bda0fffffffff,1,23,SI
83cbaafffffffff,1,25,SI
83cc80fffffffff,1,33,SI
83cd9efffffffff,1,0,SI
83bb5cfffffffff,1,0,SP
83b88bfffffffff,1,15,SI
83b81bfffffffff,1,20,SI
83ca02fffffffff,1,0,SI
83ca11fffffffff,1,33,SI
83d4aafffffffff,1,40,SP
83d4a0fffffffff,1,35,SP
83d580fffffffff,1,35,SP
83951efffffffff,1,25,SI
839513fffffffff,1,25,SI
839512fffffffff,1,23,SI
8395a5fffffffff,1,20,SI
8395a4fffffffff,1,20,SI
838da6fffffffff,1,20,SI
83da92fffffffff,1,0,SP
83bb2cfffffffff,1,45,SP
83bb25fffffffff,1,30,SP
83d4d1fffffffff,1,0,SP
8372edfffffffff,1,28,WP
83aeb3fffffffff,1,0,SI
83ae94fffffffff,1,0,SI
83ae91fffffffff,1,0,SI
831ba3fffffffff,1,35,NA
831ba5fffffffff,1,38,NA
830f69fffffffff,1,40,NA
830f63fffffffff,1,30,NA
83565efffffffff,1,20,NA
835cb2fffffffff,1,30,EP
8336b4fffffffff,1,50,EP
833793fffffffff,1,25,EP
833790fffffffff,1,25,EP
8337b5fffffffff,1,20,EP
8323a4fffffffff,1,20,EP
8350e3fffffffff,1,30,EP
8350eefffffffff,1,25,EP
8350e9fffffffff,1,25,EP
833648fffffffff,1,25,EP
83364efffffffff,1,25,EP
833643fffffffff,1,25,EP
833655fffffffff,1,25,EP
8350c1fffffffff,1,33,EP
8350ccfffffffff,1,30,EP
8350c8fffffffff,1,28,EP
8350cbfffffffff,1,25,EP
833669fffffffff,1,25,EP
833668fffffffff,1,25,EP
83366afffffffff,1,25,EP
833645fffffffff,1,25,EP
833640fffffffff,1,25,EP
83075dfffffffff,1,53,NA
830743fffffffff,1,50,NA
830742fffffffff,1,50,NA
830746fffffffff,1,48,NA
830773fffffffff,1,45,NA
830772fffffffff,1,45,NA
83070dfffffffff,1,40,NA
830708fffffffff,1,35,NA
833d89fffffffff,1,20,NI
83464afffffffff,1,70,EP
834772fffffffff,1,65,EP
834764fffffffff,1,65,EP
832336fffffffff,1,63,EP
8337a2fffffffff,1,58,EP
8337a5fffffffff,1,55,EP
833710fffffffff,1,53,EP
833706fffffffff,1,50,EP
8349b2fffffffff,1,25,EP
83840efffffffff,1,20,SI
837635fffffffff,1,23,WP
83af99fffffffff,1,20,SI
83681cfffffffff,1,0,WP
838918fffffffff,1,35,SP
83891cfffffffff,1,40,SP
838911fffffffff,1,40,SP
83ae80fffffffff,1,50,SI
83ae9efffffffff,1,0,SI
83cd95fffffffff,1,0,SI
83cd86fffffffff,1,0,SI
83bda3fffffffff,1,30,SI
83bda1fffffffff,1,30,SI
83bd12fffffffff,1,30,SI
83bd16fffffffff,1,27,SI
83cbb4fffffffff,1,25,SI
83cbb0fffffffff,1,23,SI
839d21fffffffff,1,95,SP
83cce4fffffffff,1,0,SI
83cc0afffffffff,1,38,SI
83cc0efffffffff,1,0,SI
83cc01fffffffff,1,37,SI
83d443fffffffff,1,0,SP
83d41dfffffffff,1,0,SP
83d41cfffffffff,1,60,SP
83d41efffffffff,1,0,SP
83d4b1fffffffff,1,0,SP
83d4b2fffffffff,1,50,SP
83a71cfffffffff,1,55,SI
83a731fffffffff,1,0,SI
83a735fffffffff,1,30,SI
83c996fffffffff,1,25,SI
83c9b2fffffffff,1,0,SI
83c9b0fffffffff,1,15,SI
8326ccfffffffff,1,25,NA
8326ebfffffffff,1,18,NA
8326e8fffffffff,1,15,NA
8376e2fffffffff,1,25,SP
8376f2fffffffff,1,40,SP
837689fffffffff,1,45,SP
836eacfffffffff,1,20,EP
836e13fffffffff,1,20,EP
836e1efffffffff,1,20,EP
836e1cfffffffff,1,20,EP
836e1dfffffffff,1,20,EP
836e0efffffffff,1,20,EP
836e08fffffffff,1,25,EP
836e0dfffffffff,1,25,EP
836e72fffffffff,1,25,EP
836e71fffffffff,1,25,EP
836e63fffffffff,1,30,EP
836e6efffffffff,1,35,EP
83425dfffffffff,1,25,NI
832ec9fffffffff,1,0,WP
835ce1fffffffff,1,20,EP
835ce0fffffffff,1,20,EP
83170efffffffff,1,0,WP
834783fffffffff,1,65,EP
83478efffffffff,1,65,EP
83478cfffffffff,1,65,EP
8347abfffffffff,1,65,EP
834715fffffffff,1,55,EP
834714fffffffff,1,55,EP
834732fffffffff,1,53,EP
833693fffffffff,1,65,EP
834665fffffffff,1,65,EP
83474bfffffffff,1,65,EP
83474afffffffff,1,65,EP
83475dfffffffff,1,60,EP
834743fffffffff,1,60,EP
834746fffffffff,1,60,EP
834744fffffffff,1,60,EP
832304fffffffff,1,55,EP
832303fffffffff,1,55,EP
83231dfffffffff,1,55,EP
832318fffffffff,1,53,EP
83231bfffffffff,1,50,EP
832231fffffffff,1,45,EP
832214fffffffff,1,45,EP
83238bfffffffff,1,45,EP
8322a4fffffffff,1,45,EP
8322a6fffffffff,1,45,EP
8322b5fffffffff,1,45,EP
831cb2fffffffff,1,45,EP
831ca4fffffffff,1,43,EP
831c30fffffffff,1,40,EP
831c35fffffffff,1,40,EP
8336d4fffffffff,1,45,EP
8354f2fffffffff,1,30,NA
83548dfffffffff,1,35,NA
834685fffffffff,1,30,EP
834610fffffffff,1,40,EP
834633fffffffff,1,45,EP
834630fffffffff,1,40,EP
8347adfffffffff,1,35,EP
833915fffffffff,1,25,NA
833910fffffffff,1,20,NA
8339acfffffffff,1,20,NA
8336e5fffffffff,1,70,EP
83360bfffffffff,1,65,EP
833609fffffffff,1,63,EP
83375bfffffffff,1,58,EP
83374efffffffff,1,55,EP
833766fffffffff,1,50,EP
831cc5fffffffff,1,45,EP
831d5bfffffffff,1,48,EP
831d5cfffffffff,1,50,EP
831d54fffffffff,1,58,EP
831d0dfffffffff,1,65,EP
831d05fffffffff,1,60,EP
831d04fffffffff,1,55,EP
831d22fffffffff,1,48,EP
831d35fffffffff,1,40,EP
831d36fffffffff,1,38,EP
830c6bfffffffff,1,35,EP
830c6cfffffffff,1,30,EP
8313b5fffffffff,1,25,EP
8350edfffffffff,1,40,EP
834988fffffffff,1,38,EP
83498bfffffffff,1,25,EP
8352e8fffffffff,1,60,NI
8352eefffffffff,1,45,NI
8352e1fffffffff,1,25,NI
8363b6fffffffff,1,60,NI
8352c5fffffffff,1,30,NI
8352e3fffffffff,1,20,NI
83b892fffffffff,1,20,SP
83b894fffffffff,1,20,SP
837eb1fffffffff,1,15,WP
837eb0fffffffff,1,15,EP
837eb6fffffffff,1,15,EP
8370b2fffffffff,1,15,EP
8370b3fffffffff,1,15,EP
837086fffffffff,1,15,EP
837084fffffffff,1,25,EP
8370a3fffffffff,1,25,EP
8370a2fffffffff,1,30,EP
8370b5fffffffff,1,30,EP
83701efffffffff,1,25,EP
83701cfffffffff,1,30,EP
837006fffffffff,1,78,EP
837031fffffffff,1,85,EP
837035fffffffff,1,78,EP
837022fffffffff,1,83,EP
837004fffffffff,1,83,EP
837011fffffffff,1,60,EP
837013fffffffff,1,35,EP
83ca70fffffffff,1,0,SI
83ccf4fffffffff,1,34,SI
83cc1afffffffff,1,33,SI
83cc02fffffffff,1,32,SI
83cc06fffffffff,1,30,SI
83cc31fffffffff,1,0,SI
83cc35fffffffff,1,30,SI
837b54fffffffff,1,0,SI
834644fffffffff,1,35,EP
834673fffffffff,1,35,EP
83460dfffffffff,1,35,EP
8317b4fffffffff,1,0,WP
834660fffffffff,1,48,EP
834759fffffffff,1,50,EP
83475cfffffffff,1,50,EP
834751fffffffff,1,50,EP
834773fffffffff,1,50,EP
832321fffffffff,1,45,EP
832302fffffffff,1,45,EP
83231cfffffffff,1,45,EP
8348e8fffffffff,1,25,EP
831b74fffffffff,1,50,NA
83064bfffffffff,1,50,NA
83638afffffffff,1,35,NI
83639efffffffff,1,30,NI
83ae44fffffffff,1,20,SI
839729fffffffff,1,0,SI
839774fffffffff,1,0,SI
83b5aafffffffff,1,30,SP
83bb2bfffffffff,1,40,SP
83bb28fffffffff,1,0,SP
83dab0fffffffff,1,0,SP
83dab1fffffffff,1,45,SP
83daa2fffffffff,1,0,SP
83daa1fffffffff,1,45,SP
83da12fffffffff,1,0,SP
83da13fffffffff,1,35,SP
83da11fffffffff,1,30,SP
83da15fffffffff,1,30,SP
83da14fffffffff,1,30,SP
83db8dfffffffff,1,0,SP
83db8cfffffffff,1,30,SP
83dbaafffffffff,1,0,SP
83dba2fffffffff,1,0,SP
83dba6fffffffff,1,25,SP
835f85fffffffff,1,30,NA
835fa9fffffffff,1,35,NA
835e34fffffffff,1,35,NA
835e26fffffffff,1,35,NA
835e20fffffffff,1,35,NA
836d49fffffffff,1,20,EP
833649fffffffff,1,35,EP
83364dfffffffff,1,20,EP
834063fffffffff,1,0,WP
834841fffffffff,1,30,EP
8318c0fffffffff,1,78,NA
831801fffffffff,1,65,NA
831824fffffffff,1,60,NA
83192bfffffffff,1,48,NA
83192dfffffffff,1,43,NA
8309a2fffffffff,1,40,NA
830984fffffffff,1,40,NA
830981fffffffff,1,40,NA
83651dfffffffff,1,25,WP
836503fffffffff,1,23,WP
836502fffffffff,1,18,WP
838dabfffffffff,1,40,SI
838daafffffffff,1,60,SI
836103fffffffff,1,38,NI
836531fffffffff,1,25,WP
83cce1fffffffff,1,50,SI
83da9efffffffff,1,0,SP
83da86fffffffff,1,0,SP
83db9afffffffff,1,0,SP
83b856fffffffff,1,23,SI
83cc48fffffffff,1,0,SI
83cc6bfffffffff,1,40,SI
836154fffffffff,1,25,NI
83caecfffffffff,1,47,SI
83af8cfffffffff,1,37,SI
8352c0fffffffff,1,55,NI
8352d0fffffffff,1,50,NI
8352d3fffffffff,1,48,NI
8352d2fffffffff,1,43,NI
83526bfffffffff,1,70,NI
83526afffffffff,1,50,NI
83274cfffffffff,1,30,NA
83276efffffffff,1,30,NA
83504afffffffff,1,15,EP
834084fffffffff,1,0,WP
831991fffffffff,1,45,NA
831932fffffffff,1,25,NA
8331a9fffffffff,1,25,WP
83311afffffffff,1,25,WP
833118fffffffff,1,0,WP
83310efffffffff,1,0,WP
83312afffffffff,1,0,WP
8346f3fffffffff,1,105,EP
8346acfffffffff,1,85,EP
833151fffffffff,1,0,WP
831825fffffffff,1,35,NA
831956fffffffff,1,35,NA
8314d5fffffffff,1,0,WP
8314e1fffffffff,1,0,WP
831452fffffffff,1,0,WP
831455fffffffff,1,0,WP
831446fffffffff,1,0,WP
831463fffffffff,1,0,WP
831465fffffffff,1,0,WP
8336a3fffffffff,1,40,EP
8354a9fffffffff,1,30,NA
83341bfffffffff,1,25,NA
8322cbfffffffff,1,0,EP
837cc3fffffffff,1,30,NA
833401fffffffff,1,73,NA
833923fffffffff,1,40,NA
8346f2fffffffff,1,125,EP
834619fffffffff,1,115,EP
83462bfffffffff,1,100,EP
834628fffffffff,1,93,EP
83462cfffffffff,1,85,EP
83470dfffffffff,1,50,EP
832335fffffffff,1,45,EP
832331fffffffff,1,45,EP
832314fffffffff,1,45,EP
832312fffffffff,1,45,EP
8323aefffffffff,1,45,EP
832383fffffffff,1,45,EP
83239afffffffff,1,40,EP
836316fffffffff,1,40,NI
83525cfffffffff,1,25,NI
835251fffffffff,1,25,NI
8318c4fffffffff,1,55,NA
8318c5fffffffff,1,53,NA
8318eafffffffff,1,50,NA
8319aefffffffff,1,53,NA
8319a1fffffffff,1,50,NA
831912fffffffff,1,48,NA
831914fffffffff,1,43,NA
831930fffffffff,1,40,NA
837b70fffffffff,1,20,SI
836005fffffffff,1,40,NI
83ccd5fffffffff,1,35,SI
83ccf2fffffffff,1,0,SI
837f29fffffffff,1,25,SP
837f01fffffffff,1,30,SP
83764cfffffffff,1,15,WP
837641fffffffff,1,15,WP
83af8afffffffff,1,33,SI
83aea4fffffffff,1,30,SI
83ae9cfffffffff,1,0,SI
83ca6afffffffff,1,40,SI
83ca4cfffffffff,1,40,SI
83ca48fffffffff,1,38,SI
83cce9fffffffff,1,0,SI
83ccecfffffffff,1,35,SI
83b891fffffffff,1,30,SP
83b896fffffffff,1,20,SP
83a32dfffffffff,1,65,SI
836549fffffffff,1,25,NI
83954efffffffff,1,15,SI
8346abfffffffff,1,25,EP
833146fffffffff,1,43,WP
8317b6fffffffff,1,0,WP
831633fffffffff,1,0,WP
831604fffffffff,1,0,WP
831664fffffffff,1,0,WP
830c95fffffffff,1,0,EP
831891fffffffff,1,35,NA
834392fffffffff,1,45,NI
834396fffffffff,1,30,NI
835269fffffffff,1,28,NI
835268fffffffff,1,23,NI
835245fffffffff,1,20,NI
835244fffffffff,1,20,NI
831826fffffffff,1,55,NA
83460bfffffffff,1,33,EP
834623fffffffff,1,28,EP
834621fffffffff,1,25,EP
836328fffffffff,1,25,NI
83632afffffffff,1,25,NI
836303fffffffff,1,25,NI
832768fffffffff,1,30,NA
8342dbfffffffff,1,30,NI
839e99fffffffff,1,20,SP
836288fffffffff,1,15,NI
83628cfffffffff,1,25,NI
8362a8fffffffff,1,35,NI
837a83fffffffff,1,25,NI
837a8efffffffff,1,20,NI
838584fffffffff,1,23,SI
8385b1fffffffff,1,23,SI
8385b0fffffffff,1,22,SI
837b06fffffffff,1,50,SI
83842afffffffff,1,20,SI
83ca6bfffffffff,1,43,SI
83cceefffffffff,1,40,SI
83cc18fffffffff,1,40,SI
83b410fffffffff,1,45,SP
83ae46fffffffff,1,20,SI
83d48bfffffffff,1,0,SP
83bf1dfffffffff,1,40,SP
83bf01fffffffff,1,40,SP
83bf05fffffffff,1,40,SP
83da8bfffffffff,1,40,SP
83da89fffffffff,1,0,SP
83daf3fffffffff,1,0,SP
83daf1fffffffff,1,0,SP
83dac4fffffffff,1,0,SP
839c8dfffffffff,1,25,SP
83b513fffffffff,1,45,SP
83b5a4fffffffff,1,0,SP
83ae10fffffffff,1,30,SI
832673fffffffff,1,30,NA
832674fffffffff,1,30,NA
83275afffffffff,1,30,NA
83275efffffffff,1,33,NA
832742fffffffff,1,35,NA
832746fffffffff,1,35,NA
832771fffffffff,1,35,NA
832766fffffffff,1,35,NA
830ed9fffffffff,1,35,NA
830eddfffffffff,1,33,NA
830ec1fffffffff,1,30,NA
830ec5fffffffff,1,35,NA
830eeefffffffff,1,35,NA
830ee8fffffffff,1,35,NA
831802fffffffff,1,30,NA
831828fffffffff,1,30,NA
83194efffffffff,1,25,NA
835e2cfffffffff,1,35,NA
832a12fffffffff,1,55,NA
83559afffffffff,1,25,NA
83576dfffffffff,1,25,NA
83312dfffffffff,1,0,WP
8314b6fffffffff,1,0,WP
83312cfffffffff,1,0,WP
8314b0fffffffff,1,0,WP
8314b5fffffffff,1,0,WP
83159bfffffffff,1,0,WP
8314a6fffffffff,1,0,WP
8314a4fffffffff,1,0,WP
8314a5fffffffff,1,0,WP
831416fffffffff,1,0,WP
831411fffffffff,1,0,WP
83141efffffffff,1,0,WP
833144fffffffff,1,25,WP
836d2dfffffffff,1,30,NA
8354a8fffffffff,1,25,NA
83355efffffffff,1,40,NA
83355dfffffffff,1,35,NA
83340cfffffffff,1,30,NA
83340efffffffff,1,30,NA
833541fffffffff,1,40,NA
83356bfffffffff,1,45,NA
833568fffffffff,1,45,NA
8334aafffffffff,1,60,NA
83340afffffffff,1,48,NA
833408fffffffff,1,45,NA
83340dfffffffff,1,43,NA
833472fffffffff,1,38,NA
833470fffffffff,1,35,NA
833471fffffffff,1,35,NA
833462fffffffff,1,30,NA
833475fffffffff,1,28,NA
83879cfffffffff,1,13,SI
83879dfffffffff,1,20,SI
836223fffffffff,1,35,NI
836204fffffffff,1,33,NI
836395fffffffff,1,78,NI
836394fffffffff,1,58,NI
8352c9fffffffff,1,40,NI
8352cefffffffff,1,28,NI
8352ddfffffffff,1,25,NI
839754fffffffff,1,23,SI
839744fffffffff,1,0,SI
839745fffffffff,1,0,SI
83976afffffffff,1,0,SI
839768fffffffff,1,0,SI
839769fffffffff,1,0,SI
83acb0fffffffff,1,0,SI
83acb1fffffffff,1,0,SI
83ac84fffffffff,1,15,SI
83ac85fffffffff,1,0,SI
83acaefffffffff,1,15,SI
83aca8fffffffff,1,15,SI
83acadfffffffff,1,0,SI
83ac1efffffffff,1,0,SI
83ac1cfffffffff,1,0,SI
83bcdbfffffffff,1,20,SI
83bcd9fffffffff,1,15,SI
839764fffffffff,1,0,SI
83bccbfffffffff,1,0,SI
83ad96fffffffff,1,0,SI
83ad94fffffffff,1,0,SI
83adb3fffffffff,1,0,SI
83adb2fffffffff,1,0,SI
83bcebfffffffff,1,0,SI
83bceefffffffff,1,0,SI
83c991fffffffff,1,35,SI
83c982fffffffff,1,0,SI
83c980fffffffff,1,35,SI
83bb9dfffffffff,1,35,SP
83cb16fffffffff,1,55,SI
83aef0fffffffff,1,15,SI
83b869fffffffff,1,50,SI
837b44fffffffff,1,35,SI
837b68fffffffff,1,30,SI
833db6fffffffff,1,30,NI
837905fffffffff,1,25,EP
833031fffffffff,1,0,WP
8350defffffffff,1,20,EP
832b8bfffffffff,1,20,NA
831b1afffffffff,1,58,NA
83162cfffffffff,1,0,WP
831749fffffffff,1,0,WP
830cb0fffffffff,1,0,EP
830cb5fffffffff,1,0,EP
831b69fffffffff,1,45,NA
83199afffffffff,1,45,NA
8360b3fffffffff,1,18,NI
834211fffffffff,1,58,NI
834232fffffffff,1,70,NI
83438cfffffffff,1,60,NI
8343aafffffffff,1,45,NI
834385fffffffff,1,30,NI
837cc0fffffffff,1,30,NA
835649fffffffff,1,35,NA
83222afffffffff,1,0,EP
8323aafffffffff,1,0,EP
832384fffffffff,1,0,EP
8366b6fffffffff,1,20,EP
836d4dfffffffff,1,25,EP
836d4efffffffff,1,30,EP
83d44efffffffff,1,0,SP
83d441fffffffff,1,0,SP
83cb84fffffffff,1,35,SI
83cb86fffffffff,1,30,SI
83cb82fffffffff,1,30,SI
83cb9cfffffffff,1,25,SI
83cb9dfffffffff,1,20,SI
83cc94fffffffff,1,0,SI
83cd98fffffffff,1,0,SI
83cd9cfffffffff,1,0,SI
83cdb1fffffffff,1,0,SI
83cdb5fffffffff,1,0,SI
83c85bfffffffff,1,0,SI
83ccaefffffffff,1,34,SI
83cca3fffffffff,1,32,SI
83cca2fffffffff,1,25,SI
83a708fffffffff,1,15,SI
83bc1bfffffffff,1,30,SI
83bc18fffffffff,1,43,SI
83bc19fffffffff,1,50,SI
83bc1dfffffffff,1,0,SI
83bc0afffffffff,1,45,SI
836485fffffffff,1,25,NI
835e64fffffffff,1,35,NA
836d44fffffffff,1,48,EP
8350d6fffffffff,1,30,EP
8350d2fffffffff,1,25,EP
83171afffffffff,1,0,WP
83171efffffffff,1,0,WP
831703fffffffff,1,0,WP
8314ecfffffffff,1,0,WP
831733fffffffff,1,0,WP
831731fffffffff,1,0,WP
8350d5fffffffff,1,20,EP
83484efffffffff,1,38,EP
834848fffffffff,1,35,EP
834849fffffffff,1,30,EP
83484dfffffffff,1,30,EP
830cb1fffffffff,1,0,EP
830ca0fffffffff,1,0,EP
830ca4fffffffff,1,0,EP
830d8bfffffffff,1,0,EP
830d88fffffffff,1,0,EP
830d8dfffffffff,1,0,EP
830d8cfffffffff,1,0,EP
830dabfffffffff,1,0,EP
830da8fffffffff,1,0,EP
830dacfffffffff,1,0,EP
831b86fffffffff,1,45,NA
831ba2fffffffff,1,43,NA
831ba6fffffffff,1,40,NA
830f4cfffffffff,1,35,NA
830f41fffffffff,1,35,NA
830f45fffffffff,1,35,NA
830f44fffffffff,1,35,NA
830f62fffffffff,1,35,NA
830f66fffffffff,1,35,NA
8306ddfffffffff,1,25,NA
835599fffffffff,1,35,NA
83559cfffffffff,1,35,NA
835582fffffffff,1,30,NA
835586fffffffff,1,30,NA
8355b1fffffffff,1,28,NA
8355b5fffffffff,1,25,NA
8355a6fffffffff,1,25,NA
830c9afffffffff,1,0,EP
830c98fffffffff,1,0,EP
830c99fffffffff,1,0,EP
8322dbfffffffff,1,0,EP
830c8bfffffffff,1,0,EP
830cd6fffffffff,1,0,EP
830cd4fffffffff,1,0,EP
8348a5fffffffff,1,43,EP
83cc19fffffffff,1,30,SI
83cc03fffffffff,1,0,SI
83cc00fffffffff,1,30,SI
83b8d2fffffffff,1,20,SI
83bb50fffffffff,1,0,SP
83bb0efffffffff,1,0,SP
83ca76fffffffff,1,45,SI
83cae9fffffffff,1,0,SI
83cac9fffffffff,1,50,SI
83cc6dfffffffff,1,0,SI
83e093fffffffff,1,50,SI
83e095fffffffff,1,0,SI
83e0b3fffffffff,1,50,SI
83e0b6fffffffff,1,0,SI
83cd69fffffffff,1,50,SI
83cd6cfffffffff,1,0,SI
83e192fffffffff,1,45,SI
83e4c9fffffffff,1,0,SI
83e4cdfffffffff,1,45,SI
83e4e8fffffffff,1,0,SI
83e4ecfffffffff,1,45,SI
839704fffffffff,1,20,SI
83972afffffffff,1,15,SI
83b8d4fffffffff,1,35,SI
83b88dfffffffff,1,30,SI
83b88cfffffffff,1,28,SI
83b881fffffffff,1,25,SI
838798fffffffff,1,0,SI
838799fffffffff,1,0,SI
8386a3fffffffff,1,23,SI
83861afffffffff,1,33,SI
83861bfffffffff,1,40,SI
8386e6fffffffff,1,55,SI
834090fffffffff,1,0,WP
834092fffffffff,1,0,WP
834093fffffffff,1,0,WP
833193fffffffff,1,0,WP
833191fffffffff,1,0,WP
83485dfffffffff,1,45,EP
8318d8fffffffff,1,45,NA
8334d2fffffffff,1,45,NA
83348afffffffff,1,30,NA
835700fffffffff,1,25,NA
8318a2fffffffff,1,55,NA
831993fffffffff,1,48,NA
832275fffffffff,1,0,EP
83222efffffffff,1,0,EP
832222fffffffff,1,0,EP
8363a5fffffffff,1,85,NI
8363a4fffffffff,1,80,NI
837f53fffffffff,1,15,SP
837f75fffffffff,1,0,SP
834984fffffffff,1,40,EP
8376d3fffffffff,1,20,SP
8376d2fffffffff,1,15,SP
83ae92fffffffff,1,0,SI
83cd94fffffffff,1,0,SI
83cdb4fffffffff,1,0,SI
83c85efffffffff,1,0,SI
83c842fffffffff,1,0,SI
83c862fffffffff,1,0,SI
83c959fffffffff,1,0,SI
839d41fffffffff,1,20,SP
839d4efffffffff,1,15,SP
839c65fffffffff,1,25,SP
839d4dfffffffff,1,0,SP
839d6dfffffffff,1,0,SP
83b993fffffffff,1,30,SP
83b994fffffffff,1,35,SP
83b9b2fffffffff,1,0,SP
83b9b6fffffffff,1,25,SP
83bc8bfffffffff,1,35,SI
83ca74fffffffff,1,35,SI
837b6bfffffffff,1,35,SI
837b51fffffffff,1,65,SI
837b5cfffffffff,1,60,SI
837b5efffffffff,1,60,SI
837b5afffffffff,1,35,SI
837a29fffffffff,1,30,SI
83846efffffffff,1,15,SI
83846afffffffff,1,30,SI
83846bfffffffff,1,40,SI
8386c9fffffffff,1,40,SI
8386cdfffffffff,1,38,SI
8386ccfffffffff,1,25,SI
8386eafffffffff,1,25,SI
8386c5fffffffff,1,23,SI
8372e4fffffffff,1,10,WP
837219fffffffff,1,15,WP
83721dfffffffff,1,15,WP
83721cfffffffff,1,15,WP
834013fffffffff,1,0,WP
83401afffffffff,1,0,WP
832b12fffffffff,1,30,NA
833da2fffffffff,1,25,NI
83425cfffffffff,1,20,NI
830c9efffffffff,1,0,EP
830c9dfffffffff,1,0,EP
830c8efffffffff,1,0,EP
83174dfffffffff,1,0,WP
830cb6fffffffff,1,0,WP
830cb4fffffffff,1,0,EP
8346a2fffffffff,1,30,EP
834212fffffffff,1,40,NI
8322ccfffffffff,1,0,EP
8322c3fffffffff,1,0,EP
8322d1fffffffff,1,0,EP
831843fffffffff,1,45,NA
83186afffffffff,1,43,NA
831fb6fffffffff,1,40,NA
831fa2fffffffff,1,35,NA
831fa1fffffffff,1,30,NA
836321fffffffff,1,20,NI
838692fffffffff,1,23,NI
83646dfffffffff,1,20,NI
839780fffffffff,1,40,SI
839626fffffffff,1,15,SI
839624fffffffff,1,15,SI
839625fffffffff,1,10,SI
83cc9cfffffffff,1,25,SI
83cae6fffffffff,1,40,SI
83cae3fffffffff,1,0,SI
83cac5fffffffff,1,45,SI
83caccfffffffff,1,0,SI
83cac8fffffffff,1,45,SI
83cc69fffffffff,1,50,SI
83cc6cfffffffff,1,50,SI
83cc61fffffffff,1,0,SI
83cc60fffffffff,1,50,SI
83cd5bfffffffff,1,0,SI
83cd5afffffffff,1,45,SI
83ccf5fffffffff,1,45,SI
83ae5efffffffff,1,55,SI
83ae51fffffffff,1,25,SI
83ca52fffffffff,1,0,SI
83ccacfffffffff,1,0,SI
83cd88fffffffff,1,0,SI
83cd8cfffffffff,1,40,SI
83cdaefffffffff,1,0,SI
83cda5fffffffff,1,0,SI
83c770fffffffff,1,0,SP
83c776fffffffff,1,0,SP
83ca58fffffffff,1,0,SI
83cc4efffffffff,1,45,SI
83bb6dfffffffff,1,0,SP
83bdb6fffffffff,1,30,SI
832266fffffffff,1,0,EP
832201fffffffff,1,0,EP
834761fffffffff,1,58,EP
834760fffffffff,1,55,EP
83232afffffffff,1,33,EP
83230cfffffffff,1,30,EP
832308fffffffff,1,30,EP
83230bfffffffff,1,30,EP
832225fffffffff,1,25,EP
83858dfffffffff,1,35,SI
8318b6fffffffff,1,75,NA
83199bfffffffff,1,65,NA
831984fffffffff,1,45,NA
833922fffffffff,1,43,NA
833902fffffffff,1,30,NA
832229fffffffff,1,0,EP
832205fffffffff,1,0,EP
832206fffffffff,1,0,EP
83406bfffffffff,1,0,NI
832345fffffffff,1,0,EP
836508fffffffff,1,40,NI
83650bfffffffff,1,45,NI
836509fffffffff,1,40,NI
83650cfffffffff,1,29,WP
836501fffffffff,1,25,WP
836504fffffffff,1,25,WP
836c00fffffffff,1,25,EP
