lon,lat,elevation
7.62451,45.98170,2818
7.62494,45.98170,2815
7.62537,45.98170,2815
7.62580,45.98170,2816
7.62623,45.98170,2821
7.62666,45.98170,2828
7.62709,45.98170,2836
7.62752,45.98170,2843
7.62794,45.98170,2850
7.62837,45.98170,2857
7.62880,45.98170,2866
7.62923,45.98170,2876
7.62966,45.98170,2885
7.63009,45.98170,2893
7.63052,45.98170,2899
7.63095,45.98170,2905
7.63138,45.98170,2910
7.63181,45.98170,2916
7.63224,45.98170,2924
7.63267,45.98170,2929
7.63309,45.98170,2934
7.63352,45.98170,2937
7.63395,45.98170,2940
7.63438,45.98170,2943
7.63481,45.98170,2944
7.63524,45.98170,2946
7.63567,45.98170,2949
7.63610,45.98170,2950
7.63653,45.98170,2952
7.63696,45.98170,2954
7.63739,45.98170,2956
7.63782,45.98170,2959
7.63824,45.98170,2962
7.63867,45.98170,2965
7.63910,45.98170,2968
7.63953,45.98170,2974
7.63996,45.98170,2982
7.64039,45.98170,2991
7.64082,45.98170,3003
7.64125,45.98170,3017
7.64168,45.98170,3034
7.64211,45.98170,3055
7.64254,45.98170,3079
7.64297,45.98170,3104
7.64339,45.98170,3131
7.64382,45.98170,3157
7.64425,45.98170,3190
7.64468,45.98170,3228
7.64511,45.98170,3267
7.64554,45.98170,3301
7.64597,45.98170,3332
7.64640,45.98170,3359
7.62451,45.98140,2824
7.62494,45.98140,2824
7.62537,45.98140,2823
7.62580,45.98140,2824
7.62623,45.98140,2828
7.62666,45.98140,2835
7.62709,45.98140,2842
7.62752,45.98140,2849
7.62794,45.98140,2855
7.62837,45.98140,2862
7.62880,45.98140,2871
7.62923,45.98140,2880
7.62966,45.98140,2889
7.63009,45.98140,2896
7.63052,45.98140,2902
7.63095,45.98140,2908
7.63138,45.98140,2913
7.63181,45.98140,2919
7.63224,45.98140,2926
7.63267,45.98140,2931
7.63309,45.98140,2936
7.63352,45.98140,2939
7.63395,45.98140,2942
7.63438,45.98140,2945
7.63481,45.98140,2947
7.63524,45.98140,2950
7.63567,45.98140,2952
7.63610,45.98140,2953
7.63653,45.98140,2955
7.63696,45.98140,2958
7.63739,45.98140,2960
7.63782,45.98140,2962
7.63824,45.98140,2964
7.63867,45.98140,2968
7.63910,45.98140,2970
7.63953,45.98140,2975
7.63996,45.98140,2981
7.64039,45.98140,2990
7.64082,45.98140,3001
7.64125,45.98140,3015
7.64168,45.98140,3031
7.64211,45.98140,3051
7.64254,45.98140,3073
7.64297,45.98140,3097
7.64339,45.98140,3120
7.64382,45.98140,3140
7.64425,45.98140,3166
7.64468,45.98140,3201
7.64511,45.98140,3245
7.64554,45.98140,3288
7.64597,45.98140,3324
7.64640,45.98140,3353
7.62451,45.98110,2829
7.62494,45.98110,2831
7.62537,45.98110,2831
7.62580,45.98110,2832
7.62623,45.98110,2835
7.62666,45.98110,2841
7.62709,45.98110,2847
7.62752,45.98110,2855
7.62794,45.98110,2861
7.62837,45.98110,2867
7.62880,45.98110,2875
7.62923,45.98110,2885
7.62966,45.98110,2892
7.63009,45.98110,2899
7.63052,45.98110,2905
7.63095,45.98110,2911
7.63138,45.98110,2918
7.63181,45.98110,2924
7.63224,45.98110,2929
7.63267,45.98110,2933
7.63309,45.98110,2937
7.63352,45.98110,2940
7.63395,45.98110,2944
7.63438,45.98110,2948
7.63481,45.98110,2950
7.63524,45.98110,2953
7.63567,45.98110,2956
7.63610,45.98110,2957
7.63653,45.98110,2958
7.63696,45.98110,2961
7.63739,45.98110,2964
7.63782,45.98110,2965
7.63824,45.98110,2966
7.63867,45.98110,2969
7.63910,45.98110,2971
7.63953,45.98110,2976
7.63996,45.98110,2981
7.64039,45.98110,2990
7.64082,45.98110,3001
7.64125,45.98110,3014
7.64168,45.98110,3029
7.64211,45.98110,3047
7.64254,45.98110,3067
7.64297,45.98110,3089
7.64339,45.98110,3109
7.64382,45.98110,3128
7.64425,45.98110,3149
7.64468,45.98110,3179
7.64511,45.98110,3236
7.64554,45.98110,3274
7.64597,45.98110,3316
7.64640,45.98110,3348
7.62451,45.98080,2835
7.62494,45.98080,2835
7.62537,45.98080,2836
7.62580,45.98080,2837
7.62623,45.98080,2840
7.62666,45.98080,2844
7.62709,45.98080,2852
7.62752,45.98080,2859
7.62794,45.98080,2865
7.62837,45.98080,2872
7.62880,45.98080,2879
7.62923,45.98080,2888
7.62966,45.98080,2896
7.63009,45.98080,2904
7.63052,45.98080,2911
7.63095,45.98080,2917
7.63138,45.98080,2923
7.63181,45.98080,2928
7.63224,45.98080,2931
7.63267,45.98080,2935
7.63309,45.98080,2939
7.63352,45.98080,2943
7.63395,45.98080,2947
7.63438,45.98080,2951
7.63481,45.98080,2954
7.63524,45.98080,2957
7.63567,45.98080,2959
7.63610,45.98080,2960
7.63653,45.98080,2961
7.63696,45.98080,2964
7.63739,45.98080,2966
7.63782,45.98080,2968
7.63824,45.98080,2968
7.63867,45.98080,2969
7.63910,45.98080,2973
7.63953,45.98080,2978
7.63996,45.98080,2983
7.64039,45.98080,2992
7.64082,45.98080,3002
7.64125,45.98080,3013
7.64168,45.98080,3025
7.64211,45.98080,3041
7.64254,45.98080,3060
7.64297,45.98080,3079
7.64339,45.98080,3098
7.64382,45.98080,3116
7.64425,45.98080,3135
7.64468,45.98080,3163
7.64511,45.98080,3211
7.64554,45.98080,3274
7.64597,45.98080,3309
7.64640,45.98080,3343
7.62451,45.98050,2839
7.62494,45.98050,2839
7.62537,45.98050,2841
7.62580,45.98050,2842
7.62623,45.98050,2844
7.62666,45.98050,2848
7.62709,45.98050,2855
7.62752,45.98050,2863
7.62794,45.98050,2869
7.62837,45.98050,2876
7.62880,45.98050,2884
7.62923,45.98050,2892
7.62966,45.98050,2901
7.63009,45.98050,2908
7.63052,45.98050,2915
7.63095,45.98050,2921
7.63138,45.98050,2925
7.63181,45.98050,2929
7.63224,45.98050,2933
7.63267,45.98050,2937
7.63309,45.98050,2942
7.63352,45.98050,2946
7.63395,45.98050,2950
7.63438,45.98050,2954
7.63481,45.98050,2958
7.63524,45.98050,2961
7.63567,45.98050,2963
7.63610,45.98050,2963
7.63653,45.98050,2965
7.63696,45.98050,2967
7.63739,45.98050,2969
7.63782,45.98050,2971
7.63824,45.98050,2970
7.63867,45.98050,2971
7.63910,45.98050,2975
7.63953,45.98050,2980
7.63996,45.98050,2985
7.64039,45.98050,2992
7.64082,45.98050,3000
7.64125,45.98050,3008
7.64168,45.98050,3021
7.64211,45.98050,3036
7.64254,45.98050,3051
7.64297,45.98050,3068
7.64339,45.98050,3084
7.64382,45.98050,3103
7.64425,45.98050,3123
7.64468,45.98050,3150
7.64511,45.98050,3201
7.64554,45.98050,3256
7.64597,45.98050,3303
7.64640,45.98050,3338
7.62451,45.98020,2843
7.62494,45.98020,2844
7.62537,45.98020,2844
7.62580,45.98020,2846
7.62623,45.98020,2848
7.62666,45.98020,2852
7.62709,45.98020,2859
7.62752,45.98020,2866
7.62794,45.98020,2873
7.62837,45.98020,2881
7.62880,45.98020,2889
7.62923,45.98020,2897
7.62966,45.98020,2904
7.63009,45.98020,2910
7.63052,45.98020,2916
7.63095,45.98020,2921
7.63138,45.98020,2926
7.63181,45.98020,2930
7.63224,45.98020,2935
7.63267,45.98020,2940
7.63309,45.98020,2944
7.63352,45.98020,2949
7.63395,45.98020,2952
7.63438,45.98020,2956
7.63481,45.98020,2960
7.63524,45.98020,2964
7.63567,45.98020,2966
7.63610,45.98020,2967
7.63653,45.98020,2968
7.63696,45.98020,2970
7.63739,45.98020,2973
7.63782,45.98020,2975
7.63824,45.98020,2974
7.63867,45.98020,2975
7.63910,45.98020,2978
7.63953,45.98020,2982
7.63996,45.98020,2985
7.64039,45.98020,2991
7.64082,45.98020,2995
7.64125,45.98020,3002
7.64168,45.98020,3014
7.64211,45.98020,3028
7.64254,45.98020,3042
7.64297,45.98020,3056
7.64339,45.98020,3072
7.64382,45.98020,3089
7.64425,45.98020,3110
7.64468,45.98020,3144
7.64511,45.98020,3191
7.64554,45.98020,3240
7.64597,45.98020,3293
7.64640,45.98020,3329
7.62451,45.97991,2848
7.62494,45.97991,2848
7.62537,45.97991,2849
7.62580,45.97991,2851
7.62623,45.97991,2854
7.62666,45.97991,2857
7.62709,45.97991,2863
7.62752,45.97991,2870
7.62794,45.97991,2877
7.62837,45.97991,2886
7.62880,45.97991,2893
7.62923,45.97991,2899
7.62966,45.97991,2906
7.63009,45.97991,2912
7.63052,45.97991,2917
7.63095,45.97991,2922
7.63138,45.97991,2927
7.63181,45.97991,2933
7.63224,45.97991,2938
7.63267,45.97991,2943
7.63309,45.97991,2947
7.63352,45.97991,2951
7.63395,45.97991,2954
7.63438,45.97991,2959
7.63481,45.97991,2963
7.63524,45.97991,2967
7.63567,45.97991,2970
7.63610,45.97991,2972
7.63653,45.97991,2972
7.63696,45.97991,2974
7.63739,45.97991,2976
7.63782,45.97991,2977
7.63824,45.97991,2978
7.63867,45.97991,2979
7.63910,45.97991,2980
7.63953,45.97991,2982
7.63996,45.97991,2985
7.64039,45.97991,2988
7.64082,45.97991,2991
7.64125,45.97991,2997
7.64168,45.97991,3008
7.64211,45.97991,3020
7.64254,45.97991,3033
7.64297,45.97991,3046
7.64339,45.97991,3062
7.64382,45.97991,3080
7.64425,45.97991,3100
7.64468,45.97991,3134
7.64511,45.97991,3176
7.64554,45.97991,3219
7.64597,45.97991,3274
7.64640,45.97991,3316
7.62451,45.97961,2854
7.62494,45.97961,2856
7.62537,45.97961,2856
7.62580,45.97961,2857
7.62623,45.97961,2859
7.62666,45.97961,2863
7.62709,45.97961,2868
7.62752,45.97961,2875
7.62794,45.97961,2881
7.62837,45.97961,2888
7.62880,45.97961,2896
7.62923,45.97961,2903
7.62966,45.97961,2909
7.63009,45.97961,2914
7.63052,45.97961,2919
7.63095,45.97961,2925
7.63138,45.97961,2930
7.63181,45.97961,2936
7.63224,45.97961,2942
7.63267,45.97961,2946
7.63309,45.97961,2949
7.63352,45.97961,2952
7.63395,45.97961,2956
7.63438,45.97961,2960
7.63481,45.97961,2964
7.63524,45.97961,2969
7.63567,45.97961,2974
7.63610,45.97961,2974
7.63653,45.97961,2974
7.63696,45.97961,2976
7.63739,45.97961,2977
7.63782,45.97961,2978
7.63824,45.97961,2979
7.63867,45.97961,2980
7.63910,45.97961,2981
7.63953,45.97961,2982
7.63996,45.97961,2984
7.64039,45.97961,2986
7.64082,45.97961,2988
7.64125,45.97961,2995
7.64168,45.97961,3005
7.64211,45.97961,3016
7.64254,45.97961,3028
7.64297,45.97961,3041
7.64339,45.97961,3057
7.64382,45.97961,3075
7.64425,45.97961,3096
7.64468,45.97961,3126
7.64511,45.97961,3169
7.64554,45.97961,3215
7.64597,45.97961,3253
7.64640,45.97961,3306
7.62451,45.97931,2862
7.62494,45.97931,2864
7.62537,45.97931,2864
7.62580,45.97931,2864
7.62623,45.97931,2866
7.62666,45.97931,2869
7.62709,45.97931,2873
7.62752,45.97931,2879
7.62794,45.97931,2885
7.62837,45.97931,2891
7.62880,45.97931,2899
7.62923,45.97931,2906
7.62966,45.97931,2913
7.63009,45.97931,2919
7.63052,45.97931,2925
7.63095,45.97931,2930
7.63138,45.97931,2936
7.63181,45.97931,2941
7.63224,45.97931,2946
7.63267,45.97931,2950
7.63309,45.97931,2952
7.63352,45.97931,2954
7.63395,45.97931,2957
7.63438,45.97931,2962
7.63481,45.97931,2966
7.63524,45.97931,2971
7.63567,45.97931,2975
7.63610,45.97931,2976
7.63653,45.97931,2974
7.63696,45.97931,2975
7.63739,45.97931,2976
7.63782,45.97931,2977
7.63824,45.97931,2978
7.63867,45.97931,2980
7.63910,45.97931,2981
7.63953,45.97931,2982
7.63996,45.97931,2982
7.64039,45.97931,2984
7.64082,45.97931,2988
7.64125,45.97931,2993
7.64168,45.97931,3003
7.64211,45.97931,3014
7.64254,45.97931,3027
7.64297,45.97931,3041
7.64339,45.97931,3055
7.64382,45.97931,3073
7.64425,45.97931,3095
7.64468,45.97931,3122
7.64511,45.97931,3163
7.64554,45.97931,3206
7.64597,45.97931,3263
7.64640,45.97931,3299
7.62451,45.97901,2869
7.62494,45.97901,2871
7.62537,45.97901,2871
7.62580,45.97901,2872
7.62623,45.97901,2873
7.62666,45.97901,2875
7.62709,45.97901,2878
7.62752,45.97901,2883
7.62794,45.97901,2889
7.62837,45.97901,2895
7.62880,45.97901,2903
7.62923,45.97901,2910
7.62966,45.97901,2917
7.63009,45.97901,2925
7.63052,45.97901,2931
7.63095,45.97901,2937
7.63138,45.97901,2943
7.63181,45.97901,2947
7.63224,45.97901,2951
7.63267,45.97901,2954
7.63309,45.97901,2955
7.63352,45.97901,2957
7.63395,45.97901,2960
7.63438,45.97901,2964
7.63481,45.97901,2968
7.63524,45.97901,2973
7.63567,45.97901,2976
7.63610,45.97901,2976
7.63653,45.97901,2974
7.63696,45.97901,2975
7.63739,45.97901,2976
7.63782,45.97901,2977
7.63824,45.97901,2978
7.63867,45.97901,2980
7.63910,45.97901,2981
7.63953,45.97901,2983
7.63996,45.97901,2983
7.64039,45.97901,2984
7.64082,45.97901,2987
7.64125,45.97901,2992
7.64168,45.97901,3002
7.64211,45.97901,3014
7.64254,45.97901,3027
7.64297,45.97901,3041
7.64339,45.97901,3055
7.64382,45.97901,3073
7.64425,45.97901,3097
7.64468,45.97901,3125
7.64511,45.97901,3157
7.64554,45.97901,3202
7.64597,45.97901,3256
7.64640,45.97901,3291
7.62451,45.97871,2875
7.62494,45.97871,2877
7.62537,45.97871,2878
7.62580,45.97871,2878
7.62623,45.97871,2879
7.62666,45.97871,2881
7.62709,45.97871,2884
7.62752,45.97871,2888
7.62794,45.97871,2894
7.62837,45.97871,2901
7.62880,45.97871,2908
7.62923,45.97871,2916
7.62966,45.97871,2924
7.63009,45.97871,2932
7.63052,45.97871,2940
7.63095,45.97871,2947
7.63138,45.97871,2952
7.63181,45.97871,2956
7.63224,45.97871,2959
7.63267,45.97871,2960
7.63309,45.97871,2961
7.63352,45.97871,2962
7.63395,45.97871,2964
7.63438,45.97871,2967
7.63481,45.97871,2970
7.63524,45.97871,2973
7.63567,45.97871,2976
7.63610,45.97871,2976
7.63653,45.97871,2976
7.63696,45.97871,2975
7.63739,45.97871,2976
7.63782,45.97871,2978
7.63824,45.97871,2979
7.63867,45.97871,2980
7.63910,45.97871,2982
7.63953,45.97871,2983
7.63996,45.97871,2983
7.64039,45.97871,2984
7.64082,45.97871,2986
7.64125,45.97871,2991
7.64168,45.97871,3001
7.64211,45.97871,3012
7.64254,45.97871,3027
7.64297,45.97871,3037
7.64339,45.97871,3046
7.64382,45.97871,3071
7.64425,45.97871,3098
7.64468,45.97871,3128
7.64511,45.97871,3163
7.64554,45.97871,3205
7.64597,45.97871,3250
7.64640,45.97871,3292
7.62451,45.97841,2881
7.62494,45.97841,2883
7.62537,45.97841,2884
7.62580,45.97841,2884
7.62623,45.97841,2885
7.62666,45.97841,2886
7.62709,45.97841,2889
7.62752,45.97841,2894
7.62794,45.97841,2900
7.62837,45.97841,2907
7.62880,45.97841,2915
7.62923,45.97841,2923
7.62966,45.97841,2932
7.63009,45.97841,2941
7.63052,45.97841,2950
7.63095,45.97841,2957
7.63138,45.97841,2962
7.63181,45.97841,2965
7.63224,45.97841,2967
7.63267,45.97841,2968
7.63309,45.97841,2967
7.63352,45.97841,2967
7.63395,45.97841,2968
7.63438,45.97841,2970
7.63481,45.97841,2972
7.63524,45.97841,2973
7.63567,45.97841,2975
7.63610,45.97841,2976
7.63653,45.97841,2977
7.63696,45.97841,2976
7.63739,45.97841,2977
7.63782,45.97841,2979
7.63824,45.97841,2980
7.63867,45.97841,2981
7.63910,45.97841,2982
7.63953,45.97841,2983
7.63996,45.97841,2984
7.64039,45.97841,2984
7.64082,45.97841,2983
7.64125,45.97841,2986
7.64168,45.97841,2996
7.64211,45.97841,3010
7.64254,45.97841,3026
7.64297,45.97841,3033
7.64339,45.97841,3036
7.64382,45.97841,3067
7.64425,45.97841,3098
7.64468,45.97841,3131
7.64511,45.97841,3166
7.64554,45.97841,3205
7.64597,45.97841,3248
7.64640,45.97841,3289
7.62451,45.97812,2888
7.62494,45.97812,2890
7.62537,45.97812,2891
7.62580,45.97812,2891
7.62623,45.97812,2892
7.62666,45.97812,2893
7.62709,45.97812,2896
7.62752,45.97812,2901
7.62794,45.97812,2907
7.62837,45.97812,2915
7.62880,45.97812,2924
7.62923,45.97812,2932
7.62966,45.97812,2942
7.63009,45.97812,2952
7.63052,45.97812,2961
7.63095,45.97812,2967
7.63138,45.97812,2971
7.63181,45.97812,2974
7.63224,45.97812,2975
7.63267,45.97812,2975
7.63309,45.97812,2972
7.63352,45.97812,2971
7.63395,45.97812,2972
7.63438,45.97812,2973
7.63481,45.97812,2974
7.63524,45.97812,2975
7.63567,45.97812,2976
7.63610,45.97812,2977
7.63653,45.97812,2978
7.63696,45.97812,2978
7.63739,45.97812,2979
7.63782,45.97812,2980
7.63824,45.97812,2981
7.63867,45.97812,2981
7.63910,45.97812,2983
7.63953,45.97812,2984
7.63996,45.97812,2984
7.64039,45.97812,2983
7.64082,45.97812,2982
7.64125,45.97812,2985
7.64168,45.97812,2993
7.64211,45.97812,3008
7.64254,45.97812,3026
7.64297,45.97812,3031
7.64339,45.97812,3033
7.64382,45.97812,3065
7.64425,45.97812,3101
7.64468,45.97812,3135
7.64511,45.97812,3169
7.64554,45.97812,3208
7.64597,45.97812,3248
7.64640,45.97812,3289
7.62451,45.97782,2898
7.62494,45.97782,2900
7.62537,45.97782,2900
7.62580,45.97782,2900
7.62623,45.97782,2901
7.62666,45.97782,2903
7.62709,45.97782,2906
7.62752,45.97782,2912
7.62794,45.97782,2919
7.62837,45.97782,2927
7.62880,45.97782,2936
7.62923,45.97782,2945
7.62966,45.97782,2955
7.63009,45.97782,2965
7.63052,45.97782,2972
7.63095,45.97782,2978
7.63138,45.97782,2981
7.63181,45.97782,2983
7.63224,45.97782,2983
7.63267,45.97782,2981
7.63309,45.97782,2977
7.63352,45.97782,2975
7.63395,45.97782,2975
7.63438,45.97782,2975
7.63481,45.97782,2976
7.63524,45.97782,2977
7.63567,45.97782,2978
7.63610,45.97782,2978
7.63653,45.97782,2979
7.63696,45.97782,2979
7.63739,45.97782,2980
7.63782,45.97782,2980
7.63824,45.97782,2981
7.63867,45.97782,2982
7.63910,45.97782,2983
7.63953,45.97782,2984
7.63996,45.97782,2984
7.64039,45.97782,2983
7.64082,45.97782,2981
7.64125,45.97782,2985
7.64168,45.97782,2992
7.64211,45.97782,3006
7.64254,45.97782,3023
7.64297,45.97782,3029
7.64339,45.97782,3040
7.64382,45.97782,3069
7.64425,45.97782,3107
7.64468,45.97782,3143
7.64511,45.97782,3178
7.64554,45.97782,3215
7.64597,45.97782,3254
7.64640,45.97782,3292
7.62451,45.97752,2913
7.62494,45.97752,2913
7.62537,45.97752,2913
7.62580,45.97752,2913
7.62623,45.97752,2915
7.62666,45.97752,2917
7.62709,45.97752,2922
7.62752,45.97752,2929
7.62794,45.97752,2937
7.62837,45.97752,2945
7.62880,45.97752,2954
7.62923,45.97752,2963
7.62966,45.97752,2972
7.63009,45.97752,2980
7.63052,45.97752,2987
7.63095,45.97752,2991
7.63138,45.97752,2993
7.63181,45.97752,2993
7.63224,45.97752,2991
7.63267,45.97752,2987
7.63309,45.97752,2983
7.63352,45.97752,2980
7.63395,45.97752,2978
7.63438,45.97752,2977
7.63481,45.97752,2978
7.63524,45.97752,2978
7.63567,45.97752,2979
7.63610,45.97752,2979
7.63653,45.97752,2979
7.63696,45.97752,2979
7.63739,45.97752,2980
7.63782,45.97752,2980
7.63824,45.97752,2980
7.63867,45.97752,2981
7.63910,45.97752,2984
7.63953,45.97752,2985
7.63996,45.97752,2984
7.64039,45.97752,2982
7.64082,45.97752,2982
7.64125,45.97752,2986
7.64168,45.97752,2995
7.64211,45.97752,3008
7.64254,45.97752,3019
7.64297,45.97752,3027
7.64339,45.97752,3045
7.64382,45.97752,3071
7.64425,45.97752,3114
7.64468,45.97752,3148
7.64511,45.97752,3183
7.64554,45.97752,3220
7.64597,45.97752,3258
7.64640,45.97752,3293
7.62451,45.97722,2932
7.62494,45.97722,2930
7.62537,45.97722,2930
7.62580,45.97722,2929
7.62623,45.97722,2932
7.62666,45.97722,2938
7.62709,45.97722,2944
7.62752,45.97722,2952
7.62794,45.97722,2960
7.62837,45.97722,2969
7.62880,45.97722,2977
7.62923,45.97722,2985
7.62966,45.97722,2994
7.63009,45.97722,3001
7.63052,45.97722,3004
7.63095,45.97722,3006
7.63138,45.97722,3005
7.63181,45.97722,3003
7.63224,45.97722,2999
7.63267,45.97722,2995
7.63309,45.97722,2990
7.63352,45.97722,2986
7.63395,45.97722,2982
7.63438,45.97722,2980
7.63481,45.97722,2979
7.63524,45.97722,2980
7.63567,45.97722,2981
7.63610,45.97722,2981
7.63653,45.97722,2980
7.63696,45.97722,2979
7.63739,45.97722,2980
7.63782,45.97722,2980
7.63824,45.97722,2980
7.63867,45.97722,2982
7.63910,45.97722,2984
7.63953,45.97722,2985
7.63996,45.97722,2983
7.64039,45.97722,2982
7.64082,45.97722,2983
7.64125,45.97722,2988
7.64168,45.97722,2997
7.64211,45.97722,3011
7.64254,45.97722,3019
7.64297,45.97722,3028
7.64339,45.97722,3043
7.64382,45.97722,3075
7.64425,45.97722,3123
7.64468,45.97722,3159
7.64511,45.97722,3195
7.64554,45.97722,3232
7.64597,45.97722,3269
7.64640,45.97722,3304
7.62451,45.97692,2956
7.62494,45.97692,2952
7.62537,45.97692,2950
7.62580,45.97692,2951
7.62623,45.97692,2954
7.62666,45.97692,2963
7.62709,45.97692,2974
7.62752,45.97692,2982
7.62794,45.97692,2990
7.62837,45.97692,2998
7.62880,45.97692,3004
7.62923,45.97692,3011
7.62966,45.97692,3015
7.63009,45.97692,3017
7.63052,45.97692,3024
7.63095,45.97692,3021
7.63138,45.97692,3018
7.63181,45.97692,3013
7.63224,45.97692,3008
7.63267,45.97692,3004
7.63309,45.97692,2998
7.63352,45.97692,2993
7.63395,45.97692,2988
7.63438,45.97692,2985
7.63481,45.97692,2982
7.63524,45.97692,2982
7.63567,45.97692,2983
7.63610,45.97692,2982
7.63653,45.97692,2980
7.63696,45.97692,2979
7.63739,45.97692,2980
7.63782,45.97692,2980
7.63824,45.97692,2980
7.63867,45.97692,2981
7.63910,45.97692,2983
7.63953,45.97692,2983
7.63996,45.97692,2981
7.64039,45.97692,2980
7.64082,45.97692,2983
7.64125,45.97692,2989
7.64168,45.97692,2996
7.64211,45.97692,3009
7.64254,45.97692,3018
7.64297,45.97692,3027
7.64339,45.97692,3031
7.64382,45.97692,3082
7.64425,45.97692,3133
7.64468,45.97692,3174
7.64511,45.97692,3211
7.64554,45.97692,3249
7.64597,45.97692,3287
7.64640,45.97692,3323
7.62451,45.97663,2983
7.62494,45.97663,2978
7.62537,45.97663,2975
7.62580,45.97663,2977
7.62623,45.97663,2983
7.62666,45.97663,2993
7.62709,45.97663,3005
7.62752,45.97663,3014
7.62794,45.97663,3022
7.62837,45.97663,3030
7.62880,45.97663,3036
7.62923,45.97663,3042
7.62966,45.97663,3046
7.63009,45.97663,3042
7.63052,45.97663,3043
7.63095,45.97663,3037
7.63138,45.97663,3030
7.63181,45.97663,3023
7.63224,45.97663,3018
7.63267,45.97663,3013
7.63309,45.97663,3007
7.63352,45.97663,3001
7.63395,45.97663,2995
7.63438,45.97663,2990
7.63481,45.97663,2986
7.63524,45.97663,2984
7.63567,45.97663,2984
7.63610,45.97663,2983
7.63653,45.97663,2980
7.63696,45.97663,2978
7.63739,45.97663,2979
7.63782,45.97663,2980
7.63824,45.97663,2979
7.63867,45.97663,2979
7.63910,45.97663,2980
7.63953,45.97663,2979
7.63996,45.97663,2977
7.64039,45.97663,2978
7.64082,45.97663,2984
7.64125,45.97663,2989
7.64168,45.97663,2993
7.64211,45.97663,3006
7.64254,45.97663,3016
7.64297,45.97663,3023
7.64339,45.97663,3026
7.64382,45.97663,3086
7.64425,45.97663,3146
7.64468,45.97663,3187
7.64511,45.97663,3225
7.64554,45.97663,3264
7.64597,45.97663,3303
7.64640,45.97663,3343
7.62451,45.97633,3015
7.62494,45.97633,3007
7.62537,45.97633,3002
7.62580,45.97633,3003
7.62623,45.97633,3012
7.62666,45.97633,3025
7.62709,45.97633,3039
7.62752,45.97633,3048
7.62794,45.97633,3056
7.62837,45.97633,3064
7.62880,45.97633,3072
7.62923,45.97633,3076
7.62966,45.97633,3074
7.63009,45.97633,3076
7.63052,45.97633,3063
7.63095,45.97633,3054
7.63138,45.97633,3043
7.63181,45.97633,3034
7.63224,45.97633,3028
7.63267,45.97633,3022
7.63309,45.97633,3016
7.63352,45.97633,3009
7.63395,45.97633,3002
7.63438,45.97633,2995
7.63481,45.97633,2990
7.63524,45.97633,2986
7.63567,45.97633,2983
7.63610,45.97633,2983
7.63653,45.97633,2981
7.63696,45.97633,2979
7.63739,45.97633,2977
7.63782,45.97633,2978
7.63824,45.97633,2977
7.63867,45.97633,2976
7.63910,45.97633,2974
7.63953,45.97633,2972
7.63996,45.97633,2970
7.64039,45.97633,2974
7.64082,45.97633,2981
7.64125,45.97633,2988
7.64168,45.97633,2992
7.64211,45.97633,3005
7.64254,45.97633,3010
7.64297,45.97633,3015
7.64339,45.97633,3023
7.64382,45.97633,3094
7.64425,45.97633,3162
7.64468,45.97633,3208
7.64511,45.97633,3248
7.64554,45.97633,3287
7.64597,45.97633,3329
7.64640,45.97633,3371
7.62451,45.97603,3046
7.62494,45.97603,3034
7.62537,45.97603,3028
7.62580,45.97603,3030
7.62623,45.97603,3040
7.62666,45.97603,3059
7.62709,45.97603,3075
7.62752,45.97603,3084
7.62794,45.97603,3091
7.62837,45.97603,3100
7.62880,45.97603,3107
7.62923,45.97603,3109
7.62966,45.97603,3104
7.63009,45.97603,3096
7.63052,45.97603,3085
7.63095,45.97603,3073
7.63138,45.97603,3058
7.63181,45.97603,3047
7.63224,45.97603,3038
7.63267,45.97603,3031
7.63309,45.97603,3023
7.63352,45.97603,3015
7.63395,45.97603,3008
7.63438,45.97603,3001
7.63481,45.97603,2994
7.63524,45.97603,2989
7.63567,45.97603,2986
7.63610,45.97603,2985
7.63653,45.97603,2984
7.63696,45.97603,2981
7.63739,45.97603,2977
7.63782,45.97603,2974
7.63824,45.97603,2972
7.63867,45.97603,2970
7.63910,45.97603,2977
7.63953,45.97603,2980
7.63996,45.97603,2983
7.64039,45.97603,2989
7.64082,45.97603,2997
7.64125,45.97603,2984
7.64168,45.97603,2989
7.64211,45.97603,2999
7.64254,45.97603,3007
7.64297,45.97603,3020
7.64339,45.97603,3023
7.64382,45.97603,3104
7.64425,45.97603,3180
7.64468,45.97603,3231
7.64511,45.97603,3272
7.64554,45.97603,3315
7.64597,45.97603,3355
7.64640,45.97603,3399
7.62451,45.97573,3074
7.62494,45.97573,3060
7.62537,45.97573,3056
7.62580,45.97573,3060
7.62623,45.97573,3071
7.62666,45.97573,3087
7.62709,45.97573,3093
7.62752,45.97573,3110
7.62794,45.97573,3124
7.62837,45.97573,3133
7.62880,45.97573,3138
7.62923,45.97573,3138
7.62966,45.97573,3133
7.63009,45.97573,3122
7.63052,45.97573,3107
7.63095,45.97573,3092
7.63138,45.97573,3076
7.63181,45.97573,3062
7.63224,45.97573,3050
7.63267,45.97573,3039
7.63309,45.97573,3030
7.63352,45.97573,3021
7.63395,45.97573,3014
7.63438,45.97573,3007
7.63481,45.97573,3001
7.63524,45.97573,2996
7.63567,45.97573,2991
7.63610,45.97573,2988
7.63653,45.97573,2987
7.63696,45.97573,2985
7.63739,45.97573,2980
7.63782,45.97573,2975
7.63824,45.97573,2971
7.63867,45.97573,2968
7.63910,45.97573,2981
7.63953,45.97573,2990
7.63996,45.97573,2995
7.64039,45.97573,3002
7.64082,45.97573,3007
7.64125,45.97573,2994
7.64168,45.97573,2987
7.64211,45.97573,2998
7.64254,45.97573,3014
7.64297,45.97573,3032
7.64339,45.97573,3020
7.64382,45.97573,3111
7.64425,45.97573,3202
7.64468,45.97573,3252
7.64511,45.97573,3298
7.64554,45.97573,3343
7.64597,45.97573,3380
7.64640,45.97573,3425
7.62451,45.97543,3104
7.62494,45.97543,3092
7.62537,45.97543,3089
7.62580,45.97543,3095
7.62623,45.97543,3105
7.62666,45.97543,3122
7.62709,45.97543,3137
7.62752,45.97543,3149
7.62794,45.97543,3155
7.62837,45.97543,3163
7.62880,45.97543,3166
7.62923,45.97543,3164
7.62966,45.97543,3158
7.63009,45.97543,3147
7.63052,45.97543,3132
7.63095,45.97543,3115
7.63138,45.97543,3095
7.63181,45.97543,3078
7.63224,45.97543,3063
7.63267,45.97543,3050
7.63309,45.97543,3039
7.63352,45.97543,3029
7.63395,45.97543,3022
7.63438,45.97543,3016
7.63481,45.97543,3010
7.63524,45.97543,3005
7.63567,45.97543,2999
7.63610,45.97543,2996
7.63653,45.97543,2993
7.63696,45.97543,2990
7.63739,45.97543,2986
7.63782,45.97543,2981
7.63824,45.97543,2976
7.63867,45.97543,2972
7.63910,45.97543,2984
7.63953,45.97543,2992
7.63996,45.97543,2997
7.64039,45.97543,3000
7.64082,45.97543,3005
7.64125,45.97543,2998
7.64168,45.97543,2993
7.64211,45.97543,3006
7.64254,45.97543,3016
7.64297,45.97543,3051
7.64339,45.97543,3084
7.64382,45.97543,3161
7.64425,45.97543,3234
7.64468,45.97543,3282
7.64511,45.97543,3329
7.64554,45.97543,3373
7.64597,45.97543,3412
7.64640,45.97543,3456
7.62451,45.97513,3134
7.62494,45.97513,3128
7.62537,45.97513,3127
7.62580,45.97513,3132
7.62623,45.97513,3139
7.62666,45.97513,3151
7.62709,45.97513,3163
7.62752,45.97513,3174
7.62794,45.97513,3183
7.62837,45.97513,3188
7.62880,45.97513,3189
7.62923,45.97513,3186
7.62966,45.97513,3180
7.63009,45.97513,3170
7.63052,45.97513,3155
7.63095,45.97513,3136
7.63138,45.97513,3114
7.63181,45.97513,3094
7.63224,45.97513,3076
7.63267,45.97513,3063
7.63309,45.97513,3052
7.63352,45.97513,3041
7.63395,45.97513,3033
7.63438,45.97513,3027
7.63481,45.97513,3021
7.63524,45.97513,3016
7.63567,45.97513,3010
7.63610,45.97513,3005
7.63653,45.97513,3002
7.63696,45.97513,2997
7.63739,45.97513,2994
7.63782,45.97513,2990
7.63824,45.97513,2985
7.63867,45.97513,2981
7.63910,45.97513,2986
7.63953,45.97513,2991
7.63996,45.97513,2992
7.64039,45.97513,2994
7.64082,45.97513,3000
7.64125,45.97513,3000
7.64168,45.97513,3001
7.64211,45.97513,3011
7.64254,45.97513,3013
7.64297,45.97513,3078
7.64339,45.97513,3146
7.64382,45.97513,3210
7.64425,45.97513,3269
7.64468,45.97513,3315
7.64511,45.97513,3360
7.64554,45.97513,3403
7.64597,45.97513,3444
7.64640,45.97513,3490
7.62451,45.97484,3166
7.62494,45.97484,3160
7.62537,45.97484,3161
7.62580,45.97484,3166
7.62623,45.97484,3173
7.62666,45.97484,3179
7.62709,45.97484,3190
7.62752,45.97484,3203
7.62794,45.97484,3210
7.62837,45.97484,3213
7.62880,45.97484,3212
7.62923,45.97484,3207
7.62966,45.97484,3199
7.63009,45.97484,3188
7.63052,45.97484,3173
7.63095,45.97484,3152
7.63138,45.97484,3129
7.63181,45.97484,3108
7.63224,45.97484,3089
7.63267,45.97484,3076
7.63309,45.97484,3065
7.63352,45.97484,3055
7.63395,45.97484,3046
7.63438,45.97484,3039
7.63481,45.97484,3032
7.63524,45.97484,3026
7.63567,45.97484,3021
7.63610,45.97484,3014
7.63653,45.97484,3010
7.63696,45.97484,3006
7.63739,45.97484,3003
7.63782,45.97484,3000
7.63824,45.97484,2998
7.63867,45.97484,2995
7.63910,45.97484,2996
7.63953,45.97484,2999
7.63996,45.97484,3002
7.64039,45.97484,3003
7.64082,45.97484,3004
7.64125,45.97484,3008
7.64168,45.97484,3012
7.64211,45.97484,3017
7.64254,45.97484,3016
7.64297,45.97484,3106
7.64339,45.97484,3195
7.64382,45.97484,3257
7.64425,45.97484,3306
7.64468,45.97484,3349
7.64511,45.97484,3392
7.64554,45.97484,3434
7.64597,45.97484,3479
7.64640,45.97484,3525
7.62451,45.97454,3192
7.62494,45.97454,3189
7.62537,45.97454,3194
7.62580,45.97454,3200
7.62623,45.97454,3206
7.62666,45.97454,3211
7.62709,45.97454,3223
7.62752,45.97454,3234
7.62794,45.97454,3239
7.62837,45.97454,3240
7.62880,45.97454,3236
7.62923,45.97454,3228
7.62966,45.97454,3217
7.63009,45.97454,3202
7.63052,45.97454,3186
7.63095,45.97454,3166
7.63138,45.97454,3145
7.63181,45.97454,3126
7.63224,45.97454,3108
7.63267,45.97454,3092
7.63309,45.97454,3078
7.63352,45.97454,3067
7.63395,45.97454,3058
7.63438,45.97454,3050
7.63481,45.97454,3043
7.63524,45.97454,3036
7.63567,45.97454,3030
7.63610,45.97454,3024
7.63653,45.97454,3020
7.63696,45.97454,3017
7.63739,45.97454,3014
7.63782,45.97454,3014
7.63824,45.97454,3011
7.63867,45.97454,3011
7.63910,45.97454,3009
7.63953,45.97454,3012
7.63996,45.97454,3013
7.64039,45.97454,3014
7.64082,45.97454,3017
7.64125,45.97454,3020
7.64168,45.97454,3024
7.64211,45.97454,3027
7.64254,45.97454,3023
7.64297,45.97454,3129
7.64339,45.97454,3235
7.64382,45.97454,3298
7.64425,45.97454,3344
7.64468,45.97454,3385
7.64511,45.97454,3428
7.64554,45.97454,3469
7.64597,45.97454,3516
7.64640,45.97454,3559
7.62451,45.97424,3216
7.62494,45.97424,3219
7.62537,45.97424,3226
7.62580,45.97424,3233
7.62623,45.97424,3242
7.62666,45.97424,3247
7.62709,45.97424,3257
7.62752,45.97424,3265
7.62794,45.97424,3268
7.62837,45.97424,3266
7.62880,45.97424,3260
7.62923,45.97424,3251
7.62966,45.97424,3236
7.63009,45.97424,3219
7.63052,45.97424,3202
7.63095,45.97424,3182
7.63138,45.97424,3165
7.63181,45.97424,3147
7.63224,45.97424,3124
7.63267,45.97424,3103
7.63309,45.97424,3088
7.63352,45.97424,3078
7.63395,45.97424,3069
7.63438,45.97424,3062
7.63481,45.97424,3054
7.63524,45.97424,3045
7.63567,45.97424,3045
7.63610,45.97424,3041
7.63653,45.97424,3038
7.63696,45.97424,3033
7.63739,45.97424,3027
7.63782,45.97424,3027
7.63824,45.97424,3016
7.63867,45.97424,3010
7.63910,45.97424,3018
7.63953,45.97424,3025
7.63996,45.97424,3023
7.64039,45.97424,3023
7.64082,45.97424,3028
7.64125,45.97424,3032
7.64168,45.97424,3035
7.64211,45.97424,3033
7.64254,45.97424,3021
7.64297,45.97424,3146
7.64339,45.97424,3271
7.64382,45.97424,3338
7.64425,45.97424,3383
7.64468,45.97424,3422
7.64511,45.97424,3466
7.64554,45.97424,3507
7.64597,45.97424,3554
7.64640,45.97424,3594
7.62451,45.97394,3258
7.62494,45.97394,3254
7.62537,45.97394,3261
7.62580,45.97394,3268
7.62623,45.97394,3280
7.62666,45.97394,3286
7.62709,45.97394,3290
7.62752,45.97394,3292
7.62794,45.97394,3294
7.62837,45.97394,3292
7.62880,45.97394,3285
7.62923,45.97394,3276
7.62966,45.97394,3261
7.63009,45.97394,3243
7.63052,45.97394,3222
7.63095,45.97394,3200
7.63138,45.97394,3186
7.63181,45.97394,3164
7.63224,45.97394,3127
7.63267,45.97394,3104
7.63309,45.97394,3094
7.63352,45.97394,3086
7.63395,45.97394,3078
7.63438,45.97394,3075
7.63481,45.97394,3066
7.63524,45.97394,3056
7.63567,45.97394,3059
7.63610,45.97394,3057
7.63653,45.97394,3055
7.63696,45.97394,3050
7.63739,45.97394,3045
7.63782,45.97394,3042
7.63824,45.97394,3025
7.63867,45.97394,3020
7.63910,45.97394,3028
7.63953,45.97394,3042
7.63996,45.97394,3047
7.64039,45.97394,3047
7.64082,45.97394,3044
7.64125,45.97394,3046
7.64168,45.97394,3047
7.64211,45.97394,3060
7.64254,45.97394,3067
7.64297,45.97394,3190
7.64339,45.97394,3313
7.64382,45.97394,3378
7.64425,45.97394,3421
7.64468,45.97394,3460
7.64511,45.97394,3502
7.64554,45.97394,3539
7.64597,45.97394,3576
7.64640,45.97394,3613
7.62451,45.97364,3316
7.62494,45.97364,3291
7.62537,45.97364,3295
7.62580,45.97364,3302
7.62623,45.97364,3309
7.62666,45.97364,3318
7.62709,45.97364,3320
7.62752,45.97364,3319
7.62794,45.97364,3319
7.62837,45.97364,3318
7.62880,45.97364,3312
7.62923,45.97364,3301
7.62966,45.97364,3288
7.63009,45.97364,3269
7.63052,45.97364,3247
7.63095,45.97364,3227
7.63138,45.97364,3214
7.63181,45.97364,3182
7.63224,45.97364,3144
7.63267,45.97364,3119
7.63309,45.97364,3102
7.63352,45.97364,3098
7.63395,45.97364,3095
7.63438,45.97364,3090
7.63481,45.97364,3084
7.63524,45.97364,3075
7.63567,45.97364,3075
7.63610,45.97364,3072
7.63653,45.97364,3070
7.63696,45.97364,3067
7.63739,45.97364,3061
7.63782,45.97364,3055
7.63824,45.97364,3040
7.63867,45.97364,3039
7.63910,45.97364,3038
7.63953,45.97364,3063
7.63996,45.97364,3102
7.64039,45.97364,3100
7.64082,45.97364,3068
7.64125,45.97364,3064
7.64168,45.97364,3061
7.64211,45.97364,3122
7.64254,45.97364,3192
7.64297,45.97364,3281
7.64339,45.97364,3364
7.64382,45.97364,3417
7.64425,45.97364,3459
7.64468,45.97364,3498
7.64511,45.97364,3534
7.64554,45.97364,3566
7.64597,45.97364,3591
7.64640,45.97364,3624
7.62451,45.97334,3378
7.62494,45.97334,3331
7.62537,45.97334,3329
7.62580,45.97334,3336
7.62623,45.97334,3339
7.62666,45.97334,3341
7.62709,45.97334,3344
7.62752,45.97334,3344
7.62794,45.97334,3342
7.62837,45.97334,3342
7.62880,45.97334,3340
7.62923,45.97334,3328
7.62966,45.97334,3314
7.63009,45.97334,3298
7.63052,45.97334,3278
7.63095,45.97334,3262
7.63138,45.97334,3248
7.63181,45.97334,3209
7.63224,45.97334,3191
7.63267,45.97334,3157
7.63309,45.97334,3119
7.63352,45.97334,3124
7.63395,45.97334,3117
7.63438,45.97334,3108
7.63481,45.97334,3106
7.63524,45.97334,3099
7.63567,45.97334,3090
7.63610,45.97334,3087
7.63653,45.97334,3085
7.63696,45.97334,3082
7.63739,45.97334,3078
7.63782,45.97334,3067
7.63824,45.97334,3050
7.63867,45.97334,3042
7.63910,45.97334,3032
7.63953,45.97334,3081
7.63996,45.97334,3154
7.64039,45.97334,3147
7.64082,45.97334,3080
7.64125,45.97334,3070
7.64168,45.97334,3061
7.64211,45.97334,3174
7.64254,45.97334,3290
7.64297,45.97334,3360
7.64339,45.97334,3413
7.64382,45.97334,3456
7.64425,45.97334,3493
7.64468,45.97334,3529
7.64511,45.97334,3566
7.64554,45.97334,3594
7.64597,45.97334,3614
7.64640,45.97334,3644
7.62451,45.97305,3430
7.62494,45.97305,3382
7.62537,45.97305,3369
7.62580,45.97305,3371
7.62623,45.97305,3367
7.62666,45.97305,3366
7.62709,45.97305,3366
7.62752,45.97305,3366
7.62794,45.97305,3366
7.62837,45.97305,3366
7.62880,45.97305,3367
7.62923,45.97305,3358
7.62966,45.97305,3347
7.63009,45.97305,3333
7.63052,45.97305,3309
7.63095,45.97305,3294
7.63138,45.97305,3282
7.63181,45.97305,3241
7.63224,45.97305,3226
7.63267,45.97305,3205
7.63309,45.97305,3144
7.63352,45.97305,3160
7.63395,45.97305,3159
7.63438,45.97305,3133
7.63481,45.97305,3132
7.63524,45.97305,3128
7.63567,45.97305,3110
7.63610,45.97305,3100
7.63653,45.97305,3102
7.63696,45.97305,3102
7.63739,45.97305,3100
7.63782,45.97305,3098
7.63824,45.97305,3094
7.63867,45.97305,3091
7.63910,45.97305,3087
7.63953,45.97305,3137
7.63996,45.97305,3199
7.64039,45.97305,3197
7.64082,45.97305,3156
7.64125,45.97305,3150
7.64168,45.97305,3148
7.64211,45.97305,3256
7.64254,45.97305,3365
7.64297,45.97305,3421
7.64339,45.97305,3455
7.64382,45.97305,3490
7.64425,45.97305,3523
7.64468,45.97305,3560
7.64511,45.97305,3590
7.64554,45.97305,3617
7.64597,45.97305,3641
7.64640,45.97305,3667
7.62451,45.97275,3478
7.62494,45.97275,3444
7.62537,45.97275,3427
7.62580,45.97275,3415
7.62623,45.97275,3404
7.62666,45.97275,3391
7.62709,45.97275,3384
7.62752,45.97275,3388
7.62794,45.97275,3390
7.62837,45.97275,3393
7.62880,45.97275,3395
7.62923,45.97275,3389
7.62966,45.97275,3380
7.63009,45.97275,3366
7.63052,45.97275,3341
7.63095,45.97275,3326
7.63138,45.97275,3315
7.63181,45.97275,3286
7.63224,45.97275,3252
7.63267,45.97275,3238
7.63309,45.97275,3188
7.63352,45.97275,3200
7.63395,45.97275,3196
7.63438,45.97275,3176
7.63481,45.97275,3169
7.63524,45.97275,3162
7.63567,45.97275,3134
7.63610,45.97275,3116
7.63653,45.97275,3123
7.63696,45.97275,3126
7.63739,45.97275,3126
7.63782,45.97275,3138
7.63824,45.97275,3161
7.63867,45.97275,3175
7.63910,45.97275,3181
7.63953,45.97275,3217
7.63996,45.97275,3249
7.64039,45.97275,3259
7.64082,45.97275,3252
7.64125,45.97275,3282
7.64168,45.97275,3291
7.64211,45.97275,3356
7.64254,45.97275,3425
7.64297,45.97275,3464
7.64339,45.97275,3491
7.64382,45.97275,3519
7.64425,45.97275,3550
7.64468,45.97275,3578
7.64511,45.97275,3609
7.64554,45.97275,3634
7.64597,45.97275,3662
7.64640,45.97275,3680
7.62451,45.97245,3519
7.62494,45.97245,3498
7.62537,45.97245,3482
7.62580,45.97245,3466
7.62623,45.97245,3439
7.62666,45.97245,3408
7.62709,45.97245,3400
7.62752,45.97245,3409
7.62794,45.97245,3414
7.62837,45.97245,3421
7.62880,45.97245,3424
7.62923,45.97245,3418
7.62966,45.97245,3408
7.63009,45.97245,3395
7.63052,45.97245,3374
7.63095,45.97245,3357
7.63138,45.97245,3343
7.63181,45.97245,3327
7.63224,45.97245,3300
7.63267,45.97245,3266
7.63309,45.97245,3243
7.63352,45.97245,3239
7.63395,45.97245,3228
7.63438,45.97245,3220
7.63481,45.97245,3212
7.63524,45.97245,3200
7.63567,45.97245,3153
7.63610,45.97245,3124
7.63653,45.97245,3137
7.63696,45.97245,3144
7.63739,45.97245,3146
7.63782,45.97245,3173
7.63824,45.97245,3221
7.63867,45.97245,3246
7.63910,45.97245,3259
7.63953,45.97245,3284
7.63996,45.97245,3309
7.64039,45.97245,3317
7.64082,45.97245,3328
7.64125,45.97245,3395
7.64168,45.97245,3415
7.64211,45.97245,3446
7.64254,45.97245,3478
7.64297,45.97245,3502
7.64339,45.97245,3523
7.64382,45.97245,3545
7.64425,45.97245,3569
7.64468,45.97245,3589
7.64511,45.97245,3624
7.64554,45.97245,3641
7.64597,45.97245,3658
7.64640,45.97245,3673
7.62451,45.97215,3548
7.62494,45.97215,3534
7.62537,45.97215,3518
7.62580,45.97215,3501
7.62623,45.97215,3472
7.62666,45.97215,3439
7.62709,45.97215,3429
7.62752,45.97215,3433
7.62794,45.97215,3439
7.62837,45.97215,3447
7.62880,45.97215,3452
7.62923,45.97215,3444
7.62966,45.97215,3436
7.63009,45.97215,3424
7.63052,45.97215,3408
7.63095,45.97215,3387
7.63138,45.97215,3369
7.63181,45.97215,3353
7.63224,45.97215,3334
7.63267,45.97215,3315
7.63309,45.97215,3297
7.63352,45.97215,3278
7.63395,45.97215,3263
7.63438,45.97215,3260
7.63481,45.97215,3257
7.63524,45.97215,3248
7.63567,45.97215,3208
7.63610,45.97215,3185
7.63653,45.97215,3196
7.63696,45.97215,3204
7.63739,45.97215,3208
7.63782,45.97215,3233
7.63824,45.97215,3275
7.63867,45.97215,3301
7.63910,45.97215,3313
7.63953,45.97215,3332
7.63996,45.97215,3370
7.64039,45.97215,3371
7.64082,45.97215,3381
7.64125,45.97215,3426
7.64168,45.97215,3451
7.64211,45.97215,3483
7.64254,45.97215,3520
7.64297,45.97215,3534
7.64339,45.97215,3548
7.64382,45.97215,3563
7.64425,45.97215,3577
7.64468,45.97215,3593
7.64511,45.97215,3618
7.64554,45.97215,3631
7.64597,45.97215,3643
7.64640,45.97215,3657
7.62451,45.97185,3568
7.62494,45.97185,3556
7.62537,45.97185,3542
7.62580,45.97185,3526
7.62623,45.97185,3504
7.62666,45.97185,3480
7.62709,45.97185,3469
7.62752,45.97185,3466
7.62794,45.97185,3467
7.62837,45.97185,3474
7.62880,45.97185,3478
7.62923,45.97185,3469
7.62966,45.97185,3463
7.63009,45.97185,3454
7.63052,45.97185,3440
7.63095,45.97185,3420
7.63138,45.97185,3398
7.63181,45.97185,3376
7.63224,45.97185,3359
7.63267,45.97185,3347
7.63309,45.97185,3339
7.63352,45.97185,3324
7.63395,45.97185,3308
7.63438,45.97185,3301
7.63481,45.97185,3298
7.63524,45.97185,3291
7.63567,45.97185,3269
7.63610,45.97185,3258
7.63653,45.97185,3265
7.63696,45.97185,3273
7.63739,45.97185,3281
7.63782,45.97185,3299
7.63824,45.97185,3326
7.63867,45.97185,3346
7.63910,45.97185,3360
7.63953,45.97185,3386
7.63996,45.97185,3424
7.64039,45.97185,3425
7.64082,45.97185,3431
7.64125,45.97185,3455
7.64168,45.97185,3475
7.64211,45.97185,3512
7.64254,45.97185,3555
7.64297,45.97185,3562
7.64339,45.97185,3569
7.64382,45.97185,3575
7.64425,45.97185,3582
7.64468,45.97185,3592
7.64511,45.97185,3607
7.64554,45.97185,3616
7.64597,45.97185,3626
7.64640,45.97185,3635
7.62451,45.97155,3581
7.62494,45.97155,3571
7.62537,45.97155,3559
7.62580,45.97155,3545
7.62623,45.97155,3529
7.62666,45.97155,3511
7.62709,45.97155,3499
7.62752,45.97155,3492
7.62794,45.97155,3491
7.62837,45.97155,3496
7.62880,45.97155,3496
7.62923,45.97155,3489
7.62966,45.97155,3483
7.63009,45.97155,3477
7.63052,45.97155,3467
7.63095,45.97155,3451
7.63138,45.97155,3429
7.63181,45.97155,3406
7.63224,45.97155,3386
7.63267,45.97155,3376
7.63309,45.97155,3369
7.63352,45.97155,3359
7.63395,45.97155,3346
7.63438,45.97155,3337
7.63481,45.97155,3332
7.63524,45.97155,3328
7.63567,45.97155,3321
7.63610,45.97155,3318
7.63653,45.97155,3323
7.63696,45.97155,3331
7.63739,45.97155,3342
7.63782,45.97155,3356
7.63824,45.97155,3371
7.63867,45.97155,3386
7.63910,45.97155,3406
7.63953,45.97155,3434
7.63996,45.97155,3463
7.64039,45.97155,3475
7.64082,45.97155,3496
7.64125,45.97155,3515
7.64168,45.97155,3524
7.64211,45.97155,3538
7.64254,45.97155,3580
7.64297,45.97155,3584
7.64339,45.97155,3583
7.64382,45.97155,3583
7.64425,45.97155,3580
7.64468,45.97155,3584
7.64511,45.97155,3594
7.64554,45.97155,3601
7.64597,45.97155,3608
7.64640,45.97155,3612
7.62451,45.97126,3581
7.62494,45.97126,3574
7.62537,45.97126,3565
7.62580,45.97126,3553
7.62623,45.97126,3540
7.62666,45.97126,3526
7.62709,45.97126,3513
7.62752,45.97126,3504
7.62794,45.97126,3501
7.62837,45.97126,3504
7.62880,45.97126,3509
7.62923,45.97126,3501
7.62966,45.97126,3497
7.63009,45.97126,3493
7.63052,45.97126,3486
7.63095,45.97126,3473
7.63138,45.97126,3455
7.63181,45.97126,3435
7.63224,45.97126,3417
7.63267,45.97126,3405
7.63309,45.97126,3392
7.63352,45.97126,3383
7.63395,45.97126,3374
7.63438,45.97126,3367
7.63481,45.97126,3361
7.63524,45.97126,3358
7.63567,45.97126,3357
7.63610,45.97126,3358
7.63653,45.97126,3364
7.63696,45.97126,3373
7.63739,45.97126,3385
7.63782,45.97126,3399
7.63824,45.97126,3409
7.63867,45.97126,3423
7.63910,45.97126,3446
7.63953,45.97126,3471
7.63996,45.97126,3496
7.64039,45.97126,3527
7.64082,45.97126,3555
7.64125,45.97126,3584
7.64168,45.97126,3580
7.64211,45.97126,3564
7.64254,45.97126,3596
7.64297,45.97126,3595
7.64339,45.97126,3588
7.64382,45.97126,3581
7.64425,45.97126,3573
7.64468,45.97126,3572
7.64511,45.97126,3575
7.64554,45.97126,3580
7.64597,45.97126,3588
7.64640,45.97126,3587
7.62451,45.97096,3574
7.62494,45.97096,3571
7.62537,45.97096,3564
7.62580,45.97096,3555
7.62623,45.97096,3544
7.62666,45.97096,3531
7.62709,45.97096,3518
7.62752,45.97096,3507
7.62794,45.97096,3502
7.62837,45.97096,3503
7.62880,45.97096,3510
7.62923,45.97096,3505
7.62966,45.97096,3502
7.63009,45.97096,3501
7.63052,45.97096,3497
7.63095,45.97096,3489
7.63138,45.97096,3478
7.63181,45.97096,3435
7.63224,45.97096,3413
7.63267,45.97096,3403
7.63309,45.97096,3395
7.63352,45.97096,3394
7.63395,45.97096,3396
7.63438,45.97096,3391
7.63481,45.97096,3386
7.63524,45.97096,3384
7.63567,45.97096,3384
7.63610,45.97096,3387
7.63653,45.97096,3394
7.63696,45.97096,3405
7.63739,45.97096,3418
7.63782,45.97096,3435
7.63824,45.97096,3441
7.63867,45.97096,3455
7.63910,45.97096,3475
7.63953,45.97096,3497
7.63996,45.97096,3522
7.64039,45.97096,3551
7.64082,45.97096,3577
7.64125,45.97096,3599
7.64168,45.97096,3596
7.64211,45.97096,3573
7.64254,45.97096,3583
7.64297,45.97096,3585
7.64339,45.97096,3578
7.64382,45.97096,3567
7.64425,45.97096,3560
7.64468,45.97096,3556
7.64511,45.97096,3552
7.64554,45.97096,3554
7.64597,45.97096,3559
7.64640,45.97096,3561
7.62451,45.97066,3560
7.62494,45.97066,3559
7.62537,45.97066,3555
7.62580,45.97066,3548
7.62623,45.97066,3539
7.62666,45.97066,3527
7.62709,45.97066,3515
7.62752,45.97066,3503
7.62794,45.97066,3495
7.62837,45.97066,3490
7.62880,45.97066,3493
7.62923,45.97066,3496
7.62966,45.97066,3498
7.63009,45.97066,3499
7.63052,45.97066,3497
7.63095,45.97066,3492
7.63138,45.97066,3485
7.63181,45.97066,3442
7.63224,45.97066,3415
7.63267,45.97066,3406
7.63309,45.97066,3402
7.63352,45.97066,3411
7.63395,45.97066,3411
7.63438,45.97066,3407
7.63481,45.97066,3404
7.63524,45.97066,3403
7.63567,45.97066,3404
7.63610,45.97066,3409
7.63653,45.97066,3418
7.63696,45.97066,3431
7.63739,45.97066,3445
7.63782,45.97066,3459
7.63824,45.97066,3469
7.63867,45.97066,3482
7.63910,45.97066,3498
7.63953,45.97066,3517
7.63996,45.97066,3540
7.64039,45.97066,3564
7.64082,45.97066,3586
7.64125,45.97066,3588
7.64168,45.97066,3587
7.64211,45.97066,3577
7.64254,45.97066,3578
7.64297,45.97066,3576
7.64339,45.97066,3567
7.64382,45.97066,3553
7.64425,45.97066,3543
7.64468,45.97066,3535
7.64511,45.97066,3526
7.64554,45.97066,3525
7.64597,45.97066,3531
7.64640,45.97066,3527
7.62451,45.97036,3534
7.62494,45.97036,3534
7.62537,45.97036,3532
7.62580,45.97036,3528
7.62623,45.97036,3521
7.62666,45.97036,3511
7.62709,45.97036,3500
7.62752,45.97036,3488
7.62794,45.97036,3478
7.62837,45.97036,3469
7.62880,45.97036,3461
7.62923,45.97036,3467
7.62966,45.97036,3478
7.63009,45.97036,3483
7.63052,45.97036,3482
7.63095,45.97036,3470
7.63138,45.97036,3455
7.63181,45.97036,3433
7.63224,45.97036,3415
7.63267,45.97036,3421
7.63309,45.97036,3416
7.63352,45.97036,3416
7.63395,45.97036,3415
7.63438,45.97036,3413
7.63481,45.97036,3411
7.63524,45.97036,3411
7.63567,45.97036,3415
7.63610,45.97036,3421
7.63653,45.97036,3431
7.63696,45.97036,3445
7.63739,45.97036,3464
7.63782,45.97036,3479
7.63824,45.97036,3489
7.63867,45.97036,3502
7.63910,45.97036,3515
7.63953,45.97036,3531
7.63996,45.97036,3549
7.64039,45.97036,3567
7.64082,45.97036,3582
7.64125,45.97036,3585
7.64168,45.97036,3590
7.64211,45.97036,3588
7.64254,45.97036,3584
7.64297,45.97036,3574
7.64339,45.97036,3560
7.64382,45.97036,3542
7.64425,45.97036,3525
7.64468,45.97036,3510
7.64511,45.97036,3497
7.64554,45.97036,3491
7.64597,45.97036,3486
7.64640,45.97036,3483
7.62451,45.97006,3503
7.62494,45.97006,3505
7.62537,45.97006,3505
7.62580,45.97006,3503
7.62623,45.97006,3497
7.62666,45.97006,3490
7.62709,45.97006,3480
7.62752,45.97006,3468
7.62794,45.97006,3457
7.62837,45.97006,3447
7.62880,45.97006,3437
7.62923,45.97006,3433
7.62966,45.97006,3446
7.63009,45.97006,3454
7.63052,45.97006,3464
7.63095,45.97006,3455
7.63138,45.97006,3442
7.63181,45.97006,3427
7.63224,45.97006,3421
7.63267,45.97006,3427
7.63309,45.97006,3419
7.63352,45.97006,3415
7.63395,45.97006,3413
7.63438,45.97006,3412
7.63481,45.97006,3412
7.63524,45.97006,3415
7.63567,45.97006,3420
7.63610,45.97006,3428
7.63653,45.97006,3439
7.63696,45.97006,3455
7.63739,45.97006,3477
7.63782,45.97006,3490
7.63824,45.97006,3500
7.63867,45.97006,3512
7.63910,45.97006,3524
7.63953,45.97006,3538
7.63996,45.97006,3551
7.64039,45.97006,3563
7.64082,45.97006,3571
7.64125,45.97006,3580
7.64168,45.97006,3587
7.64211,45.97006,3584
7.64254,45.97006,3577
7.64297,45.97006,3564
7.64339,45.97006,3548
7.64382,45.97006,3526
7.64425,45.97006,3503
7.64468,45.97006,3484
7.64511,45.97006,3467
7.64554,45.97006,3455
7.64597,45.97006,3443
7.64640,45.97006,3439
7.62451,45.96977,3468
7.62494,45.96977,3471
7.62537,45.96977,3472
7.62580,45.96977,3471
7.62623,45.96977,3468
7.62666,45.96977,3462
7.62709,45.96977,3454
7.62752,45.96977,3443
7.62794,45.96977,3432
7.62837,45.96977,3416
7.62880,45.96977,3400
7.62923,45.96977,3406
7.62966,45.96977,3412
7.63009,45.96977,3426
7.63052,45.96977,3443
7.63095,45.96977,3447
7.63138,45.96977,3442
7.63181,45.96977,3427
7.63224,45.96977,3418
7.63267,45.96977,3412
7.63309,45.96977,3407
7.63352,45.96977,3404
7.63395,45.96977,3403
7.63438,45.96977,3404
7.63481,45.96977,3405
7.63524,45.96977,3409
7.63567,45.96977,3418
7.63610,45.96977,3428
7.63653,45.96977,3438
7.63696,45.96977,3453
7.63739,45.96977,3473
7.63782,45.96977,3487
7.63824,45.96977,3500
7.63867,45.96977,3512
7.63910,45.96977,3524
7.63953,45.96977,3535
7.63996,45.96977,3545
7.64039,45.96977,3553
7.64082,45.96977,3553
7.64125,45.96977,3556
7.64168,45.96977,3559
7.64211,45.96977,3554
7.64254,45.96977,3547
7.64297,45.96977,3535
7.64339,45.96977,3522
7.64382,45.96977,3500
7.64425,45.96977,3476
7.64468,45.96977,3456
7.64511,45.96977,3437
7.64554,45.96977,3420
7.64597,45.96977,3406
7.64640,45.96977,3399
7.62451,45.96947,3428
7.62494,45.96947,3431
7.62537,45.96947,3433
7.62580,45.96947,3434
7.62623,45.96947,3432
7.62666,45.96947,3428
7.62709,45.96947,3422
7.62752,45.96947,3413
7.62794,45.96947,3402
7.62837,45.96947,3387
7.62880,45.96947,3372
7.62923,45.96947,3375
7.62966,45.96947,3383
7.63009,45.96947,3397
7.63052,45.96947,3422
7.63095,45.96947,3439
7.63138,45.96947,3431
7.63181,45.96947,3413
7.63224,45.96947,3401
7.63267,45.96947,3392
7.63309,45.96947,3387
7.63352,45.96947,3384
7.63395,45.96947,3384
7.63438,45.96947,3385
7.63481,45.96947,3388
7.63524,45.96947,3394
7.63567,45.96947,3407
7.63610,45.96947,3419
7.63653,45.96947,3427
7.63696,45.96947,3439
7.63739,45.96947,3454
7.63782,45.96947,3469
7.63824,45.96947,3485
7.63867,45.96947,3498
7.63910,45.96947,3513
7.63953,45.96947,3523
7.63996,45.96947,3531
7.64039,45.96947,3534
7.64082,45.96947,3532
7.64125,45.96947,3530
7.64168,45.96947,3526
7.64211,45.96947,3519
7.64254,45.96947,3512
7.64297,45.96947,3502
7.64339,45.96947,3490
7.64382,45.96947,3471
7.64425,45.96947,3449
7.64468,45.96947,3427
7.64511,45.96947,3406
7.64554,45.96947,3387
7.64597,45.96947,3375
7.64640,45.96947,3369
7.62451,45.96917,3387
7.62494,45.96917,3390
7.62537,45.96917,3393
7.62580,45.96917,3394
7.62623,45.96917,3394
7.62666,45.96917,3392
7.62709,45.96917,3387
7.62752,45.96917,3380
7.62794,45.96917,3371
7.62837,45.96917,3357
7.62880,45.96917,3340
7.62923,45.96917,3344
7.62966,45.96917,3350
7.63009,45.96917,3369
7.63052,45.96917,3398
7.63095,45.96917,3416
7.63138,45.96917,3404
7.63181,45.96917,3387
7.63224,45.96917,3376
7.63267,45.96917,3368
7.63309,45.96917,3363
7.63352,45.96917,3360
7.63395,45.96917,3360
7.63438,45.96917,3362
7.63481,45.96917,3366
7.63524,45.96917,3375
7.63567,45.96917,3391
7.63610,45.96917,3404
7.63653,45.96917,3411
7.63696,45.96917,3419
7.63739,45.96917,3432
7.63782,45.96917,3445
7.63824,45.96917,3459
7.63867,45.96917,3472
7.63910,45.96917,3491
7.63953,45.96917,3504
7.63996,45.96917,3511
7.64039,45.96917,3511
7.64082,45.96917,3510
7.64125,45.96917,3504
7.64168,45.96917,3497
7.64211,45.96917,3489
7.64254,45.96917,3481
7.64297,45.96917,3471
7.64339,45.96917,3455
7.64382,45.96917,3438
7.64425,45.96917,3418
7.64468,45.96917,3396
7.64511,45.96917,3376
7.64554,45.96917,3360
7.64597,45.96917,3348
7.64640,45.96917,3347
7.62451,45.96887,3347
7.62494,45.96887,3350
7.62537,45.96887,3353
7.62580,45.96887,3355
7.62623,45.96887,3356
7.62666,45.96887,3356
7.62709,45.96887,3353
7.62752,45.96887,3348
7.62794,45.96887,3339
7.62837,45.96887,3325
7.62880,45.96887,3308
7.62923,45.96887,3311
7.62966,45.96887,3317
7.63009,45.96887,3339
7.63052,45.96887,3370
7.63095,45.96887,3389
7.63138,45.96887,3378
7.63181,45.96887,3362
7.63224,45.96887,3350
7.63267,45.96887,3341
7.63309,45.96887,3335
7.63352,45.96887,3332
7.63395,45.96887,3332
7.63438,45.96887,3334
7.63481,45.96887,3338
7.63524,45.96887,3347
7.63567,45.96887,3363
7.63610,45.96887,3377
7.63653,45.96887,3386
7.63696,45.96887,3396
7.63739,45.96887,3406
7.63782,45.96887,3418
7.63824,45.96887,3430
7.63867,45.96887,3446
7.63910,45.96887,3464
7.63953,45.96887,3478
7.63996,45.96887,3486
7.64039,45.96887,3488
7.64082,45.96887,3488
7.64125,45.96887,3481
7.64168,45.96887,3477
7.64211,45.96887,3469
7.64254,45.96887,3457
7.64297,45.96887,3444
7.64339,45.96887,3427
7.64382,45.96887,3408
7.64425,45.96887,3387
7.64468,45.96887,3367
7.64511,45.96887,3351
7.64554,45.96887,3337
7.64597,45.96887,3329
7.64640,45.96887,3328
7.62451,45.96857,3306
7.62494,45.96857,3309
7.62537,45.96857,3312
7.62580,45.96857,3315
7.62623,45.96857,3317
7.62666,45.96857,3317
7.62709,45.96857,3316
7.62752,45.96857,3312
7.62794,45.96857,3306
7.62837,45.96857,3291
7.62880,45.96857,3280
7.62923,45.96857,3281
7.62966,45.96857,3288
7.63009,45.96857,3308
7.63052,45.96857,3339
7.63095,45.96857,3362
7.63138,45.96857,3350
7.63181,45.96857,3333
7.63224,45.96857,3321
7.63267,45.96857,3312
7.63309,45.96857,3304
7.63352,45.96857,3300
7.63395,45.96857,3300
7.63438,45.96857,3301
7.63481,45.96857,3305
7.63524,45.96857,3313
7.63567,45.96857,3325
7.63610,45.96857,3339
7.63653,45.96857,3356
7.63696,45.96857,3369
7.63739,45.96857,3378
7.63782,45.96857,3392
7.63824,45.96857,3404
7.63867,45.96857,3421
7.63910,45.96857,3436
7.63953,45.96857,3447
7.63996,45.96857,3458
7.64039,45.96857,3465
7.64082,45.96857,3465
7.64125,45.96857,3457
7.64168,45.96857,3454
7.64211,45.96857,3445
7.64254,45.96857,3431
7.64297,45.96857,3418
7.64339,45.96857,3402
7.64382,45.96857,3383
7.64425,45.96857,3363
7.64468,45.96857,3345
7.64511,45.96857,3329
7.64554,45.96857,3316
7.64597,45.96857,3313
7.64640,45.96857,3309
7.62451,45.96827,3265
7.62494,45.96827,3268
7.62537,45.96827,3271
7.62580,45.96827,3274
7.62623,45.96827,3277
7.62666,45.96827,3278
7.62709,45.96827,3278
7.62752,45.96827,3277
7.62794,45.96827,3270
7.62837,45.96827,3258
7.62880,45.96827,3256
7.62923,45.96827,3257
7.62966,45.96827,3262
7.63009,45.96827,3281
7.63052,45.96827,3311
7.63095,45.96827,3334
7.63138,45.96827,3322
7.63181,45.96827,3305
7.63224,45.96827,3292
7.63267,45.96827,3282
7.63309,45.96827,3273
7.63352,45.96827,3268
7.63395,45.96827,3267
7.63438,45.96827,3268
7.63481,45.96827,3271
7.63524,45.96827,3276
7.63567,45.96827,3281
7.63610,45.96827,3294
7.63653,45.96827,3315
7.63696,45.96827,3332
7.63739,45.96827,3344
7.63782,45.96827,3360
7.63824,45.96827,3378
7.63867,45.96827,3394
7.63910,45.96827,3409
7.63953,45.96827,3418
7.63996,45.96827,3430
7.64039,45.96827,3438
7.64082,45.96827,3440
7.64125,45.96827,3429
7.64168,45.96827,3425
7.64211,45.96827,3417
7.64254,45.96827,3405
7.64297,45.96827,3395
7.64339,45.96827,3379
7.64382,45.96827,3362
7.64425,45.96827,3344
7.64468,45.96827,3327
7.64511,45.96827,3307
7.64554,45.96827,3294
7.64597,45.96827,3292
7.64640,45.96827,3287
7.62451,45.96798,3220
7.62494,45.96798,3223
7.62537,45.96798,3226
7.62580,45.96798,3230
7.62623,45.96798,3236
7.62666,45.96798,3241
7.62709,45.96798,3243
7.62752,45.96798,3244
7.62794,45.96798,3243
7.62837,45.96798,3237
7.62880,45.96798,3238
7.62923,45.96798,3241
7.62966,45.96798,3246
7.63009,45.96798,3261
7.63052,45.96798,3287
7.63095,45.96798,3305
7.63138,45.96798,3294
7.63181,45.96798,3278
7.63224,45.96798,3265
7.63267,45.96798,3253
7.63309,45.96798,3243
7.63352,45.96798,3237
7.63395,45.96798,3234
7.63438,45.96798,3234
7.63481,45.96798,3237
7.63524,45.96798,3236
7.63567,45.96798,3229
7.63610,45.96798,3231
7.63653,45.96798,3253
7.63696,45.96798,3274
7.63739,45.96798,3295
7.63782,45.96798,3319
7.63824,45.96798,3346
7.63867,45.96798,3366
7.63910,45.96798,3381
7.63953,45.96798,3390
7.63996,45.96798,3401
7.64039,45.96798,3411
7.64082,45.96798,3410
7.64125,45.96798,3401
7.64168,45.96798,3395
7.64211,45.96798,3388
7.64254,45.96798,3379
7.64297,45.96798,3372
7.64339,45.96798,3359
7.64382,45.96798,3344
7.64425,45.96798,3325
7.64468,45.96798,3306
7.64511,45.96798,3287
7.64554,45.96798,3273
7.64597,45.96798,3269
7.64640,45.96798,3264
7.62451,45.96768,3173
7.62494,45.96768,3175
7.62537,45.96768,3179
7.62580,45.96768,3184
7.62623,45.96768,3193
7.62666,45.96768,3202
7.62709,45.96768,3207
7.62752,45.96768,3211
7.62794,45.96768,3216
7.62837,45.96768,3220
7.62880,45.96768,3223
7.62923,45.96768,3228
7.62966,45.96768,3235
7.63009,45.96768,3248
7.63052,45.96768,3264
7.63095,45.96768,3274
7.63138,45.96768,3265
7.63181,45.96768,3252
7.63224,45.96768,3238
7.63267,45.96768,3225
7.63309,45.96768,3214
7.63352,45.96768,3205
7.63395,45.96768,3201
7.63438,45.96768,3199
7.63481,45.96768,3201
7.63524,45.96768,3193
7.63567,45.96768,3168
7.63610,45.96768,3157
7.63653,45.96768,3175
7.63696,45.96768,3200
7.63739,45.96768,3236
7.63782,45.96768,3273
7.63824,45.96768,3311
7.63867,45.96768,3337
7.63910,45.96768,3350
7.63953,45.96768,3363
7.63996,45.96768,3376
7.64039,45.96768,3383
7.64082,45.96768,3382
7.64125,45.96768,3377
7.64168,45.96768,3371
7.64211,45.96768,3363
7.64254,45.96768,3356
7.64297,45.96768,3349
7.64339,45.96768,3339
7.64382,45.96768,3324
7.64425,45.96768,3302
7.64468,45.96768,3281
7.64511,45.96768,3263
7.64554,45.96768,3251
7.64597,45.96768,3245
7.64640,45.96768,3237
7.62451,45.96738,3126
7.62494,45.96738,3127
7.62537,45.96738,3132
7.62580,45.96738,3137
7.62623,45.96738,3151
7.62666,45.96738,3167
7.62709,45.96738,3179
7.62752,45.96738,3191
7.62794,45.96738,3198
7.62837,45.96738,3204
7.62880,45.96738,3211
7.62923,45.96738,3220
7.62966,45.96738,3228
7.63009,45.96738,3236
7.63052,45.96738,3244
7.63095,45.96738,3247
7.63138,45.96738,3239
7.63181,45.96738,3227
7.63224,45.96738,3212
7.63267,45.96738,3198
7.63309,45.96738,3185
7.63352,45.96738,3176
7.63395,45.96738,3169
7.63438,45.96738,3164
7.63481,45.96738,3163
7.63524,45.96738,3151
7.63567,45.96738,3132
7.63610,45.96738,3092
7.63653,45.96738,3097
7.63696,45.96738,3125
7.63739,45.96738,3178
7.63782,45.96738,3226
7.63824,45.96738,3272
7.63867,45.96738,3306
7.63910,45.96738,3322
7.63953,45.96738,3336
7.63996,45.96738,3350
7.64039,45.96738,3355
7.64082,45.96738,3356
7.64125,45.96738,3353
7.64168,45.96738,3348
7.64211,45.96738,3341
7.64254,45.96738,3333
7.64297,45.96738,3328
7.64339,45.96738,3318
7.64382,45.96738,3301
7.64425,45.96738,3276
7.64468,45.96738,3254
7.64511,45.96738,3238
7.64554,45.96738,3227
7.64597,45.96738,3219
7.64640,45.96738,3208
7.62451,45.96708,3113
7.62494,45.96708,3115
7.62537,45.96708,3120
7.62580,45.96708,3126
7.62623,45.96708,3138
7.62666,45.96708,3152
7.62709,45.96708,3163
7.62752,45.96708,3172
7.62794,45.96708,3181
7.62837,45.96708,3190
7.62880,45.96708,3201
7.62923,45.96708,3213
7.62966,45.96708,3222
7.63009,45.96708,3226
7.63052,45.96708,3227
7.63095,45.96708,3225
7.63138,45.96708,3216
7.63181,45.96708,3204
7.63224,45.96708,3189
7.63267,45.96708,3173
7.63309,45.96708,3159
7.63352,45.96708,3148
7.63395,45.96708,3139
7.63438,45.96708,3130
7.63481,45.96708,3128
7.63524,45.96708,3114
7.63567,45.96708,3102
7.63610,45.96708,3080
7.63653,45.96708,3081
7.63696,45.96708,3098
7.63739,45.96708,3133
7.63782,45.96708,3175
7.63824,45.96708,3226
7.63867,45.96708,3265
7.63910,45.96708,3292
7.63953,45.96708,3307
7.63996,45.96708,3318
7.64039,45.96708,3324
7.64082,45.96708,3325
7.64125,45.96708,3326
7.64168,45.96708,3323
7.64211,45.96708,3318
7.64254,45.96708,3311
7.64297,45.96708,3303
7.64339,45.96708,3292
7.64382,45.96708,3273
7.64425,45.96708,3250
7.64468,45.96708,3228
7.64511,45.96708,3212
7.64554,45.96708,3200
7.64597,45.96708,3188
7.64640,45.96708,3179
7.62451,45.96678,3099
7.62494,45.96678,3101
7.62537,45.96678,3106
7.62580,45.96678,3114
7.62623,45.96678,3125
7.62666,45.96678,3137
7.62709,45.96678,3147
7.62752,45.96678,3156
7.62794,45.96678,3167
7.62837,45.96678,3178
7.62880,45.96678,3193
7.62923,45.96678,3208
7.62966,45.96678,3217
7.63009,45.96678,3215
7.63052,45.96678,3212
7.63095,45.96678,3207
7.63138,45.96678,3196
7.63181,45.96678,3183
7.63224,45.96678,3166
7.63267,45.96678,3149
7.63309,45.96678,3134
7.63352,45.96678,3120
7.63395,45.96678,3109
7.63438,45.96678,3095
7.63481,45.96678,3091
7.63524,45.96678,3083
7.63567,45.96678,3077
7.63610,45.96678,3065
7.63653,45.96678,3062
7.63696,45.96678,3070
7.63739,45.96678,3087
7.63782,45.96678,3123
7.63824,45.96678,3177
7.63867,45.96678,3221
7.63910,45.96678,3255
7.63953,45.96678,3276
7.63996,45.96678,3286
7.64039,45.96678,3292
7.64082,45.96678,3291
7.64125,45.96678,3291
7.64168,45.96678,3291
7.64211,45.96678,3290
7.64254,45.96678,3285
7.64297,45.96678,3275
7.64339,45.96678,3262
7.64382,45.96678,3241
7.64425,45.96678,3219
7.64468,45.96678,3201
7.64511,45.96678,3184
7.64554,45.96678,3171
7.64597,45.96678,3159
7.64640,45.96678,3151
7.62451,45.96648,3083
7.62494,45.96648,3085
7.62537,45.96648,3091
7.62580,45.96648,3100
7.62623,45.96648,3110
7.62666,45.96648,3122
7.62709,45.96648,3132
7.62752,45.96648,3144
7.62794,45.96648,3156
7.62837,45.96648,3170
7.62880,45.96648,3188
7.62923,45.96648,3204
7.62966,45.96648,3210
7.63009,45.96648,3204
7.63052,45.96648,3197
7.63095,45.96648,3189
7.63138,45.96648,3176
7.63181,45.96648,3161
7.63224,45.96648,3143
7.63267,45.96648,3126
7.63309,45.96648,3110
7.63352,45.96648,3095
7.63395,45.96648,3082
7.63438,45.96648,3065
7.63481,45.96648,3058
7.63524,45.96648,3058
7.63567,45.96648,3056
7.63610,45.96648,3049
7.63653,45.96648,3042
7.63696,45.96648,3044
7.63739,45.96648,3047
7.63782,45.96648,3075
7.63824,45.96648,3128
7.63867,45.96648,3172
7.63910,45.96648,3209
7.63953,45.96648,3233
7.63996,45.96648,3247
7.64039,45.96648,3254
7.64082,45.96648,3257
7.64125,45.96648,3251
7.64168,45.96648,3254
7.64211,45.96648,3257
7.64254,45.96648,3254
7.64297,45.96648,3245
7.64339,45.96648,3229
7.64382,45.96648,3208
7.64425,45.96648,3187
7.64468,45.96648,3170
7.64511,45.96648,3153
7.64554,45.96648,3140
7.64597,45.96648,3130
7.64640,45.96648,3121
7.64648,45.98170,3365
7.64691,45.98170,3393
7.64734,45.98170,3424
7.64777,45.98170,3457
7.64820,45.98170,3491
7.64863,45.98170,3523
7.64906,45.98170,3552
7.64949,45.98170,3588
7.64992,45.98170,3621
7.65035,45.98170,3658
7.65078,45.98170,3677
7.65121,45.98170,3700
7.65163,45.98170,3718
7.65206,45.98170,3730
7.65249,45.98170,3723
7.65292,45.98170,3709
7.65335,45.98170,3690
7.65378,45.98170,3666
7.65421,45.98170,3638
7.65464,45.98170,3622
7.65507,45.98170,3608
7.65550,45.98170,3598
7.65593,45.98170,3589
7.65635,45.98170,3581
7.65678,45.98170,3559
7.65721,45.98170,3483
7.65764,45.98170,3396
7.65807,45.98170,3403
7.65850,45.98170,3409
7.65893,45.98170,3427
7.65936,45.98170,3466
7.65979,45.98170,3497
7.66022,45.98170,3503
7.66065,45.98170,3497
7.66108,45.98170,3509
7.66150,45.98170,3507
7.66193,45.98170,3503
7.66236,45.98170,3517
7.66279,45.98170,3514
7.66322,45.98170,3508
7.66365,45.98170,3483
7.66408,45.98170,3478
7.66451,45.98170,3471
7.66494,45.98170,3465
7.66537,45.98170,3459
7.66580,45.98170,3465
7.66623,45.98170,3462
7.66665,45.98170,3455
7.66708,45.98170,3449
7.66751,45.98170,3443
7.66794,45.98170,3435
7.66837,45.98170,3427
7.64648,45.98140,3360
7.64691,45.98140,3387
7.64734,45.98140,3415
7.64777,45.98140,3449
7.64820,45.98140,3486
7.64863,45.98140,3519
7.64906,45.98140,3549
7.64949,45.98140,3587
7.64992,45.98140,3624
7.65035,45.98140,3658
7.65078,45.98140,3681
7.65121,45.98140,3707
7.65163,45.98140,3727
7.65206,45.98140,3745
7.65249,45.98140,3744
7.65292,45.98140,3735
7.65335,45.98140,3721
7.65378,45.98140,3705
7.65421,45.98140,3688
7.65464,45.98140,3673
7.65507,45.98140,3661
7.65550,45.98140,3653
7.65593,45.98140,3647
7.65635,45.98140,3642
7.65678,45.98140,3622
7.65721,45.98140,3551
7.65764,45.98140,3470
7.65807,45.98140,3478
7.65850,45.98140,3479
7.65893,45.98140,3487
7.65936,45.98140,3499
7.65979,45.98140,3499
7.66022,45.98140,3508
7.66065,45.98140,3542
7.66108,45.98140,3574
7.66150,45.98140,3567
7.66193,45.98140,3558
7.66236,45.98140,3553
7.66279,45.98140,3550
7.66322,45.98140,3548
7.66365,45.98140,3520
7.66408,45.98140,3526
7.66451,45.98140,3520
7.66494,45.98140,3507
7.66537,45.98140,3495
7.66580,45.98140,3508
7.66623,45.98140,3510
7.66665,45.98140,3506
7.66708,45.98140,3505
7.66751,45.98140,3505
7.66794,45.98140,3495
7.66837,45.98140,3478
7.64648,45.98110,3355
7.64691,45.98110,3382
7.64734,45.98110,3412
7.64777,45.98110,3447
7.64820,45.98110,3485
7.64863,45.98110,3521
7.64906,45.98110,3554
7.64949,45.98110,3591
7.64992,45.98110,3629
7.65035,45.98110,3660
7.65078,45.98110,3686
7.65121,45.98110,3712
7.65163,45.98110,3734
7.65206,45.98110,3757
7.65249,45.98110,3762
7.65292,45.98110,3759
7.65335,45.98110,3749
7.65378,45.98110,3738
7.65421,45.98110,3724
7.65464,45.98110,3713
7.65507,45.98110,3703
7.65550,45.98110,3698
7.65593,45.98110,3694
7.65635,45.98110,3692
7.65678,45.98110,3676
7.65721,45.98110,3634
7.65764,45.98110,3584
7.65807,45.98110,3575
7.65850,45.98110,3592
7.65893,45.98110,3602
7.65936,45.98110,3592
7.65979,45.98110,3573
7.66022,45.98110,3568
7.66065,45.98110,3608
7.66108,45.98110,3628
7.66150,45.98110,3620
7.66193,45.98110,3610
7.66236,45.98110,3605
7.66279,45.98110,3599
7.66322,45.98110,3595
7.66365,45.98110,3583
7.66408,45.98110,3573
7.66451,45.98110,3563
7.66494,45.98110,3547
7.66537,45.98110,3544
7.66580,45.98110,3553
7.66623,45.98110,3553
7.66665,45.98110,3551
7.66708,45.98110,3558
7.66751,45.98110,3569
7.66794,45.98110,3554
7.66837,45.98110,3521
7.64648,45.98080,3350
7.64691,45.98080,3379
7.64734,45.98080,3408
7.64777,45.98080,3456
7.64820,45.98080,3487
7.64863,45.98080,3527
7.64906,45.98080,3562
7.64949,45.98080,3597
7.64992,45.98080,3631
7.65035,45.98080,3662
7.65078,45.98080,3689
7.65121,45.98080,3717
7.65163,45.98080,3741
7.65206,45.98080,3765
7.65249,45.98080,3780
7.65292,45.98080,3781
7.65335,45.98080,3777
7.65378,45.98080,3768
7.65421,45.98080,3758
7.65464,45.98080,3750
7.65507,45.98080,3744
7.65550,45.98080,3741
7.65593,45.98080,3740
7.65635,45.98080,3739
7.65678,45.98080,3727
7.65721,45.98080,3702
7.65764,45.98080,3668
7.65807,45.98080,3648
7.65850,45.98080,3683
7.65893,45.98080,3699
7.65936,45.98080,3689
7.65979,45.98080,3677
7.66022,45.98080,3669
7.66065,45.98080,3672
7.66108,45.98080,3674
7.66150,45.98080,3669
7.66193,45.98080,3663
7.66236,45.98080,3657
7.66279,45.98080,3647
7.66322,45.98080,3637
7.66365,45.98080,3627
7.66408,45.98080,3616
7.66451,45.98080,3606
7.66494,45.98080,3598
7.66537,45.98080,3605
7.66580,45.98080,3603
7.66623,45.98080,3599
7.66665,45.98080,3594
7.66708,45.98080,3606
7.66751,45.98080,3623
7.66794,45.98080,3603
7.66837,45.98080,3565
7.64648,45.98050,3345
7.64691,45.98050,3377
7.64734,45.98050,3403
7.64777,45.98050,3460
7.64820,45.98050,3494
7.64863,45.98050,3535
7.64906,45.98050,3571
7.64949,45.98050,3605
7.64992,45.98050,3634
7.65035,45.98050,3662
7.65078,45.98050,3690
7.65121,45.98050,3720
7.65163,45.98050,3747
7.65206,45.98050,3774
7.65249,45.98050,3793
7.65292,45.98050,3800
7.65335,45.98050,3803
7.65378,45.98050,3799
7.65421,45.98050,3793
7.65464,45.98050,3789
7.65507,45.98050,3785
7.65550,45.98050,3786
7.65593,45.98050,3787
7.65635,45.98050,3788
7.65678,45.98050,3782
7.65721,45.98050,3767
7.65764,45.98050,3747
7.65807,45.98050,3734
7.65850,45.98050,3770
7.65893,45.98050,3771
7.65936,45.98050,3759
7.65979,45.98050,3746
7.66022,45.98050,3735
7.66065,45.98050,3728
7.66108,45.98050,3721
7.66150,45.98050,3715
7.66193,45.98050,3708
7.66236,45.98050,3701
7.66279,45.98050,3691
7.66322,45.98050,3680
7.66365,45.98050,3668
7.66408,45.98050,3658
7.66451,45.98050,3653
7.66494,45.98050,3643
7.66537,45.98050,3658
7.66580,45.98050,3643
7.66623,45.98050,3637
7.66665,45.98050,3640
7.66708,45.98050,3644
7.66751,45.98050,3652
7.66794,45.98050,3627
7.66837,45.98050,3587
7.64648,45.98020,3336
7.64691,45.98020,3371
7.64734,45.98020,3417
7.64777,45.98020,3457
7.64820,45.98020,3500
7.64863,45.98020,3540
7.64906,45.98020,3580
7.64949,45.98020,3614
7.64992,45.98020,3638
7.65035,45.98020,3660
7.65078,45.98020,3687
7.65121,45.98020,3718
7.65163,45.98020,3751
7.65206,45.98020,3783
7.65249,45.98020,3810
7.65292,45.98020,3820
7.65335,45.98020,3828
7.65378,45.98020,3829
7.65421,45.98020,3827
7.65464,45.98020,3827
7.65507,45.98020,3827
7.65550,45.98020,3830
7.65593,45.98020,3834
7.65635,45.98020,3838
7.65678,45.98020,3836
7.65721,45.98020,3828
7.65764,45.98020,3825
7.65807,45.98020,3829
7.65850,45.98020,3837
7.65893,45.98020,3823
7.65936,45.98020,3810
7.65979,45.98020,3796
7.66022,45.98020,3785
7.66065,45.98020,3776
7.66108,45.98020,3768
7.66150,45.98020,3760
7.66193,45.98020,3752
7.66236,45.98020,3743
7.66279,45.98020,3733
7.66322,45.98020,3721
7.66365,45.98020,3709
7.66408,45.98020,3698
7.66451,45.98020,3693
7.66494,45.98020,3676
7.66537,45.98020,3679
7.66580,45.98020,3670
7.66623,45.98020,3675
7.66665,45.98020,3687
7.66708,45.98020,3675
7.66751,45.98020,3663
7.66794,45.98020,3633
7.66837,45.98020,3596
7.64648,45.97991,3326
7.64691,45.97991,3368
7.64734,45.97991,3418
7.64777,45.97991,3456
7.64820,45.97991,3503
7.64863,45.97991,3542
7.64906,45.97991,3583
7.64949,45.97991,3617
7.64992,45.97991,3639
7.65035,45.97991,3657
7.65078,45.97991,3685
7.65121,45.97991,3719
7.65163,45.97991,3756
7.65206,45.97991,3793
7.65249,45.97991,3825
7.65292,45.97991,3839
7.65335,45.97991,3851
7.65378,45.97991,3858
7.65421,45.97991,3862
7.65464,45.97991,3865
7.65507,45.97991,3870
7.65550,45.97991,3876
7.65593,45.97991,3883
7.65635,45.97991,3888
7.65678,45.97991,3890
7.65721,45.97991,3885
7.65764,45.97991,3882
7.65807,45.97991,3884
7.65850,45.97991,3883
7.65893,45.97991,3871
7.65936,45.97991,3857
7.65979,45.97991,3844
7.66022,45.97991,3833
7.66065,45.97991,3823
7.66108,45.97991,3814
7.66150,45.97991,3804
7.66193,45.97991,3795
7.66236,45.97991,3785
7.66279,45.97991,3773
7.66322,45.97991,3760
7.66365,45.97991,3747
7.66408,45.97991,3735
7.66451,45.97991,3729
7.66494,45.97991,3702
7.66537,45.97991,3697
7.66580,45.97991,3688
7.66623,45.97991,3702
7.66665,45.97991,3719
7.66708,45.97991,3694
7.66751,45.97991,3668
7.66794,45.97991,3634
7.66837,45.97991,3598
7.64648,45.97961,3318
7.64691,45.97961,3364
7.64734,45.97961,3415
7.64777,45.97961,3456
7.64820,45.97961,3502
7.64863,45.97961,3541
7.64906,45.97961,3580
7.64949,45.97961,3612
7.64992,45.97961,3634
7.65035,45.97961,3655
7.65078,45.97961,3685
7.65121,45.97961,3722
7.65163,45.97961,3762
7.65206,45.97961,3803
7.65249,45.97961,3840
7.65292,45.97961,3858
7.65335,45.97961,3875
7.65378,45.97961,3889
7.65421,45.97961,3897
7.65464,45.97961,3906
7.65507,45.97961,3914
7.65550,45.97961,3924
7.65593,45.97961,3934
7.65635,45.97961,3942
7.65678,45.97961,3944
7.65721,45.97961,3941
7.65764,45.97961,3938
7.65807,45.97961,3938
7.65850,45.97961,3932
7.65893,45.97961,3919
7.65936,45.97961,3907
7.65979,45.97961,3893
7.66022,45.97961,3879
7.66065,45.97961,3868
7.66108,45.97961,3858
7.66150,45.97961,3847
7.66193,45.97961,3836
7.66236,45.97961,3824
7.66279,45.97961,3810
7.66322,45.97961,3795
7.66365,45.97961,3781
7.66408,45.97961,3767
7.66451,45.97961,3760
7.66494,45.97961,3726
7.66537,45.97961,3715
7.66580,45.97961,3704
7.66623,45.97961,3718
7.66665,45.97961,3723
7.66708,45.97961,3693
7.66751,45.97961,3662
7.66794,45.97961,3626
7.66837,45.97961,3590
7.64648,45.97931,3314
7.64691,45.97931,3362
7.64734,45.97931,3412
7.64777,45.97931,3458
7.64820,45.97931,3500
7.64863,45.97931,3535
7.64906,45.97931,3572
7.64949,45.97931,3605
7.64992,45.97931,3629
7.65035,45.97931,3656
7.65078,45.97931,3688
7.65121,45.97931,3727
7.65163,45.97931,3769
7.65206,45.97931,3814
7.65249,45.97931,3855
7.65292,45.97931,3879
7.65335,45.97931,3900
7.65378,45.97931,3920
7.65421,45.97931,3933
7.65464,45.97931,3946
7.65507,45.97931,3959
7.65550,45.97931,3972
7.65593,45.97931,3985
7.65635,45.97931,3995
7.65678,45.97931,4000
7.65721,45.97931,3996
7.65764,45.97931,3992
7.65807,45.97931,3989
7.65850,45.97931,3982
7.65893,45.97931,3970
7.65936,45.97931,3958
7.65979,45.97931,3941
7.66022,45.97931,3926
7.66065,45.97931,3912
7.66108,45.97931,3899
7.66150,45.97931,3888
7.66193,45.97931,3876
7.66236,45.97931,3862
7.66279,45.97931,3845
7.66322,45.97931,3828
7.66365,45.97931,3811
7.66408,45.97931,3796
7.66451,45.97931,3787
7.66494,45.97931,3745
7.66537,45.97931,3728
7.66580,45.97931,3717
7.66623,45.97931,3727
7.66665,45.97931,3711
7.66708,45.97931,3681
7.66751,45.97931,3650
7.66794,45.97931,3614
7.66837,45.97931,3576
7.64648,45.97901,3307
7.64691,45.97901,3360
7.64734,45.97901,3407
7.64777,45.97901,3453
7.64820,45.97901,3492
7.64863,45.97901,3527
7.64906,45.97901,3565
7.64949,45.97901,3600
7.64992,45.97901,3629
7.65035,45.97901,3661
7.65078,45.97901,3697
7.65121,45.97901,3738
7.65163,45.97901,3782
7.65206,45.97901,3832
7.65249,45.97901,3874
7.65292,45.97901,3901
7.65335,45.97901,3926
7.65378,45.97901,3951
7.65421,45.97901,3969
7.65464,45.97901,3986
7.65507,45.97901,4004
7.65550,45.97901,4021
7.65593,45.97901,4037
7.65635,45.97901,4050
7.65678,45.97901,4059
7.65721,45.97901,4055
7.65764,45.97901,4048
7.65807,45.97901,4044
7.65850,45.97901,4035
7.65893,45.97901,4023
7.65936,45.97901,4012
7.65979,45.97901,3992
7.66022,45.97901,3974
7.66065,45.97901,3953
7.66108,45.97901,3935
7.66150,45.97901,3925
7.66193,45.97901,3911
7.66236,45.97901,3894
7.66279,45.97901,3875
7.66322,45.97901,3856
7.66365,45.97901,3836
7.66408,45.97901,3820
7.66451,45.97901,3799
7.66494,45.97901,3762
7.66537,45.97901,3741
7.66580,45.97901,3734
7.66623,45.97901,3733
7.66665,45.97901,3700
7.66708,45.97901,3669
7.66751,45.97901,3637
7.66794,45.97901,3601
7.66837,45.97901,3562
7.64648,45.97871,3304
7.64691,45.97871,3352
7.64734,45.97871,3399
7.64777,45.97871,3441
7.64820,45.97871,3481
7.64863,45.97871,3519
7.64906,45.97871,3559
7.64949,45.97871,3601
7.64992,45.97871,3636
7.65035,45.97871,3671
7.65078,45.97871,3713
7.65121,45.97871,3757
7.65163,45.97871,3802
7.65206,45.97871,3851
7.65249,45.97871,3894
7.65292,45.97871,3924
7.65335,45.97871,3953
7.65378,45.97871,3981
7.65421,45.97871,4004
7.65464,45.97871,4026
7.65507,45.97871,4048
7.65550,45.97871,4069
7.65593,45.97871,4089
7.65635,45.97871,4103
7.65678,45.97871,4114
7.65721,45.97871,4114
7.65764,45.97871,4110
7.65807,45.97871,4103
7.65850,45.97871,4092
7.65893,45.97871,4078
7.65936,45.97871,4063
7.65979,45.97871,4042
7.66022,45.97871,4018
7.66065,45.97871,3991
7.66108,45.97871,3967
7.66150,45.97871,3953
7.66193,45.97871,3939
7.66236,45.97871,3920
7.66279,45.97871,3898
7.66322,45.97871,3875
7.66365,45.97871,3853
7.66408,45.97871,3835
7.66451,45.97871,3808
7.66494,45.97871,3773
7.66537,45.97871,3750
7.66580,45.97871,3743
7.66623,45.97871,3722
7.66665,45.97871,3690
7.66708,45.97871,3657
7.66751,45.97871,3623
7.66794,45.97871,3587
7.66837,45.97871,3551
7.64648,45.97841,3300
7.64691,45.97841,3345
7.64734,45.97841,3389
7.64777,45.97841,3431
7.64820,45.97841,3472
7.64863,45.97841,3513
7.64906,45.97841,3557
7.64949,45.97841,3604
7.64992,45.97841,3650
7.65035,45.97841,3689
7.65078,45.97841,3733
7.65121,45.97841,3781
7.65163,45.97841,3828
7.65206,45.97841,3874
7.65249,45.97841,3915
7.65292,45.97841,3948
7.65335,45.97841,3980
7.65378,45.97841,4011
7.65421,45.97841,4038
7.65464,45.97841,4065
7.65507,45.97841,4091
7.65550,45.97841,4117
7.65593,45.97841,4140
7.65635,45.97841,4157
7.65678,45.97841,4169
7.65721,45.97841,4172
7.65764,45.97841,4169
7.65807,45.97841,4159
7.65850,45.97841,4145
7.65893,45.97841,4127
7.65936,45.97841,4107
7.65979,45.97841,4085
7.66022,45.97841,4062
7.66065,45.97841,4030
7.66108,45.97841,3997
7.66150,45.97841,3979
7.66193,45.97841,3963
7.66236,45.97841,3942
7.66279,45.97841,3917
7.66322,45.97841,3891
7.66365,45.97841,3866
7.66408,45.97841,3845
7.66451,45.97841,3815
7.66494,45.97841,3780
7.66537,45.97841,3755
7.66580,45.97841,3737
7.66623,45.97841,3711
7.66665,45.97841,3680
7.66708,45.97841,3646
7.66751,45.97841,3609
7.66794,45.97841,3574
7.66837,45.97841,3539
7.64648,45.97812,3300
7.64691,45.97812,3342
7.64734,45.97812,3383
7.64777,45.97812,3427
7.64820,45.97812,3471
7.64863,45.97812,3517
7.64906,45.97812,3564
7.64949,45.97812,3614
7.64992,45.97812,3668
7.65035,45.97812,3711
7.65078,45.97812,3754
7.65121,45.97812,3804
7.65163,45.97812,3860
7.65206,45.97812,3900
7.65249,45.97812,3938
7.65292,45.97812,3973
7.65335,45.97812,4007
7.65378,45.97812,4039
7.65421,45.97812,4070
7.65464,45.97812,4101
7.65507,45.97812,4131
7.65550,45.97812,4160
7.65593,45.97812,4186
7.65635,45.97812,4205
7.65678,45.97812,4219
7.65721,45.97812,4221
7.65764,45.97812,4218
7.65807,45.97812,4206
7.65850,45.97812,4190
7.65893,45.97812,4169
7.65936,45.97812,4146
7.65979,45.97812,4121
7.66022,45.97812,4095
7.66065,45.97812,4064
7.66108,45.97812,4025
7.66150,45.97812,3999
7.66193,45.97812,3978
7.66236,45.97812,3956
7.66279,45.97812,3929
7.66322,45.97812,3901
7.66365,45.97812,3874
7.66408,45.97812,3851
7.66451,45.97812,3819
7.66494,45.97812,3782
7.66537,45.97812,3755
7.66580,45.97812,3729
7.66623,45.97812,3700
7.66665,45.97812,3669
7.66708,45.97812,3633
7.66751,45.97812,3594
7.66794,45.97812,3560
7.66837,45.97812,3527
7.64648,45.97782,3301
7.64691,45.97782,3339
7.64734,45.97782,3382
7.64777,45.97782,3431
7.64820,45.97782,3481
7.64863,45.97782,3533
7.64906,45.97782,3581
7.64949,45.97782,3631
7.64992,45.97782,3685
7.65035,45.97782,3732
7.65078,45.97782,3774
7.65121,45.97782,3823
7.65163,45.97782,3886
7.65206,45.97782,3925
7.65249,45.97782,3960
7.65292,45.97782,3996
7.65335,45.97782,4032
7.65378,45.97782,4066
7.65421,45.97782,4099
7.65464,45.97782,4132
7.65507,45.97782,4166
7.65550,45.97782,4198
7.65593,45.97782,4227
7.65635,45.97782,4248
7.65678,45.97782,4263
7.65721,45.97782,4265
7.65764,45.97782,4261
7.65807,45.97782,4247
7.65850,45.97782,4229
7.65893,45.97782,4204
7.65936,45.97782,4178
7.65979,45.97782,4149
7.66022,45.97782,4119
7.66065,45.97782,4089
7.66108,45.97782,4048
7.66150,45.97782,4014
7.66193,45.97782,3986
7.66236,45.97782,3963
7.66279,45.97782,3935
7.66322,45.97782,3905
7.66365,45.97782,3875
7.66408,45.97782,3850
7.66451,45.97782,3818
7.66494,45.97782,3781
7.66537,45.97782,3750
7.66580,45.97782,3719
7.66623,45.97782,3688
7.66665,45.97782,3657
7.66708,45.97782,3620
7.66751,45.97782,3580
7.66794,45.97782,3547
7.66837,45.97782,3517
7.64648,45.97752,3302
7.64691,45.97752,3341
7.64734,45.97752,3390
7.64777,45.97752,3445
7.64820,45.97752,3499
7.64863,45.97752,3556
7.64906,45.97752,3604
7.64949,45.97752,3649
7.64992,45.97752,3699
7.65035,45.97752,3749
7.65078,45.97752,3794
7.65121,45.97752,3841
7.65163,45.97752,3897
7.65206,45.97752,3940
7.65249,45.97752,3980
7.65292,45.97752,4019
7.65335,45.97752,4056
7.65378,45.97752,4091
7.65421,45.97752,4126
7.65464,45.97752,4161
7.65507,45.97752,4197
7.65550,45.97752,4232
7.65593,45.97752,4264
7.65635,45.97752,4287
7.65678,45.97752,4303
7.65721,45.97752,4305
7.65764,45.97752,4300
7.65807,45.97752,4284
7.65850,45.97752,4262
7.65893,45.97752,4235
7.65936,45.97752,4205
7.65979,45.97752,4173
7.66022,45.97752,4139
7.66065,45.97752,4105
7.66108,45.97752,4066
7.66150,45.97752,4024
7.66193,45.97752,3993
7.66236,45.97752,3966
7.66279,45.97752,3936
7.66322,45.97752,3905
7.66365,45.97752,3874
7.66408,45.97752,3846
7.66451,45.97752,3813
7.66494,45.97752,3775
7.66537,45.97752,3741
7.66580,45.97752,3709
7.66623,45.97752,3677
7.66665,45.97752,3645
7.66708,45.97752,3607
7.66751,45.97752,3566
7.66794,45.97752,3535
7.66837,45.97752,3507
7.64648,45.97722,3311
7.64691,45.97722,3354
7.64734,45.97722,3413
7.64777,45.97722,3467
7.64820,45.97722,3529
7.64863,45.97722,3576
7.64906,45.97722,3628
7.64949,45.97722,3665
7.64992,45.97722,3714
7.65035,45.97722,3766
7.65078,45.97722,3817
7.65121,45.97722,3863
7.65163,45.97722,3913
7.65206,45.97722,3956
7.65249,45.97722,4000
7.65292,45.97722,4039
7.65335,45.97722,4078
7.65378,45.97722,4113
7.65421,45.97722,4148
7.65464,45.97722,4183
7.65507,45.97722,4220
7.65550,45.97722,4256
7.65593,45.97722,4289
7.65635,45.97722,4313
7.65678,45.97722,4330
7.65721,45.97722,4331
7.65764,45.97722,4325
7.65807,45.97722,4307
7.65850,45.97722,4283
7.65893,45.97722,4253
7.65936,45.97722,4220
7.65979,45.97722,4185
7.66022,45.97722,4148
7.66065,45.97722,4111
7.66108,45.97722,4073
7.66150,45.97722,4029
7.66193,45.97722,3992
7.66236,45.97722,3962
7.66279,45.97722,3931
7.66322,45.97722,3900
7.66365,45.97722,3867
7.66408,45.97722,3838
7.66451,45.97722,3805
7.66494,45.97722,3767
7.66537,45.97722,3732
7.66580,45.97722,3699
7.66623,45.97722,3666
7.66665,45.97722,3634
7.66708,45.97722,3596
7.66751,45.97722,3556
7.66794,45.97722,3526
7.66837,45.97722,3499
7.64648,45.97692,3331
7.64691,45.97692,3377
7.64734,45.97692,3443
7.64777,45.97692,3505
7.64820,45.97692,3538
7.64863,45.97692,3595
7.64906,45.97692,3653
7.64949,45.97692,3690
7.64992,45.97692,3737
7.65035,45.97692,3790
7.65078,45.97692,3841
7.65121,45.97692,3887
7.65163,45.97692,3937
7.65206,45.97692,3978
7.65249,45.97692,4021
7.65292,45.97692,4060
7.65335,45.97692,4097
7.65378,45.97692,4132
7.65421,45.97692,4166
7.65464,45.97692,4201
7.65507,45.97692,4237
7.65550,45.97692,4272
7.65593,45.97692,4304
7.65635,45.97692,4329
7.65678,45.97692,4346
7.65721,45.97692,4347
7.65764,45.97692,4339
7.65807,45.97692,4319
7.65850,45.97692,4293
7.65893,45.97692,4260
7.65936,45.97692,4225
7.65979,45.97692,4187
7.66022,45.97692,4149
7.66065,45.97692,4109
7.66108,45.97692,4069
7.66150,45.97692,4025
7.66193,45.97692,3984
7.66236,45.97692,3951
7.66279,45.97692,3921
7.66322,45.97692,3890
7.66365,45.97692,3857
7.66408,45.97692,3827
7.66451,45.97692,3794
7.66494,45.97692,3758
7.66537,45.97692,3723
7.66580,45.97692,3689
7.66623,45.97692,3656
7.66665,45.97692,3623
7.66708,45.97692,3588
7.66751,45.97692,3551
7.66794,45.97692,3520
7.66837,45.97692,3492
7.64648,45.97663,3354
7.64691,45.97663,3404
7.64734,45.97663,3468
7.64777,45.97663,3511
7.64820,45.97663,3565
7.64863,45.97663,3629
7.64906,45.97663,3678
7.64949,45.97663,3721
7.64992,45.97663,3762
7.65035,45.97663,3811
7.65078,45.97663,3860
7.65121,45.97663,3907
7.65163,45.97663,3965
7.65206,45.97663,4004
7.65249,45.97663,4042
7.65292,45.97663,4078
7.65335,45.97663,4115
7.65378,45.97663,4148
7.65421,45.97663,4177
7.65464,45.97663,4208
7.65507,45.97663,4240
7.65550,45.97663,4279
7.65593,45.97663,4312
7.65635,45.97663,4336
7.65678,45.97663,4353
7.65721,45.97663,4353
7.65764,45.97663,4344
7.65807,45.97663,4322
7.65850,45.97663,4295
7.65893,45.97663,4260
7.65936,45.97663,4224
7.65979,45.97663,4184
7.66022,45.97663,4143
7.66065,45.97663,4101
7.66108,45.97663,4060
7.66150,45.97663,4012
7.66193,45.97663,3970
7.66236,45.97663,3938
7.66279,45.97663,3908
7.66322,45.97663,3877
7.66365,45.97663,3845
7.66408,45.97663,3814
7.66451,45.97663,3781
7.66494,45.97663,3747
7.66537,45.97663,3712
7.66580,45.97663,3678
7.66623,45.97663,3645
7.66665,45.97663,3613
7.66708,45.97663,3579
7.66751,45.97663,3545
7.66794,45.97663,3514
7.66837,45.97663,3484
7.64648,45.97633,3382
7.64691,45.97633,3433
7.64734,45.97633,3493
7.64777,45.97633,3537
7.64820,45.97633,3596
7.64863,45.97633,3655
7.64906,45.97633,3700
7.64949,45.97633,3750
7.64992,45.97633,3792
7.65035,45.97633,3838
7.65078,45.97633,3883
7.65121,45.97633,3929
7.65163,45.97633,3983
7.65206,45.97633,4023
7.65249,45.97633,4060
7.65292,45.97633,4095
7.65335,45.97633,4129
7.65378,45.97633,4159
7.65421,45.97633,4184
7.65464,45.97633,4210
7.65507,45.97633,4238
7.65550,45.97633,4275
7.65593,45.97633,4305
7.65635,45.97633,4327
7.65678,45.97633,4341
7.65721,45.97633,4340
7.65764,45.97633,4330
7.65807,45.97633,4308
7.65850,45.97633,4280
7.65893,45.97633,4246
7.65936,45.97633,4209
7.65979,45.97633,4168
7.66022,45.97633,4126
7.66065,45.97633,4083
7.66108,45.97633,4041
7.66150,45.97633,3994
7.66193,45.97633,3953
7.66236,45.97633,3919
7.66279,45.97633,3890
7.66322,45.97633,3861
7.66365,45.97633,3829
7.66408,45.97633,3798
7.66451,45.97633,3766
7.66494,45.97633,3734
7.66537,45.97633,3701
7.66580,45.97633,3668
7.66623,45.97633,3635
7.66665,45.97633,3602
7.66708,45.97633,3569
7.66751,45.97633,3536
7.66794,45.97633,3504
7.66837,45.97633,3472
7.64648,45.97603,3411
7.64691,45.97603,3462
7.64734,45.97603,3517
7.64777,45.97603,3572
7.64820,45.97603,3620
7.64863,45.97603,3675
7.64906,45.97603,3732
7.64949,45.97603,3779
7.64992,45.97603,3820
7.65035,45.97603,3863
7.65078,45.97603,3907
7.65121,45.97603,3952
7.65163,45.97603,3999
7.65206,45.97603,4039
7.65249,45.97603,4077
7.65292,45.97603,4110
7.65335,45.97603,4141
7.65378,45.97603,4167
7.65421,45.97603,4191
7.65464,45.97603,4215
7.65507,45.97603,4235
7.65550,45.97603,4261
7.65593,45.97603,4288
7.65635,45.97603,4305
7.65678,45.97603,4317
7.65721,45.97603,4314
7.65764,45.97603,4304
7.65807,45.97603,4282
7.65850,45.97603,4255
7.65893,45.97603,4221
7.65936,45.97603,4184
7.65979,45.97603,4144
7.66022,45.97603,4102
7.66065,45.97603,4059
7.66108,45.97603,4016
7.66150,45.97603,3971
7.66193,45.97603,3932
7.66236,45.97603,3897
7.66279,45.97603,3870
7.66322,45.97603,3842
7.66365,45.97603,3811
7.66408,45.97603,3781
7.66451,45.97603,3749
7.66494,45.97603,3720
7.66537,45.97603,3688
7.66580,45.97603,3657
7.66623,45.97603,3624
7.66665,45.97603,3591
7.66708,45.97603,3558
7.66751,45.97603,3525
7.66794,45.97603,3491
7.66837,45.97603,3458
7.64648,45.97573,3437
7.64691,45.97573,3489
7.64734,45.97573,3541
7.64777,45.97573,3594
7.64820,45.97573,3650
7.64863,45.97573,3700
7.64906,45.97573,3757
7.64949,45.97573,3805
7.64992,45.97573,3844
7.65035,45.97573,3888
7.65078,45.97573,3931
7.65121,45.97573,3974
7.65163,45.97573,4017
7.65206,45.97573,4053
7.65249,45.97573,4090
7.65292,45.97573,4120
7.65335,45.97573,4148
7.65378,45.97573,4171
7.65421,45.97573,4191
7.65464,45.97573,4208
7.65507,45.97573,4224
7.65550,45.97573,4240
7.65593,45.97573,4261
7.65635,45.97573,4278
7.65678,45.97573,4285
7.65721,45.97573,4281
7.65764,45.97573,4270
7.65807,45.97573,4249
7.65850,45.97573,4223
7.65893,45.97573,4191
7.65936,45.97573,4155
7.65979,45.97573,4115
7.66022,45.97573,4074
7.66065,45.97573,4031
7.66108,45.97573,3988
7.66150,45.97573,3946
7.66193,45.97573,3906
7.66236,45.97573,3869
7.66279,45.97573,3845
7.66322,45.97573,3818
7.66365,45.97573,3787
7.66408,45.97573,3753
7.66451,45.97573,3727
7.66494,45.97573,3703
7.66537,45.97573,3675
7.66580,45.97573,3644
7.66623,45.97573,3612
7.66665,45.97573,3580
7.66708,45.97573,3546
7.66751,45.97573,3513
7.66794,45.97573,3478
7.66837,45.97573,3444
7.64648,45.97543,3468
7.64691,45.97543,3517
7.64734,45.97543,3566
7.64777,45.97543,3618
7.64820,45.97543,3674
7.64863,45.97543,3723
7.64906,45.97543,3774
7.64949,45.97543,3823
7.64992,45.97543,3864
7.65035,45.97543,3913
7.65078,45.97543,3956
7.65121,45.97543,3996
7.65163,45.97543,4034
7.65206,45.97543,4067
7.65249,45.97543,4098
7.65292,45.97543,4125
7.65335,45.97543,4149
7.65378,45.97543,4168
7.65421,45.97543,4183
7.65464,45.97543,4195
7.65507,45.97543,4203
7.65550,45.97543,4212
7.65593,45.97543,4221
7.65635,45.97543,4237
7.65678,45.97543,4242
7.65721,45.97543,4236
7.65764,45.97543,4225
7.65807,45.97543,4205
7.65850,45.97543,4180
7.65893,45.97543,4149
7.65936,45.97543,4115
7.65979,45.97543,4077
7.66022,45.97543,4037
7.66065,45.97543,3995
7.66108,45.97543,3953
7.66150,45.97543,3912
7.66193,45.97543,3874
7.66236,45.97543,3842
7.66279,45.97543,3820
7.66322,45.97543,3793
7.66365,45.97543,3762
7.66408,45.97543,3729
7.66451,45.97543,3704
7.66494,45.97543,3684
7.66537,45.97543,3658
7.66580,45.97543,3628
7.66623,45.97543,3597
7.66665,45.97543,3565
7.66708,45.97543,3532
7.66751,45.97543,3499
7.66794,45.97543,3464
7.66837,45.97543,3429
7.64648,45.97513,3502
7.64691,45.97513,3549
7.64734,45.97513,3596
7.64777,45.97513,3644
7.64820,45.97513,3696
7.64863,45.97513,3745
7.64906,45.97513,3793
7.64949,45.97513,3841
7.64992,45.97513,3883
7.65035,45.97513,3933
7.65078,45.97513,3973
7.65121,45.97513,4011
7.65163,45.97513,4045
7.65206,45.97513,4076
7.65249,45.97513,4104
7.65292,45.97513,4126
7.65335,45.97513,4146
7.65378,45.97513,4161
7.65421,45.97513,4171
7.65464,45.97513,4177
7.65507,45.97513,4179
7.65550,45.97513,4182
7.65593,45.97513,4182
7.65635,45.97513,4189
7.65678,45.97513,4191
7.65721,45.97513,4185
7.65764,45.97513,4173
7.65807,45.97513,4154
7.65850,45.97513,4131
7.65893,45.97513,4103
7.65936,45.97513,4071
7.65979,45.97513,4035
7.66022,45.97513,3996
7.66065,45.97513,3955
7.66108,45.97513,3915
7.66150,45.97513,3876
7.66193,45.97513,3842
7.66236,45.97513,3816
7.66279,45.97513,3794
7.66322,45.97513,3770
7.66365,45.97513,3739
7.66408,45.97513,3707
7.66451,45.97513,3684
7.66494,45.97513,3664
7.66537,45.97513,3639
7.66580,45.97513,3610
7.66623,45.97513,3580
7.66665,45.97513,3549
7.66708,45.97513,3518
7.66751,45.97513,3484
7.66794,45.97513,3450
7.66837,45.97513,3414
7.64648,45.97484,3536
7.64691,45.97484,3580
7.64734,45.97484,3625
7.64777,45.97484,3671
7.64820,45.97484,3718
7.64863,45.97484,3765
7.64906,45.97484,3813
7.64949,45.97484,3859
7.64992,45.97484,3902
7.65035,45.97484,3947
7.65078,45.97484,3985
7.65121,45.97484,4019
7.65163,45.97484,4050
7.65206,45.97484,4077
7.65249,45.97484,4102
7.65292,45.97484,4122
7.65335,45.97484,4139
7.65378,45.97484,4149
7.65421,45.97484,4153
7.65464,45.97484,4154
7.65507,45.97484,4151
7.65550,45.97484,4147
7.65593,45.97484,4141
7.65635,45.97484,4141
7.65678,45.97484,4139
7.65721,45.97484,4132
7.65764,45.97484,4120
7.65807,45.97484,4102
7.65850,45.97484,4080
7.65893,45.97484,4054
7.65936,45.97484,4024
7.65979,45.97484,3990
7.66022,45.97484,3953
7.66065,45.97484,3913
7.66108,45.97484,3875
7.66150,45.97484,3838
7.66193,45.97484,3808
7.66236,45.97484,3786
7.66279,45.97484,3766
7.66322,45.97484,3743
7.66365,45.97484,3715
7.66408,45.97484,3685
7.66451,45.97484,3662
7.66494,45.97484,3643
7.66537,45.97484,3614
7.66580,45.97484,3584
7.66623,45.97484,3555
7.66665,45.97484,3527
7.66708,45.97484,3500
7.66751,45.97484,3468
7.66794,45.97484,3434
7.66837,45.97484,3398
7.64648,45.97454,3570
7.64691,45.97454,3611
7.64734,45.97454,3652
7.64777,45.97454,3695
7.64820,45.97454,3740
7.64863,45.97454,3786
7.64906,45.97454,3832
7.64949,45.97454,3876
7.64992,45.97454,3917
7.65035,45.97454,3954
7.65078,45.97454,3988
7.65121,45.97454,4018
7.65163,45.97454,4044
7.65206,45.97454,4067
7.65249,45.97454,4089
7.65292,45.97454,4106
7.65335,45.97454,4120
7.65378,45.97454,4126
7.65421,45.97454,4126
7.65464,45.97454,4122
7.65507,45.97454,4116
7.65550,45.97454,4109
7.65593,45.97454,4099
7.65635,45.97454,4092
7.65678,45.97454,4087
7.65721,45.97454,4078
7.65764,45.97454,4064
7.65807,45.97454,4047
7.65850,45.97454,4026
7.65893,45.97454,4001
7.65936,45.97454,3973
7.65979,45.97454,3941
7.66022,45.97454,3906
7.66065,45.97454,3868
7.66108,45.97454,3831
7.66150,45.97454,3796
7.66193,45.97454,3768
7.66236,45.97454,3748
7.66279,45.97454,3723
7.66322,45.97454,3705
7.66365,45.97454,3688
7.66408,45.97454,3662
7.66451,45.97454,3637
7.66494,45.97454,3617
7.66537,45.97454,3588
7.66580,45.97454,3557
7.66623,45.97454,3529
7.66665,45.97454,3502
7.66708,45.97454,3478
7.66751,45.97454,3451
7.66794,45.97454,3418
7.66837,45.97454,3383
7.64648,45.97424,3604
7.64691,45.97424,3642
7.64734,45.97424,3679
7.64777,45.97424,3718
7.64820,45.97424,3759
7.64863,45.97424,3802
7.64906,45.97424,3844
7.64949,45.97424,3885
7.64992,45.97424,3923
7.65035,45.97424,3957
7.65078,45.97424,3986
7.65121,45.97424,4011
7.65163,45.97424,4035
7.65206,45.97424,4057
7.65249,45.97424,4077
7.65292,45.97424,4090
7.65335,45.97424,4100
7.65378,45.97424,4100
7.65421,45.97424,4096
7.65464,45.97424,4087
7.65507,45.97424,4078
7.65550,45.97424,4071
7.65593,45.97424,4059
7.65635,45.97424,4045
7.65678,45.97424,4037
7.65721,45.97424,4023
7.65764,45.97424,4009
7.65807,45.97424,3991
7.65850,45.97424,3971
7.65893,45.97424,3948
7.65936,45.97424,3921
7.65979,45.97424,3891
7.66022,45.97424,3858
7.66065,45.97424,3821
7.66108,45.97424,3786
7.66150,45.97424,3753
7.66193,45.97424,3725
7.66236,45.97424,3707
7.66279,45.97424,3677
7.66322,45.97424,3659
7.66365,45.97424,3645
7.66408,45.97424,3628
7.66451,45.97424,3609
7.66494,45.97424,3590
7.66537,45.97424,3559
7.66580,45.97424,3530
7.66623,45.97424,3503
7.66665,45.97424,3477
7.66708,45.97424,3455
7.66751,45.97424,3432
7.66794,45.97424,3402
7.66837,45.97424,3368
7.64648,45.97394,3622
7.64691,45.97394,3661
7.64734,45.97394,3696
7.64777,45.97394,3734
7.64820,45.97394,3771
7.64863,45.97394,3810
7.64906,45.97394,3849
7.64949,45.97394,3886
7.64992,45.97394,3921
7.65035,45.97394,3951
7.65078,45.97394,3976
7.65121,45.97394,3996
7.65163,45.97394,4017
7.65206,45.97394,4038
7.65249,45.97394,4056
7.65292,45.97394,4066
7.65335,45.97394,4072
7.65378,45.97394,4070
7.65421,45.97394,4062
7.65464,45.97394,4048
7.65507,45.97394,4038
7.65550,45.97394,4031
7.65593,45.97394,4016
7.65635,45.97394,4000
7.65678,45.97394,3986
7.65721,45.97394,3970
7.65764,45.97394,3954
7.65807,45.97394,3937
7.65850,45.97394,3917
7.65893,45.97394,3895
7.65936,45.97394,3869
7.65979,45.97394,3840
7.66022,45.97394,3808
7.66065,45.97394,3774
7.66108,45.97394,3740
7.66150,45.97394,3708
7.66193,45.97394,3680
7.66236,45.97394,3664
7.66279,45.97394,3639
7.66322,45.97394,3616
7.66365,45.97394,3599
7.66408,45.97394,3585
7.66451,45.97394,3573
7.66494,45.97394,3557
7.66537,45.97394,3524
7.66580,45.97394,3495
7.66623,45.97394,3474
7.66665,45.97394,3452
7.66708,45.97394,3433
7.66751,45.97394,3412
7.66794,45.97394,3386
7.66837,45.97394,3355
7.64648,45.97364,3631
7.64691,45.97364,3658
7.64734,45.97364,3696
7.64777,45.97364,3734
7.64820,45.97364,3768
7.64863,45.97364,3804
7.64906,45.97364,3841
7.64949,45.97364,3875
7.64992,45.97364,3906
7.65035,45.97364,3933
7.65078,45.97364,3954
7.65121,45.97364,3967
7.65163,45.97364,3990
7.65206,45.97364,4009
7.65249,45.97364,4025
7.65292,45.97364,4034
7.65335,45.97364,4037
7.65378,45.97364,4032
7.65421,45.97364,4021
7.65464,45.97364,4007
7.65507,45.97364,4000
7.65550,45.97364,3988
7.65593,45.97364,3972
7.65635,45.97364,3955
7.65678,45.97364,3936
7.65721,45.97364,3918
7.65764,45.97364,3902
7.65807,45.97364,3884
7.65850,45.97364,3865
7.65893,45.97364,3842
7.65936,45.97364,3818
7.65979,45.97364,3789
7.66022,45.97364,3759
7.66065,45.97364,3726
7.66108,45.97364,3693
7.66150,45.97364,3662
7.66193,45.97364,3634
7.66236,45.97364,3610
7.66279,45.97364,3601
7.66322,45.97364,3573
7.66365,45.97364,3552
7.66408,45.97364,3537
7.66451,45.97364,3529
7.66494,45.97364,3514
7.66537,45.97364,3483
7.66580,45.97364,3457
7.66623,45.97364,3439
7.66665,45.97364,3426
7.66708,45.97364,3410
7.66751,45.97364,3393
7.66794,45.97364,3370
7.66837,45.97364,3344
7.64648,45.97334,3650
7.64691,45.97334,3672
7.64734,45.97334,3696
7.64777,45.97334,3732
7.64820,45.97334,3762
7.64863,45.97334,3793
7.64906,45.97334,3823
7.64949,45.97334,3856
7.64992,45.97334,3882
7.65035,45.97334,3907
7.65078,45.97334,3925
7.65121,45.97334,3932
7.65163,45.97334,3958
7.65206,45.97334,3977
7.65249,45.97334,3991
7.65292,45.97334,3997
7.65335,45.97334,3998
7.65378,45.97334,3991
7.65421,45.97334,3976
7.65464,45.97334,3963
7.65507,45.97334,3954
7.65550,45.97334,3940
7.65593,45.97334,3925
7.65635,45.97334,3906
7.65678,45.97334,3885
7.65721,45.97334,3867
7.65764,45.97334,3849
7.65807,45.97334,3832
7.65850,45.97334,3812
7.65893,45.97334,3790
7.65936,45.97334,3766
7.65979,45.97334,3738
7.66022,45.97334,3709
7.66065,45.97334,3678
7.66108,45.97334,3647
7.66150,45.97334,3617
7.66193,45.97334,3590
7.66236,45.97334,3570
7.66279,45.97334,3547
7.66322,45.97334,3526
7.66365,45.97334,3503
7.66408,45.97334,3485
7.66451,45.97334,3477
7.66494,45.97334,3462
7.66537,45.97334,3439
7.66580,45.97334,3422
7.66623,45.97334,3407
7.66665,45.97334,3397
7.66708,45.97334,3386
7.66751,45.97334,3371
7.66794,45.97334,3354
7.66837,45.97334,3334
7.64648,45.97305,3673
7.64691,45.97305,3689
7.64734,45.97305,3702
7.64777,45.97305,3730
7.64820,45.97305,3756
7.64863,45.97305,3775
7.64906,45.97305,3803
7.64949,45.97305,3834
7.64992,45.97305,3857
7.65035,45.97305,3882
7.65078,45.97305,3898
7.65121,45.97305,3903
7.65163,45.97305,3926
7.65206,45.97305,3942
7.65249,45.97305,3953
7.65292,45.97305,3957
7.65335,45.97305,3957
7.65378,45.97305,3948
7.65421,45.97305,3932
7.65464,45.97305,3917
7.65507,45.97305,3904
7.65550,45.97305,3891
7.65593,45.97305,3876
7.65635,45.97305,3855
7.65678,45.97305,3835
7.65721,45.97305,3817
7.65764,45.97305,3799
7.65807,45.97305,3781
7.65850,45.97305,3762
7.65893,45.97305,3740
7.65936,45.97305,3716
7.65979,45.97305,3689
7.66022,45.97305,3661
7.66065,45.97305,3632
7.66108,45.97305,3604
7.66150,45.97305,3573
7.66193,45.97305,3547
7.66236,45.97305,3522
7.66279,45.97305,3491
7.66322,45.97305,3479
7.66365,45.97305,3458
7.66408,45.97305,3436
7.66451,45.97305,3425
7.66494,45.97305,3411
7.66537,45.97305,3395
7.66580,45.97305,3383
7.66623,45.97305,3375
7.66665,45.97305,3368
7.66708,45.97305,3360
7.66751,45.97305,3350
7.66794,45.97305,3339
7.66837,45.97305,3326
7.64648,45.97275,3685
7.64691,45.97275,3698
7.64734,45.97275,3693
7.64777,45.97275,3717
7.64820,45.97275,3735
7.64863,45.97275,3751
7.64906,45.97275,3783
7.64949,45.97275,3810
7.64992,45.97275,3833
7.65035,45.97275,3857
7.65078,45.97275,3873
7.65121,45.97275,3877
7.65163,45.97275,3893
7.65206,45.97275,3904
7.65249,45.97275,3912
7.65292,45.97275,3914
7.65335,45.97275,3912
7.65378,45.97275,3903
7.65421,45.97275,3888
7.65464,45.97275,3873
7.65507,45.97275,3858
7.65550,45.97275,3842
7.65593,45.97275,3825
7.65635,45.97275,3804
7.65678,45.97275,3786
7.65721,45.97275,3768
7.65764,45.97275,3751
7.65807,45.97275,3732
7.65850,45.97275,3712
7.65893,45.97275,3691
7.65936,45.97275,3667
7.65979,45.97275,3642
7.66022,45.97275,3613
7.66065,45.97275,3585
7.66108,45.97275,3557
7.66150,45.97275,3531
7.66193,45.97275,3504
7.66236,45.97275,3471
7.66279,45.97275,3448
7.66322,45.97275,3434
7.66365,45.97275,3415
7.66408,45.97275,3394
7.66451,45.97275,3381
7.66494,45.97275,3369
7.66537,45.97275,3358
7.66580,45.97275,3349
7.66623,45.97275,3344
7.66665,45.97275,3339
7.66708,45.97275,3333
7.66751,45.97275,3327
7.66794,45.97275,3321
7.66837,45.97275,3313
7.64648,45.97245,3677
7.64691,45.97245,3693
7.64734,45.97245,3697
7.64777,45.97245,3705
7.64820,45.97245,3723
7.64863,45.97245,3741
7.64906,45.97245,3763
7.64949,45.97245,3787
7.64992,45.97245,3810
7.65035,45.97245,3832
7.65078,45.97245,3847
7.65121,45.97245,3853
7.65163,45.97245,3860
7.65206,45.97245,3866
7.65249,45.97245,3870
7.65292,45.97245,3870
7.65335,45.97245,3866
7.65378,45.97245,3857
7.65421,45.97245,3845
7.65464,45.97245,3829
7.65507,45.97245,3812
7.65550,45.97245,3794
7.65593,45.97245,3776
7.65635,45.97245,3757
7.65678,45.97245,3739
7.65721,45.97245,3721
7.65764,45.97245,3703
7.65807,45.97245,3684
7.65850,45.97245,3664
7.65893,45.97245,3642
7.65936,45.97245,3619
7.65979,45.97245,3593
7.66022,45.97245,3566
7.66065,45.97245,3537
7.66108,45.97245,3509
7.66150,45.97245,3491
7.66193,45.97245,3466
7.66236,45.97245,3435
7.66279,45.97245,3410
7.66322,45.97245,3391
7.66365,45.97245,3374
7.66408,45.97245,3359
7.66451,45.97245,3348
7.66494,45.97245,3339
7.66537,45.97245,3329
7.66580,45.97245,3321
7.66623,45.97245,3315
7.66665,45.97245,3310
7.66708,45.97245,3306
7.66751,45.97245,3303
7.66794,45.97245,3301
7.66837,45.97245,3298
7.64648,45.97215,3660
7.64691,45.97215,3672
7.64734,45.97215,3684
7.64777,45.97215,3693
7.64820,45.97215,3708
7.64863,45.97215,3721
7.64906,45.97215,3736
7.64949,45.97215,3754
7.64992,45.97215,3774
7.65035,45.97215,3797
7.65078,45.97215,3815
7.65121,45.97215,3823
7.65163,45.97215,3826
7.65206,45.97215,3828
7.65249,45.97215,3828
7.65292,45.97215,3826
7.65335,45.97215,3821
7.65378,45.97215,3811
7.65421,45.97215,3799
7.65464,45.97215,3783
7.65507,45.97215,3766
7.65550,45.97215,3748
7.65593,45.97215,3729
7.65635,45.97215,3711
7.65678,45.97215,3693
7.65721,45.97215,3675
7.65764,45.97215,3657
7.65807,45.97215,3638
7.65850,45.97215,3618
7.65893,45.97215,3596
7.65936,45.97215,3574
7.65979,45.97215,3549
7.66022,45.97215,3524
7.66065,45.97215,3496
7.66108,45.97215,3469
7.66150,45.97215,3452
7.66193,45.97215,3428
7.66236,45.97215,3398
7.66279,45.97215,3373
7.66322,45.97215,3355
7.66365,45.97215,3342
7.66408,45.97215,3332
7.66451,45.97215,3323
7.66494,45.97215,3315
7.66537,45.97215,3305
7.66580,45.97215,3296
7.66623,45.97215,3288
7.66665,45.97215,3282
7.66708,45.97215,3278
7.66751,45.97215,3280
7.66794,45.97215,3283
7.66837,45.97215,3284
7.64648,45.97185,3637
7.64691,45.97185,3645
7.64734,45.97185,3654
7.64777,45.97185,3664
7.64820,45.97185,3676
7.64863,45.97185,3688
7.64906,45.97185,3701
7.64949,45.97185,3716
7.64992,45.97185,3735
7.65035,45.97185,3757
7.65078,45.97185,3779
7.65121,45.97185,3790
7.65163,45.97185,3791
7.65206,45.97185,3788
7.65249,45.97185,3787
7.65292,45.97185,3781
7.65335,45.97185,3774
7.65378,45.97185,3764
7.65421,45.97185,3752
7.65464,45.97185,3737
7.65507,45.97185,3720
7.65550,45.97185,3702
7.65593,45.97185,3684
7.65635,45.97185,3666
7.65678,45.97185,3647
7.65721,45.97185,3629
7.65764,45.97185,3611
7.65807,45.97185,3592
7.65850,45.97185,3572
7.65893,45.97185,3551
7.65936,45.97185,3530
7.65979,45.97185,3506
7.66022,45.97185,3483
7.66065,45.97185,3458
7.66108,45.97185,3433
7.66150,45.97185,3413
7.66193,45.97185,3389
7.66236,45.97185,3363
7.66279,45.97185,3341
7.66322,45.97185,3325
7.66365,45.97185,3315
7.66408,45.97185,3307
7.66451,45.97185,3300
7.66494,45.97185,3291
7.66537,45.97185,3282
7.66580,45.97185,3271
7.66623,45.97185,3262
7.66665,45.97185,3256
7.66708,45.97185,3255
7.66751,45.97185,3259
7.66794,45.97185,3265
7.66837,45.97185,3269
7.64648,45.97155,3612
7.64691,45.97155,3615
7.64734,45.97155,3621
7.64777,45.97155,3627
7.64820,45.97155,3635
7.64863,45.97155,3647
7.64906,45.97155,3660
7.64949,45.97155,3678
7.64992,45.97155,3696
7.65035,45.97155,3719
7.65078,45.97155,3742
7.65121,45.97155,3755
7.65163,45.97155,3755
7.65206,45.97155,3747
7.65249,45.97155,3742
7.65292,45.97155,3738
7.65335,45.97155,3730
7.65378,45.97155,3719
7.65421,45.97155,3707
7.65464,45.97155,3692
7.65507,45.97155,3675
7.65550,45.97155,3658
7.65593,45.97155,3640
7.65635,45.97155,3623
7.65678,45.97155,3605
7.65721,45.97155,3586
7.65764,45.97155,3566
7.65807,45.97155,3547
7.65850,45.97155,3527
7.65893,45.97155,3507
7.65936,45.97155,3486
7.65979,45.97155,3464
7.66022,45.97155,3443
7.66065,45.97155,3422
7.66108,45.97155,3402
7.66150,45.97155,3381
7.66193,45.97155,3358
7.66236,45.97155,3336
7.66279,45.97155,3315
7.66322,45.97155,3300
7.66365,45.97155,3289
7.66408,45.97155,3281
7.66451,45.97155,3273
7.66494,45.97155,3264
7.66537,45.97155,3254
7.66580,45.97155,3245
7.66623,45.97155,3238
7.66665,45.97155,3234
7.66708,45.97155,3236
7.66751,45.97155,3241
7.66794,45.97155,3249
7.66837,45.97155,3257
7.64648,45.97126,3586
7.64691,45.97126,3585
7.64734,45.97126,3586
7.64777,45.97126,3588
7.64820,45.97126,3594
7.64863,45.97126,3602
7.64906,45.97126,3615
7.64949,45.97126,3632
7.64992,45.97126,3653
7.65035,45.97126,3679
7.65078,45.97126,3704
7.65121,45.97126,3719
7.65163,45.97126,3719
7.65206,45.97126,3707
7.65249,45.97126,3696
7.65292,45.97126,3693
7.65335,45.97126,3685
7.65378,45.97126,3675
7.65421,45.97126,3662
7.65464,45.97126,3647
7.65507,45.97126,3631
7.65550,45.97126,3614
7.65593,45.97126,3597
7.65635,45.97126,3581
7.65678,45.97126,3562
7.65721,45.97126,3542
7.65764,45.97126,3521
7.65807,45.97126,3501
7.65850,45.97126,3481
7.65893,45.97126,3463
7.65936,45.97126,3446
7.65979,45.97126,3426
7.66022,45.97126,3407
7.66065,45.97126,3389
7.66108,45.97126,3372
7.66150,45.97126,3353
7.66193,45.97126,3333
7.66236,45.97126,3312
7.66279,45.97126,3293
7.66322,45.97126,3275
7.66365,45.97126,3260
7.66408,45.97126,3250
7.66451,45.97126,3241
7.66494,45.97126,3231
7.66537,45.97126,3223
7.66580,45.97126,3219
7.66623,45.97126,3216
7.66665,45.97126,3215
7.66708,45.97126,3218
7.66751,45.97126,3224
7.66794,45.97126,3232
7.66837,45.97126,3242
7.64648,45.97096,3560
7.64691,45.97096,3556
7.64734,45.97096,3552
7.64777,45.97096,3551
7.64820,45.97096,3555
7.64863,45.97096,3561
7.64906,45.97096,3571
7.64949,45.97096,3584
7.64992,45.97096,3607
7.65035,45.97096,3638
7.65078,45.97096,3665
7.65121,45.97096,3680
7.65163,45.97096,3679
7.65206,45.97096,3669
7.65249,45.97096,3659
7.65292,45.97096,3652
7.65335,45.97096,3643
7.65378,45.97096,3632
7.65421,45.97096,3619
7.65464,45.97096,3604
7.65507,45.97096,3588
7.65550,45.97096,3572
7.65593,45.97096,3556
7.65635,45.97096,3539
7.65678,45.97096,3521
7.65721,45.97096,3501
7.65764,45.97096,3479
7.65807,45.97096,3458
7.65850,45.97096,3440
7.65893,45.97096,3423
7.65936,45.97096,3405
7.65979,45.97096,3387
7.66022,45.97096,3371
7.66065,45.97096,3356
7.66108,45.97096,3346
7.66150,45.97096,3328
7.66193,45.97096,3301
7.66236,45.97096,3279
7.66279,45.97096,3264
7.66322,45.97096,3253
7.66365,45.97096,3231
7.66408,45.97096,3217
7.66451,45.97096,3208
7.66494,45.97096,3199
7.66537,45.97096,3194
7.66580,45.97096,3194
7.66623,45.97096,3194
7.66665,45.97096,3196
7.66708,45.97096,3200
7.66751,45.97096,3206
7.66794,45.97096,3215
7.66837,45.97096,3227
7.64648,45.97066,3527
7.64691,45.97066,3521
7.64734,45.97066,3515
7.64777,45.97066,3514
7.64820,45.97066,3517
7.64863,45.97066,3523
7.64906,45.97066,3532
7.64949,45.97066,3545
7.64992,45.97066,3566
7.65035,45.97066,3596
7.65078,45.97066,3624
7.65121,45.97066,3642
7.65163,45.97066,3640
7.65206,45.97066,3631
7.65249,45.97066,3621
7.65292,45.97066,3612
7.65335,45.97066,3602
7.65378,45.97066,3589
7.65421,45.97066,3576
7.65464,45.97066,3561
7.65507,45.97066,3546
7.65550,45.97066,3529
7.65593,45.97066,3514
7.65635,45.97066,3498
7.65678,45.97066,3481
7.65721,45.97066,3458
7.65764,45.97066,3434
7.65807,45.97066,3415
7.65850,45.97066,3396
7.65893,45.97066,3378
7.65936,45.97066,3361
7.65979,45.97066,3346
7.66022,45.97066,3334
7.66065,45.97066,3325
7.66108,45.97066,3314
7.66150,45.97066,3283
7.66193,45.97066,3266
7.66236,45.97066,3249
7.66279,45.97066,3227
7.66322,45.97066,3217
7.66365,45.97066,3199
7.66408,45.97066,3186
7.66451,45.97066,3177
7.66494,45.97066,3171
7.66537,45.97066,3168
7.66580,45.97066,3170
7.66623,45.97066,3172
7.66665,45.97066,3176
7.66708,45.97066,3181
7.66751,45.97066,3188
7.66794,45.97066,3199
7.66837,45.97066,3213
7.64648,45.97036,3483
7.64691,45.97036,3478
7.64734,45.97036,3474
7.64777,45.97036,3477
7.64820,45.97036,3483
7.64863,45.97036,3488
7.64906,45.97036,3497
7.64949,45.97036,3510
7.64992,45.97036,3529
7.65035,45.97036,3555
7.65078,45.97036,3583
7.65121,45.97036,3604
7.65163,45.97036,3603
7.65206,45.97036,3594
7.65249,45.97036,3583
7.65292,45.97036,3574
7.65335,45.97036,3564
7.65378,45.97036,3551
7.65421,45.97036,3537
7.65464,45.97036,3522
7.65507,45.97036,3506
7.65550,45.97036,3491
7.65593,45.97036,3474
7.65635,45.97036,3457
7.65678,45.97036,3439
7.65721,45.97036,3411
7.65764,45.97036,3389
7.65807,45.97036,3368
7.65850,45.97036,3346
7.65893,45.97036,3326
7.65936,45.97036,3314
7.65979,45.97036,3307
7.66022,45.97036,3302
7.66065,45.97036,3295
7.66108,45.97036,3276
7.66150,45.97036,3255
7.66193,45.97036,3237
7.66236,45.97036,3220
7.66279,45.97036,3197
7.66322,45.97036,3182
7.66365,45.97036,3169
7.66408,45.97036,3159
7.66451,45.97036,3152
7.66494,45.97036,3147
7.66537,45.97036,3146
7.66580,45.97036,3148
7.66623,45.97036,3151
7.66665,45.97036,3156
7.66708,45.97036,3163
7.66751,45.97036,3171
7.66794,45.97036,3183
7.66837,45.97036,3198
7.64648,45.97006,3438
7.64691,45.97006,3434
7.64734,45.97006,3436
7.64777,45.97006,3444
7.64820,45.97006,3452
7.64863,45.97006,3457
7.64906,45.97006,3465
7.64949,45.97006,3476
7.64992,45.97006,3495
7.65035,45.97006,3519
7.65078,45.97006,3544
7.65121,45.97006,3567
7.65163,45.97006,3566
7.65206,45.97006,3556
7.65249,45.97006,3545
7.65292,45.97006,3536
7.65335,45.97006,3527
7.65378,45.97006,3512
7.65421,45.97006,3497
7.65464,45.97006,3481
7.65507,45.97006,3466
7.65550,45.97006,3451
7.65593,45.97006,3435
7.65635,45.97006,3416
7.65678,45.97006,3395
7.65721,45.97006,3367
7.65764,45.97006,3346
7.65807,45.97006,3323
7.65850,45.97006,3302
7.65893,45.97006,3286
7.65936,45.97006,3277
7.65979,45.97006,3274
7.66022,45.97006,3270
7.66065,45.97006,3262
7.66108,45.97006,3243
7.66150,45.97006,3223
7.66193,45.97006,3208
7.66236,45.97006,3193
7.66279,45.97006,3175
7.66322,45.97006,3159
7.66365,45.97006,3145
7.66408,45.97006,3137
7.66451,45.97006,3131
7.66494,45.97006,3126
7.66537,45.97006,3127
7.66580,45.97006,3130
7.66623,45.97006,3133
7.66665,45.97006,3139
7.66708,45.97006,3146
7.66751,45.97006,3156
7.66794,45.97006,3169
7.66837,45.97006,3184
7.64648,45.96977,3397
7.64691,45.96977,3397
7.64734,45.96977,3405
7.64777,45.96977,3414
7.64820,45.96977,3422
7.64863,45.96977,3429
7.64906,45.96977,3436
7.64949,45.96977,3445
7.64992,45.96977,3462
7.65035,45.96977,3486
7.65078,45.96977,3507
7.65121,45.96977,3525
7.65163,45.96977,3532
7.65206,45.96977,3516
7.65249,45.96977,3505
7.65292,45.96977,3498
7.65335,45.96977,3493
7.65378,45.96977,3474
7.65421,45.96977,3457
7.65464,45.96977,3442
7.65507,45.96977,3428
7.65550,45.96977,3413
7.65593,45.96977,3398
7.65635,45.96977,3376
7.65678,45.96977,3352
7.65721,45.96977,3327
7.65764,45.96977,3303
7.65807,45.96977,3280
7.65850,45.96977,3265
7.65893,45.96977,3255
7.65936,45.96977,3249
7.65979,45.96977,3241
7.66022,45.96977,3235
7.66065,45.96977,3223
7.66108,45.96977,3206
7.66150,45.96977,3189
7.66193,45.96977,3175
7.66236,45.96977,3161
7.66279,45.96977,3142
7.66322,45.96977,3129
7.66365,45.96977,3122
7.66408,45.96977,3116
7.66451,45.96977,3112
7.66494,45.96977,3111
7.66537,45.96977,3111
7.66580,45.96977,3114
7.66623,45.96977,3118
7.66665,45.96977,3123
7.66708,45.96977,3131
7.66751,45.96977,3141
7.66794,45.96977,3155
7.66837,45.96977,3170
7.64648,45.96947,3369
7.64691,45.96947,3372
7.64734,45.96947,3381
7.64777,45.96947,3387
7.64820,45.96947,3392
7.64863,45.96947,3400
7.64906,45.96947,3410
7.64949,45.96947,3419
7.64992,45.96947,3434
7.65035,45.96947,3454
7.65078,45.96947,3471
7.65121,45.96947,3484
7.65163,45.96947,3494
7.65206,45.96947,3486
7.65249,45.96947,3478
7.65292,45.96947,3468
7.65335,45.96947,3457
7.65378,45.96947,3437
7.65421,45.96947,3420
7.65464,45.96947,3404
7.65507,45.96947,3388
7.65550,45.96947,3373
7.65593,45.96947,3358
7.65635,45.96947,3337
7.65678,45.96947,3312
7.65721,45.96947,3287
7.65764,45.96947,3266
7.65807,45.96947,3246
7.65850,45.96947,3232
7.65893,45.96947,3225
7.65936,45.96947,3218
7.65979,45.96947,3207
7.66022,45.96947,3198
7.66065,45.96947,3188
7.66108,45.96947,3171
7.66150,45.96947,3154
7.66193,45.96947,3140
7.66236,45.96947,3124
7.66279,45.96947,3113
7.66322,45.96947,3106
7.66365,45.96947,3102
7.66408,45.96947,3099
7.66451,45.96947,3097
7.66494,45.96947,3098
7.66537,45.96947,3099
7.66580,45.96947,3101
7.66623,45.96947,3103
7.66665,45.96947,3109
7.66708,45.96947,3117
7.66751,45.96947,3127
7.66794,45.96947,3140
7.66837,45.96947,3155
7.64648,45.96917,3347
7.64691,45.96917,3352
7.64734,45.96917,3357
7.64777,45.96917,3359
7.64820,45.96917,3363
7.64863,45.96917,3372
7.64906,45.96917,3383
7.64949,45.96917,3396
7.64992,45.96917,3409
7.65035,45.96917,3423
7.65078,45.96917,3437
7.65121,45.96917,3447
7.65163,45.96917,3452
7.65206,45.96917,3452
7.65249,45.96917,3445
7.65292,45.96917,3432
7.65335,45.96917,3414
7.65378,45.96917,3397
7.65421,45.96917,3381
7.65464,45.96917,3364
7.65507,45.96917,3345
7.65550,45.96917,3329
7.65593,45.96917,3311
7.65635,45.96917,3292
7.65678,45.96917,3270
7.65721,45.96917,3250
7.65764,45.96917,3234
7.65807,45.96917,3219
7.65850,45.96917,3204
7.65893,45.96917,3193
7.65936,45.96917,3183
7.65979,45.96917,3169
7.66022,45.96917,3158
7.66065,45.96917,3148
7.66108,45.96917,3133
7.66150,45.96917,3117
7.66193,45.96917,3108
7.66236,45.96917,3099
7.66279,45.96917,3092
7.66322,45.96917,3087
7.66365,45.96917,3084
7.66408,45.96917,3084
7.66451,45.96917,3084
7.66494,45.96917,3085
7.66537,45.96917,3086
7.66580,45.96917,3088
7.66623,45.96917,3090
7.66665,45.96917,3096
7.66708,45.96917,3104
7.66751,45.96917,3113
7.66794,45.96917,3124
7.66837,45.96917,3139
7.64648,45.96887,3328
7.64691,45.96887,3329
7.64734,45.96887,3330
7.64777,45.96887,3331
7.64820,45.96887,3336
7.64863,45.96887,3344
7.64906,45.96887,3356
7.64949,45.96887,3371
7.64992,45.96887,3385
7.65035,45.96887,3395
7.65078,45.96887,3405
7.65121,45.96887,3414
7.65163,45.96887,3416
7.65206,45.96887,3410
7.65249,45.96887,3401
7.65292,45.96887,3389
7.65335,45.96887,3373
7.65378,45.96887,3355
7.65421,45.96887,3339
7.65464,45.96887,3321
7.65507,45.96887,3304
7.65550,45.96887,3286
7.65593,45.96887,3267
7.65635,45.96887,3247
7.65678,45.96887,3229
7.65721,45.96887,3215
7.65764,45.96887,3204
7.65807,45.96887,3190
7.65850,45.96887,3176
7.65893,45.96887,3165
7.65936,45.96887,3151
7.65979,45.96887,3136
7.66022,45.96887,3124
7.66065,45.96887,3112
7.66108,45.96887,3101
7.66150,45.96887,3092
7.66193,45.96887,3087
7.66236,45.96887,3080
7.66279,45.96887,3075
7.66322,45.96887,3071
7.66365,45.96887,3070
7.66408,45.96887,3071
7.66451,45.96887,3071
7.66494,45.96887,3072
7.66537,45.96887,3073
7.66580,45.96887,3074
7.66623,45.96887,3078
7.66665,45.96887,3084
7.66708,45.96887,3091
7.66751,45.96887,3099
7.66794,45.96887,3109
7.66837,45.96887,3123
7.64648,45.96857,3308
7.64691,45.96857,3303
7.64734,45.96857,3301
7.64777,45.96857,3302
7.64820,45.96857,3307
7.64863,45.96857,3316
7.64906,45.96857,3327
7.64949,45.96857,3343
7.64992,45.96857,3357
7.65035,45.96857,3367
7.65078,45.96857,3374
7.65121,45.96857,3380
7.65163,45.96857,3379
7.65206,45.96857,3375
7.65249,45.96857,3364
7.65292,45.96857,3351
7.65335,45.96857,3333
7.65378,45.96857,3315
7.65421,45.96857,3298
7.65464,45.96857,3279
7.65507,45.96857,3260
7.65550,45.96857,3241
7.65593,45.96857,3222
7.65635,45.96857,3206
7.65678,45.96857,3191
7.65721,45.96857,3181
7.65764,45.96857,3173
7.65807,45.96857,3160
7.65850,45.96857,3149
7.65893,45.96857,3138
7.65936,45.96857,3125
7.65979,45.96857,3111
7.66022,45.96857,3100
7.66065,45.96857,3090
7.66108,45.96857,3082
7.66150,45.96857,3075
7.66193,45.96857,3068
7.66236,45.96857,3063
7.66279,45.96857,3059
7.66322,45.96857,3058
7.66365,45.96857,3058
7.66408,45.96857,3059
7.66451,45.96857,3059
7.66494,45.96857,3059
7.66537,45.96857,3059
7.66580,45.96857,3061
7.66623,45.96857,3066
7.66665,45.96857,3072
7.66708,45.96857,3078
7.66751,45.96857,3086
7.66794,45.96857,3094
7.66837,45.96857,3106
7.64648,45.96827,3285
7.64691,45.96827,3277
7.64734,45.96827,3272
7.64777,45.96827,3272
7.64820,45.96827,3276
7.64863,45.96827,3283
7.64906,45.96827,3294
7.64949,45.96827,3310
7.64992,45.96827,3325
7.65035,45.96827,3334
7.65078,45.96827,3342
7.65121,45.96827,3347
7.65163,45.96827,3346
7.65206,45.96827,3341
7.65249,45.96827,3329
7.65292,45.96827,3316
7.65335,45.96827,3297
7.65378,45.96827,3279
7.65421,45.96827,3259
7.65464,45.96827,3238
7.65507,45.96827,3217
7.65550,45.96827,3198
7.65593,45.96827,3182
7.65635,45.96827,3169
7.65678,45.96827,3159
7.65721,45.96827,3151
7.65764,45.96827,3146
7.65807,45.96827,3135
7.65850,45.96827,3125
7.65893,45.96827,3115
7.65936,45.96827,3103
7.65979,45.96827,3091
7.66022,45.96827,3081
7.66065,45.96827,3073
7.66108,45.96827,3065
7.66150,45.96827,3057
7.66193,45.96827,3051
7.66236,45.96827,3046
7.66279,45.96827,3045
7.66322,45.96827,3046
7.66365,45.96827,3047
7.66408,45.96827,3049
7.66451,45.96827,3049
7.66494,45.96827,3047
7.66537,45.96827,3048
7.66580,45.96827,3051
7.66623,45.96827,3054
7.66665,45.96827,3059
7.66708,45.96827,3066
7.66751,45.96827,3072
7.66794,45.96827,3081
7.66837,45.96827,3091
7.64648,45.96798,3261
7.64691,45.96798,3251
7.64734,45.96798,3244
7.64777,45.96798,3241
7.64820,45.96798,3243
7.64863,45.96798,3249
7.64906,45.96798,3260
7.64949,45.96798,3273
7.64992,45.96798,3289
7.65035,45.96798,3300
7.65078,45.96798,3307
7.65121,45.96798,3311
7.65163,45.96798,3311
7.65206,45.96798,3305
7.65249,45.96798,3293
7.65292,45.96798,3279
7.65335,45.96798,3260
7.65378,45.96798,3240
7.65421,45.96798,3217
7.65464,45.96798,3196
7.65507,45.96798,3177
7.65550,45.96798,3161
7.65593,45.96798,3148
7.65635,45.96798,3139
7.65678,45.96798,3132
7.65721,45.96798,3127
7.65764,45.96798,3121
7.65807,45.96798,3113
7.65850,45.96798,3105
7.65893,45.96798,3096
7.65936,45.96798,3084
7.65979,45.96798,3072
7.66022,45.96798,3063
7.66065,45.96798,3055
7.66108,45.96798,3048
7.66150,45.96798,3042
7.66193,45.96798,3036
7.66236,45.96798,3033
7.66279,45.96798,3033
7.66322,45.96798,3035
7.66365,45.96798,3038
7.66408,45.96798,3040
7.66451,45.96798,3039
7.66494,45.96798,3038
7.66537,45.96798,3040
7.66580,45.96798,3042
7.66623,45.96798,3043
7.66665,45.96798,3048
7.66708,45.96798,3053
7.66751,45.96798,3059
7.66794,45.96798,3068
7.66837,45.96798,3079
7.64648,45.96768,3234
7.64691,45.96768,3224
7.64734,45.96768,3217
7.64777,45.96768,3211
7.64820,45.96768,3210
7.64863,45.96768,3214
7.64906,45.96768,3223
7.64949,45.96768,3235
7.64992,45.96768,3251
7.65035,45.96768,3263
7.65078,45.96768,3266
7.65121,45.96768,3266
7.65163,45.96768,3263
7.65206,45.96768,3257
7.65249,45.96768,3246
7.65292,45.96768,3233
7.65335,45.96768,3216
7.65378,45.96768,3196
7.65421,45.96768,3174
7.65464,45.96768,3154
7.65507,45.96768,3140
7.65550,45.96768,3130
7.65593,45.96768,3120
7.65635,45.96768,3113
7.65678,45.96768,3109
7.65721,45.96768,3104
7.65764,45.96768,3100
7.65807,45.96768,3093
7.65850,45.96768,3086
7.65893,45.96768,3077
7.65936,45.96768,3066
7.65979,45.96768,3055
7.66022,45.96768,3046
7.66065,45.96768,3038
7.66108,45.96768,3032
7.66150,45.96768,3027
7.66193,45.96768,3023
7.66236,45.96768,3021
7.66279,45.96768,3022
7.66322,45.96768,3025
7.66365,45.96768,3028
7.66408,45.96768,3031
7.66451,45.96768,3030
7.66494,45.96768,3030
7.66537,45.96768,3032
7.66580,45.96768,3032
7.66623,45.96768,3033
7.66665,45.96768,3035
7.66708,45.96768,3039
7.66751,45.96768,3046
7.66794,45.96768,3056
7.66837,45.96768,3067
7.64648,45.96738,3205
7.64691,45.96738,3197
7.64734,45.96738,3190
7.64777,45.96738,3183
7.64820,45.96738,3179
7.64863,45.96738,3181
7.64906,45.96738,3186
7.64949,45.96738,3196
7.64992,45.96738,3211
7.65035,45.96738,3220
7.65078,45.96738,3219
7.65121,45.96738,3215
7.65163,45.96738,3209
7.65206,45.96738,3200
7.65249,45.96738,3191
7.65292,45.96738,3181
7.65335,45.96738,3169
7.65378,45.96738,3154
7.65421,45.96738,3138
7.65464,45.96738,3124
7.65507,45.96738,3114
7.65550,45.96738,3106
7.65593,45.96738,3098
7.65635,45.96738,3093
7.65678,45.96738,3089
7.65721,45.96738,3085
7.65764,45.96738,3081
7.65807,45.96738,3077
7.65850,45.96738,3070
7.65893,45.96738,3060
7.65936,45.96738,3050
7.65979,45.96738,3040
7.66022,45.96738,3031
7.66065,45.96738,3025
7.66108,45.96738,3020
7.66150,45.96738,3016
7.66193,45.96738,3012
7.66236,45.96738,3012
7.66279,45.96738,3013
7.66322,45.96738,3015
7.66365,45.96738,3020
7.66408,45.96738,3021
7.66451,45.96738,3021
7.66494,45.96738,3022
7.66537,45.96738,3024
7.66580,45.96738,3023
7.66623,45.96738,3023
7.66665,45.96738,3023
7.66708,45.96738,3027
7.66751,45.96738,3034
7.66794,45.96738,3044
7.66837,45.96738,3055
7.64648,45.96708,3177
7.64691,45.96708,3169
7.64734,45.96708,3161
7.64777,45.96708,3154
7.64820,45.96708,3149
7.64863,45.96708,3148
7.64906,45.96708,3152
7.64949,45.96708,3159
7.64992,45.96708,3170
7.65035,45.96708,3174
7.65078,45.96708,3170
7.65121,45.96708,3165
7.65163,45.96708,3156
7.65206,45.96708,3145
7.65249,45.96708,3138
7.65292,45.96708,3130
7.65335,45.96708,3125
7.65378,45.96708,3118
7.65421,45.96708,3111
7.65464,45.96708,3103
7.65507,45.96708,3096
7.65550,45.96708,3089
7.65593,45.96708,3081
7.65635,45.96708,3075
7.65678,45.96708,3071
7.65721,45.96708,3069
7.65764,45.96708,3066
7.65807,45.96708,3062
7.65850,45.96708,3055
7.65893,45.96708,3046
7.65936,45.96708,3037
7.65979,45.96708,3029
7.66022,45.96708,3020
7.66065,45.96708,3015
7.66108,45.96708,3010
7.66150,45.96708,3007
7.66193,45.96708,3004
7.66236,45.96708,3003
7.66279,45.96708,3004
7.66322,45.96708,3008
7.66365,45.96708,3011
7.66408,45.96708,3012
7.66451,45.96708,3013
7.66494,45.96708,3014
7.66537,45.96708,3015
7.66580,45.96708,3014
7.66623,45.96708,3013
7.66665,45.96708,3013
7.66708,45.96708,3015
7.66751,45.96708,3021
7.66794,45.96708,3030
7.66837,45.96708,3042
7.64648,45.96678,3149
7.64691,45.96678,3141
7.64734,45.96678,3132
7.64777,45.96678,3125
7.64820,45.96678,3120
7.64863,45.96678,3118
7.64906,45.96678,3120
7.64949,45.96678,3127
7.64992,45.96678,3134
7.65035,45.96678,3135
7.65078,45.96678,3129
7.65121,45.96678,3121
7.65163,45.96678,3112
7.65206,45.96678,3101
7.65249,45.96678,3102
7.65292,45.96678,3088
7.65335,45.96678,3087
7.65378,45.96678,3086
7.65421,45.96678,3086
7.65464,45.96678,3084
7.65507,45.96678,3079
7.65550,45.96678,3073
7.65593,45.96678,3065
7.65635,45.96678,3059
7.65678,45.96678,3056
7.65721,45.96678,3054
7.65764,45.96678,3053
7.65807,45.96678,3049
7.65850,45.96678,3042
7.65893,45.96678,3034
7.65936,45.96678,3025
7.65979,45.96678,3018
7.66022,45.96678,3012
7.66065,45.96678,3007
7.66108,45.96678,3003
7.66150,45.96678,2999
7.66193,45.96678,2997
7.66236,45.96678,2997
7.66279,45.96678,2998
7.66322,45.96678,3001
7.66365,45.96678,3004
7.66408,45.96678,3004
7.66451,45.96678,3005
7.66494,45.96678,3006
7.66537,45.96678,3006
7.66580,45.96678,3005
7.66623,45.96678,3003
7.66665,45.96678,3003
7.66708,45.96678,3004
7.66751,45.96678,3009
7.66794,45.96678,3017
7.66837,45.96678,3029
7.64648,45.96648,3118
7.64691,45.96648,3109
7.64734,45.96648,3102
7.64777,45.96648,3095
7.64820,45.96648,3092
7.64863,45.96648,3090
7.64906,45.96648,3093
7.64949,45.96648,3098
7.64992,45.96648,3102
7.65035,45.96648,3099
7.65078,45.96648,3092
7.65121,45.96648,3084
7.65163,45.96648,3075
7.65206,45.96648,3067
7.65249,45.96648,3058
7.65292,45.96648,3056
7.65335,45.96648,3056
7.65378,45.96648,3057
7.65421,45.96648,3060
7.65464,45.96648,3059
7.65507,45.96648,3058
7.65550,45.96648,3054
7.65593,45.96648,3047
7.65635,45.96648,3042
7.65678,45.96648,3040
7.65721,45.96648,3039
7.65764,45.96648,3039
7.65807,45.96648,3037
7.65850,45.96648,3030
7.65893,45.96648,3022
7.65936,45.96648,3013
7.65979,45.96648,3009
7.66022,45.96648,3005
7.66065,45.96648,3000
7.66108,45.96648,2997
7.66150,45.96648,2993
7.66193,45.96648,2993
7.66236,45.96648,2993
7.66279,45.96648,2995
7.66322,45.96648,2996
7.66365,45.96648,2995
7.66408,45.96648,2994
7.66451,45.96648,2994
7.66494,45.96648,2996
7.66537,45.96648,2996
7.66580,45.96648,2995
7.66623,45.96648,2994
7.66665,45.96648,2993
7.66708,45.96648,2994
7.66751,45.96648,2998
7.66794,45.96648,3006
7.66837,45.96648,3019
7.66846,45.98170,3430
7.66889,45.98170,3467
7.66932,45.98170,3486
7.66974,45.98170,3463
7.67017,45.98170,3432
7.67060,45.98170,3404
7.67103,45.98170,3376
7.67146,45.98170,3348
7.67189,45.98170,3320
7.67232,45.98170,3292
7.67275,45.98170,3276
7.67318,45.98170,3284
7.67361,45.98170,3283
7.67404,45.98170,3271
7.67447,45.98170,3266
7.67489,45.98170,3262
7.67532,45.98170,3258
7.67575,45.98170,3251
7.67618,45.98170,3238
7.67661,45.98170,3223
7.67704,45.98170,3207
7.67747,45.98170,3189
7.67790,45.98170,3172
7.67833,45.98170,3158
7.67876,45.98170,3138
7.67919,45.98170,3118
7.67962,45.98170,3098
7.68004,45.98170,3075
7.68047,45.98170,3036
7.68090,45.98170,2993
7.68133,45.98170,2959
7.68176,45.98170,2924
7.68219,45.98170,2895
7.68262,45.98170,2866
7.68305,45.98170,2839
7.68348,45.98170,2815
7.68391,45.98170,2795
7.68434,45.98170,2778
7.68476,45.98170,2763
7.68519,45.98170,2753
7.68562,45.98170,2745
7.68605,45.98170,2740
7.68648,45.98170,2736
7.68691,45.98170,2730
7.68734,45.98170,2724
7.68777,45.98170,2717
7.68820,45.98170,2711
7.68863,45.98170,2705
7.68906,45.98170,2699
7.68949,45.98170,2695
7.68991,45.98170,2694
7.69034,45.98170,2697
7.66846,45.98140,3480
7.66889,45.98140,3516
7.66932,45.98140,3534
7.66974,45.98140,3514
7.67017,45.98140,3485
7.67060,45.98140,3450
7.67103,45.98140,3416
7.67146,45.98140,3381
7.67189,45.98140,3347
7.67232,45.98140,3314
7.67275,45.98140,3294
7.67318,45.98140,3296
7.67361,45.98140,3286
7.67404,45.98140,3264
7.67447,45.98140,3261
7.67489,45.98140,3255
7.67532,45.98140,3247
7.67575,45.98140,3236
7.67618,45.98140,3222
7.67661,45.98140,3205
7.67704,45.98140,3186
7.67747,45.98140,3168
7.67790,45.98140,3151
7.67833,45.98140,3134
7.67876,45.98140,3120
7.67919,45.98140,3102
7.67962,45.98140,3081
7.68004,45.98140,3058
7.68047,45.98140,3012
7.68090,45.98140,2974
7.68133,45.98140,2947
7.68176,45.98140,2919
7.68219,45.98140,2889
7.68262,45.98140,2858
7.68305,45.98140,2827
7.68348,45.98140,2803
7.68391,45.98140,2785
7.68434,45.98140,2771
7.68476,45.98140,2759
7.68519,45.98140,2752
7.68562,45.98140,2748
7.68605,45.98140,2744
7.68648,45.98140,2740
7.68691,45.98140,2734
7.68734,45.98140,2727
7.68777,45.98140,2720
7.68820,45.98140,2713
7.68863,45.98140,2707
7.68906,45.98140,2702
7.68949,45.98140,2698
7.68991,45.98140,2698
7.69034,45.98140,2702
7.66846,45.98110,3519
7.66889,45.98110,3540
7.66932,45.98110,3544
7.66974,45.98110,3520
7.67017,45.98110,3489
7.67060,45.98110,3454
7.67103,45.98110,3420
7.67146,45.98110,3386
7.67189,45.98110,3355
7.67232,45.98110,3328
7.67275,45.98110,3306
7.67318,45.98110,3296
7.67361,45.98110,3278
7.67404,45.98110,3254
7.67447,45.98110,3249
7.67489,45.98110,3240
7.67532,45.98110,3228
7.67575,45.98110,3214
7.67618,45.98110,3199
7.67661,45.98110,3181
7.67704,45.98110,3162
7.67747,45.98110,3144
7.67790,45.98110,3131
7.67833,45.98110,3116
7.67876,45.98110,3104
7.67919,45.98110,3089
7.67962,45.98110,3068
7.68004,45.98110,3037
7.68047,45.98110,2999
7.68090,45.98110,2969
7.68133,45.98110,2940
7.68176,45.98110,2913
7.68219,45.98110,2882
7.68262,45.98110,2847
7.68305,45.98110,2815
7.68348,45.98110,2793
7.68391,45.98110,2777
7.68434,45.98110,2765
7.68476,45.98110,2758
7.68519,45.98110,2753
7.68562,45.98110,2750
7.68605,45.98110,2747
7.68648,45.98110,2742
7.68691,45.98110,2737
7.68734,45.98110,2730
7.68777,45.98110,2723
7.68820,45.98110,2716
7.68863,45.98110,2710
7.68906,45.98110,2704
7.68949,45.98110,2702
7.68991,45.98110,2703
7.69034,45.98110,2706
7.66846,45.98080,3560
7.66889,45.98080,3555
7.66932,45.98080,3545
7.66974,45.98080,3517
7.67017,45.98080,3484
7.67060,45.98080,3449
7.67103,45.98080,3414
7.67146,45.98080,3382
7.67189,45.98080,3351
7.67232,45.98080,3327
7.67275,45.98080,3305
7.67318,45.98080,3291
7.67361,45.98080,3267
7.67404,45.98080,3244
7.67447,45.98080,3235
7.67489,45.98080,3221
7.67532,45.98080,3205
7.67575,45.98080,3189
7.67618,45.98080,3174
7.67661,45.98080,3158
7.67704,45.98080,3140
7.67747,45.98080,3125
7.67790,45.98080,3112
7.67833,45.98080,3103
7.67876,45.98080,3091
7.67919,45.98080,3078
7.67962,45.98080,3058
7.68004,45.98080,3025
7.68047,45.98080,2994
7.68090,45.98080,2963
7.68133,45.98080,2932
7.68176,45.98080,2903
7.68219,45.98080,2870
7.68262,45.98080,2833
7.68305,45.98080,2804
7.68348,45.98080,2786
7.68391,45.98080,2772
7.68434,45.98080,2763
7.68476,45.98080,2758
7.68519,45.98080,2755
7.68562,45.98080,2752
7.68605,45.98080,2749
7.68648,45.98080,2745
7.68691,45.98080,2739
7.68734,45.98080,2733
7.68777,45.98080,2726
7.68820,45.98080,2719
7.68863,45.98080,2712
7.68906,45.98080,2707
7.68949,45.98080,2705
7.68991,45.98080,2706
7.69034,45.98080,2709
7.66846,45.98050,3580
7.66889,45.98050,3561
7.66932,45.98050,3542
7.66974,45.98050,3511
7.67017,45.98050,3477
7.67060,45.98050,3438
7.67103,45.98050,3400
7.67146,45.98050,3369
7.67189,45.98050,3342
7.67232,45.98050,3316
7.67275,45.98050,3291
7.67318,45.98050,3275
7.67361,45.98050,3250
7.67404,45.98050,3229
7.67447,45.98050,3214
7.67489,45.98050,3197
7.67532,45.98050,3180
7.67575,45.98050,3165
7.67618,45.98050,3150
7.67661,45.98050,3135
7.67704,45.98050,3121
7.67747,45.98050,3107
7.67790,45.98050,3097
7.67833,45.98050,3089
7.67876,45.98050,3079
7.67919,45.98050,3067
7.67962,45.98050,3043
7.68004,45.98050,3011
7.68047,45.98050,2979
7.68090,45.98050,2951
7.68133,45.98050,2922
7.68176,45.98050,2890
7.68219,45.98050,2856
7.68262,45.98050,2819
7.68305,45.98050,2793
7.68348,45.98050,2779
7.68391,45.98050,2769
7.68434,45.98050,2762
7.68476,45.98050,2759
7.68519,45.98050,2757
7.68562,45.98050,2755
7.68605,45.98050,2752
7.68648,45.98050,2747
7.68691,45.98050,2742
7.68734,45.98050,2736
7.68777,45.98050,2729
7.68820,45.98050,2722
7.68863,45.98050,2715
7.68906,45.98050,2710
7.68949,45.98050,2708
7.68991,45.98050,2709
7.69034,45.98050,2712
7.66846,45.98020,3588
7.66889,45.98020,3562
7.66932,45.98020,3535
7.66974,45.98020,3504
7.67017,45.98020,3467
7.67060,45.98020,3423
7.67103,45.98020,3381
7.67146,45.98020,3350
7.67189,45.98020,3328
7.67232,45.98020,3302
7.67275,45.98020,3273
7.67318,45.98020,3253
7.67361,45.98020,3230
7.67404,45.98020,3207
7.67447,45.98020,3190
7.67489,45.98020,3173
7.67532,45.98020,3158
7.67575,45.98020,3145
7.67618,45.98020,3131
7.67661,45.98020,3117
7.67704,45.98020,3104
7.67747,45.98020,3092
7.67790,45.98020,3082
7.67833,45.98020,3074
7.67876,45.98020,3066
7.67919,45.98020,3050
7.67962,45.98020,3022
7.68004,45.98020,2988
7.68047,45.98020,2958
7.68090,45.98020,2933
7.68133,45.98020,2907
7.68176,45.98020,2874
7.68219,45.98020,2841
7.68262,45.98020,2806
7.68305,45.98020,2786
7.68348,45.98020,2774
7.68391,45.98020,2766
7.68434,45.98020,2762
7.68476,45.98020,2761
7.68519,45.98020,2760
7.68562,45.98020,2758
7.68605,45.98020,2754
7.68648,45.98020,2749
7.68691,45.98020,2744
7.68734,45.98020,2737
7.68777,45.98020,2730
7.68820,45.98020,2725
7.68863,45.98020,2719
7.68906,45.98020,2715
7.68949,45.98020,2713
7.68991,45.98020,2714
7.69034,45.98020,2715
7.66846,45.97991,3589
7.66889,45.97991,3558
7.66932,45.97991,3526
7.66974,45.97991,3493
7.67017,45.97991,3455
7.67060,45.97991,3407
7.67103,45.97991,3361
7.67146,45.97991,3331
7.67189,45.97991,3313
7.67232,45.97991,3285
7.67275,45.97991,3253
7.67318,45.97991,3231
7.67361,45.97991,3209
7.67404,45.97991,3188
7.67447,45.97991,3169
7.67489,45.97991,3154
7.67532,45.97991,3141
7.67575,45.97991,3129
7.67618,45.97991,3115
7.67661,45.97991,3101
7.67704,45.97991,3088
7.67747,45.97991,3075
7.67790,45.97991,3066
7.67833,45.97991,3058
7.67876,45.97991,3049
7.67919,45.97991,3029
7.67962,45.97991,2997
7.68004,45.97991,2967
7.68047,45.97991,2936
7.68090,45.97991,2900
7.68133,45.97991,2874
7.68176,45.97991,2847
7.68219,45.97991,2825
7.68262,45.97991,2795
7.68305,45.97991,2780
7.68348,45.97991,2771
7.68391,45.97991,2768
7.68434,45.97991,2764
7.68476,45.97991,2763
7.68519,45.97991,2763
7.68562,45.97991,2761
7.68605,45.97991,2756
7.68648,45.97991,2751
7.68691,45.97991,2745
7.68734,45.97991,2738
7.68777,45.97991,2733
7.68820,45.97991,2727
7.68863,45.97991,2723
7.68906,45.97991,2720
7.68949,45.97991,2720
7.68991,45.97991,2722
7.69034,45.97991,2722
7.66846,45.97961,3581
7.66889,45.97961,3546
7.66932,45.97961,3512
7.66974,45.97961,3478
7.67017,45.97961,3439
7.67060,45.97961,3393
7.67103,45.97961,3349
7.67146,45.97961,3319
7.67189,45.97961,3299
7.67232,45.97961,3272
7.67275,45.97961,3245
7.67318,45.97961,3220
7.67361,45.97961,3195
7.67404,45.97961,3173
7.67447,45.97961,3153
7.67489,45.97961,3138
7.67532,45.97961,3127
7.67575,45.97961,3116
7.67618,45.97961,3101
7.67661,45.97961,3087
7.67704,45.97961,3074
7.67747,45.97961,3062
7.67790,45.97961,3051
7.67833,45.97961,3043
7.67876,45.97961,3035
7.67919,45.97961,3010
7.67962,45.97961,2979
7.68004,45.97961,2949
7.68047,45.97961,2907
7.68090,45.97961,2869
7.68133,45.97961,2833
7.68176,45.97961,2825
7.68219,45.97961,2808
7.68262,45.97961,2786
7.68305,45.97961,2776
7.68348,45.97961,2772
7.68391,45.97961,2770
7.68434,45.97961,2766
7.68476,45.97961,2767
7.68519,45.97961,2766
7.68562,45.97961,2763
7.68605,45.97961,2758
7.68648,45.97961,2752
7.68691,45.97961,2745
7.68734,45.97961,2738
7.68777,45.97961,2734
7.68820,45.97961,2730
7.68863,45.97961,2728
7.68906,45.97961,2728
7.68949,45.97961,2730
7.68991,45.97961,2731
7.69034,45.97961,2731
7.66846,45.97931,3567
7.66889,45.97931,3530
7.66932,45.97931,3495
7.66974,45.97931,3459
7.67017,45.97931,3421
7.67060,45.97931,3378
7.67103,45.97931,3338
7.67146,45.97931,3308
7.67189,45.97931,3287
7.67232,45.97931,3262
7.67275,45.97931,3236
7.67318,45.97931,3210
7.67361,45.97931,3184
7.67404,45.97931,3161
7.67447,45.97931,3142
7.67489,45.97931,3127
7.67532,45.97931,3115
7.67575,45.97931,3103
7.67618,45.97931,3089
7.67661,45.97931,3075
7.67704,45.97931,3062
7.67747,45.97931,3051
7.67790,45.97931,3041
7.67833,45.97931,3031
7.67876,45.97931,3020
7.67919,45.97931,2996
7.67962,45.97931,2968
7.68004,45.97931,2935
7.68047,45.97931,2884
7.68090,45.97931,2842
7.68133,45.97931,2818
7.68176,45.97931,2811
7.68219,45.97931,2799
7.68262,45.97931,2783
7.68305,45.97931,2775
7.68348,45.97931,2773
7.68391,45.97931,2772
7.68434,45.97931,2771
7.68476,45.97931,2771
7.68519,45.97931,2769
7.68562,45.97931,2765
7.68605,45.97931,2760
7.68648,45.97931,2753
7.68691,45.97931,2745
7.68734,45.97931,2739
7.68777,45.97931,2736
7.68820,45.97931,2734
7.68863,45.97931,2735
7.68906,45.97931,2737
7.68949,45.97931,2740
7.68991,45.97931,2741
7.69034,45.97931,2742
7.66846,45.97901,3553
7.66889,45.97901,3515
7.66932,45.97901,3478
7.66974,45.97901,3441
7.67017,45.97901,3405
7.67060,45.97901,3369
7.67103,45.97901,3335
7.67146,45.97901,3305
7.67189,45.97901,3277
7.67232,45.97901,3250
7.67275,45.97901,3224
7.67318,45.97901,3198
7.67361,45.97901,3174
7.67404,45.97901,3152
7.67447,45.97901,3133
7.67489,45.97901,3119
7.67532,45.97901,3105
7.67575,45.97901,3092
7.67618,45.97901,3077
7.67661,45.97901,3063
7.67704,45.97901,3051
7.67747,45.97901,3042
7.67790,45.97901,3034
7.67833,45.97901,3022
7.67876,45.97901,3006
7.67919,45.97901,2986
7.67962,45.97901,2962
7.68004,45.97901,2927
7.68047,45.97901,2876
7.68090,45.97901,2840
7.68133,45.97901,2820
7.68176,45.97901,2809
7.68219,45.97901,2796
7.68262,45.97901,2784
7.68305,45.97901,2779
7.68348,45.97901,2775
7.68391,45.97901,2775
7.68434,45.97901,2775
7.68476,45.97901,2774
7.68519,45.97901,2771
7.68562,45.97901,2767
7.68605,45.97901,2761
7.68648,45.97901,2753
7.68691,45.97901,2746
7.68734,45.97901,2741
7.68777,45.97901,2739
7.68820,45.97901,2740
7.68863,45.97901,2742
7.68906,45.97901,2746
7.68949,45.97901,2750
7.68991,45.97901,2752
7.69034,45.97901,2753
7.66846,45.97871,3541
7.66889,45.97871,3503
7.66932,45.97871,3464
7.66974,45.97871,3431
7.67017,45.97871,3397
7.67060,45.97871,3364
7.67103,45.97871,3330
7.67146,45.97871,3299
7.67189,45.97871,3268
7.67232,45.97871,3239
7.67275,45.97871,3211
7.67318,45.97871,3188
7.67361,45.97871,3166
7.67404,45.97871,3145
7.67447,45.97871,3126
7.67489,45.97871,3112
7.67532,45.97871,3097
7.67575,45.97871,3082
7.67618,45.97871,3067
7.67661,45.97871,3053
7.67704,45.97871,3041
7.67747,45.97871,3033
7.67790,45.97871,3025
7.67833,45.97871,3013
7.67876,45.97871,2997
7.67919,45.97871,2977
7.67962,45.97871,2955
7.68004,45.97871,2923
7.68047,45.97871,2875
7.68090,45.97871,2842
7.68133,45.97871,2824
7.68176,45.97871,2809
7.68219,45.97871,2796
7.68262,45.97871,2788
7.68305,45.97871,2783
7.68348,45.97871,2780
7.68391,45.97871,2780
7.68434,45.97871,2780
7.68476,45.97871,2778
7.68519,45.97871,2774
7.68562,45.97871,2767
7.68605,45.97871,2760
7.68648,45.97871,2752
7.68691,45.97871,2748
7.68734,45.97871,2745
7.68777,45.97871,2744
7.68820,45.97871,2747
7.68863,45.97871,2750
7.68906,45.97871,2755
7.68949,45.97871,2759
7.68991,45.97871,2761
7.69034,45.97871,2763
7.66846,45.97841,3529
7.66889,45.97841,3490
7.66932,45.97841,3450
7.66974,45.97841,3420
7.67017,45.97841,3389
7.67060,45.97841,3357
7.67103,45.97841,3324
7.67146,45.97841,3293
7.67189,45.97841,3260
7.67232,45.97841,3228
7.67275,45.97841,3201
7.67318,45.97841,3179
7.67361,45.97841,3160
7.67404,45.97841,3140
7.67447,45.97841,3121
7.67489,45.97841,3106
7.67532,45.97841,3091
7.67575,45.97841,3073
7.67618,45.97841,3058
7.67661,45.97841,3043
7.67704,45.97841,3032
7.67747,45.97841,3022
7.67790,45.97841,3012
7.67833,45.97841,3002
7.67876,45.97841,2987
7.67919,45.97841,2964
7.67962,45.97841,2942
7.68004,45.97841,2912
7.68047,45.97841,2873
7.68090,45.97841,2845
7.68133,45.97841,2827
7.68176,45.97841,2810
7.68219,45.97841,2798
7.68262,45.97841,2792
7.68305,45.97841,2788
7.68348,45.97841,2786
7.68391,45.97841,2786
7.68434,45.97841,2784
7.68476,45.97841,2781
7.68519,45.97841,2775
7.68562,45.97841,2767
7.68605,45.97841,2758
7.68648,45.97841,2752
7.68691,45.97841,2749
7.68734,45.97841,2749
7.68777,45.97841,2751
7.68820,45.97841,2755
7.68863,45.97841,2759
7.68906,45.97841,2764
7.68949,45.97841,2767
7.68991,45.97841,2769
7.69034,45.97841,2770
7.66846,45.97812,3518
7.66889,45.97812,3478
7.66932,45.97812,3438
7.66974,45.97812,3410
7.67017,45.97812,3381
7.67060,45.97812,3351
7.67103,45.97812,3321
7.67146,45.97812,3287
7.67189,45.97812,3251
7.67232,45.97812,3220
7.67275,45.97812,3195
7.67318,45.97812,3175
7.67361,45.97812,3156
7.67404,45.97812,3136
7.67447,45.97812,3118
7.67489,45.97812,3102
7.67532,45.97812,3084
7.67575,45.97812,3065
7.67618,45.97812,3049
7.67661,45.97812,3035
7.67704,45.97812,3022
7.67747,45.97812,3010
7.67790,45.97812,2998
7.67833,45.97812,2986
7.67876,45.97812,2971
7.67919,45.97812,2947
7.67962,45.97812,2925
7.68004,45.97812,2899
7.68047,45.97812,2870
7.68090,45.97812,2846
7.68133,45.97812,2828
7.68176,45.97812,2812
7.68219,45.97812,2803
7.68262,45.97812,2798
7.68305,45.97812,2794
7.68348,45.97812,2793
7.68391,45.97812,2792
7.68434,45.97812,2789
7.68476,45.97812,2783
7.68519,45.97812,2776
7.68562,45.97812,2768
7.68605,45.97812,2760
7.68648,45.97812,2754
7.68691,45.97812,2752
7.68734,45.97812,2754
7.68777,45.97812,2759
7.68820,45.97812,2764
7.68863,45.97812,2769
7.68906,45.97812,2772
7.68949,45.97812,2775
7.68991,45.97812,2776
7.69034,45.97812,2777
7.66846,45.97782,3508
7.66889,45.97782,3470
7.66932,45.97782,3431
7.66974,45.97782,3402
7.67017,45.97782,3374
7.67060,45.97782,3348
7.67103,45.97782,3318
7.67146,45.97782,3281
7.67189,45.97782,3244
7.67232,45.97782,3216
7.67275,45.97782,3195
7.67318,45.97782,3176
7.67361,45.97782,3156
7.67404,45.97782,3135
7.67447,45.97782,3117
7.67489,45.97782,3098
7.67532,45.97782,3079
7.67575,45.97782,3059
7.67618,45.97782,3042
7.67661,45.97782,3028
7.67704,45.97782,3013
7.67747,45.97782,2998
7.67790,45.97782,2983
7.67833,45.97782,2967
7.67876,45.97782,2949
7.67919,45.97782,2930
7.67962,45.97782,2909
7.68004,45.97782,2887
7.68047,45.97782,2865
7.68090,45.97782,2845
7.68133,45.97782,2829
7.68176,45.97782,2817
7.68219,45.97782,2810
7.68262,45.97782,2804
7.68305,45.97782,2801
7.68348,45.97782,2799
7.68391,45.97782,2797
7.68434,45.97782,2794
7.68476,45.97782,2788
7.68519,45.97782,2781
7.68562,45.97782,2772
7.68605,45.97782,2763
7.68648,45.97782,2759
7.68691,45.97782,2759
7.68734,45.97782,2762
7.68777,45.97782,2768
7.68820,45.97782,2773
7.68863,45.97782,2777
7.68906,45.97782,2780
7.68949,45.97782,2782
7.68991,45.97782,2783
7.69034,45.97782,2782
7.66846,45.97752,3499
7.66889,45.97752,3460
7.66932,45.97752,3422
7.66974,45.97752,3396
7.67017,45.97752,3370
7.67060,45.97752,3348
7.67103,45.97752,3314
7.67146,45.97752,3278
7.67189,45.97752,3244
7.67232,45.97752,3217
7.67275,45.97752,3196
7.67318,45.97752,3176
7.67361,45.97752,3156
7.67404,45.97752,3137
7.67447,45.97752,3117
7.67489,45.97752,3096
7.67532,45.97752,3075
7.67575,45.97752,3055
7.67618,45.97752,3037
7.67661,45.97752,3021
7.67704,45.97752,3003
7.67747,45.97752,2981
7.67790,45.97752,2964
7.67833,45.97752,2947
7.67876,45.97752,2929
7.67919,45.97752,2913
7.67962,45.97752,2896
7.68004,45.97752,2878
7.68047,45.97752,2860
7.68090,45.97752,2844
7.68133,45.97752,2831
7.68176,45.97752,2821
7.68219,45.97752,2815
7.68262,45.97752,2811
7.68305,45.97752,2808
7.68348,45.97752,2804
7.68391,45.97752,2800
7.68434,45.97752,2796
7.68476,45.97752,2792
7.68519,45.97752,2786
7.68562,45.97752,2776
7.68605,45.97752,2769
7.68648,45.97752,2765
7.68691,45.97752,2766
7.68734,45.97752,2771
7.68777,45.97752,2775
7.68820,45.97752,2781
7.68863,45.97752,2785
7.68906,45.97752,2787
7.68949,45.97752,2789
7.68991,45.97752,2789
7.69034,45.97752,2787
7.66846,45.97722,3491
7.66889,45.97722,3454
7.66932,45.97722,3417
7.66974,45.97722,3391
7.67017,45.97722,3368
7.67060,45.97722,3343
7.67103,45.97722,3308
7.67146,45.97722,3275
7.67189,45.97722,3246
7.67232,45.97722,3219
7.67275,45.97722,3195
7.67318,45.97722,3176
7.67361,45.97722,3155
7.67404,45.97722,3137
7.67447,45.97722,3116
7.67489,45.97722,3094
7.67532,45.97722,3074
7.67575,45.97722,3055
7.67618,45.97722,3034
7.67661,45.97722,3014
7.67704,45.97722,2988
7.67747,45.97722,2962
7.67790,45.97722,2945
7.67833,45.97722,2930
7.67876,45.97722,2914
7.67919,45.97722,2901
7.67962,45.97722,2888
7.68004,45.97722,2872
7.68047,45.97722,2857
7.68090,45.97722,2844
7.68133,45.97722,2834
7.68176,45.97722,2826
7.68219,45.97722,2821
7.68262,45.97722,2817
7.68305,45.97722,2813
7.68348,45.97722,2808
7.68391,45.97722,2802
7.68434,45.97722,2796
7.68476,45.97722,2793
7.68519,45.97722,2787
7.68562,45.97722,2779
7.68605,45.97722,2773
7.68648,45.97722,2770
7.68691,45.97722,2772
7.68734,45.97722,2777
7.68777,45.97722,2781
7.68820,45.97722,2787
7.68863,45.97722,2792
7.68906,45.97722,2794
7.68949,45.97722,2795
7.68991,45.97722,2794
7.69034,45.97722,2791
7.66846,45.97692,3484
7.66889,45.97692,3450
7.66932,45.97692,3415
7.66974,45.97692,3384
7.67017,45.97692,3361
7.67060,45.97692,3333
7.67103,45.97692,3300
7.67146,45.97692,3270
7.67189,45.97692,3244
7.67232,45.97692,3217
7.67275,45.97692,3192
7.67318,45.97692,3172
7.67361,45.97692,3154
7.67404,45.97692,3135
7.67447,45.97692,3113
7.67489,45.97692,3093
7.67532,45.97692,3074
7.67575,45.97692,3055
7.67618,45.97692,3034
7.67661,45.97692,3005
7.67704,45.97692,2972
7.67747,45.97692,2947
7.67790,45.97692,2931
7.67833,45.97692,2919
7.67876,45.97692,2905
7.67919,45.97692,2893
7.67962,45.97692,2880
7.68004,45.97692,2867
7.68047,45.97692,2855
7.68090,45.97692,2845
7.68133,45.97692,2837
7.68176,45.97692,2830
7.68219,45.97692,2826
7.68262,45.97692,2822
7.68305,45.97692,2816
7.68348,45.97692,2810
7.68391,45.97692,2804
7.68434,45.97692,2797
7.68476,45.97692,2793
7.68519,45.97692,2788
7.68562,45.97692,2781
7.68605,45.97692,2776
7.68648,45.97692,2775
7.68691,45.97692,2777
7.68734,45.97692,2781
7.68777,45.97692,2786
7.68820,45.97692,2793
7.68863,45.97692,2797
7.68906,45.97692,2799
7.68949,45.97692,2800
7.68991,45.97692,2798
7.69034,45.97692,2794
7.66846,45.97663,3476
7.66889,45.97663,3444
7.66932,45.97663,3412
7.66974,45.97663,3377
7.67017,45.97663,3349
7.67060,45.97663,3321
7.67103,45.97663,3291
7.67146,45.97663,3263
7.67189,45.97663,3239
7.67232,45.97663,3214
7.67275,45.97663,3190
7.67318,45.97663,3169
7.67361,45.97663,3150
7.67404,45.97663,3130
7.67447,45.97663,3110
7.67489,45.97663,3091
7.67532,45.97663,3072
7.67575,45.97663,3054
7.67618,45.97663,3031
7.67661,45.97663,2998
7.67704,45.97663,2963
7.67747,45.97663,2940
7.67790,45.97663,2925
7.67833,45.97663,2912
7.67876,45.97663,2899
7.67919,45.97663,2888
7.67962,45.97663,2876
7.68004,45.97663,2864
7.68047,45.97663,2854
7.68090,45.97663,2846
7.68133,45.97663,2839
7.68176,45.97663,2834
7.68219,45.97663,2829
7.68262,45.97663,2825
7.68305,45.97663,2818
7.68348,45.97663,2811
7.68391,45.97663,2805
7.68434,45.97663,2800
7.68476,45.97663,2796
7.68519,45.97663,2789
7.68562,45.97663,2782
7.68605,45.97663,2779
7.68648,45.97663,2778
7.68691,45.97663,2780
7.68734,45.97663,2785
7.68777,45.97663,2790
7.68820,45.97663,2796
7.68863,45.97663,2801
7.68906,45.97663,2803
7.68949,45.97663,2803
7.68991,45.97663,2801
7.69034,45.97663,2796
7.66846,45.97633,3465
7.66889,45.97633,3434
7.66932,45.97633,3402
7.66974,45.97633,3367
7.67017,45.97633,3337
7.67060,45.97633,3308
7.67103,45.97633,3282
7.67146,45.97633,3258
7.67189,45.97633,3236
7.67232,45.97633,3213
7.67275,45.97633,3189
7.67318,45.97633,3167
7.67361,45.97633,3147
7.67404,45.97633,3128
7.67447,45.97633,3108
7.67489,45.97633,3089
7.67532,45.97633,3070
7.67575,45.97633,3050
7.67618,45.97633,3027
7.67661,45.97633,2996
7.67704,45.97633,2961
7.67747,45.97633,2937
7.67790,45.97633,2921
7.67833,45.97633,2906
7.67876,45.97633,2894
7.67919,45.97633,2883
7.67962,45.97633,2873
7.68004,45.97633,2862
7.68047,45.97633,2854
7.68090,45.97633,2847
7.68133,45.97633,2841
7.68176,45.97633,2837
7.68219,45.97633,2833
7.68262,45.97633,2828
7.68305,45.97633,2820
7.68348,45.97633,2813
7.68391,45.97633,2806
7.68434,45.97633,2801
7.68476,45.97633,2797
7.68519,45.97633,2790
7.68562,45.97633,2784
7.68605,45.97633,2782
7.68648,45.97633,2782
7.68691,45.97633,2785
7.68734,45.97633,2788
7.68777,45.97633,2794
7.68820,45.97633,2799
7.68863,45.97633,2804
7.68906,45.97633,2807
7.68949,45.97633,2807
7.68991,45.97633,2804
7.69034,45.97633,2798
7.66846,45.97603,3450
7.66889,45.97603,3420
7.66932,45.97603,3390
7.66974,45.97603,3355
7.67017,45.97603,3325
7.67060,45.97603,3297
7.67103,45.97603,3275
7.67146,45.97603,3255
7.67189,45.97603,3236
7.67232,45.97603,3214
7.67275,45.97603,3190
7.67318,45.97603,3166
7.67361,45.97603,3145
7.67404,45.97603,3125
7.67447,45.97603,3106
7.67489,45.97603,3086
7.67532,45.97603,3066
7.67575,45.97603,3048
7.67618,45.97603,3025
7.67661,45.97603,2996
7.67704,45.97603,2963
7.67747,45.97603,2935
7.67790,45.97603,2917
7.67833,45.97603,2902
7.67876,45.97603,2890
7.67919,45.97603,2880
7.67962,45.97603,2871
7.68004,45.97603,2863
7.68047,45.97603,2854
7.68090,45.97603,2849
7.68133,45.97603,2844
7.68176,45.97603,2841
7.68219,45.97603,2838
7.68262,45.97603,2832
7.68305,45.97603,2825
7.68348,45.97603,2817
7.68391,45.97603,2808
7.68434,45.97603,2803
7.68476,45.97603,2797
7.68519,45.97603,2792
7.68562,45.97603,2789
7.68605,45.97603,2787
7.68648,45.97603,2787
7.68691,45.97603,2789
7.68734,45.97603,2793
7.68777,45.97603,2798
7.68820,45.97603,2804
7.68863,45.97603,2810
7.68906,45.97603,2812
7.68949,45.97603,2811
7.68991,45.97603,2808
7.69034,45.97603,2800
7.66846,45.97573,3436
7.66889,45.97573,3405
7.66932,45.97573,3375
7.66974,45.97573,3342
7.67017,45.97573,3313
7.67060,45.97573,3286
7.67103,45.97573,3271
7.67146,45.97573,3255
7.67189,45.97573,3237
7.67232,45.97573,3215
7.67275,45.97573,3191
7.67318,45.97573,3167
7.67361,45.97573,3146
7.67404,45.97573,3124
7.67447,45.97573,3102
7.67489,45.97573,3082
7.67532,45.97573,3062
7.67575,45.97573,3046
7.67618,45.97573,3025
7.67661,45.97573,2998
7.67704,45.97573,2964
7.67747,45.97573,2933
7.67790,45.97573,2913
7.67833,45.97573,2898
7.67876,45.97573,2888
7.67919,45.97573,2879
7.67962,45.97573,2871
7.68004,45.97573,2864
7.68047,45.97573,2856
7.68090,45.97573,2852
7.68133,45.97573,2848
7.68176,45.97573,2845
7.68219,45.97573,2842
7.68262,45.97573,2838
7.68305,45.97573,2830
7.68348,45.97573,2820
7.68391,45.97573,2811
7.68434,45.97573,2803
7.68476,45.97573,2799
7.68519,45.97573,2794
7.68562,45.97573,2792
7.68605,45.97573,2792
7.68648,45.97573,2793
7.68691,45.97573,2796
7.68734,45.97573,2800
7.68777,45.97573,2806
7.68820,45.97573,2812
7.68863,45.97573,2817
7.68906,45.97573,2820
7.68949,45.97573,2818
7.68991,45.97573,2812
7.69034,45.97573,2803
7.66846,45.97543,3420
7.66889,45.97543,3386
7.66932,45.97543,3353
7.66974,45.97543,3326
7.67017,45.97543,3301
7.67060,45.97543,3278
7.67103,45.97543,3265
7.67146,45.97543,3251
7.67189,45.97543,3234
7.67232,45.97543,3214
7.67275,45.97543,3192
7.67318,45.97543,3168
7.67361,45.97543,3146
7.67404,45.97543,3122
7.67447,45.97543,3098
7.67489,45.97543,3077
7.67532,45.97543,3059
7.67575,45.97543,3043
7.67618,45.97543,3023
7.67661,45.97543,2996
7.67704,45.97543,2963
7.67747,45.97543,2932
7.67790,45.97543,2911
7.67833,45.97543,2896
7.67876,45.97543,2887
7.67919,45.97543,2878
7.67962,45.97543,2871
7.68004,45.97543,2864
7.68047,45.97543,2858
7.68090,45.97543,2854
7.68133,45.97543,2851
7.68176,45.97543,2849
7.68219,45.97543,2845
7.68262,45.97543,2841
7.68305,45.97543,2833
7.68348,45.97543,2823
7.68391,45.97543,2815
7.68434,45.97543,2807
7.68476,45.97543,2802
7.68519,45.97543,2798
7.68562,45.97543,2796
7.68605,45.97543,2796
7.68648,45.97543,2798
7.68691,45.97543,2802
7.68734,45.97543,2808
7.68777,45.97543,2815
7.68820,45.97543,2822
7.68863,45.97543,2826
7.68906,45.97543,2827
7.68949,45.97543,2823
7.68991,45.97543,2816
7.69034,45.97543,2806
7.66846,45.97513,3404
7.66889,45.97513,3366
7.66932,45.97513,3329
7.66974,45.97513,3310
7.67017,45.97513,3289
7.67060,45.97513,3272
7.67103,45.97513,3256
7.67146,45.97513,3241
7.67189,45.97513,3227
7.67232,45.97513,3209
7.67275,45.97513,3189
7.67318,45.97513,3167
7.67361,45.97513,3144
7.67404,45.97513,3120
7.67447,45.97513,3095
7.67489,45.97513,3072
7.67532,45.97513,3054
7.67575,45.97513,3041
7.67618,45.97513,3020
7.67661,45.97513,2992
7.67704,45.97513,2960
7.67747,45.97513,2931
7.67790,45.97513,2911
7.67833,45.97513,2896
7.67876,45.97513,2885
7.67919,45.97513,2878
7.67962,45.97513,2871
7.68004,45.97513,2865
7.68047,45.97513,2860
7.68090,45.97513,2856
7.68133,45.97513,2853
7.68176,45.97513,2850
7.68219,45.97513,2847
7.68262,45.97513,2843
7.68305,45.97513,2836
7.68348,45.97513,2827
7.68391,45.97513,2819
7.68434,45.97513,2811
7.68476,45.97513,2805
7.68519,45.97513,2802
7.68562,45.97513,2801
7.68605,45.97513,2800
7.68648,45.97513,2802
7.68691,45.97513,2807
7.68734,45.97513,2815
7.68777,45.97513,2823
7.68820,45.97513,2829
7.68863,45.97513,2833
7.68906,45.97513,2832
7.68949,45.97513,2827
7.68991,45.97513,2819
7.69034,45.97513,2809
7.66846,45.97484,3389
7.66889,45.97484,3347
7.66932,45.97484,3306
7.66974,45.97484,3291
7.67017,45.97484,3274
7.67060,45.97484,3261
7.67103,45.97484,3244
7.67146,45.97484,3230
7.67189,45.97484,3217
7.67232,45.97484,3201
7.67275,45.97484,3182
7.67318,45.97484,3162
7.67361,45.97484,3140
7.67404,45.97484,3116
7.67447,45.97484,3092
7.67489,45.97484,3069
7.67532,45.97484,3052
7.67575,45.97484,3038
7.67618,45.97484,3018
7.67661,45.97484,2985
7.67704,45.97484,2955
7.67747,45.97484,2931
7.67790,45.97484,2912
7.67833,45.97484,2896
7.67876,45.97484,2884
7.67919,45.97484,2877
7.67962,45.97484,2871
7.68004,45.97484,2866
7.68047,45.97484,2863
7.68090,45.97484,2860
7.68133,45.97484,2856
7.68176,45.97484,2853
7.68219,45.97484,2849
7.68262,45.97484,2844
7.68305,45.97484,2837
7.68348,45.97484,2828
7.68391,45.97484,2820
7.68434,45.97484,2813
7.68476,45.97484,2808
7.68519,45.97484,2807
7.68562,45.97484,2806
7.68605,45.97484,2805
7.68648,45.97484,2808
7.68691,45.97484,2813
7.68734,45.97484,2819
7.68777,45.97484,2828
7.68820,45.97484,2833
7.68863,45.97484,2835
7.68906,45.97484,2833
7.68949,45.97484,2828
7.68991,45.97484,2821
7.69034,45.97484,2812
7.66846,45.97454,3373
7.66889,45.97454,3331
7.66932,45.97454,3288
7.66974,45.97454,3274
7.67017,45.97454,3259
7.67060,45.97454,3246
7.67103,45.97454,3231
7.67146,45.97454,3219
7.67189,45.97454,3207
7.67232,45.97454,3193
7.67275,45.97454,3175
7.67318,45.97454,3155
7.67361,45.97454,3133
7.67404,45.97454,3110
7.67447,45.97454,3087
7.67489,45.97454,3066
7.67532,45.97454,3051
7.67575,45.97454,3034
7.67618,45.97454,3011
7.67661,45.97454,2980
7.67704,45.97454,2952
7.67747,45.97454,2930
7.67790,45.97454,2913
7.67833,45.97454,2896
7.67876,45.97454,2884
7.67919,45.97454,2877
7.67962,45.97454,2872
7.68004,45.97454,2868
7.68047,45.97454,2866
7.68090,45.97454,2864
7.68133,45.97454,2860
7.68176,45.97454,2856
7.68219,45.97454,2851
7.68262,45.97454,2845
7.68305,45.97454,2837
7.68348,45.97454,2829
7.68391,45.97454,2822
7.68434,45.97454,2815
7.68476,45.97454,2813
7.68519,45.97454,2812
7.68562,45.97454,2810
7.68605,45.97454,2810
7.68648,45.97454,2811
7.68691,45.97454,2817
7.68734,45.97454,2823
7.68777,45.97454,2830
7.68820,45.97454,2834
7.68863,45.97454,2836
7.68906,45.97454,2832
7.68949,45.97454,2828
7.68991,45.97454,2821
7.69034,45.97454,2814
7.66846,45.97424,3359
7.66889,45.97424,3314
7.66932,45.97424,3269
7.66974,45.97424,3258
7.67017,45.97424,3243
7.67060,45.97424,3232
7.67103,45.97424,3220
7.67146,45.97424,3208
7.67189,45.97424,3197
7.67232,45.97424,3184
7.67275,45.97424,3167
7.67318,45.97424,3147
7.67361,45.97424,3126
7.67404,45.97424,3104
7.67447,45.97424,3082
7.67489,45.97424,3064
7.67532,45.97424,3047
7.67575,45.97424,3029
7.67618,45.97424,3004
7.67661,45.97424,2977
7.67704,45.97424,2951
7.67747,45.97424,2931
7.67790,45.97424,2914
7.67833,45.97424,2898
7.67876,45.97424,2886
7.67919,45.97424,2878
7.67962,45.97424,2873
7.68004,45.97424,2870
7.68047,45.97424,2869
7.68090,45.97424,2867
7.68133,45.97424,2864
7.68176,45.97424,2859
7.68219,45.97424,2854
7.68262,45.97424,2846
7.68305,45.97424,2838
7.68348,45.97424,2830
7.68391,45.97424,2824
7.68434,45.97424,2821
7.68476,45.97424,2820
7.68519,45.97424,2818
7.68562,45.97424,2815
7.68605,45.97424,2813
7.68648,45.97424,2815
7.68691,45.97424,2820
7.68734,45.97424,2825
7.68777,45.97424,2830
7.68820,45.97424,2834
7.68863,45.97424,2836
7.68906,45.97424,2831
7.68949,45.97424,2827
7.68991,45.97424,2822
7.69034,45.97424,2816
7.66846,45.97394,3346
7.66889,45.97394,3301
7.66932,45.97394,3256
7.66974,45.97394,3246
7.67017,45.97394,3232
7.67060,45.97394,3222
7.67103,45.97394,3211
7.67146,45.97394,3200
7.67189,45.97394,3190
7.67232,45.97394,3178
7.67275,45.97394,3161
7.67318,45.97394,3141
7.67361,45.97394,3121
7.67404,45.97394,3101
7.67447,45.97394,3081
7.67489,45.97394,3063
7.67532,45.97394,3046
7.67575,45.97394,3025
7.67618,45.97394,3000
7.67661,45.97394,2974
7.67704,45.97394,2951
7.67747,45.97394,2933
7.67790,45.97394,2916
7.67833,45.97394,2900
7.67876,45.97394,2888
7.67919,45.97394,2881
7.67962,45.97394,2876
7.68004,45.97394,2875
7.68047,45.97394,2874
7.68090,45.97394,2872
7.68133,45.97394,2868
7.68176,45.97394,2862
7.68219,45.97394,2856
7.68262,45.97394,2849
7.68305,45.97394,2841
7.68348,45.97394,2832
7.68391,45.97394,2827
7.68434,45.97394,2825
7.68476,45.97394,2825
7.68519,45.97394,2823
7.68562,45.97394,2820
7.68605,45.97394,2819
7.68648,45.97394,2819
7.68691,45.97394,2823
7.68734,45.97394,2826
7.68777,45.97394,2831
7.68820,45.97394,2835
7.68863,45.97394,2835
7.68906,45.97394,2830
7.68949,45.97394,2827
7.68991,45.97394,2823
7.69034,45.97394,2819
7.66846,45.97364,3336
7.66889,45.97364,3297
7.66932,45.97364,3254
7.66974,45.97364,3246
7.67017,45.97364,3232
7.67060,45.97364,3218
7.67103,45.97364,3206
7.67146,45.97364,3195
7.67189,45.97364,3185
7.67232,45.97364,3173
7.67275,45.97364,3157
7.67318,45.97364,3137
7.67361,45.97364,3119
7.67404,45.97364,3100
7.67447,45.97364,3082
7.67489,45.97364,3063
7.67532,45.97364,3043
7.67575,45.97364,3021
7.67618,45.97364,2997
7.67661,45.97364,2973
7.67704,45.97364,2951
7.67747,45.97364,2934
7.67790,45.97364,2918
7.67833,45.97364,2902
7.67876,45.97364,2891
7.67919,45.97364,2884
7.67962,45.97364,2881
7.68004,45.97364,2880
7.68047,45.97364,2879
7.68090,45.97364,2877
7.68133,45.97364,2871
7.68176,45.97364,2865
7.68219,45.97364,2858
7.68262,45.97364,2851
7.68305,45.97364,2843
7.68348,45.97364,2836
7.68391,45.97364,2832
7.68434,45.97364,2830
7.68476,45.97364,2830
7.68519,45.97364,2828
7.68562,45.97364,2826
7.68605,45.97364,2825
7.68648,45.97364,2824
7.68691,45.97364,2826
7.68734,45.97364,2829
7.68777,45.97364,2832
7.68820,45.97364,2836
7.68863,45.97364,2834
7.68906,45.97364,2831
7.68949,45.97364,2828
7.68991,45.97364,2825
7.69034,45.97364,2823
7.66846,45.97334,3327
7.66889,45.97334,3288
7.66932,45.97334,3247
7.66974,45.97334,3241
7.67017,45.97334,3230
7.67060,45.97334,3218
7.67103,45.97334,3203
7.67146,45.97334,3191
7.67189,45.97334,3182
7.67232,45.97334,3171
7.67275,45.97334,3155
7.67318,45.97334,3137
7.67361,45.97334,3119
7.67404,45.97334,3101
7.67447,45.97334,3082
7.67489,45.97334,3062
7.67532,45.97334,3039
7.67575,45.97334,3016
7.67618,45.97334,2993
7.67661,45.97334,2973
7.67704,45.97334,2953
7.67747,45.97334,2937
7.67790,45.97334,2920
7.67833,45.97334,2906
7.67876,45.97334,2896
7.67919,45.97334,2889
7.67962,45.97334,2886
7.68004,45.97334,2885
7.68047,45.97334,2883
7.68090,45.97334,2881
7.68133,45.97334,2876
7.68176,45.97334,2870
7.68219,45.97334,2861
7.68262,45.97334,2853
7.68305,45.97334,2846
7.68348,45.97334,2841
7.68391,45.97334,2837
7.68434,45.97334,2836
7.68476,45.97334,2836
7.68519,45.97334,2834
7.68562,45.97334,2833
7.68605,45.97334,2832
7.68648,45.97334,2831
7.68691,45.97334,2831
7.68734,45.97334,2833
7.68777,45.97334,2834
7.68820,45.97334,2835
7.68863,45.97334,2834
7.68906,45.97334,2833
7.68949,45.97334,2831
7.68991,45.97334,2829
7.69034,45.97334,2828
7.66846,45.97305,3322
7.66889,45.97305,3298
7.66932,45.97305,3271
7.66974,45.97305,3253
7.67017,45.97305,3237
7.67060,45.97305,3220
7.67103,45.97305,3205
7.67146,45.97305,3192
7.67189,45.97305,3182
7.67232,45.97305,3170
7.67275,45.97305,3155
7.67318,45.97305,3139
7.67361,45.97305,3122
7.67404,45.97305,3104
7.67447,45.97305,3084
7.67489,45.97305,3062
7.67532,45.97305,3037
7.67575,45.97305,3011
7.67618,45.97305,2990
7.67661,45.97305,2972
7.67704,45.97305,2956
7.67747,45.97305,2938
7.67790,45.97305,2923
7.67833,45.97305,2910
7.67876,45.97305,2900
7.67919,45.97305,2893
7.67962,45.97305,2891
7.68004,45.97305,2888
7.68047,45.97305,2886
7.68090,45.97305,2883
7.68133,45.97305,2878
7.68176,45.97305,2871
7.68219,45.97305,2863
7.68262,45.97305,2856
7.68305,45.97305,2849
7.68348,45.97305,2846
7.68391,45.97305,2844
7.68434,45.97305,2843
7.68476,45.97305,2843
7.68519,45.97305,2842
7.68562,45.97305,2840
7.68605,45.97305,2839
7.68648,45.97305,2836
7.68691,45.97305,2836
7.68734,45.97305,2836
7.68777,45.97305,2837
7.68820,45.97305,2836
7.68863,45.97305,2836
7.68906,45.97305,2835
7.68949,45.97305,2835
7.68991,45.97305,2834
7.69034,45.97305,2833
7.66846,45.97275,3310
7.66889,45.97275,3298
7.66932,45.97275,3284
7.66974,45.97275,3265
7.67017,45.97275,3244
7.67060,45.97275,3225
7.67103,45.97275,3209
7.67146,45.97275,3196
7.67189,45.97275,3185
7.67232,45.97275,3172
7.67275,45.97275,3158
7.67318,45.97275,3143
7.67361,45.97275,3126
7.67404,45.97275,3108
7.67447,45.97275,3087
7.67489,45.97275,3063
7.67532,45.97275,3036
7.67575,45.97275,3009
7.67618,45.97275,2987
7.67661,45.97275,2970
7.67704,45.97275,2955
7.67747,45.97275,2939
7.67790,45.97275,2925
7.67833,45.97275,2912
7.67876,45.97275,2903
7.67919,45.97275,2897
7.67962,45.97275,2893
7.68004,45.97275,2890
7.68047,45.97275,2887
7.68090,45.97275,2883
7.68133,45.97275,2878
7.68176,45.97275,2871
7.68219,45.97275,2864
7.68262,45.97275,2857
7.68305,45.97275,2852
7.68348,45.97275,2850
7.68391,45.97275,2851
7.68434,45.97275,2851
7.68476,45.97275,2851
7.68519,45.97275,2849
7.68562,45.97275,2846
7.68605,45.97275,2845
7.68648,45.97275,2842
7.68691,45.97275,2841
7.68734,45.97275,2841
7.68777,45.97275,2841
7.68820,45.97275,2840
7.68863,45.97275,2840
7.68906,45.97275,2840
7.68949,45.97275,2840
7.68991,45.97275,2841
7.69034,45.97275,2840
7.66846,45.97245,3296
7.66889,45.97245,3287
7.66932,45.97245,3276
7.66974,45.97245,3263
7.67017,45.97245,3247
7.67060,45.97245,3231
7.67103,45.97245,3217
7.67146,45.97245,3204
7.67189,45.97245,3191
7.67232,45.97245,3178
7.67275,45.97245,3163
7.67318,45.97245,3148
7.67361,45.97245,3132
7.67404,45.97245,3114
7.67447,45.97245,3092
7.67489,45.97245,3066
7.67532,45.97245,3037
7.67575,45.97245,3009
7.67618,45.97245,2985
7.67661,45.97245,2967
7.67704,45.97245,2954
7.67747,45.97245,2939
7.67790,45.97245,2925
7.67833,45.97245,2913
7.67876,45.97245,2904
7.67919,45.97245,2898
7.67962,45.97245,2894
7.68004,45.97245,2890
7.68047,45.97245,2887
7.68090,45.97245,2882
7.68133,45.97245,2877
7.68176,45.97245,2871
7.68219,45.97245,2865
7.68262,45.97245,2859
7.68305,45.97245,2856
7.68348,45.97245,2855
7.68391,45.97245,2856
7.68434,45.97245,2858
7.68476,45.97245,2857
7.68519,45.97245,2855
7.68562,45.97245,2852
7.68605,45.97245,2850
7.68648,45.97245,2848
7.68691,45.97245,2846
7.68734,45.97245,2846
7.68777,45.97245,2847
7.68820,45.97245,2847
7.68863,45.97245,2846
7.68906,45.97245,2846
7.68949,45.97245,2847
7.68991,45.97245,2848
7.69034,45.97245,2846
7.66846,45.97215,3283
7.66889,45.97215,3278
7.66932,45.97215,3271
7.66974,45.97215,3260
7.67017,45.97215,3249
7.67060,45.97215,3238
7.67103,45.97215,3227
7.67146,45.97215,3216
7.67189,45.97215,3202
7.67232,45.97215,3187
7.67275,45.97215,3171
7.67318,45.97215,3155
7.67361,45.97215,3138
7.67404,45.97215,3120
7.67447,45.97215,3097
7.67489,45.97215,3070
7.67532,45.97215,3039
7.67575,45.97215,3010
7.67618,45.97215,2985
7.67661,45.97215,2967
7.67704,45.97215,2954
7.67747,45.97215,2939
7.67790,45.97215,2926
7.67833,45.97215,2913
7.67876,45.97215,2905
7.67919,45.97215,2899
7.67962,45.97215,2895
7.68004,45.97215,2891
7.68047,45.97215,2886
7.68090,45.97215,2881
7.68133,45.97215,2876
7.68176,45.97215,2872
7.68219,45.97215,2867
7.68262,45.97215,2863
7.68305,45.97215,2859
7.68348,45.97215,2860
7.68391,45.97215,2861
7.68434,45.97215,2863
7.68476,45.97215,2862
7.68519,45.97215,2860
7.68562,45.97215,2857
7.68605,45.97215,2854
7.68648,45.97215,2853
7.68691,45.97215,2852
7.68734,45.97215,2853
7.68777,45.97215,2853
7.68820,45.97215,2853
7.68863,45.97215,2853
7.68906,45.97215,2853
7.68949,45.97215,2854
7.68991,45.97215,2855
7.69034,45.97215,2854
7.66846,45.97185,3270
7.66889,45.97185,3270
7.66932,45.97185,3266
7.66974,45.97185,3259
7.67017,45.97185,3252
7.67060,45.97185,3245
7.67103,45.97185,3237
7.67146,45.97185,3227
7.67189,45.97185,3215
7.67232,45.97185,3199
7.67275,45.97185,3181
7.67318,45.97185,3163
7.67361,45.97185,3144
7.67404,45.97185,3126
7.67447,45.97185,3103
7.67489,45.97185,3076
7.67532,45.97185,3045
7.67575,45.97185,3015
7.67618,45.97185,2989
7.67661,45.97185,2970
7.67704,45.97185,2955
7.67747,45.97185,2941
7.67790,45.97185,2928
7.67833,45.97185,2915
7.67876,45.97185,2906
7.67919,45.97185,2900
7.67962,45.97185,2896
7.68004,45.97185,2893
7.68047,45.97185,2888
7.68090,45.97185,2883
7.68133,45.97185,2879
7.68176,45.97185,2875
7.68219,45.97185,2871
7.68262,45.97185,2867
7.68305,45.97185,2864
7.68348,45.97185,2864
7.68391,45.97185,2865
7.68434,45.97185,2866
7.68476,45.97185,2866
7.68519,45.97185,2864
7.68562,45.97185,2861
7.68605,45.97185,2859
7.68648,45.97185,2859
7.68691,45.97185,2858
7.68734,45.97185,2858
7.68777,45.97185,2859
7.68820,45.97185,2860
7.68863,45.97185,2860
7.68906,45.97185,2861
7.68949,45.97185,2862
7.68991,45.97185,2863
7.69034,45.97185,2862
7.66846,45.97155,3258
7.66889,45.97155,3262
7.66932,45.97155,3263
7.66974,45.97155,3261
7.67017,45.97155,3257
7.67060,45.97155,3254
7.67103,45.97155,3248
7.67146,45.97155,3238
7.67189,45.97155,3226
7.67232,45.97155,3210
7.67275,45.97155,3192
7.67318,45.97155,3173
7.67361,45.97155,3154
7.67404,45.97155,3135
7.67447,45.97155,3112
7.67489,45.97155,3085
7.67532,45.97155,3053
7.67575,45.97155,3021
7.67618,45.97155,2995
7.67661,45.97155,2974
7.67704,45.97155,2958
7.67747,45.97155,2944
7.67790,45.97155,2931
7.67833,45.97155,2918
7.67876,45.97155,2909
7.67919,45.97155,2902
7.67962,45.97155,2898
7.68004,45.97155,2894
7.68047,45.97155,2889
7.68090,45.97155,2886
7.68133,45.97155,2883
7.68176,45.97155,2879
7.68219,45.97155,2875
7.68262,45.97155,2872
7.68305,45.97155,2868
7.68348,45.97155,2867
7.68391,45.97155,2868
7.68434,45.97155,2869
7.68476,45.97155,2869
7.68519,45.97155,2869
7.68562,45.97155,2867
7.68605,45.97155,2866
7.68648,45.97155,2865
7.68691,45.97155,2864
7.68734,45.97155,2864
7.68777,45.97155,2865
7.68820,45.97155,2865
7.68863,45.97155,2866
7.68906,45.97155,2867
7.68949,45.97155,2868
7.68991,45.97155,2869
7.69034,45.97155,2869
7.66846,45.97126,3244
7.66889,45.97126,3253
7.66932,45.97126,3260
7.66974,45.97126,3263
7.67017,45.97126,3264
7.67060,45.97126,3264
7.67103,45.97126,3259
7.67146,45.97126,3251
7.67189,45.97126,3239
7.67232,45.97126,3223
7.67275,45.97126,3204
7.67318,45.97126,3187
7.67361,45.97126,3167
7.67404,45.97126,3147
7.67447,45.97126,3124
7.67489,45.97126,3098
7.67532,45.97126,3066
7.67575,45.97126,3031
7.67618,45.97126,3004
7.67661,45.97126,2981
7.67704,45.97126,2964
7.67747,45.97126,2951
7.67790,45.97126,2937
7.67833,45.97126,2925
7.67876,45.97126,2914
7.67919,45.97126,2906
7.67962,45.97126,2900
7.68004,45.97126,2896
7.68047,45.97126,2891
7.68090,45.97126,2888
7.68133,45.97126,2886
7.68176,45.97126,2883
7.68219,45.97126,2880
7.68262,45.97126,2876
7.68305,45.97126,2872
7.68348,45.97126,2870
7.68391,45.97126,2870
7.68434,45.97126,2871
7.68476,45.97126,2872
7.68519,45.97126,2872
7.68562,45.97126,2872
7.68605,45.97126,2872
7.68648,45.97126,2871
7.68691,45.97126,2871
7.68734,45.97126,2870
7.68777,45.97126,2870
7.68820,45.97126,2870
7.68863,45.97126,2871
7.68906,45.97126,2873
7.68949,45.97126,2874
7.68991,45.97126,2875
7.69034,45.97126,2875
7.66846,45.97096,3230
7.66889,45.97096,3243
7.66932,45.97096,3256
7.66974,45.97096,3265
7.67017,45.97096,3271
7.67060,45.97096,3274
7.67103,45.97096,3272
7.67146,45.97096,3266
7.67189,45.97096,3254
7.67232,45.97096,3238
7.67275,45.97096,3221
7.67318,45.97096,3204
7.67361,45.97096,3184
7.67404,45.97096,3162
7.67447,45.97096,3138
7.67489,45.97096,3111
7.67532,45.97096,3079
7.67575,45.97096,3047
7.67618,45.97096,3016
7.67661,45.97096,2993
7.67704,45.97096,2973
7.67747,45.97096,2958
7.67790,45.97096,2943
7.67833,45.97096,2930
7.67876,45.97096,2920
7.67919,45.97096,2910
7.67962,45.97096,2904
7.68004,45.97096,2898
7.68047,45.97096,2894
7.68090,45.97096,2892
7.68133,45.97096,2889
7.68176,45.97096,2886
7.68219,45.97096,2883
7.68262,45.97096,2879
7.68305,45.97096,2875
7.68348,45.97096,2872
7.68391,45.97096,2872
7.68434,45.97096,2873
7.68476,45.97096,2874
7.68519,45.97096,2875
7.68562,45.97096,2877
7.68605,45.97096,2878
7.68648,45.97096,2878
7.68691,45.97096,2878
7.68734,45.97096,2877
7.68777,45.97096,2876
7.68820,45.97096,2876
7.68863,45.97096,2876
7.68906,45.97096,2877
7.68949,45.97096,2878
7.68991,45.97096,2879
7.69034,45.97096,2880
7.66846,45.97066,3216
7.66889,45.97066,3232
7.66932,45.97066,3250
7.66974,45.97066,3265
7.67017,45.97066,3276
7.67060,45.97066,3283
7.67103,45.97066,3285
7.67146,45.97066,3281
7.67189,45.97066,3271
7.67232,45.97066,3255
7.67275,45.97066,3239
7.67318,45.97066,3222
7.67361,45.97066,3202
7.67404,45.97066,3179
7.67447,45.97066,3154
7.67489,45.97066,3125
7.67532,45.97066,3102
7.67575,45.97066,3068
7.67618,45.97066,3026
7.67661,45.97066,3010
7.67704,45.97066,2986
7.67747,45.97066,2967
7.67790,45.97066,2950
7.67833,45.97066,2936
7.67876,45.97066,2925
7.67919,45.97066,2916
7.67962,45.97066,2909
7.68004,45.97066,2902
7.68047,45.97066,2897
7.68090,45.97066,2894
7.68133,45.97066,2891
7.68176,45.97066,2889
7.68219,45.97066,2886
7.68262,45.97066,2882
7.68305,45.97066,2878
7.68348,45.97066,2876
7.68391,45.97066,2875
7.68434,45.97066,2876
7.68476,45.97066,2877
7.68519,45.97066,2880
7.68562,45.97066,2881
7.68605,45.97066,2883
7.68648,45.97066,2884
7.68691,45.97066,2884
7.68734,45.97066,2883
7.68777,45.97066,2883
7.68820,45.97066,2882
7.68863,45.97066,2882
7.68906,45.97066,2882
7.68949,45.97066,2883
7.68991,45.97066,2883
7.69034,45.97066,2882
7.66846,45.97036,3202
7.66889,45.97036,3219
7.66932,45.97036,3239
7.66974,45.97036,3259
7.67017,45.97036,3276
7.67060,45.97036,3287
7.67103,45.97036,3294
7.67146,45.97036,3294
7.67189,45.97036,3285
7.67232,45.97036,3271
7.67275,45.97036,3256
7.67318,45.97036,3239
7.67361,45.97036,3220
7.67404,45.97036,3197
7.67447,45.97036,3172
7.67489,45.97036,3142
7.67532,45.97036,3119
7.67575,45.97036,3091
7.67618,45.97036,3048
7.67661,45.97036,3030
7.67704,45.97036,3004
7.67747,45.97036,2980
7.67790,45.97036,2961
7.67833,45.97036,2944
7.67876,45.97036,2932
7.67919,45.97036,2922
7.67962,45.97036,2914
7.68004,45.97036,2905
7.68047,45.97036,2900
7.68090,45.97036,2897
7.68133,45.97036,2894
7.68176,45.97036,2892
7.68219,45.97036,2889
7.68262,45.97036,2886
7.68305,45.97036,2883
7.68348,45.97036,2882
7.68391,45.97036,2881
7.68434,45.97036,2881
7.68476,45.97036,2882
7.68519,45.97036,2884
7.68562,45.97036,2886
7.68605,45.97036,2887
7.68648,45.97036,2888
7.68691,45.97036,2890
7.68734,45.97036,2890
7.68777,45.97036,2889
7.68820,45.97036,2888
7.68863,45.97036,2887
7.68906,45.97036,2887
7.68949,45.97036,2887
7.68991,45.97036,2887
7.69034,45.97036,2886
7.66846,45.97006,3188
7.66889,45.97006,3205
7.66932,45.97006,3226
7.66974,45.97006,3246
7.67017,45.97006,3265
7.67060,45.97006,3282
7.67103,45.97006,3293
7.67146,45.97006,3296
7.67189,45.97006,3292
7.67232,45.97006,3282
7.67275,45.97006,3269
7.67318,45.97006,3255
7.67361,45.97006,3235
7.67404,45.97006,3213
7.67447,45.97006,3189
7.67489,45.97006,3162
7.67532,45.97006,3128
7.67575,45.97006,3110
7.67618,45.97006,3067
7.67661,45.97006,3048
7.67704,45.97006,3024
7.67747,45.97006,2999
7.67790,45.97006,2976
7.67833,45.97006,2957
7.67876,45.97006,2941
7.67919,45.97006,2929
7.67962,45.97006,2918
7.68004,45.97006,2910
7.68047,45.97006,2904
7.68090,45.97006,2900
7.68133,45.97006,2898
7.68176,45.97006,2896
7.68219,45.97006,2894
7.68262,45.97006,2892
7.68305,45.97006,2891
7.68348,45.97006,2889
7.68391,45.97006,2887
7.68434,45.97006,2887
7.68476,45.97006,2888
7.68519,45.97006,2889
7.68562,45.97006,2890
7.68605,45.97006,2891
7.68648,45.97006,2893
7.68691,45.97006,2894
7.68734,45.97006,2895
7.68777,45.97006,2894
7.68820,45.97006,2893
7.68863,45.97006,2892
7.68906,45.97006,2892
7.68949,45.97006,2892
7.68991,45.97006,2891
7.69034,45.97006,2890
7.66846,45.96977,3173
7.66889,45.96977,3190
7.66932,45.96977,3209
7.66974,45.96977,3229
7.67017,45.96977,3249
7.67060,45.96977,3267
7.67103,45.96977,3280
7.67146,45.96977,3287
7.67189,45.96977,3288
7.67232,45.96977,3283
7.67275,45.96977,3275
7.67318,45.96977,3265
7.67361,45.96977,3247
7.67404,45.96977,3225
7.67447,45.96977,3203
7.67489,45.96977,3178
7.67532,45.96977,3153
7.67575,45.96977,3121
7.67618,45.96977,3090
7.67661,45.96977,3070
7.67704,45.96977,3047
7.67747,45.96977,3020
7.67790,45.96977,2995
7.67833,45.96977,2973
7.67876,45.96977,2956
7.67919,45.96977,2938
7.67962,45.96977,2925
7.68004,45.96977,2916
7.68047,45.96977,2909
7.68090,45.96977,2905
7.68133,45.96977,2902
7.68176,45.96977,2901
7.68219,45.96977,2899
7.68262,45.96977,2899
7.68305,45.96977,2898
7.68348,45.96977,2896
7.68391,45.96977,2894
7.68434,45.96977,2894
7.68476,45.96977,2893
7.68519,45.96977,2893
7.68562,45.96977,2894
7.68605,45.96977,2894
7.68648,45.96977,2896
7.68691,45.96977,2897
7.68734,45.96977,2898
7.68777,45.96977,2899
7.68820,45.96977,2899
7.68863,45.96977,2898
7.68906,45.96977,2897
7.68949,45.96977,2896
7.68991,45.96977,2896
7.69034,45.96977,2895
7.66846,45.96947,3159
7.66889,45.96947,3174
7.66932,45.96947,3190
7.66974,45.96947,3209
7.67017,45.96947,3228
7.67060,45.96947,3247
7.67103,45.96947,3261
7.67146,45.96947,3270
7.67189,45.96947,3277
7.67232,45.96947,3279
7.67275,45.96947,3275
7.67318,45.96947,3267
7.67361,45.96947,3252
7.67404,45.96947,3231
7.67447,45.96947,3209
7.67489,45.96947,3187
7.67532,45.96947,3165
7.67575,45.96947,3140
7.67618,45.96947,3116
7.67661,45.96947,3099
7.67704,45.96947,3074
7.67747,45.96947,3038
7.67790,45.96947,3017
7.67833,45.96947,2994
7.67876,45.96947,2974
7.67919,45.96947,2948
7.67962,45.96947,2935
7.68004,45.96947,2925
7.68047,45.96947,2916
7.68090,45.96947,2910
7.68133,45.96947,2906
7.68176,45.96947,2904
7.68219,45.96947,2905
7.68262,45.96947,2905
7.68305,45.96947,2903
7.68348,45.96947,2902
7.68391,45.96947,2901
7.68434,45.96947,2899
7.68476,45.96947,2898
7.68519,45.96947,2898
7.68562,45.96947,2898
7.68605,45.96947,2898
7.68648,45.96947,2898
7.68691,45.96947,2900
7.68734,45.96947,2901
7.68777,45.96947,2902
7.68820,45.96947,2903
7.68863,45.96947,2903
7.68906,45.96947,2903
7.68949,45.96947,2903
7.68991,45.96947,2903
7.69034,45.96947,2901
7.66846,45.96917,3143
7.66889,45.96917,3157
7.66932,45.96917,3173
7.66974,45.96917,3189
7.67017,45.96917,3206
7.67060,45.96917,3223
7.67103,45.96917,3238
7.67146,45.96917,3251
7.67189,45.96917,3261
7.67232,45.96917,3267
7.67275,45.96917,3271
7.67318,45.96917,3267
7.67361,45.96917,3254
7.67404,45.96917,3235
7.67447,45.96917,3213
7.67489,45.96917,3193
7.67532,45.96917,3173
7.67575,45.96917,3152
7.67618,45.96917,3136
7.67661,45.96917,3125
7.67704,45.96917,3096
7.67747,45.96917,3055
7.67790,45.96917,3036
7.67833,45.96917,3014
7.67876,45.96917,2987
7.67919,45.96917,2957
7.67962,45.96917,2944
7.68004,45.96917,2934
7.68047,45.96917,2924
7.68090,45.96917,2915
7.68133,45.96917,2910
7.68176,45.96917,2908
7.68219,45.96917,2908
7.68262,45.96917,2909
7.68305,45.96917,2908
7.68348,45.96917,2907
7.68391,45.96917,2906
7.68434,45.96917,2905
7.68476,45.96917,2903
7.68519,45.96917,2902
7.68562,45.96917,2902
7.68605,45.96917,2902
7.68648,45.96917,2903
7.68691,45.96917,2904
7.68734,45.96917,2905
7.68777,45.96917,2907
7.68820,45.96917,2908
7.68863,45.96917,2909
7.68906,45.96917,2910
7.68949,45.96917,2910
7.68991,45.96917,2909
7.69034,45.96917,2908
7.66846,45.96887,3126
7.66889,45.96887,3141
7.66932,45.96887,3156
7.66974,45.96887,3170
7.67017,45.96887,3185
7.67060,45.96887,3201
7.67103,45.96887,3217
7.67146,45.96887,3232
7.67189,45.96887,3246
7.67232,45.96887,3258
7.67275,45.96887,3265
7.67318,45.96887,3263
7.67361,45.96887,3253
7.67404,45.96887,3237
7.67447,45.96887,3217
7.67489,45.96887,3198
7.67532,45.96887,3180
7.67575,45.96887,3161
7.67618,45.96887,3148
7.67661,45.96887,3137
7.67704,45.96887,3113
7.67747,45.96887,3069
7.67790,45.96887,3053
7.67833,45.96887,3030
7.67876,45.96887,2997
7.67919,45.96887,2965
7.67962,45.96887,2953
7.68004,45.96887,2943
7.68047,45.96887,2932
7.68090,45.96887,2921
7.68133,45.96887,2914
7.68176,45.96887,2912
7.68219,45.96887,2912
7.68262,45.96887,2912
7.68305,45.96887,2912
7.68348,45.96887,2912
7.68391,45.96887,2911
7.68434,45.96887,2910
7.68476,45.96887,2909
7.68519,45.96887,2908
7.68562,45.96887,2908
7.68605,45.96887,2908
7.68648,45.96887,2909
7.68691,45.96887,2911
7.68734,45.96887,2911
7.68777,45.96887,2913
7.68820,45.96887,2914
7.68863,45.96887,2916
7.68906,45.96887,2916
7.68949,45.96887,2915
7.68991,45.96887,2915
7.69034,45.96887,2914
7.66846,45.96857,3110
7.66889,45.96857,3124
7.66932,45.96857,3137
7.66974,45.96857,3152
7.67017,45.96857,3166
7.67060,45.96857,3182
7.67103,45.96857,3198
7.67146,45.96857,3214
7.67189,45.96857,3231
7.67232,45.96857,3246
7.67275,45.96857,3254
7.67318,45.96857,3255
7.67361,45.96857,3249
7.67404,45.96857,3238
7.67447,45.96857,3221
7.67489,45.96857,3204
7.67532,45.96857,3186
7.67575,45.96857,3170
7.67618,45.96857,3154
7.67661,45.96857,3137
7.67704,45.96857,3121
7.67747,45.96857,3079
7.67790,45.96857,3065
7.67833,45.96857,3041
7.67876,45.96857,2998
7.67919,45.96857,2972
7.67962,45.96857,2960
7.68004,45.96857,2950
7.68047,45.96857,2939
7.68090,45.96857,2927
7.68133,45.96857,2920
7.68176,45.96857,2917
7.68219,45.96857,2917
7.68262,45.96857,2917
7.68305,45.96857,2917
7.68348,45.96857,2918
7.68391,45.96857,2917
7.68434,45.96857,2916
7.68476,45.96857,2914
7.68519,45.96857,2914
7.68562,45.96857,2913
7.68605,45.96857,2914
7.68648,45.96857,2916
7.68691,45.96857,2919
7.68734,45.96857,2920
7.68777,45.96857,2919
7.68820,45.96857,2919
7.68863,45.96857,2920
7.68906,45.96857,2919
7.68949,45.96857,2917
7.68991,45.96857,2917
7.69034,45.96857,2917
7.66846,45.96827,3094
7.66889,45.96827,3106
7.66932,45.96827,3120
7.66974,45.96827,3134
7.67017,45.96827,3149
7.67060,45.96827,3164
7.67103,45.96827,3180
7.67146,45.96827,3197
7.67189,45.96827,3215
7.67232,45.96827,3231
7.67275,45.96827,3241
7.67318,45.96827,3245
7.67361,45.96827,3244
7.67404,45.96827,3238
7.67447,45.96827,3226
7.67489,45.96827,3212
7.67532,45.96827,3196
7.67575,45.96827,3181
7.67618,45.96827,3162
7.67661,45.96827,3140
7.67704,45.96827,3130
7.67747,45.96827,3105
7.67790,45.96827,3083
7.67833,45.96827,3052
7.67876,45.96827,2998
7.67919,45.96827,2979
7.67962,45.96827,2967
7.68004,45.96827,2956
7.68047,45.96827,2944
7.68090,45.96827,2933
7.68133,45.96827,2926
7.68176,45.96827,2922
7.68219,45.96827,2922
7.68262,45.96827,2922
7.68305,45.96827,2923
7.68348,45.96827,2923
7.68391,45.96827,2924
7.68434,45.96827,2923
7.68476,45.96827,2922
7.68519,45.96827,2921
7.68562,45.96827,2921
7.68605,45.96827,2922
7.68648,45.96827,2925
7.68691,45.96827,2928
7.68734,45.96827,2928
7.68777,45.96827,2926
7.68820,45.96827,2924
7.68863,45.96827,2922
7.68906,45.96827,2921
7.68949,45.96827,2919
7.68991,45.96827,2917
7.69034,45.96827,2918
7.66846,45.96798,3081
7.66889,45.96798,3092
7.66932,45.96798,3104
7.66974,45.96798,3118
7.67017,45.96798,3133
7.67060,45.96798,3149
7.67103,45.96798,3165
7.67146,45.96798,3181
7.67189,45.96798,3201
7.67232,45.96798,3218
7.67275,45.96798,3230
7.67318,45.96798,3237
7.67361,45.96798,3240
7.67404,45.96798,3238
7.67447,45.96798,3231
7.67489,45.96798,3221
7.67532,45.96798,3209
7.67575,45.96798,3195
7.67618,45.96798,3175
7.67661,45.96798,3154
7.67704,45.96798,3145
7.67747,45.96798,3130
7.67790,45.96798,3104
7.67833,45.96798,3063
7.67876,45.96798,3005
7.67919,45.96798,2990
7.67962,45.96798,2975
7.68004,45.96798,2961
7.68047,45.96798,2949
7.68090,45.96798,2938
7.68133,45.96798,2930
7.68176,45.96798,2927
7.68219,45.96798,2926
7.68262,45.96798,2927
7.68305,45.96798,2928
7.68348,45.96798,2928
7.68391,45.96798,2928
7.68434,45.96798,2929
7.68476,45.96798,2928
7.68519,45.96798,2927
7.68562,45.96798,2928
7.68605,45.96798,2929
7.68648,45.96798,2932
7.68691,45.96798,2935
7.68734,45.96798,2934
7.68777,45.96798,2932
7.68820,45.96798,2928
7.68863,45.96798,2924
7.68906,45.96798,2922
7.68949,45.96798,2920
7.68991,45.96798,2918
7.69034,45.96798,2918
7.66846,45.96768,3069
7.66889,45.96768,3080
7.66932,45.96768,3092
7.66974,45.96768,3105
7.67017,45.96768,3119
7.67060,45.96768,3135
7.67103,45.96768,3151
7.67146,45.96768,3169
7.67189,45.96768,3188
7.67232,45.96768,3207
7.67275,45.96768,3222
7.67318,45.96768,3232
7.67361,45.96768,3239
7.67404,45.96768,3241
7.67447,45.96768,3239
7.67489,45.96768,3232
7.67532,45.96768,3224
7.67575,45.96768,3202
7.67618,45.96768,3188
7.67661,45.96768,3172
7.67704,45.96768,3164
7.67747,45.96768,3151
7.67790,45.96768,3125
7.67833,45.96768,3089
7.67876,45.96768,3034
7.67919,45.96768,2993
7.67962,45.96768,2983
7.68004,45.96768,2967
7.68047,45.96768,2954
7.68090,45.96768,2943
7.68133,45.96768,2935
7.68176,45.96768,2931
7.68219,45.96768,2930
7.68262,45.96768,2930
7.68305,45.96768,2931
7.68348,45.96768,2932
7.68391,45.96768,2932
7.68434,45.96768,2931
7.68476,45.96768,2931
7.68519,45.96768,2931
7.68562,45.96768,2931
7.68605,45.96768,2934
7.68648,45.96768,2937
7.68691,45.96768,2940
7.68734,45.96768,2938
7.68777,45.96768,2936
7.68820,45.96768,2932
7.68863,45.96768,2927
7.68906,45.96768,2923
7.68949,45.96768,2921
7.68991,45.96768,2920
7.69034,45.96768,2919
7.66846,45.96738,3058
7.66889,45.96738,3070
7.66932,45.96738,3081
7.66974,45.96738,3094
7.67017,45.96738,3107
7.67060,45.96738,3123
7.67103,45.96738,3140
7.67146,45.96738,3158
7.67189,45.96738,3177
7.67232,45.96738,3199
7.67275,45.96738,3218
7.67318,45.96738,3232
7.67361,45.96738,3241
7.67404,45.96738,3245
7.67447,45.96738,3245
7.67489,45.96738,3242
7.67532,45.96738,3230
7.67575,45.96738,3221
7.67618,45.96738,3207
7.67661,45.96738,3193
7.67704,45.96738,3183
7.67747,45.96738,3174
7.67790,45.96738,3145
7.67833,45.96738,3113
7.67876,45.96738,3061
7.67919,45.96738,2997
7.67962,45.96738,2984
7.68004,45.96738,2971
7.68047,45.96738,2959
7.68090,45.96738,2947
7.68133,45.96738,2938
7.68176,45.96738,2933
7.68219,45.96738,2933
7.68262,45.96738,2933
7.68305,45.96738,2934
7.68348,45.96738,2934
7.68391,45.96738,2933
7.68434,45.96738,2932
7.68476,45.96738,2932
7.68519,45.96738,2933
7.68562,45.96738,2934
7.68605,45.96738,2936
7.68648,45.96738,2940
7.68691,45.96738,2941
7.68734,45.96738,2940
7.68777,45.96738,2938
7.68820,45.96738,2934
7.68863,45.96738,2930
7.68906,45.96738,2925
7.68949,45.96738,2923
7.68991,45.96738,2922
7.69034,45.96738,2920
7.66846,45.96708,3045
7.66889,45.96708,3058
7.66932,45.96708,3071
7.66974,45.96708,3083
7.67017,45.96708,3096
7.67060,45.96708,3112
7.67103,45.96708,3130
7.67146,45.96708,3148
7.67189,45.96708,3168
7.67232,45.96708,3192
7.67275,45.96708,3214
7.67318,45.96708,3233
7.67361,45.96708,3244
7.67404,45.96708,3251
7.67447,45.96708,3253
7.67489,45.96708,3252
7.67532,45.96708,3246
7.67575,45.96708,3242
7.67618,45.96708,3228
7.67661,45.96708,3215
7.67704,45.96708,3207
7.67747,45.96708,3200
7.67790,45.96708,3176
7.67833,45.96708,3144
7.67876,45.96708,3083
7.67919,45.96708,3001
7.67962,45.96708,2987
7.68004,45.96708,2975
7.68047,45.96708,2963
7.68090,45.96708,2952
7.68133,45.96708,2941
7.68176,45.96708,2936
7.68219,45.96708,2934
7.68262,45.96708,2935
7.68305,45.96708,2935
7.68348,45.96708,2935
7.68391,45.96708,2934
7.68434,45.96708,2933
7.68476,45.96708,2934
7.68519,45.96708,2936
7.68562,45.96708,2937
7.68605,45.96708,2939
7.68648,45.96708,2941
7.68691,45.96708,2942
7.68734,45.96708,2941
7.68777,45.96708,2939
7.68820,45.96708,2936
7.68863,45.96708,2932
7.68906,45.96708,2929
7.68949,45.96708,2927
7.68991,45.96708,2925
7.69034,45.96708,2923
7.66846,45.96678,3033
7.66889,45.96678,3046
7.66932,45.96678,3060
7.66974,45.96678,3073
7.67017,45.96678,3086
7.67060,45.96678,3101
7.67103,45.96678,3120
7.67146,45.96678,3139
7.67189,45.96678,3160
7.67232,45.96678,3184
7.67275,45.96678,3210
7.67318,45.96678,3231
7.67361,45.96678,3246
7.67404,45.96678,3254
7.67447,45.96678,3259
7.67489,45.96678,3260
7.67532,45.96678,3258
7.67575,45.96678,3253
7.67618,45.96678,3245
7.67661,45.96678,3236
7.67704,45.96678,3229
7.67747,45.96678,3224
7.67790,45.96678,3207
7.67833,45.96678,3177
7.67876,45.96678,3110
7.67919,45.96678,3008
7.67962,45.96678,2992
7.68004,45.96678,2981
7.68047,45.96678,2968
7.68090,45.96678,2956
7.68133,45.96678,2946
7.68176,45.96678,2940
7.68219,45.96678,2937
7.68262,45.96678,2936
7.68305,45.96678,2936
7.68348,45.96678,2935
7.68391,45.96678,2935
7.68434,45.96678,2936
7.68476,45.96678,2936
7.68519,45.96678,2937
7.68562,45.96678,2939
7.68605,45.96678,2940
7.68648,45.96678,2940
7.68691,45.96678,2942
7.68734,45.96678,2941
7.68777,45.96678,2940
7.68820,45.96678,2938
7.68863,45.96678,2935
7.68906,45.96678,2933
7.68949,45.96678,2932
7.68991,45.96678,2930
7.69034,45.96678,2928
7.66846,45.96648,3022
7.66889,45.96648,3036
7.66932,45.96648,3049
7.66974,45.96648,3063
7.67017,45.96648,3076
7.67060,45.96648,3091
7.67103,45.96648,3110
7.67146,45.96648,3130
7.67189,45.96648,3151
7.67232,45.96648,3177
7.67275,45.96648,3202
7.67318,45.96648,3226
7.67361,45.96648,3243
7.67404,45.96648,3254
7.67447,45.96648,3261
7.67489,45.96648,3265
7.67532,45.96648,3269
7.67575,45.96648,3266
7.67618,45.96648,3260
7.67661,45.96648,3253
7.67704,45.96648,3244
7.67747,45.96648,3239
7.67790,45.96648,3226
7.67833,45.96648,3203
7.67876,45.96648,3126
7.67919,45.96648,3015
7.67962,45.96648,2998
7.68004,45.96648,2988
7.68047,45.96648,2974
7.68090,45.96648,2961
7.68133,45.96648,2951
7.68176,45.96648,2945
7.68219,45.96648,2941
7.68262,45.96648,2940
7.68305,45.96648,2938
7.68348,45.96648,2936
7.68391,45.96648,2938
7.68434,45.96648,2938
7.68476,45.96648,2938
7.68519,45.96648,2938
7.68562,45.96648,2940
7.68605,45.96648,2941
7.68648,45.96648,2941
7.68691,45.96648,2942
7.68734,45.96648,2942
7.68777,45.96648,2940
7.68820,45.96648,2939
7.68863,45.96648,2938
7.68906,45.96648,2938
7.68949,45.96648,2936
7.68991,45.96648,2935
7.69034,45.96648,2934
7.62451,45.96642,3077
7.62494,45.96642,3079
7.62537,45.96642,3085
7.62580,45.96642,3094
7.62623,45.96642,3106
7.62666,45.96642,3118
7.62709,45.96642,3129
7.62752,45.96642,3141
7.62794,45.96642,3154
7.62837,45.96642,3169
7.62880,45.96642,3186
7.62923,45.96642,3202
7.62966,45.96642,3208
7.63009,45.96642,3200
7.63052,45.96642,3192
7.63095,45.96642,3184
7.63138,45.96642,3171
7.63181,45.96642,3155
7.63224,45.96642,3137
7.63267,45.96642,3119
7.63309,45.96642,3103
7.63352,45.96642,3088
7.63395,45.96642,3075
7.63438,45.96642,3059
7.63481,45.96642,3052
7.63524,45.96642,3052
7.63567,45.96642,3050
7.63610,45.96642,3045
7.63653,45.96642,3037
7.63696,45.96642,3039
7.63739,45.96642,3041
7.63782,45.96642,3066
7.63824,45.96642,3115
7.63867,45.96642,3157
7.63910,45.96642,3193
7.63953,45.96642,3219
7.63996,45.96642,3234
7.64039,45.96642,3242
7.64082,45.96642,3240
7.64125,45.96642,3240
7.64168,45.96642,3244
7.64211,45.96642,3248
7.64254,45.96642,3245
7.64297,45.96642,3236
7.64339,45.96642,3220
7.64382,45.96642,3198
7.64425,45.96642,3177
7.64468,45.96642,3160
7.64511,45.96642,3143
7.64554,45.96642,3130
7.64597,45.96642,3120
7.64640,45.96642,3111
7.62451,45.96613,3057
7.62494,45.96613,3060
7.62537,45.96613,3067
7.62580,45.96613,3078
7.62623,45.96613,3092
7.62666,45.96613,3106
7.62709,45.96613,3119
7.62752,45.96613,3132
7.62794,45.96613,3146
7.62837,45.96613,3162
7.62880,45.96613,3180
7.62923,45.96613,3193
7.62966,45.96613,3195
7.63009,45.96613,3185
7.63052,45.96613,3176
7.63095,45.96613,3165
7.63138,45.96613,3150
7.63181,45.96613,3134
7.63224,45.96613,3115
7.63267,45.96613,3097
7.63309,45.96613,3080
7.63352,45.96613,3064
7.63395,45.96613,3052
7.63438,45.96613,3040
7.63481,45.96613,3033
7.63524,45.96613,3032
7.63567,45.96613,3032
7.63610,45.96613,3028
7.63653,45.96613,3019
7.63696,45.96613,3023
7.63739,45.96613,3024
7.63782,45.96613,3040
7.63824,45.96613,3068
7.63867,45.96613,3096
7.63910,45.96613,3128
7.63953,45.96613,3159
7.63996,45.96613,3185
7.64039,45.96613,3194
7.64082,45.96613,3188
7.64125,45.96613,3202
7.64168,45.96613,3211
7.64211,45.96613,3216
7.64254,45.96613,3214
7.64297,45.96613,3205
7.64339,45.96613,3187
7.64382,45.96613,3162
7.64425,45.96613,3131
7.64468,45.96613,3114
7.64511,45.96613,3104
7.64554,45.96613,3093
7.64597,45.96613,3083
7.64640,45.96613,3074
7.62451,45.96583,3037
7.62494,45.96583,3042
7.62537,45.96583,3051
7.62580,45.96583,3063
7.62623,45.96583,3078
7.62666,45.96583,3095
7.62709,45.96583,3109
7.62752,45.96583,3122
7.62794,45.96583,3137
7.62837,45.96583,3154
7.62880,45.96583,3169
7.62923,45.96583,3177
7.62966,45.96583,3177
7.63009,45.96583,3168
7.63052,45.96583,3157
7.63095,45.96583,3143
7.63138,45.96583,3128
7.63181,45.96583,3113
7.63224,45.96583,3093
7.63267,45.96583,3073
7.63309,45.96583,3056
7.63352,45.96583,3038
7.63395,45.96583,3027
7.63438,45.96583,3016
7.63481,45.96583,3011
7.63524,45.96583,3011
7.63567,45.96583,3012
7.63610,45.96583,3010
7.63653,45.96583,3003
7.63696,45.96583,3007
7.63739,45.96583,3010
7.63782,45.96583,3009
7.63824,45.96583,3020
7.63867,45.96583,3055
7.63910,45.96583,3082
7.63953,45.96583,3108
7.63996,45.96583,3136
7.64039,45.96583,3148
7.64082,45.96583,3148
7.64125,45.96583,3162
7.64168,45.96583,3177
7.64211,45.96583,3183
7.64254,45.96583,3182
7.64297,45.96583,3172
7.64339,45.96583,3152
7.64382,45.96583,3122
7.64425,45.96583,3109
7.64468,45.96583,3091
7.64511,45.96583,3060
7.64554,45.96583,3052
7.64597,45.96583,3045
7.64640,45.96583,3038
7.62451,45.96553,3020
7.62494,45.96553,3026
7.62537,45.96553,3036
7.62580,45.96553,3050
7.62623,45.96553,3066
7.62666,45.96553,3083
7.62709,45.96553,3098
7.62752,45.96553,3112
7.62794,45.96553,3126
7.62837,45.96553,3142
7.62880,45.96553,3155
7.62923,45.96553,3160
7.62966,45.96553,3157
7.63009,45.96553,3150
7.63052,45.96553,3140
7.63095,45.96553,3127
7.63138,45.96553,3110
7.63181,45.96553,3092
7.63224,45.96553,3072
7.63267,45.96553,3050
7.63309,45.96553,3030
7.63352,45.96553,3012
7.63395,45.96553,3003
7.63438,45.96553,2994
7.63481,45.96553,2990
7.63524,45.96553,2990
7.63567,45.96553,2989
7.63610,45.96553,2991
7.63653,45.96553,2989
7.63696,45.96553,2992
7.63739,45.96553,2999
7.63782,45.96553,2999
7.63824,45.96553,3005
7.63867,45.96553,3034
7.63910,45.96553,3054
7.63953,45.96553,3071
7.63996,45.96553,3095
7.64039,45.96553,3108
7.64082,45.96553,3111
7.64125,45.96553,3127
7.64168,45.96553,3141
7.64211,45.96553,3151
7.64254,45.96553,3152
7.64297,45.96553,3141
7.64339,45.96553,3108
7.64382,45.96553,3108
7.64425,45.96553,3076
7.64468,45.96553,3056
7.64511,45.96553,3037
7.64554,45.96553,3023
7.64597,45.96553,3012
7.64640,45.96553,3008
7.62451,45.96523,3005
7.62494,45.96523,3013
7.62537,45.96523,3024
7.62580,45.96523,3039
7.62623,45.96523,3056
7.62666,45.96523,3073
7.62709,45.96523,3089
7.62752,45.96523,3102
7.62794,45.96523,3116
7.62837,45.96523,3130
7.62880,45.96523,3142
7.62923,45.96523,3144
7.62966,45.96523,3138
7.63009,45.96523,3132
7.63052,45.96523,3123
7.63095,45.96523,3115
7.63138,45.96523,3093
7.63181,45.96523,3072
7.63224,45.96523,3050
7.63267,45.96523,3027
7.63309,45.96523,3002
7.63352,45.96523,2980
7.63395,45.96523,2978
7.63438,45.96523,2972
7.63481,45.96523,2969
7.63524,45.96523,2969
7.63567,45.96523,2969
7.63610,45.96523,2972
7.63653,45.96523,2974
7.63696,45.96523,2977
7.63739,45.96523,2983
7.63782,45.96523,2992
7.63824,45.96523,3000
7.63867,45.96523,3014
7.63910,45.96523,3023
7.63953,45.96523,3033
7.63996,45.96523,3056
7.64039,45.96523,3072
7.64082,45.96523,3084
7.64125,45.96523,3097
7.64168,45.96523,3109
7.64211,45.96523,3121
7.64254,45.96523,3124
7.64297,45.96523,3111
7.64339,45.96523,3091
7.64382,45.96523,3079
7.64425,45.96523,3047
7.64468,45.96523,3023
7.64511,45.96523,3004
7.64554,45.96523,2994
7.64597,45.96523,2987
7.64640,45.96523,2984
7.62451,45.96493,2993
7.62494,45.96493,3003
7.62537,45.96493,3015
7.62580,45.96493,3031
7.62623,45.96493,3049
7.62666,45.96493,3065
7.62709,45.96493,3081
7.62752,45.96493,3094
7.62794,45.96493,3107
7.62837,45.96493,3120
7.62880,45.96493,3129
7.62923,45.96493,3132
7.62966,45.96493,3120
7.63009,45.96493,3114
7.63052,45.96493,3103
7.63095,45.96493,3090
7.63138,45.96493,3072
7.63181,45.96493,3051
7.63224,45.96493,3029
7.63267,45.96493,3004
7.63309,45.96493,2974
7.63352,45.96493,2948
7.63395,45.96493,2954
7.63438,45.96493,2952
7.63481,45.96493,2950
7.63524,45.96493,2950
7.63567,45.96493,2951
7.63610,45.96493,2954
7.63653,45.96493,2957
7.63696,45.96493,2960
7.63739,45.96493,2966
7.63782,45.96493,2975
7.63824,45.96493,2985
7.63867,45.96493,2992
7.63910,45.96493,2996
7.63953,45.96493,3002
7.63996,45.96493,3018
7.64039,45.96493,3036
7.64082,45.96493,3051
7.64125,45.96493,3069
7.64168,45.96493,3082
7.64211,45.96493,3093
7.64254,45.96493,3096
7.64297,45.96493,3087
7.64339,45.96493,3063
7.64382,45.96493,3049
7.64425,45.96493,3018
7.64468,45.96493,2993
7.64511,45.96493,2981
7.64554,45.96493,2974
7.64597,45.96493,2970
7.64640,45.96493,2966
7.62451,45.96463,2984
7.62494,45.96463,2994
7.62537,45.96463,3008
7.62580,45.96463,3024
7.62623,45.96463,3040
7.62666,45.96463,3057
7.62709,45.96463,3072
7.62752,45.96463,3087
7.62794,45.96463,3100
7.62837,45.96463,3112
7.62880,45.96463,3118
7.62923,45.96463,3119
7.62966,45.96463,3112
7.63009,45.96463,3097
7.63052,45.96463,3081
7.63095,45.96463,3065
7.63138,45.96463,3051
7.63181,45.96463,3031
7.63224,45.96463,3009
7.63267,45.96463,2985
7.63309,45.96463,2958
7.63352,45.96463,2935
7.63395,45.96463,2936
7.63438,45.96463,2934
7.63481,45.96463,2931
7.63524,45.96463,2932
7.63567,45.96463,2935
7.63610,45.96463,2937
7.63653,45.96463,2940
7.63696,45.96463,2942
7.63739,45.96463,2947
7.63782,45.96463,2956
7.63824,45.96463,2965
7.63867,45.96463,2971
7.63910,45.96463,2976
7.63953,45.96463,2982
7.63996,45.96463,2995
7.64039,45.96463,3012
7.64082,45.96463,3027
7.64125,45.96463,3045
7.64168,45.96463,3059
7.64211,45.96463,3069
7.64254,45.96463,3072
7.64297,45.96463,3066
7.64339,45.96463,3050
7.64382,45.96463,3027
7.64425,45.96463,3001
7.64468,45.96463,2978
7.64511,45.96463,2965
7.64554,45.96463,2958
7.64597,45.96463,2953
7.64640,45.96463,2948
7.62451,45.96434,2978
7.62494,45.96434,2988
7.62537,45.96434,3001
7.62580,45.96434,3017
7.62623,45.96434,3032
7.62666,45.96434,3047
7.62709,45.96434,3063
7.62752,45.96434,3080
7.62794,45.96434,3094
7.62837,45.96434,3104
7.62880,45.96434,3109
7.62923,45.96434,3108
7.62966,45.96434,3095
7.63009,45.96434,3077
7.63052,45.96434,3060
7.63095,45.96434,3046
7.63138,45.96434,3032
7.63181,45.96434,3011
7.63224,45.96434,2988
7.63267,45.96434,2964
7.63309,45.96434,2941
7.63352,45.96434,2924
7.63395,45.96434,2918
7.63438,45.96434,2915
7.63481,45.96434,2914
7.63524,45.96434,2916
7.63567,45.96434,2918
7.63610,45.96434,2921
7.63653,45.96434,2922
7.63696,45.96434,2924
7.63739,45.96434,2929
7.63782,45.96434,2936
7.63824,45.96434,2944
7.63867,45.96434,2951
7.63910,45.96434,2959
7.63953,45.96434,2968
7.63996,45.96434,2978
7.64039,45.96434,2992
7.64082,45.96434,3009
7.64125,45.96434,3027
7.64168,45.96434,3040
7.64211,45.96434,3049
7.64254,45.96434,3053
7.64297,45.96434,3050
7.64339,45.96434,3037
7.64382,45.96434,3015
7.64425,45.96434,2989
7.64468,45.96434,2965
7.64511,45.96434,2949
7.64554,45.96434,2939
7.64597,45.96434,2934
7.64640,45.96434,2929
7.62451,45.96404,2969
7.62494,45.96404,2980
7.62537,45.96404,2993
7.62580,45.96404,3009
7.62623,45.96404,3024
7.62666,45.96404,3038
7.62709,45.96404,3054
7.62752,45.96404,3074
7.62794,45.96404,3089
7.62837,45.96404,3099
7.62880,45.96404,3102
7.62923,45.96404,3099
7.62966,45.96404,3085
7.63009,45.96404,3061
7.63052,45.96404,3045
7.63095,45.96404,3029
7.63138,45.96404,3014
7.63181,45.96404,2991
7.63224,45.96404,2965
7.63267,45.96404,2941
7.63309,45.96404,2920
7.63352,45.96404,2906
7.63395,45.96404,2900
7.63438,45.96404,2897
7.63481,45.96404,2896
7.63524,45.96404,2899
7.63567,45.96404,2903
7.63610,45.96404,2905
7.63653,45.96404,2905
7.63696,45.96404,2907
7.63739,45.96404,2912
7.63782,45.96404,2920
7.63824,45.96404,2930
7.63867,45.96404,2938
7.63910,45.96404,2945
7.63953,45.96404,2956
7.63996,45.96404,2967
7.64039,45.96404,2981
7.64082,45.96404,2996
7.64125,45.96404,3012
7.64168,45.96404,3025
7.64211,45.96404,3034
7.64254,45.96404,3037
7.64297,45.96404,3035
7.64339,45.96404,3024
7.64382,45.96404,3004
7.64425,45.96404,2980
7.64468,45.96404,2952
7.64511,45.96404,2933
7.64554,45.96404,2923
7.64597,45.96404,2917
7.64640,45.96404,2912
7.62451,45.96374,2961
7.62494,45.96374,2972
7.62537,45.96374,2985
7.62580,45.96374,3001
7.62623,45.96374,3016
7.62666,45.96374,3030
7.62709,45.96374,3048
7.62752,45.96374,3070
7.62794,45.96374,3085
7.62837,45.96374,3095
7.62880,45.96374,3098
7.62923,45.96374,3093
7.62966,45.96374,3074
7.63009,45.96374,3056
7.63052,45.96374,3025
7.63095,45.96374,3009
7.63138,45.96374,2996
7.63181,45.96374,2976
7.63224,45.96374,2952
7.63267,45.96374,2928
7.63309,45.96374,2906
7.63352,45.96374,2892
7.63395,45.96374,2884
7.63438,45.96374,2880
7.63481,45.96374,2880
7.63524,45.96374,2884
7.63567,45.96374,2887
7.63610,45.96374,2889
7.63653,45.96374,2889
7.63696,45.96374,2891
7.63739,45.96374,2897
7.63782,45.96374,2906
7.63824,45.96374,2916
7.63867,45.96374,2924
7.63910,45.96374,2932
7.63953,45.96374,2943
7.63996,45.96374,2955
7.64039,45.96374,2969
7.64082,45.96374,2983
7.64125,45.96374,2997
7.64168,45.96374,3009
7.64211,45.96374,3017
7.64254,45.96374,3020
7.64297,45.96374,3017
7.64339,45.96374,3007
7.64382,45.96374,2988
7.64425,45.96374,2964
7.64468,45.96374,2939
7.64511,45.96374,2921
7.64554,45.96374,2911
7.64597,45.96374,2905
7.64640,45.96374,2900
7.62451,45.96344,2954
7.62494,45.96344,2965
7.62537,45.96344,2979
7.62580,45.96344,2995
7.62623,45.96344,3010
7.62666,45.96344,3025
7.62709,45.96344,3045
7.62752,45.96344,3066
7.62794,45.96344,3082
7.62837,45.96344,3092
7.62880,45.96344,3094
7.62923,45.96344,3085
7.62966,45.96344,3067
7.63009,45.96344,3042
7.63052,45.96344,3008
7.63095,45.96344,2992
7.63138,45.96344,2979
7.63181,45.96344,2961
7.63224,45.96344,2939
7.63267,45.96344,2915
7.63309,45.96344,2892
7.63352,45.96344,2877
7.63395,45.96344,2869
7.63438,45.96344,2865
7.63481,45.96344,2865
7.63524,45.96344,2869
7.63567,45.96344,2873
7.63610,45.96344,2874
7.63653,45.96344,2875
7.63696,45.96344,2879
7.63739,45.96344,2884
7.63782,45.96344,2891
7.63824,45.96344,2902
7.63867,45.96344,2911
7.63910,45.96344,2918
7.63953,45.96344,2930
7.63996,45.96344,2943
7.64039,45.96344,2956
7.64082,45.96344,2969
7.64125,45.96344,2981
7.64168,45.96344,2993
7.64211,45.96344,2999
7.64254,45.96344,3002
7.64297,45.96344,2998
7.64339,45.96344,2988
7.64382,45.96344,2971
7.64425,45.96344,2946
7.64468,45.96344,2926
7.64511,45.96344,2911
7.64554,45.96344,2902
7.64597,45.96344,2895
7.64640,45.96344,2890
7.62451,45.96314,2950
7.62494,45.96314,2961
7.62537,45.96314,2974
7.62580,45.96314,2989
7.62623,45.96314,3003
7.62666,45.96314,3020
7.62709,45.96314,3041
7.62752,45.96314,3062
7.62794,45.96314,3079
7.62837,45.96314,3088
7.62880,45.96314,3087
7.62923,45.96314,3072
7.62966,45.96314,3054
7.63009,45.96314,3024
7.63052,45.96314,2993
7.63095,45.96314,2977
7.63138,45.96314,2963
7.63181,45.96314,2945
7.63224,45.96314,2922
7.63267,45.96314,2896
7.63309,45.96314,2874
7.63352,45.96314,2860
7.63395,45.96314,2855
7.63438,45.96314,2850
7.63481,45.96314,2851
7.63524,45.96314,2855
7.63567,45.96314,2859
7.63610,45.96314,2861
7.63653,45.96314,2863
7.63696,45.96314,2868
7.63739,45.96314,2873
7.63782,45.96314,2879
7.63824,45.96314,2889
7.63867,45.96314,2898
7.63910,45.96314,2906
7.63953,45.96314,2918
7.63996,45.96314,2931
7.64039,45.96314,2943
7.64082,45.96314,2955
7.64125,45.96314,2965
7.64168,45.96314,2976
7.64211,45.96314,2980
7.64254,45.96314,2982
7.64297,45.96314,2978
7.64339,45.96314,2968
7.64382,45.96314,2952
7.64425,45.96314,2932
7.64468,45.96314,2914
7.64511,45.96314,2902
7.64554,45.96314,2894
7.64597,45.96314,2887
7.64640,45.96314,2881
7.62451,45.96284,2946
7.62494,45.96284,2957
7.62537,45.96284,2969
7.62580,45.96284,2982
7.62623,45.96284,2997
7.62666,45.96284,3015
7.62709,45.96284,3036
7.62752,45.96284,3057
7.62794,45.96284,3073
7.62837,45.96284,3082
7.62880,45.96284,3074
7.62923,45.96284,3064
7.62966,45.96284,3038
7.63009,45.96284,3009
7.63052,45.96284,2975
7.63095,45.96284,2958
7.63138,45.96284,2945
7.63181,45.96284,2929
7.63224,45.96284,2903
7.63267,45.96284,2876
7.63309,45.96284,2856
7.63352,45.96284,2845
7.63395,45.96284,2840
7.63438,45.96284,2837
7.63481,45.96284,2837
7.63524,45.96284,2840
7.63567,45.96284,2844
7.63610,45.96284,2846
7.63653,45.96284,2851
7.63696,45.96284,2857
7.63739,45.96284,2862
7.63782,45.96284,2870
7.63824,45.96284,2879
7.63867,45.96284,2888
7.63910,45.96284,2897
7.63953,45.96284,2907
7.63996,45.96284,2920
7.64039,45.96284,2931
7.64082,45.96284,2942
7.64125,45.96284,2951
7.64168,45.96284,2959
7.64211,45.96284,2962
7.64254,45.96284,2962
7.64297,45.96284,2958
7.64339,45.96284,2948
7.64382,45.96284,2934
7.64425,45.96284,2918
7.64468,45.96284,2904
7.64511,45.96284,2894
7.64554,45.96284,2886
7.64597,45.96284,2879
7.64640,45.96284,2872
7.62451,45.96255,2942
7.62494,45.96255,2952
7.62537,45.96255,2963
7.62580,45.96255,2976
7.62623,45.96255,2991
7.62666,45.96255,3010
7.62709,45.96255,3031
7.62752,45.96255,3050
7.62794,45.96255,3065
7.62837,45.96255,3072
7.62880,45.96255,3060
7.62923,45.96255,3046
7.62966,45.96255,3022
7.63009,45.96255,2993
7.63052,45.96255,2956
7.63095,45.96255,2938
7.63138,45.96255,2927
7.63181,45.96255,2907
7.63224,45.96255,2882
7.63267,45.96255,2857
7.63309,45.96255,2839
7.63352,45.96255,2830
7.63395,45.96255,2826
7.63438,45.96255,2824
7.63481,45.96255,2825
7.63524,45.96255,2827
7.63567,45.96255,2830
7.63610,45.96255,2833
7.63653,45.96255,2836
7.63696,45.96255,2843
7.63739,45.96255,2852
7.63782,45.96255,2861
7.63824,45.96255,2871
7.63867,45.96255,2880
7.63910,45.96255,2889
7.63953,45.96255,2899
7.63996,45.96255,2909
7.64039,45.96255,2919
7.64082,45.96255,2929
7.64125,45.96255,2937
7.64168,45.96255,2942
7.64211,45.96255,2945
7.64254,45.96255,2944
7.64297,45.96255,2940
7.64339,45.96255,2930
7.64382,45.96255,2918
7.64425,45.96255,2905
7.64468,45.96255,2894
7.64511,45.96255,2885
7.64554,45.96255,2877
7.64597,45.96255,2869
7.64640,45.96255,2862
7.62451,45.96225,2936
7.62494,45.96225,2946
7.62537,45.96225,2958
7.62580,45.96225,2970
7.62623,45.96225,2985
7.62666,45.96225,3004
7.62709,45.96225,3025
7.62752,45.96225,3042
7.62794,45.96225,3055
7.62837,45.96225,3059
7.62880,45.96225,3044
7.62923,45.96225,3029
7.62966,45.96225,3008
7.63009,45.96225,2978
7.63052,45.96225,2933
7.63095,45.96225,2919
7.63138,45.96225,2906
7.63181,45.96225,2881
7.63224,45.96225,2858
7.63267,45.96225,2837
7.63309,45.96225,2823
7.63352,45.96225,2817
7.63395,45.96225,2813
7.63438,45.96225,2812
7.63481,45.96225,2814
7.63524,45.96225,2814
7.63567,45.96225,2816
7.63610,45.96225,2819
7.63653,45.96225,2823
7.63696,45.96225,2831
7.63739,45.96225,2843
7.63782,45.96225,2854
7.63824,45.96225,2863
7.63867,45.96225,2872
7.63910,45.96225,2881
7.63953,45.96225,2891
7.63996,45.96225,2900
7.64039,45.96225,2909
7.64082,45.96225,2917
7.64125,45.96225,2924
7.64168,45.96225,2926
7.64211,45.96225,2927
7.64254,45.96225,2925
7.64297,45.96225,2921
7.64339,45.96225,2913
7.64382,45.96225,2902
7.64425,45.96225,2892
7.64468,45.96225,2883
7.64511,45.96225,2874
7.64554,45.96225,2867
7.64597,45.96225,2859
7.64640,45.96225,2853
7.62451,45.96195,2931
7.62494,45.96195,2940
7.62537,45.96195,2951
7.62580,45.96195,2965
7.62623,45.96195,2980
7.62666,45.96195,2999
7.62709,45.96195,3018
7.62752,45.96195,3033
7.62794,45.96195,3043
7.62837,45.96195,3041
7.62880,45.96195,3032
7.62923,45.96195,3015
7.62966,45.96195,2992
7.63009,45.96195,2957
7.63052,45.96195,2911
7.63095,45.96195,2896
7.63138,45.96195,2879
7.63181,45.96195,2853
7.63224,45.96195,2838
7.63267,45.96195,2820
7.63309,45.96195,2809
7.63352,45.96195,2802
7.63395,45.96195,2800
7.63438,45.96195,2800
7.63481,45.96195,2802
7.63524,45.96195,2802
7.63567,45.96195,2803
7.63610,45.96195,2806
7.63653,45.96195,2811
7.63696,45.96195,2821
7.63739,45.96195,2835
7.63782,45.96195,2847
7.63824,45.96195,2857
7.63867,45.96195,2866
7.63910,45.96195,2875
7.63953,45.96195,2884
7.63996,45.96195,2892
7.64039,45.96195,2899
7.64082,45.96195,2906
7.64125,45.96195,2911
7.64168,45.96195,2912
7.64211,45.96195,2910
7.64254,45.96195,2906
7.64297,45.96195,2902
7.64339,45.96195,2895
7.64382,45.96195,2885
7.64425,45.96195,2877
7.64468,45.96195,2870
7.64511,45.96195,2863
7.64554,45.96195,2856
7.64597,45.96195,2849
7.64640,45.96195,2844
7.62451,45.96165,2925
7.62494,45.96165,2934
7.62537,45.96165,2945
7.62580,45.96165,2959
7.62623,45.96165,2974
7.62666,45.96165,2991
7.62709,45.96165,3008
7.62752,45.96165,3020
7.62794,45.96165,3028
7.62837,45.96165,3023
7.62880,45.96165,3017
7.62923,45.96165,3000
7.62966,45.96165,2977
7.63009,45.96165,2934
7.63052,45.96165,2893
7.63095,45.96165,2877
7.63138,45.96165,2854
7.63181,45.96165,2835
7.63224,45.96165,2819
7.63267,45.96165,2803
7.63309,45.96165,2793
7.63352,45.96165,2788
7.63395,45.96165,2786
7.63438,45.96165,2787
7.63481,45.96165,2788
7.63524,45.96165,2790
7.63567,45.96165,2791
7.63610,45.96165,2795
7.63653,45.96165,2801
7.63696,45.96165,2813
7.63739,45.96165,2828
7.63782,45.96165,2840
7.63824,45.96165,2850
7.63867,45.96165,2860
7.63910,45.96165,2869
7.63953,45.96165,2876
7.63996,45.96165,2884
7.64039,45.96165,2890
7.64082,45.96165,2895
7.64125,45.96165,2897
7.64168,45.96165,2897
7.64211,45.96165,2893
7.64254,45.96165,2887
7.64297,45.96165,2882
7.64339,45.96165,2875
7.64382,45.96165,2867
7.64425,45.96165,2860
7.64468,45.96165,2855
7.64511,45.96165,2849
7.64554,45.96165,2844
7.64597,45.96165,2840
7.64640,45.96165,2836
7.62451,45.96135,2918
7.62494,45.96135,2927
7.62537,45.96135,2938
7.62580,45.96135,2952
7.62623,45.96135,2966
7.62666,45.96135,2981
7.62709,45.96135,2995
7.62752,45.96135,3006
7.62794,45.96135,3013
7.62837,45.96135,3009
7.62880,45.96135,3000
7.62923,45.96135,2986
7.62966,45.96135,2965
7.63009,45.96135,2916
7.63052,45.96135,2875
7.63095,45.96135,2851
7.63138,45.96135,2830
7.63181,45.96135,2813
7.63224,45.96135,2798
7.63267,45.96135,2785
7.63309,45.96135,2775
7.63352,45.96135,2771
7.63395,45.96135,2771
7.63438,45.96135,2772
7.63481,45.96135,2774
7.63524,45.96135,2777
7.63567,45.96135,2780
7.63610,45.96135,2784
7.63653,45.96135,2793
7.63696,45.96135,2805
7.63739,45.96135,2820
7.63782,45.96135,2832
7.63824,45.96135,2842
7.63867,45.96135,2852
7.63910,45.96135,2862
7.63953,45.96135,2869
7.63996,45.96135,2875
7.64039,45.96135,2880
7.64082,45.96135,2882
7.64125,45.96135,2883
7.64168,45.96135,2882
7.64211,45.96135,2877
7.64254,45.96135,2869
7.64297,45.96135,2862
7.64339,45.96135,2856
7.64382,45.96135,2850
7.64425,45.96135,2844
7.64468,45.96135,2839
7.64511,45.96135,2835
7.64554,45.96135,2833
7.64597,45.96135,2831
7.64640,45.96135,2829
7.62451,45.96105,2910
7.62494,45.96105,2918
7.62537,45.96105,2929
7.62580,45.96105,2941
7.62623,45.96105,2953
7.62666,45.96105,2966
7.62709,45.96105,2978
7.62752,45.96105,2988
7.62794,45.96105,2996
7.62837,45.96105,2993
7.62880,45.96105,2985
7.62923,45.96105,2975
7.62966,45.96105,2949
7.63009,45.96105,2901
7.63052,45.96105,2864
7.63095,45.96105,2832
7.63138,45.96105,2808
7.63181,45.96105,2789
7.63224,45.96105,2775
7.63267,45.96105,2765
7.63309,45.96105,2758
7.63352,45.96105,2755
7.63395,45.96105,2754
7.63438,45.96105,2756
7.63481,45.96105,2759
7.63524,45.96105,2764
7.63567,45.96105,2770
7.63610,45.96105,2777
7.63653,45.96105,2786
7.63696,45.96105,2799
7.63739,45.96105,2813
7.63782,45.96105,2824
7.63824,45.96105,2834
7.63867,45.96105,2845
7.63910,45.96105,2853
7.63953,45.96105,2860
7.63996,45.96105,2866
7.64039,45.96105,2869
7.64082,45.96105,2870
7.64125,45.96105,2869
7.64168,45.96105,2866
7.64211,45.96105,2860
7.64254,45.96105,2853
7.64297,45.96105,2846
7.64339,45.96105,2841
7.64382,45.96105,2835
7.64425,45.96105,2829
7.64468,45.96105,2826
7.64511,45.96105,2823
7.64554,45.96105,2821
7.64597,45.96105,2821
7.64640,45.96105,2821
7.62451,45.96076,2901
7.62494,45.96076,2908
7.62537,45.96076,2918
7.62580,45.96076,2928
7.62623,45.96076,2938
7.62666,45.96076,2950
7.62709,45.96076,2959
7.62752,45.96076,2967
7.62794,45.96076,2976
7.62837,45.96076,2972
7.62880,45.96076,2964
7.62923,45.96076,2959
7.62966,45.96076,2937
7.63009,45.96076,2900
7.63052,45.96076,2855
7.63095,45.96076,2816
7.63138,45.96076,2788
7.63181,45.96076,2770
7.63224,45.96076,2756
7.63267,45.96076,2747
7.63309,45.96076,2742
7.63352,45.96076,2739
7.63395,45.96076,2740
7.63438,45.96076,2743
7.63481,45.96076,2748
7.63524,45.96076,2755
7.63567,45.96076,2761
7.63610,45.96076,2770
7.63653,45.96076,2780
7.63696,45.96076,2792
7.63739,45.96076,2805
7.63782,45.96076,2816
7.63824,45.96076,2826
7.63867,45.96076,2835
7.63910,45.96076,2843
7.63953,45.96076,2850
7.63996,45.96076,2855
7.64039,45.96076,2858
7.64082,45.96076,2858
7.64125,45.96076,2855
7.64168,45.96076,2850
7.64211,45.96076,2845
7.64254,45.96076,2839
7.64297,45.96076,2834
7.64339,45.96076,2828
7.64382,45.96076,2823
7.64425,45.96076,2818
7.64468,45.96076,2814
7.64511,45.96076,2811
7.64554,45.96076,2810
7.64597,45.96076,2810
7.64640,45.96076,2811
7.62451,45.96046,2890
7.62494,45.96046,2896
7.62537,45.96046,2905
7.62580,45.96046,2913
7.62623,45.96046,2922
7.62666,45.96046,2931
7.62709,45.96046,2939
7.62752,45.96046,2945
7.62794,45.96046,2954
7.62837,45.96046,2959
7.62880,45.96046,2957
7.62923,45.96046,2947
7.62966,45.96046,2929
7.63009,45.96046,2894
7.63052,45.96046,2848
7.63095,45.96046,2807
7.63138,45.96046,2776
7.63181,45.96046,2756
7.63224,45.96046,2740
7.63267,45.96046,2731
7.63309,45.96046,2727
7.63352,45.96046,2726
7.63395,45.96046,2729
7.63438,45.96046,2733
7.63481,45.96046,2739
7.63524,45.96046,2746
7.63567,45.96046,2753
7.63610,45.96046,2761
7.63653,45.96046,2771
7.63696,45.96046,2782
7.63739,45.96046,2794
7.63782,45.96046,2805
7.63824,45.96046,2816
7.63867,45.96046,2825
7.63910,45.96046,2833
7.63953,45.96046,2839
7.63996,45.96046,2844
7.64039,45.96046,2846
7.64082,45.96046,2845
7.64125,45.96046,2841
7.64168,45.96046,2836
7.64211,45.96046,2832
7.64254,45.96046,2828
7.64297,45.96046,2825
7.64339,45.96046,2821
7.64382,45.96046,2816
7.64425,45.96046,2810
7.64468,45.96046,2806
7.64511,45.96046,2802
7.64554,45.96046,2801
7.64597,45.96046,2800
7.64640,45.96046,2801
7.62451,45.96016,2877
7.62494,45.96016,2882
7.62537,45.96016,2889
7.62580,45.96016,2895
7.62623,45.96016,2903
7.62666,45.96016,2911
7.62709,45.96016,2917
7.62752,45.96016,2924
7.62794,45.96016,2933
7.62837,45.96016,2939
7.62880,45.96016,2938
7.62923,45.96016,2930
7.62966,45.96016,2915
7.63009,45.96016,2884
7.63052,45.96016,2840
7.63095,45.96016,2800
7.63138,45.96016,2765
7.63181,45.96016,2744
7.63224,45.96016,2728
7.63267,45.96016,2719
7.63309,45.96016,2716
7.63352,45.96016,2716
7.63395,45.96016,2719
7.63438,45.96016,2724
7.63481,45.96016,2730
7.63524,45.96016,2736
7.63567,45.96016,2742
7.63610,45.96016,2750
7.63653,45.96016,2759
7.63696,45.96016,2770
7.63739,45.96016,2781
7.63782,45.96016,2793
7.63824,45.96016,2803
7.63867,45.96016,2812
7.63910,45.96016,2819
7.63953,45.96016,2827
7.63996,45.96016,2831
7.64039,45.96016,2832
7.64082,45.96016,2831
7.64125,45.96016,2829
7.64168,45.96016,2824
7.64211,45.96016,2821
7.64254,45.96016,2819
7.64297,45.96016,2816
7.64339,45.96016,2814
7.64382,45.96016,2810
7.64425,45.96016,2805
7.64468,45.96016,2800
7.64511,45.96016,2796
7.64554,45.96016,2794
7.64597,45.96016,2793
7.64640,45.96016,2792
7.62451,45.95986,2864
7.62494,45.95986,2867
7.62537,45.95986,2871
7.62580,45.95986,2876
7.62623,45.95986,2883
7.62666,45.95986,2889
7.62709,45.95986,2897
7.62752,45.95986,2904
7.62794,45.95986,2912
7.62837,45.95986,2918
7.62880,45.95986,2918
7.62923,45.95986,2911
7.62966,45.95986,2898
7.63009,45.95986,2866
7.63052,45.95986,2824
7.63095,45.95986,2787
7.63138,45.95986,2753
7.63181,45.95986,2732
7.63224,45.95986,2718
7.63267,45.95986,2710
7.63309,45.95986,2707
7.63352,45.95986,2708
7.63395,45.95986,2711
7.63438,45.95986,2715
7.63481,45.95986,2720
7.63524,45.95986,2725
7.63567,45.95986,2731
7.63610,45.95986,2737
7.63653,45.95986,2746
7.63696,45.95986,2756
7.63739,45.95986,2767
7.63782,45.95986,2778
7.63824,45.95986,2788
7.63867,45.95986,2797
7.63910,45.95986,2804
7.63953,45.95986,2811
7.63996,45.95986,2816
7.64039,45.95986,2819
7.64082,45.95986,2818
7.64125,45.95986,2816
7.64168,45.95986,2814
7.64211,45.95986,2811
7.64254,45.95986,2809
7.64297,45.95986,2809
7.64339,45.95986,2807
7.64382,45.95986,2804
7.64425,45.95986,2801
7.64468,45.95986,2797
7.64511,45.95986,2792
7.64554,45.95986,2789
7.64597,45.95986,2787
7.64640,45.95986,2785
7.62451,45.95956,2850
7.62494,45.95956,2849
7.62537,45.95956,2851
7.62580,45.95956,2854
7.62623,45.95956,2860
7.62666,45.95956,2866
7.62709,45.95956,2874
7.62752,45.95956,2882
7.62794,45.95956,2891
7.62837,45.95956,2895
7.62880,45.95956,2896
7.62923,45.95956,2890
7.62966,45.95956,2874
7.63009,45.95956,2843
7.63052,45.95956,2801
7.63095,45.95956,2768
7.63138,45.95956,2739
7.63181,45.95956,2718
7.63224,45.95956,2707
7.63267,45.95956,2702
7.63309,45.95956,2699
7.63352,45.95956,2699
7.63395,45.95956,2702
7.63438,45.95956,2705
7.63481,45.95956,2708
7.63524,45.95956,2713
7.63567,45.95956,2719
7.63610,45.95956,2725
7.63653,45.95956,2732
7.63696,45.95956,2740
7.63739,45.95956,2750
7.63782,45.95956,2761
7.63824,45.95956,2770
7.63867,45.95956,2778
7.63910,45.95956,2786
7.63953,45.95956,2794
7.63996,45.95956,2798
7.64039,45.95956,2801
7.64082,45.95956,2802
7.64125,45.95956,2801
7.64168,45.95956,2800
7.64211,45.95956,2798
7.64254,45.95956,2798
7.64297,45.95956,2799
7.64339,45.95956,2799
7.64382,45.95956,2797
7.64425,45.95956,2795
7.64468,45.95956,2792
7.64511,45.95956,2788
7.64554,45.95956,2783
7.64597,45.95956,2780
7.64640,45.95956,2777
7.62451,45.95926,2833
7.62494,45.95926,2830
7.62537,45.95926,2829
7.62580,45.95926,2831
7.62623,45.95926,2836
7.62666,45.95926,2842
7.62709,45.95926,2851
7.62752,45.95926,2860
7.62794,45.95926,2867
7.62837,45.95926,2872
7.62880,45.95926,2874
7.62923,45.95926,2865
7.62966,45.95926,2848
7.63009,45.95926,2814
7.63052,45.95926,2776
7.63095,45.95926,2748
7.63138,45.95926,2722
7.63181,45.95926,2705
7.63224,45.95926,2697
7.63267,45.95926,2693
7.63309,45.95926,2691
7.63352,45.95926,2690
7.63395,45.95926,2692
7.63438,45.95926,2694
7.63481,45.95926,2697
7.63524,45.95926,2701
7.63567,45.95926,2706
7.63610,45.95926,2712
7.63653,45.95926,2719
7.63696,45.95926,2726
7.63739,45.95926,2734
7.63782,45.95926,2744
7.63824,45.95926,2751
7.63867,45.95926,2759
7.63910,45.95926,2767
7.63953,45.95926,2774
7.63996,45.95926,2780
7.64039,45.95926,2782
7.64082,45.95926,2784
7.64125,45.95926,2784
7.64168,45.95926,2784
7.64211,45.95926,2784
7.64254,45.95926,2785
7.64297,45.95926,2787
7.64339,45.95926,2788
7.64382,45.95926,2787
7.64425,45.95926,2786
7.64468,45.95926,2783
7.64511,45.95926,2780
7.64554,45.95926,2775
7.64597,45.95926,2771
7.64640,45.95926,2767
7.62451,45.95897,2815
7.62494,45.95897,2810
7.62537,45.95897,2808
7.62580,45.95897,2809
7.62623,45.95897,2814
7.62666,45.95897,2820
7.62709,45.95897,2829
7.62752,45.95897,2837
7.62794,45.95897,2844
7.62837,45.95897,2849
7.62880,45.95897,2851
7.62923,45.95897,2836
7.62966,45.95897,2819
7.63009,45.95897,2785
7.63052,45.95897,2753
7.63095,45.95897,2726
7.63138,45.95897,2705
7.63181,45.95897,2692
7.63224,45.95897,2686
7.63267,45.95897,2683
7.63309,45.95897,2681
7.63352,45.95897,2681
7.63395,45.95897,2682
7.63438,45.95897,2683
7.63481,45.95897,2685
7.63524,45.95897,2688
7.63567,45.95897,2692
7.63610,45.95897,2697
7.63653,45.95897,2703
7.63696,45.95897,2709
7.63739,45.95897,2717
7.63782,45.95897,2725
7.63824,45.95897,2732
7.63867,45.95897,2739
7.63910,45.95897,2745
7.63953,45.95897,2753
7.63996,45.95897,2758
7.64039,45.95897,2762
7.64082,45.95897,2763
7.64125,45.95897,2765
7.64168,45.95897,2765
7.64211,45.95897,2767
7.64254,45.95897,2769
7.64297,45.95897,2772
7.64339,45.95897,2774
7.64382,45.95897,2774
7.64425,45.95897,2773
7.64468,45.95897,2771
7.64511,45.95897,2769
7.64554,45.95897,2764
7.64597,45.95897,2759
7.64640,45.95897,2754
7.62451,45.95867,2796
7.62494,45.95867,2790
7.62537,45.95867,2788
7.62580,45.95867,2790
7.62623,45.95867,2794
7.62666,45.95867,2801
7.62709,45.95867,2809
7.62752,45.95867,2816
7.62794,45.95867,2822
7.62837,45.95867,2825
7.62880,45.95867,2824
7.62923,45.95867,2813
7.62966,45.95867,2788
7.63009,45.95867,2758
7.63052,45.95867,2730
7.63095,45.95867,2705
7.63138,45.95867,2689
7.63181,45.95867,2679
7.63224,45.95867,2675
7.63267,45.95867,2672
7.63309,45.95867,2671
7.63352,45.95867,2672
7.63395,45.95867,2672
7.63438,45.95867,2672
7.63481,45.95867,2674
7.63524,45.95867,2675
7.63567,45.95867,2677
7.63610,45.95867,2681
7.63653,45.95867,2685
7.63696,45.95867,2691
7.63739,45.95867,2697
7.63782,45.95867,2703
7.63824,45.95867,2710
7.63867,45.95867,2716
7.63910,45.95867,2722
7.63953,45.95867,2729
7.63996,45.95867,2735
7.64039,45.95867,2739
7.64082,45.95867,2742
7.64125,45.95867,2744
7.64168,45.95867,2747
7.64211,45.95867,2750
7.64254,45.95867,2753
7.64297,45.95867,2757
7.64339,45.95867,2759
7.64382,45.95867,2761
7.64425,45.95867,2760
7.64468,45.95867,2758
7.64511,45.95867,2755
7.64554,45.95867,2751
7.64597,45.95867,2747
7.64640,45.95867,2741
7.62451,45.95837,2777
7.62494,45.95837,2773
7.62537,45.95837,2771
7.62580,45.95837,2772
7.62623,45.95837,2776
7.62666,45.95837,2784
7.62709,45.95837,2791
7.62752,45.95837,2796
7.62794,45.95837,2800
7.62837,45.95837,2802
7.62880,45.95837,2798
7.62923,45.95837,2783
7.62966,45.95837,2757
7.63009,45.95837,2732
7.63052,45.95837,2705
7.63095,45.95837,2686
7.63138,45.95837,2675
7.63181,45.95837,2669
7.63224,45.95837,2664
7.63267,45.95837,2663
7.63309,45.95837,2662
7.63352,45.95837,2663
7.63395,45.95837,2663
7.63438,45.95837,2662
7.63481,45.95837,2662
7.63524,45.95837,2663
7.63567,45.95837,2663
7.63610,45.95837,2664
7.63653,45.95837,2667
7.63696,45.95837,2671
7.63739,45.95837,2675
7.63782,45.95837,2681
7.63824,45.95837,2686
7.63867,45.95837,2692
7.63910,45.95837,2698
7.63953,45.95837,2704
7.63996,45.95837,2711
7.64039,45.95837,2716
7.64082,45.95837,2720
7.64125,45.95837,2724
7.64168,45.95837,2729
7.64211,45.95837,2733
7.64254,45.95837,2738
7.64297,45.95837,2742
7.64339,45.95837,2745
7.64382,45.95837,2746
7.64425,45.95837,2745
7.64468,45.95837,2744
7.64511,45.95837,2740
7.64554,45.95837,2737
7.64597,45.95837,2732
7.64640,45.95837,2727
7.62451,45.95807,2763
7.62494,45.95807,2759
7.62537,45.95807,2756
7.62580,45.95807,2757
7.62623,45.95807,2760
7.62666,45.95807,2768
7.62709,45.95807,2774
7.62752,45.95807,2777
7.62794,45.95807,2779
7.62837,45.95807,2779
7.62880,45.95807,2772
7.62923,45.95807,2755
7.62966,45.95807,2730
7.63009,45.95807,2706
7.63052,45.95807,2684
7.63095,45.95807,2672
7.63138,45.95807,2664
7.63181,45.95807,2659
7.63224,45.95807,2655
7.63267,45.95807,2653
7.63309,45.95807,2653
7.63352,45.95807,2653
7.63395,45.95807,2652
7.63438,45.95807,2652
7.63481,45.95807,2651
7.63524,45.95807,2650
7.63567,45.95807,2649
7.63610,45.95807,2648
7.63653,45.95807,2647
7.63696,45.95807,2649
7.63739,45.95807,2652
7.63782,45.95807,2656
7.63824,45.95807,2661
7.63867,45.95807,2667
7.63910,45.95807,2673
7.63953,45.95807,2680
7.63996,45.95807,2686
7.64039,45.95807,2693
7.64082,45.95807,2699
7.64125,45.95807,2705
7.64168,45.95807,2711
7.64211,45.95807,2716
7.64254,45.95807,2722
7.64297,45.95807,2726
7.64339,45.95807,2729
7.64382,45.95807,2730
7.64425,45.95807,2729
7.64468,45.95807,2727
7.64511,45.95807,2724
7.64554,45.95807,2720
7.64597,45.95807,2715
7.64640,45.95807,2710
7.62451,45.95777,2752
7.62494,45.95777,2749
7.62537,45.95777,2746
7.62580,45.95777,2745
7.62623,45.95777,2747
7.62666,45.95777,2752
7.62709,45.95777,2756
7.62752,45.95777,2759
7.62794,45.95777,2762
7.62837,45.95777,2759
7.62880,45.95777,2750
7.62923,45.95777,2733
7.62966,45.95777,2709
7.63009,45.95777,2686
7.63052,45.95777,2670
7.63095,45.95777,2661
7.63138,45.95777,2655
7.63181,45.95777,2650
7.63224,45.95777,2646
7.63267,45.95777,2645
7.63309,45.95777,2644
7.63352,45.95777,2643
7.63395,45.95777,2642
7.63438,45.95777,2641
7.63481,45.95777,2640
7.63524,45.95777,2638
7.63567,45.95777,2635
7.63610,45.95777,2632
7.63653,45.95777,2628
7.63696,45.95777,2628
7.63739,45.95777,2629
7.63782,45.95777,2633
7.63824,45.95777,2638
7.63867,45.95777,2644
7.63910,45.95777,2651
7.63953,45.95777,2658
7.63996,45.95777,2664
7.64039,45.95777,2672
7.64082,45.95777,2679
7.64125,45.95777,2686
7.64168,45.95777,2693
7.64211,45.95777,2699
7.64254,45.95777,2706
7.64297,45.95777,2711
7.64339,45.95777,2713
7.64382,45.95777,2713
7.64425,45.95777,2712
7.64468,45.95777,2709
7.64511,45.95777,2705
7.64554,45.95777,2700
7.64597,45.95777,2697
7.64640,45.95777,2693
7.62451,45.95747,2740
7.62494,45.95747,2738
7.62537,45.95747,2736
7.62580,45.95747,2735
7.62623,45.95747,2735
7.62666,45.95747,2738
7.62709,45.95747,2741
7.62752,45.95747,2744
7.62794,45.95747,2747
7.62837,45.95747,2744
7.62880,45.95747,2733
7.62923,45.95747,2717
7.62966,45.95747,2695
7.63009,45.95747,2674
7.63052,45.95747,2659
7.63095,45.95747,2652
7.63138,45.95747,2647
7.63181,45.95747,2642
7.63224,45.95747,2640
7.63267,45.95747,2638
7.63309,45.95747,2637
7.63352,45.95747,2635
7.63395,45.95747,2633
7.63438,45.95747,2631
7.63481,45.95747,2628
7.63524,45.95747,2624
7.63567,45.95747,2620
7.63610,45.95747,2614
7.63653,45.95747,2610
7.63696,45.95747,2607
7.63739,45.95747,2607
7.63782,45.95747,2612
7.63824,45.95747,2617
7.63867,45.95747,2624
7.63910,45.95747,2632
7.63953,45.95747,2639
7.63996,45.95747,2647
7.64039,45.95747,2655
7.64082,45.95747,2662
7.64125,45.95747,2669
7.64168,45.95747,2675
7.64211,45.95747,2682
7.64254,45.95747,2689
7.64297,45.95747,2694
7.64339,45.95747,2696
7.64382,45.95747,2696
7.64425,45.95747,2693
7.64468,45.95747,2690
7.64511,45.95747,2685
7.64554,45.95747,2681
7.64597,45.95747,2678
7.64640,45.95747,2675
7.62451,45.95718,2726
7.62494,45.95718,2725
7.62537,45.95718,2725
7.62580,45.95718,2725
7.62623,45.95718,2725
7.62666,45.95718,2727
7.62709,45.95718,2730
7.62752,45.95718,2733
7.62794,45.95718,2735
7.62837,45.95718,2733
7.62880,45.95718,2720
7.62923,45.95718,2703
7.62966,45.95718,2682
7.63009,45.95718,2661
7.63052,45.95718,2650
7.63095,45.95718,2644
7.63138,45.95718,2639
7.63181,45.95718,2636
7.63224,45.95718,2634
7.63267,45.95718,2633
7.63309,45.95718,2630
7.63352,45.95718,2627
7.63395,45.95718,2624
7.63438,45.95718,2620
7.63481,45.95718,2616
7.63524,45.95718,2610
7.63567,45.95718,2603
7.63610,45.95718,2596
7.63653,45.95718,2590
7.63696,45.95718,2587
7.63739,45.95718,2588
7.63782,45.95718,2593
7.63824,45.95718,2600
7.63867,45.95718,2608
7.63910,45.95718,2615
7.63953,45.95718,2624
7.63996,45.95718,2631
7.64039,45.95718,2640
7.64082,45.95718,2648
7.64125,45.95718,2654
7.64168,45.95718,2661
7.64211,45.95718,2667
7.64254,45.95718,2672
7.64297,45.95718,2677
7.64339,45.95718,2679
7.64382,45.95718,2678
7.64425,45.95718,2675
7.64468,45.95718,2672
7.64511,45.95718,2667
7.64554,45.95718,2662
7.64597,45.95718,2659
7.64640,45.95718,2657
7.62451,45.95688,2710
7.62494,45.95688,2712
7.62537,45.95688,2714
7.62580,45.95688,2715
7.62623,45.95688,2715
7.62666,45.95688,2719
7.62709,45.95688,2722
7.62752,45.95688,2725
7.62794,45.95688,2727
7.62837,45.95688,2723
7.62880,45.95688,2710
7.62923,45.95688,2692
7.62966,45.95688,2670
7.63009,45.95688,2651
7.63052,45.95688,2641
7.63095,45.95688,2636
7.63138,45.95688,2633
7.63181,45.95688,2630
7.63224,45.95688,2629
7.63267,45.95688,2627
7.63309,45.95688,2623
7.63352,45.95688,2618
7.63395,45.95688,2613
7.63438,45.95688,2607
7.63481,45.95688,2600
7.63524,45.95688,2593
7.63567,45.95688,2583
7.63610,45.95688,2576
7.63653,45.95688,2570
7.63696,45.95688,2568
7.63739,45.95688,2569
7.63782,45.95688,2575
7.63824,45.95688,2583
7.63867,45.95688,2592
7.63910,45.95688,2600
7.63953,45.95688,2609
7.63996,45.95688,2618
7.64039,45.95688,2626
7.64082,45.95688,2635
7.64125,45.95688,2642
7.64168,45.95688,2649
7.64211,45.95688,2654
7.64254,45.95688,2659
7.64297,45.95688,2663
7.64339,45.95688,2664
7.64382,45.95688,2663
7.64425,45.95688,2660
7.64468,45.95688,2656
7.64511,45.95688,2651
7.64554,45.95688,2646
7.64597,45.95688,2642
7.64640,45.95688,2638
7.62451,45.95658,2692
7.62494,45.95658,2696
7.62537,45.95658,2701
7.62580,45.95658,2704
7.62623,45.95658,2706
7.62666,45.95658,2710
7.62709,45.95658,2714
7.62752,45.95658,2717
7.62794,45.95658,2719
7.62837,45.95658,2714
7.62880,45.95658,2699
7.62923,45.95658,2680
7.62966,45.95658,2659
7.63009,45.95658,2644
7.63052,45.95658,2635
7.63095,45.95658,2630
7.63138,45.95658,2626
7.63181,45.95658,2624
7.63224,45.95658,2622
7.63267,45.95658,2619
7.63309,45.95658,2613
7.63352,45.95658,2607
7.63395,45.95658,2600
7.63438,45.95658,2591
7.63481,45.95658,2582
7.63524,45.95658,2572
7.63567,45.95658,2563
7.63610,45.95658,2556
7.63653,45.95658,2550
7.63696,45.95658,2549
7.63739,45.95658,2552
7.63782,45.95658,2558
7.63824,45.95658,2567
7.63867,45.95658,2576
7.63910,45.95658,2585
7.63953,45.95658,2595
7.63996,45.95658,2604
7.64039,45.95658,2613
7.64082,45.95658,2622
7.64125,45.95658,2630
7.64168,45.95658,2637
7.64211,45.95658,2643
7.64254,45.95658,2647
7.64297,45.95658,2651
7.64339,45.95658,2652
7.64382,45.95658,2652
7.64425,45.95658,2649
7.64468,45.95658,2643
7.64511,45.95658,2636
7.64554,45.95658,2629
7.64597,45.95658,2623
7.64640,45.95658,2618
7.62451,45.95628,2676
7.62494,45.95628,2682
7.62537,45.95628,2687
7.62580,45.95628,2691
7.62623,45.95628,2695
7.62666,45.95628,2700
7.62709,45.95628,2704
7.62752,45.95628,2709
7.62794,45.95628,2712
7.62837,45.95628,2706
7.62880,45.95628,2691
7.62923,45.95628,2669
7.62966,45.95628,2649
7.63009,45.95628,2637
7.63052,45.95628,2628
7.63095,45.95628,2623
7.63138,45.95628,2619
7.63181,45.95628,2617
7.63224,45.95628,2613
7.63267,45.95628,2608
7.63309,45.95628,2602
7.63352,45.95628,2593
7.63395,45.95628,2583
7.63438,45.95628,2572
7.63481,45.95628,2562
7.63524,45.95628,2552
7.63567,45.95628,2543
7.63610,45.95628,2537
7.63653,45.95628,2533
7.63696,45.95628,2533
7.63739,45.95628,2537
7.63782,45.95628,2544
7.63824,45.95628,2553
7.63867,45.95628,2563
7.63910,45.95628,2573
7.63953,45.95628,2583
7.63996,45.95628,2591
7.64039,45.95628,2601
7.64082,45.95628,2611
7.64125,45.95628,2619
7.64168,45.95628,2626
7.64211,45.95628,2631
7.64254,45.95628,2635
7.64297,45.95628,2639
7.64339,45.95628,2640
7.64382,45.95628,2640
7.64425,45.95628,2636
7.64468,45.95628,2629
7.64511,45.95628,2621
7.64554,45.95628,2612
7.64597,45.95628,2603
7.64640,45.95628,2595
7.62451,45.95598,2659
7.62494,45.95598,2665
7.62537,45.95598,2671
7.62580,45.95598,2676
7.62623,45.95598,2683
7.62666,45.95598,2689
7.62709,45.95598,2695
7.62752,45.95598,2699
7.62794,45.95598,2701
7.62837,45.95598,2696
7.62880,45.95598,2682
7.62923,45.95598,2660
7.62966,45.95598,2642
7.63009,45.95598,2629
7.63052,45.95598,2621
7.63095,45.95598,2616
7.63138,45.95598,2611
7.63181,45.95598,2607
7.63224,45.95598,2602
7.63267,45.95598,2595
7.63309,45.95598,2586
7.63352,45.95598,2576
7.63395,45.95598,2564
7.63438,45.95598,2552
7.63481,45.95598,2541
7.63524,45.95598,2532
7.63567,45.95598,2525
7.63610,45.95598,2520
7.63653,45.95598,2518
7.63696,45.95598,2520
7.63739,45.95598,2524
7.63782,45.95598,2532
7.63824,45.95598,2541
7.63867,45.95598,2551
7.63910,45.95598,2562
7.63953,45.95598,2573
7.63996,45.95598,2582
7.64039,45.95598,2592
7.64082,45.95598,2600
7.64125,45.95598,2609
7.64168,45.95598,2615
7.64211,45.95598,2620
7.64254,45.95598,2623
7.64297,45.95598,2624
7.64339,45.95598,2625
7.64382,45.95598,2624
7.64425,45.95598,2619
7.64468,45.95598,2612
7.64511,45.95598,2602
7.64554,45.95598,2590
7.64597,45.95598,2578
7.64640,45.95598,2566
7.62451,45.95568,2642
7.62494,45.95568,2648
7.62537,45.95568,2654
7.62580,45.95568,2661
7.62623,45.95568,2669
7.62666,45.95568,2678
7.62709,45.95568,2685
7.62752,45.95568,2690
7.62794,45.95568,2689
7.62837,45.95568,2684
7.62880,45.95568,2669
7.62923,45.95568,2651
7.62966,45.95568,2635
7.63009,45.95568,2624
7.63052,45.95568,2615
7.63095,45.95568,2609
7.63138,45.95568,2603
7.63181,45.95568,2596
7.63224,45.95568,2589
7.63267,45.95568,2580
7.63309,45.95568,2570
7.63352,45.95568,2558
7.63395,45.95568,2545
7.63438,45.95568,2534
7.63481,45.95568,2524
7.63524,45.95568,2516
7.63567,45.95568,2509
7.63610,45.95568,2506
7.63653,45.95568,2506
7.63696,45.95568,2509
7.63739,45.95568,2514
7.63782,45.95568,2521
7.63824,45.95568,2531
7.63867,45.95568,2542
7.63910,45.95568,2554
7.63953,45.95568,2565
7.63996,45.95568,2575
7.64039,45.95568,2584
7.64082,45.95568,2593
7.64125,45.95568,2600
7.64168,45.95568,2606
7.64211,45.95568,2610
7.64254,45.95568,2610
7.64297,45.95568,2609
7.64339,45.95568,2607
7.64382,45.95568,2605
7.64425,45.95568,2600
7.64468,45.95568,2591
7.64511,45.95568,2579
7.64554,45.95568,2563
7.64597,45.95568,2546
7.64640,45.95568,2528
7.62451,45.95539,2625
7.62494,45.95539,2630
7.62537,45.95539,2637
7.62580,45.95539,2646
7.62623,45.95539,2656
7.62666,45.95539,2667
7.62709,45.95539,2676
7.62752,45.95539,2680
7.62794,45.95539,2679
7.62837,45.95539,2672
7.62880,45.95539,2660
7.62923,45.95539,2644
7.62966,45.95539,2631
7.63009,45.95539,2620
7.63052,45.95539,2612
7.63095,45.95539,2604
7.63138,45.95539,2596
7.63181,45.95539,2587
7.63224,45.95539,2577
7.63267,45.95539,2566
7.63309,45.95539,2554
7.63352,45.95539,2542
7.63395,45.95539,2528
7.63438,45.95539,2518
7.63481,45.95539,2510
7.63524,45.95539,2503
7.63567,45.95539,2498
7.63610,45.95539,2495
7.63653,45.95539,2496
7.63696,45.95539,2499
7.63739,45.95539,2504
7.63782,45.95539,2512
7.63824,45.95539,2523
7.63867,45.95539,2534
7.63910,45.95539,2547
7.63953,45.95539,2559
7.63996,45.95539,2569
7.64039,45.95539,2579
7.64082,45.95539,2587
7.64125,45.95539,2593
7.64168,45.95539,2597
7.64211,45.95539,2597
7.64254,45.95539,2595
7.64297,45.95539,2592
7.64339,45.95539,2588
7.64382,45.95539,2584
7.64425,45.95539,2577
7.64468,45.95539,2566
7.64511,45.95539,2549
7.64554,45.95539,2529
7.64597,45.95539,2508
7.64640,45.95539,2486
7.62451,45.95509,2607
7.62494,45.95509,2613
7.62537,45.95509,2621
7.62580,45.95509,2630
7.62623,45.95509,2642
7.62666,45.95509,2654
7.62709,45.95509,2664
7.62752,45.95509,2671
7.62794,45.95509,2671
7.62837,45.95509,2665
7.62880,45.95509,2655
7.62923,45.95509,2642
7.62966,45.95509,2630
7.63009,45.95509,2620
7.63052,45.95509,2609
7.63095,45.95509,2600
7.63138,45.95509,2590
7.63181,45.95509,2578
7.63224,45.95509,2567
7.63267,45.95509,2555
7.63309,45.95509,2542
7.63352,45.95509,2529
7.63395,45.95509,2515
7.63438,45.95509,2506
7.63481,45.95509,2499
7.63524,45.95509,2493
7.63567,45.95509,2489
7.63610,45.95509,2487
7.63653,45.95509,2489
7.63696,45.95509,2491
7.63739,45.95509,2496
7.63782,45.95509,2505
7.63824,45.95509,2514
7.63867,45.95509,2527
7.63910,45.95509,2540
7.63953,45.95509,2552
7.63996,45.95509,2562
7.64039,45.95509,2571
7.64082,45.95509,2578
7.64125,45.95509,2583
7.64168,45.95509,2585
7.64211,45.95509,2583
7.64254,45.95509,2579
7.64297,45.95509,2573
7.64339,45.95509,2568
7.64382,45.95509,2562
7.64425,45.95509,2552
7.64468,45.95509,2536
7.64511,45.95509,2514
7.64554,45.95509,2490
7.64597,45.95509,2468
7.64640,45.95509,2448
7.62451,45.95479,2589
7.62494,45.95479,2595
7.62537,45.95479,2603
7.62580,45.95479,2613
7.62623,45.95479,2626
7.62666,45.95479,2639
7.62709,45.95479,2652
7.62752,45.95479,2661
7.62794,45.95479,2664
7.62837,45.95479,2661
7.62880,45.95479,2655
7.62923,45.95479,2643
7.62966,45.95479,2631
7.63009,45.95479,2618
7.63052,45.95479,2607
7.63095,45.95479,2596
7.63138,45.95479,2584
7.63181,45.95479,2572
7.63224,45.95479,2559
7.63267,45.95479,2546
7.63309,45.95479,2532
7.63352,45.95479,2518
7.63395,45.95479,2507
7.63438,45.95479,2498
7.63481,45.95479,2491
7.63524,45.95479,2486
7.63567,45.95479,2482
7.63610,45.95479,2481
7.63653,45.95479,2482
7.63696,45.95479,2485
7.63739,45.95479,2490
7.63782,45.95479,2498
7.63824,45.95479,2508
7.63867,45.95479,2521
7.63910,45.95479,2533
7.63953,45.95479,2545
7.63996,45.95479,2554
7.64039,45.95479,2561
7.64082,45.95479,2567
7.64125,45.95479,2570
7.64168,45.95479,2569
7.64211,45.95479,2566
7.64254,45.95479,2561
7.64297,45.95479,2555
7.64339,45.95479,2549
7.64382,45.95479,2541
7.64425,45.95479,2524
7.64468,45.95479,2501
7.64511,45.95479,2477
7.64554,45.95479,2452
7.64597,45.95479,2432
7.64640,45.95479,2419
7.62451,45.95449,2569
7.62494,45.95449,2574
7.62537,45.95449,2582
7.62580,45.95449,2594
7.62623,45.95449,2607
7.62666,45.95449,2622
7.62709,45.95449,2638
7.62752,45.95449,2650
7.62794,45.95449,2655
7.62837,45.95449,2656
7.62880,45.95449,2651
7.62923,45.95449,2641
7.62966,45.95449,2628
7.63009,45.95449,2615
7.63052,45.95449,2603
7.63095,45.95449,2592
7.63138,45.95449,2580
7.63181,45.95449,2567
7.63224,45.95449,2553
7.63267,45.95449,2538
7.63309,45.95449,2523
7.63352,45.95449,2509
7.63395,45.95449,2500
7.63438,45.95449,2492
7.63481,45.95449,2485
7.63524,45.95449,2480
7.63567,45.95449,2476
7.63610,45.95449,2475
7.63653,45.95449,2476
7.63696,45.95449,2478
7.63739,45.95449,2484
7.63782,45.95449,2492
7.63824,45.95449,2503
7.63867,45.95449,2514
7.63910,45.95449,2526
7.63953,45.95449,2536
7.63996,45.95449,2544
7.64039,45.95449,2549
7.64082,45.95449,2553
7.64125,45.95449,2554
7.64168,45.95449,2552
7.64211,45.95449,2548
7.64254,45.95449,2542
7.64297,45.95449,2536
7.64339,45.95449,2529
7.64382,45.95449,2515
7.64425,45.95449,2491
7.64468,45.95449,2464
7.64511,45.95449,2440
7.64554,45.95449,2419
7.64597,45.95449,2404
7.64640,45.95449,2396
7.62451,45.95419,2550
7.62494,45.95419,2554
7.62537,45.95419,2562
7.62580,45.95419,2572
7.62623,45.95419,2586
7.62666,45.95419,2602
7.62709,45.95419,2619
7.62752,45.95419,2632
7.62794,45.95419,2642
7.62837,45.95419,2645
7.62880,45.95419,2641
7.62923,45.95419,2632
7.62966,45.95419,2620
7.63009,45.95419,2608
7.63052,45.95419,2597
7.63095,45.95419,2586
7.63138,45.95419,2575
7.63181,45.95419,2562
7.63224,45.95419,2547
7.63267,45.95419,2531
7.63309,45.95419,2515
7.63352,45.95419,2502
7.63395,45.95419,2493
7.63438,45.95419,2486
7.63481,45.95419,2479
7.63524,45.95419,2475
7.63567,45.95419,2471
7.63610,45.95419,2469
7.63653,45.95419,2470
7.63696,45.95419,2473
7.63739,45.95419,2478
7.63782,45.95419,2487
7.63824,45.95419,2497
7.63867,45.95419,2508
7.63910,45.95419,2519
7.63953,45.95419,2527
7.63996,45.95419,2533
7.64039,45.95419,2536
7.64082,45.95419,2538
7.64125,45.95419,2537
7.64168,45.95419,2534
7.64211,45.95419,2529
7.64254,45.95419,2523
7.64297,45.95419,2516
7.64339,45.95419,2505
7.64382,45.95419,2483
7.64425,45.95419,2454
7.64468,45.95419,2429
7.64511,45.95419,2408
7.64554,45.95419,2391
7.64597,45.95419,2380
7.64640,45.95419,2378
7.62451,45.95389,2532
7.62494,45.95389,2534
7.62537,45.95389,2540
7.62580,45.95389,2550
7.62623,45.95389,2562
7.62666,45.95389,2577
7.62709,45.95389,2594
7.62752,45.95389,2609
7.62794,45.95389,2621
7.62837,45.95389,2628
7.62880,45.95389,2626
7.62923,45.95389,2619
7.62966,45.95389,2609
7.63009,45.95389,2599
7.63052,45.95389,2589
7.63095,45.95389,2579
7.63138,45.95389,2569
7.63181,45.95389,2556
7.63224,45.95389,2540
7.63267,45.95389,2523
7.63309,45.95389,2508
7.63352,45.95389,2495
7.63395,45.95389,2486
7.63438,45.95389,2478
7.63481,45.95389,2473
7.63524,45.95389,2469
7.63567,45.95389,2466
7.63610,45.95389,2464
7.63653,45.95389,2464
7.63696,45.95389,2467
7.63739,45.95389,2471
7.63782,45.95389,2479
7.63824,45.95389,2489
7.63867,45.95389,2500
7.63910,45.95389,2509
7.63953,45.95389,2516
7.63996,45.95389,2521
7.64039,45.95389,2522
7.64082,45.95389,2521
7.64125,45.95389,2519
7.64168,45.95389,2515
7.64211,45.95389,2509
7.64254,45.95389,2503
7.64297,45.95389,2494
7.64339,45.95389,2478
7.64382,45.95389,2448
7.64425,45.95389,2419
7.64468,45.95389,2396
7.64511,45.95389,2379
7.64554,45.95389,2367
7.64597,45.95389,2362
7.64640,45.95389,2364
7.62451,45.95360,2516
7.62494,45.95360,2516
7.62537,45.95360,2520
7.62580,45.95360,2528
7.62623,45.95360,2539
7.62666,45.95360,2553
7.62709,45.95360,2569
7.62752,45.95360,2585
7.62794,45.95360,2599
7.62837,45.95360,2607
7.62880,45.95360,2609
7.62923,45.95360,2604
7.62966,45.95360,2596
7.63009,45.95360,2589
7.63052,45.95360,2581
7.63095,45.95360,2572
7.63138,45.95360,2562
7.63181,45.95360,2548
7.63224,45.95360,2531
7.63267,45.95360,2514
7.63309,45.95360,2499
7.63352,45.95360,2488
7.63395,45.95360,2478
7.63438,45.95360,2472
7.63481,45.95360,2466
7.63524,45.95360,2462
7.63567,45.95360,2460
7.63610,45.95360,2458
7.63653,45.95360,2457
7.63696,45.95360,2460
7.63739,45.95360,2464
7.63782,45.95360,2471
7.63824,45.95360,2480
7.63867,45.95360,2489
7.63910,45.95360,2497
7.63953,45.95360,2503
7.63996,45.95360,2506
7.64039,45.95360,2507
7.64082,45.95360,2505
7.64125,45.95360,2501
7.64168,45.95360,2497
7.64211,45.95360,2490
7.64254,45.95360,2483
7.64297,45.95360,2472
7.64339,45.95360,2451
7.64382,45.95360,2418
7.64425,45.95360,2389
7.64468,45.95360,2368
7.64511,45.95360,2356
7.64554,45.95360,2349
7.64597,45.95360,2348
7.64640,45.95360,2354
7.62451,45.95330,2501
7.62494,45.95330,2500
7.62537,45.95330,2503
7.62580,45.95330,2509
7.62623,45.95330,2519
7.62666,45.95330,2531
7.62709,45.95330,2545
7.62752,45.95330,2561
7.62794,45.95330,2575
7.62837,45.95330,2585
7.62880,45.95330,2590
7.62923,45.95330,2589
7.62966,45.95330,2584
7.63009,45.95330,2579
7.63052,45.95330,2573
7.63095,45.95330,2565
7.63138,45.95330,2553
7.63181,45.95330,2539
7.63224,45.95330,2522
7.63267,45.95330,2505
7.63309,45.95330,2491
7.63352,45.95330,2481
7.63395,45.95330,2472
7.63438,45.95330,2465
7.63481,45.95330,2460
7.63524,45.95330,2456
7.63567,45.95330,2454
7.63610,45.95330,2452
7.63653,45.95330,2451
7.63696,45.95330,2453
7.63739,45.95330,2456
7.63782,45.95330,2462
7.63824,45.95330,2469
7.63867,45.95330,2475
7.63910,45.95330,2482
7.63953,45.95330,2488
7.63996,45.95330,2490
7.64039,45.95330,2491
7.64082,45.95330,2489
7.64125,45.95330,2485
7.64168,45.95330,2480
7.64211,45.95330,2471
7.64254,45.95330,2460
7.64297,45.95330,2446
7.64339,45.95330,2422
7.64382,45.95330,2390
7.64425,45.95330,2363
7.64468,45.95330,2347
7.64511,45.95330,2339
7.64554,45.95330,2337
7.64597,45.95330,2340
7.64640,45.95330,2347
7.62451,45.95300,2490
7.62494,45.95300,2487
7.62537,45.95300,2489
7.62580,45.95300,2493
7.62623,45.95300,2501
7.62666,45.95300,2512
7.62709,45.95300,2525
7.62752,45.95300,2540
7.62794,45.95300,2552
7.62837,45.95300,2563
7.62880,45.95300,2571
7.62923,45.95300,2573
7.62966,45.95300,2571
7.63009,45.95300,2568
7.63052,45.95300,2564
7.63095,45.95300,2555
7.63138,45.95300,2543
7.63181,45.95300,2528
7.63224,45.95300,2512
7.63267,45.95300,2497
7.63309,45.95300,2484
7.63352,45.95300,2475
7.63395,45.95300,2466
7.63438,45.95300,2460
7.63481,45.95300,2455
7.63524,45.95300,2450
7.63567,45.95300,2447
7.63610,45.95300,2445
7.63653,45.95300,2445
7.63696,45.95300,2445
7.63739,45.95300,2447
7.63782,45.95300,2451
7.63824,45.95300,2456
7.63867,45.95300,2460
7.63910,45.95300,2465
7.63953,45.95300,2470
7.63996,45.95300,2473
7.64039,45.95300,2474
7.64082,45.95300,2473
7.64125,45.95300,2469
7.64168,45.95300,2462
7.64211,45.95300,2449
7.64254,45.95300,2432
7.64297,45.95300,2414
7.64339,45.95300,2389
7.64382,45.95300,2362
7.64425,45.95300,2342
7.64468,45.95300,2332
7.64511,45.95300,2328
7.64554,45.95300,2330
7.64597,45.95300,2335
7.64640,45.95300,2341
7.62451,45.95270,2481
7.62494,45.95270,2477
7.62537,45.95270,2477
7.62580,45.95270,2479
7.62623,45.95270,2486
7.62666,45.95270,2496
7.62709,45.95270,2508
7.62752,45.95270,2522
7.62794,45.95270,2534
7.62837,45.95270,2544
7.62880,45.95270,2553
7.62923,45.95270,2557
7.62966,45.95270,2558
7.63009,45.95270,2556
7.63052,45.95270,2552
7.63095,45.95270,2543
7.63138,45.95270,2530
7.63181,45.95270,2515
7.63224,45.95270,2502
7.63267,45.95270,2489
7.63309,45.95270,2479
7.63352,45.95270,2470
7.63395,45.95270,2462
7.63438,45.95270,2455
7.63481,45.95270,2449
7.63524,45.95270,2444
7.63567,45.95270,2441
7.63610,45.95270,2439
7.63653,45.95270,2437
7.63696,45.95270,2437
7.63739,45.95270,2436
7.63782,45.95270,2437
7.63824,45.95270,2441
7.63867,45.95270,2444
7.63910,45.95270,2448
7.63953,45.95270,2452
7.63996,45.95270,2455
7.64039,45.95270,2455
7.64082,45.95270,2455
7.64125,45.95270,2449
7.64168,45.95270,2439
7.64211,45.95270,2422
7.64254,45.95270,2401
7.64297,45.95270,2379
7.64339,45.95270,2357
7.64382,45.95270,2338
7.64425,45.95270,2326
7.64468,45.95270,2321
7.64511,45.95270,2321
7.64554,45.95270,2324
7.64597,45.95270,2329
7.64640,45.95270,2335
7.62451,45.95240,2473
7.62494,45.95240,2468
7.62537,45.95240,2466
7.62580,45.95240,2468
7.62623,45.95240,2473
7.62666,45.95240,2483
7.62709,45.95240,2493
7.62752,45.95240,2506
7.62794,45.95240,2518
7.62837,45.95240,2528
7.62880,45.95240,2536
7.62923,45.95240,2542
7.62966,45.95240,2544
7.63009,45.95240,2542
7.63052,45.95240,2537
7.63095,45.95240,2529
7.63138,45.95240,2517
7.63181,45.95240,2504
7.63224,45.95240,2493
7.63267,45.95240,2484
7.63309,45.95240,2475
7.63352,45.95240,2467
7.63395,45.95240,2458
7.63438,45.95240,2450
7.63481,45.95240,2444
7.63524,45.95240,2439
7.63567,45.95240,2435
7.63610,45.95240,2432
7.63653,45.95240,2429
7.63696,45.95240,2427
7.63739,45.95240,2425
7.63782,45.95240,2424
7.63824,45.95240,2424
7.63867,45.95240,2425
7.63910,45.95240,2427
7.63953,45.95240,2430
7.63996,45.95240,2432
7.64039,45.95240,2433
7.64082,45.95240,2430
7.64125,45.95240,2423
7.64168,45.95240,2410
7.64211,45.95240,2390
7.64254,45.95240,2368
7.64297,45.95240,2346
7.64339,45.95240,2327
7.64382,45.95240,2316
7.64425,45.95240,2311
7.64468,45.95240,2311
7.64511,45.95240,2313
7.64554,45.95240,2317
7.64597,45.95240,2322
7.64640,45.95240,2327
7.62451,45.95210,2466
7.62494,45.95210,2461
7.62537,45.95210,2459
7.62580,45.95210,2458
7.62623,45.95210,2463
7.62666,45.95210,2471
7.62709,45.95210,2481
7.62752,45.95210,2493
7.62794,45.95210,2505
7.62837,45.95210,2514
7.62880,45.95210,2522
7.62923,45.95210,2528
7.62966,45.95210,2529
7.63009,45.95210,2528
7.63052,45.95210,2523
7.63095,45.95210,2514
7.63138,45.95210,2505
7.63181,45.95210,2495
7.63224,45.95210,2487
7.63267,45.95210,2480
7.63309,45.95210,2473
7.63352,45.95210,2465
7.63395,45.95210,2454
7.63438,45.95210,2446
7.63481,45.95210,2439
7.63524,45.95210,2433
7.63567,45.95210,2429
7.63610,45.95210,2425
7.63653,45.95210,2421
7.63696,45.95210,2417
7.63739,45.95210,2414
7.63782,45.95210,2410
7.63824,45.95210,2408
7.63867,45.95210,2406
7.63910,45.95210,2405
7.63953,45.95210,2406
7.63996,45.95210,2407
7.64039,45.95210,2407
7.64082,45.95210,2402
7.64125,45.95210,2391
7.64168,45.95210,2374
7.64211,45.95210,2354
7.64254,45.95210,2335
7.64297,45.95210,2317
7.64339,45.95210,2305
7.64382,45.95210,2301
7.64425,45.95210,2300
7.64468,45.95210,2301
7.64511,45.95210,2305
7.64554,45.95210,2310
7.64597,45.95210,2314
7.64640,45.95210,2319
7.62451,45.95181,2460
7.62494,45.95181,2455
7.62537,45.95181,2452
7.62580,45.95181,2451
7.62623,45.95181,2453
7.62666,45.95181,2460
7.62709,45.95181,2469
7.62752,45.95181,2481
7.62794,45.95181,2494
7.62837,45.95181,2503
7.62880,45.95181,2510
7.62923,45.95181,2515
7.62966,45.95181,2516
7.63009,45.95181,2513
7.63052,45.95181,2509
7.63095,45.95181,2503
7.63138,45.95181,2495
7.63181,45.95181,2489
7.63224,45.95181,2483
7.63267,45.95181,2477
7.63309,45.95181,2471
7.63352,45.95181,2461
7.63395,45.95181,2451
7.63438,45.95181,2441
7.63481,45.95181,2431
7.63524,45.95181,2425
7.63567,45.95181,2419
7.63610,45.95181,2415
7.63653,45.95181,2411
7.63696,45.95181,2406
7.63739,45.95181,2402
7.63782,45.95181,2396
7.63824,45.95181,2391
7.63867,45.95181,2387
7.63910,45.95181,2384
7.63953,45.95181,2383
7.63996,45.95181,2381
7.64039,45.95181,2377
7.64082,45.95181,2370
7.64125,45.95181,2356
7.64168,45.95181,2339
7.64211,45.95181,2322
7.64254,45.95181,2307
7.64297,45.95181,2297
7.64339,45.95181,2291
7.64382,45.95181,2290
7.64425,45.95181,2291
7.64468,45.95181,2295
7.64511,45.95181,2300
7.64554,45.95181,2304
7.64597,45.95181,2307
7.64640,45.95181,2312
7.62451,45.95151,2456
7.62494,45.95151,2451
7.62537,45.95151,2447
7.62580,45.95151,2446
7.62623,45.95151,2447
7.62666,45.95151,2452
7.62709,45.95151,2461
7.62752,45.95151,2473
7.62794,45.95151,2485
7.62837,45.95151,2494
7.62880,45.95151,2501
7.62923,45.95151,2504
7.62966,45.95151,2503
7.63009,45.95151,2501
7.63052,45.95151,2497
7.63095,45.95151,2492
7.63138,45.95151,2487
7.63181,45.95151,2483
7.63224,45.95151,2479
7.63267,45.95151,2474
7.63309,45.95151,2466
7.63352,45.95151,2456
7.63395,45.95151,2445
7.63438,45.95151,2433
7.63481,45.95151,2422
7.63524,45.95151,2414
7.63567,45.95151,2408
7.63610,45.95151,2403
7.63653,45.95151,2399
7.63696,45.95151,2393
7.63739,45.95151,2387
7.63782,45.95151,2382
7.63824,45.95151,2376
7.63867,45.95151,2370
7.63910,45.95151,2365
7.63953,45.95151,2361
7.63996,45.95151,2355
7.64039,45.95151,2348
7.64082,45.95151,2337
7.64125,45.95151,2324
7.64168,45.95151,2309
7.64211,45.95151,2297
7.64254,45.95151,2288
7.64297,45.95151,2284
7.64339,45.95151,2282
7.64382,45.95151,2283
7.64425,45.95151,2286
7.64468,45.95151,2291
7.64511,45.95151,2296
7.64554,45.95151,2301
7.64597,45.95151,2305
7.64640,45.95151,2310
7.62451,45.95121,2455
7.62494,45.95121,2450
7.62537,45.95121,2445
7.62580,45.95121,2443
7.62623,45.95121,2443
7.62666,45.95121,2447
7.62709,45.95121,2454
7.62752,45.95121,2466
7.62794,45.95121,2477
7.62837,45.95121,2486
7.62880,45.95121,2491
7.62923,45.95121,2492
7.62966,45.95121,2491
7.63009,45.95121,2488
7.63052,45.95121,2485
7.63095,45.95121,2483
7.63138,45.95121,2480
7.63181,45.95121,2477
7.63224,45.95121,2473
7.63267,45.95121,2468
7.63309,45.95121,2459
7.63352,45.95121,2448
7.63395,45.95121,2435
7.63438,45.95121,2422
7.63481,45.95121,2411
7.63524,45.95121,2402
7.63567,45.95121,2395
7.63610,45.95121,2388
7.63653,45.95121,2382
7.63696,45.95121,2376
7.63739,45.95121,2371
7.63782,45.95121,2365
7.63824,45.95121,2360
7.63867,45.95121,2354
7.63910,45.95121,2348
7.63953,45.95121,2340
7.63996,45.95121,2330
7.64039,45.95121,2319
7.64082,45.95121,2308
7.64125,45.95121,2296
7.64168,45.95121,2285
7.64211,45.95121,2278
7.64254,45.95121,2274
7.64297,45.95121,2273
7.64339,45.95121,2274
7.64382,45.95121,2278
7.64425,45.95121,2284
7.64468,45.95121,2290
7.64511,45.95121,2295
7.64554,45.95121,2300
7.64597,45.95121,2306
7.64640,45.95121,2312
7.64648,45.96642,3108
7.64691,45.96642,3100
7.64734,45.96642,3093
7.64777,45.96642,3087
7.64820,45.96642,3084
7.64863,45.96642,3082
7.64906,45.96642,3085
7.64949,45.96642,3089
7.64992,45.96642,3092
7.65035,45.96642,3089
7.65078,45.96642,3082
7.65121,45.96642,3074
7.65163,45.96642,3066
7.65206,45.96642,3058
7.65249,45.96642,3050
7.65292,45.96642,3048
7.65335,45.96642,3048
7.65378,45.96642,3050
7.65421,45.96642,3052
7.65464,45.96642,3052
7.65507,45.96642,3052
7.65550,45.96642,3048
7.65593,45.96642,3042
7.65635,45.96642,3038
7.65678,45.96642,3035
7.65721,45.96642,3035
7.65764,45.96642,3035
7.65807,45.96642,3033
7.65850,45.96642,3026
7.65893,45.96642,3018
7.65936,45.96642,3010
7.65979,45.96642,3007
7.66022,45.96642,3002
7.66065,45.96642,2998
7.66108,45.96642,2995
7.66150,45.96642,2991
7.66193,45.96642,2991
7.66236,45.96642,2992
7.66279,45.96642,2993
7.66322,45.96642,2994
7.66365,45.96642,2992
7.66408,45.96642,2991
7.66451,45.96642,2991
7.66494,45.96642,2992
7.66537,45.96642,2993
7.66580,45.96642,2992
7.66623,45.96642,2991
7.66665,45.96642,2991
7.66708,45.96642,2991
7.66751,45.96642,2995
7.66794,45.96642,3004
7.66837,45.96642,3016
7.64648,45.96613,3072
7.64691,45.96613,3065
7.64734,45.96613,3061
7.64777,45.96613,3058
7.64820,45.96613,3057
7.64863,45.96613,3056
7.64906,45.96613,3057
7.64949,45.96613,3059
7.64992,45.96613,3059
7.65035,45.96613,3054
7.65078,45.96613,3048
7.65121,45.96613,3042
7.65163,45.96613,3037
7.65206,45.96613,3032
7.65249,45.96613,3028
7.65292,45.96613,3025
7.65335,45.96613,3024
7.65378,45.96613,3026
7.65421,45.96613,3029
7.65464,45.96613,3030
7.65507,45.96613,3030
7.65550,45.96613,3028
7.65593,45.96613,3024
7.65635,45.96613,3022
7.65678,45.96613,3021
7.65721,45.96613,3022
7.65764,45.96613,3022
7.65807,45.96613,3020
7.65850,45.96613,3014
7.65893,45.96613,3006
7.65936,45.96613,3000
7.65979,45.96613,2997
7.66022,45.96613,2993
7.66065,45.96613,2990
7.66108,45.96613,2987
7.66150,45.96613,2985
7.66193,45.96613,2986
7.66236,45.96613,2987
7.66279,45.96613,2988
7.66322,45.96613,2986
7.66365,45.96613,2983
7.66408,45.96613,2981
7.66451,45.96613,2981
7.66494,45.96613,2980
7.66537,45.96613,2981
7.66580,45.96613,2981
7.66623,45.96613,2980
7.66665,45.96613,2981
7.66708,45.96613,2982
7.66751,45.96613,2987
7.66794,45.96613,2996
7.66837,45.96613,3008
7.64648,45.96583,3037
7.64691,45.96583,3033
7.64734,45.96583,3031
7.64777,45.96583,3030
7.64820,45.96583,3029
7.64863,45.96583,3030
7.64906,45.96583,3028
7.64949,45.96583,3027
7.64992,45.96583,3024
7.65035,45.96583,3022
7.65078,45.96583,3018
7.65121,45.96583,3014
7.65163,45.96583,3012
7.65206,45.96583,3010
7.65249,45.96583,3007
7.65292,45.96583,3005
7.65335,45.96583,3005
7.65378,45.96583,3007
7.65421,45.96583,3010
7.65464,45.96583,3011
7.65507,45.96583,3010
7.65550,45.96583,3009
7.65593,45.96583,3007
7.65635,45.96583,3007
7.65678,45.96583,3008
7.65721,45.96583,3009
7.65764,45.96583,3009
7.65807,45.96583,3007
7.65850,45.96583,3003
7.65893,45.96583,2996
7.65936,45.96583,2990
7.65979,45.96583,2986
7.66022,45.96583,2982
7.66065,45.96583,2979
7.66108,45.96583,2977
7.66150,45.96583,2977
7.66193,45.96583,2979
7.66236,45.96583,2979
7.66279,45.96583,2979
7.66322,45.96583,2976
7.66365,45.96583,2974
7.66408,45.96583,2973
7.66451,45.96583,2972
7.66494,45.96583,2970
7.66537,45.96583,2969
7.66580,45.96583,2969
7.66623,45.96583,2970
7.66665,45.96583,2971
7.66708,45.96583,2975
7.66751,45.96583,2981
7.66794,45.96583,2990
7.66837,45.96583,3001
7.64648,45.96553,3007
7.64691,45.96553,3005
7.64734,45.96553,3005
7.64777,45.96553,3005
7.64820,45.96553,3004
7.64863,45.96553,3003
7.64906,45.96553,3001
7.64949,45.96553,2998
7.64992,45.96553,2995
7.65035,45.96553,2994
7.65078,45.96553,2993
7.65121,45.96553,2991
7.65163,45.96553,2991
7.65206,45.96553,2989
7.65249,45.96553,2988
7.65292,45.96553,2987
7.65335,45.96553,2988
7.65378,45.96553,2991
7.65421,45.96553,2993
7.65464,45.96553,2995
7.65507,45.96553,2994
7.65550,45.96553,2993
7.65593,45.96553,2994
7.65635,45.96553,2995
7.65678,45.96553,2996
7.65721,45.96553,2996
7.65764,45.96553,2995
7.65807,45.96553,2994
7.65850,45.96553,2992
7.65893,45.96553,2986
7.65936,45.96553,2980
7.65979,45.96553,2975
7.66022,45.96553,2970
7.66065,45.96553,2967
7.66108,45.96553,2966
7.66150,45.96553,2968
7.66193,45.96553,2969
7.66236,45.96553,2968
7.66279,45.96553,2969
7.66322,45.96553,2967
7.66365,45.96553,2966
7.66408,45.96553,2965
7.66451,45.96553,2963
7.66494,45.96553,2959
7.66537,45.96553,2958
7.66580,45.96553,2959
7.66623,45.96553,2961
7.66665,45.96553,2964
7.66708,45.96553,2969
7.66751,45.96553,2977
7.66794,45.96553,2986
7.66837,45.96553,2996
7.64648,45.96523,2983
7.64691,45.96523,2982
7.64734,45.96523,2983
7.64777,45.96523,2982
7.64820,45.96523,2981
7.64863,45.96523,2978
7.64906,45.96523,2976
7.64949,45.96523,2975
7.64992,45.96523,2973
7.65035,45.96523,2973
7.65078,45.96523,2973
7.65121,45.96523,2973
7.65163,45.96523,2973
7.65206,45.96523,2971
7.65249,45.96523,2970
7.65292,45.96523,2969
7.65335,45.96523,2972
7.65378,45.96523,2975
7.65421,45.96523,2978
7.65464,45.96523,2980
7.65507,45.96523,2982
7.65550,45.96523,2982
7.65593,45.96523,2983
7.65635,45.96523,2985
7.65678,45.96523,2985
7.65721,45.96523,2984
7.65764,45.96523,2983
7.65807,45.96523,2982
7.65850,45.96523,2979
7.65893,45.96523,2974
7.65936,45.96523,2968
7.65979,45.96523,2963
7.66022,45.96523,2958
7.66065,45.96523,2955
7.66108,45.96523,2956
7.66150,45.96523,2957
7.66193,45.96523,2958
7.66236,45.96523,2958
7.66279,45.96523,2958
7.66322,45.96523,2958
7.66365,45.96523,2958
7.66408,45.96523,2957
7.66451,45.96523,2954
7.66494,45.96523,2949
7.66537,45.96523,2948
7.66580,45.96523,2950
7.66623,45.96523,2954
7.66665,45.96523,2959
7.66708,45.96523,2966
7.66751,45.96523,2974
7.66794,45.96523,2982
7.66837,45.96523,2990
7.64648,45.96493,2965
7.64691,45.96493,2964
7.64734,45.96493,2963
7.64777,45.96493,2961
7.64820,45.96493,2959
7.64863,45.96493,2957
7.64906,45.96493,2955
7.64949,45.96493,2955
7.64992,45.96493,2956
7.65035,45.96493,2956
7.65078,45.96493,2957
7.65121,45.96493,2958
7.65163,45.96493,2957
7.65206,45.96493,2956
7.65249,45.96493,2954
7.65292,45.96493,2954
7.65335,45.96493,2957
7.65378,45.96493,2959
7.65421,45.96493,2964
7.65464,45.96493,2968
7.65507,45.96493,2971
7.65550,45.96493,2973
7.65593,45.96493,2974
7.65635,45.96493,2975
7.65678,45.96493,2975
7.65721,45.96493,2974
7.65764,45.96493,2972
7.65807,45.96493,2970
7.65850,45.96493,2966
7.65893,45.96493,2962
7.65936,45.96493,2956
7.65979,45.96493,2951
7.66022,45.96493,2946
7.66065,45.96493,2944
7.66108,45.96493,2943
7.66150,45.96493,2944
7.66193,45.96493,2946
7.66236,45.96493,2947
7.66279,45.96493,2948
7.66322,45.96493,2949
7.66365,45.96493,2949
7.66408,45.96493,2948
7.66451,45.96493,2945
7.66494,45.96493,2943
7.66537,45.96493,2943
7.66580,45.96493,2945
7.66623,45.96493,2949
7.66665,45.96493,2955
7.66708,45.96493,2963
7.66751,45.96493,2970
7.66794,45.96493,2978
7.66837,45.96493,2984
7.64648,45.96463,2947
7.64691,45.96463,2944
7.64734,45.96463,2941
7.64777,45.96463,2939
7.64820,45.96463,2938
7.64863,45.96463,2938
7.64906,45.96463,2938
7.64949,45.96463,2938
7.64992,45.96463,2939
7.65035,45.96463,2941
7.65078,45.96463,2942
7.65121,45.96463,2944
7.65163,45.96463,2943
7.65206,45.96463,2941
7.65249,45.96463,2940
7.65292,45.96463,2940
7.65335,45.96463,2943
7.65378,45.96463,2946
7.65421,45.96463,2951
7.65464,45.96463,2956
7.65507,45.96463,2961
7.65550,45.96463,2963
7.65593,45.96463,2964
7.65635,45.96463,2965
7.65678,45.96463,2966
7.65721,45.96463,2964
7.65764,45.96463,2961
7.65807,45.96463,2959
7.65850,45.96463,2957
7.65893,45.96463,2952
7.65936,45.96463,2946
7.65979,45.96463,2938
7.66022,45.96463,2932
7.66065,45.96463,2929
7.66108,45.96463,2930
7.66150,45.96463,2931
7.66193,45.96463,2933
7.66236,45.96463,2935
7.66279,45.96463,2937
7.66322,45.96463,2939
7.66365,45.96463,2940
7.66408,45.96463,2940
7.66451,45.96463,2939
7.66494,45.96463,2938
7.66537,45.96463,2938
7.66580,45.96463,2942
7.66623,45.96463,2946
7.66665,45.96463,2952
7.66708,45.96463,2960
7.66751,45.96463,2967
7.66794,45.96463,2975
7.66837,45.96463,2981
7.64648,45.96434,2927
7.64691,45.96434,2924
7.64734,45.96434,2922
7.64777,45.96434,2921
7.64820,45.96434,2921
7.64863,45.96434,2921
7.64906,45.96434,2921
7.64949,45.96434,2922
7.64992,45.96434,2923
7.65035,45.96434,2924
7.65078,45.96434,2927
7.65121,45.96434,2929
7.65163,45.96434,2929
7.65206,45.96434,2927
7.65249,45.96434,2926
7.65292,45.96434,2929
7.65335,45.96434,2930
7.65378,45.96434,2933
7.65421,45.96434,2938
7.65464,45.96434,2943
7.65507,45.96434,2947
7.65550,45.96434,2951
7.65593,45.96434,2953
7.65635,45.96434,2954
7.65678,45.96434,2955
7.65721,45.96434,2954
7.65764,45.96434,2952
7.65807,45.96434,2951
7.65850,45.96434,2947
7.65893,45.96434,2941
7.65936,45.96434,2934
7.65979,45.96434,2926
7.66022,45.96434,2919
7.66065,45.96434,2915
7.66108,45.96434,2916
7.66150,45.96434,2919
7.66193,45.96434,2922
7.66236,45.96434,2925
7.66279,45.96434,2928
7.66322,45.96434,2931
7.66365,45.96434,2933
7.66408,45.96434,2934
7.66451,45.96434,2935
7.66494,45.96434,2935
7.66537,45.96434,2937
7.66580,45.96434,2941
7.66623,45.96434,2946
7.66665,45.96434,2952
7.66708,45.96434,2959
7.66751,45.96434,2967
7.66794,45.96434,2974
7.66837,45.96434,2981
7.64648,45.96404,2911
7.64691,45.96404,2908
7.64734,45.96404,2907
7.64777,45.96404,2906
7.64820,45.96404,2906
7.64863,45.96404,2906
7.64906,45.96404,2907
7.64949,45.96404,2909
7.64992,45.96404,2909
7.65035,45.96404,2911
7.65078,45.96404,2913
7.65121,45.96404,2915
7.65163,45.96404,2917
7.65206,45.96404,2915
7.65249,45.96404,2916
7.65292,45.96404,2917
7.65335,45.96404,2919
7.65378,45.96404,2920
7.65421,45.96404,2924
7.65464,45.96404,2928
7.65507,45.96404,2931
7.65550,45.96404,2937
7.65593,45.96404,2940
7.65635,45.96404,2943
7.65678,45.96404,2945
7.65721,45.96404,2945
7.65764,45.96404,2943
7.65807,45.96404,2942
7.65850,45.96404,2937
7.65893,45.96404,2928
7.65936,45.96404,2920
7.65979,45.96404,2912
7.66022,45.96404,2907
7.66065,45.96404,2905
7.66108,45.96404,2907
7.66150,45.96404,2911
7.66193,45.96404,2914
7.66236,45.96404,2918
7.66279,45.96404,2922
7.66322,45.96404,2925
7.66365,45.96404,2929
7.66408,45.96404,2931
7.66451,45.96404,2931
7.66494,45.96404,2933
7.66537,45.96404,2937
7.66580,45.96404,2942
7.66623,45.96404,2948
7.66665,45.96404,2954
7.66708,45.96404,2961
7.66751,45.96404,2969
7.66794,45.96404,2977
7.66837,45.96404,2983
7.64648,45.96374,2899
7.64691,45.96374,2896
7.64734,45.96374,2894
7.64777,45.96374,2894
7.64820,45.96374,2895
7.64863,45.96374,2893
7.64906,45.96374,2894
7.64949,45.96374,2896
7.64992,45.96374,2898
7.65035,45.96374,2898
7.65078,45.96374,2900
7.65121,45.96374,2902
7.65163,45.96374,2903
7.65206,45.96374,2903
7.65249,45.96374,2904
7.65292,45.96374,2906
7.65335,45.96374,2907
7.65378,45.96374,2908
7.65421,45.96374,2909
7.65464,45.96374,2913
7.65507,45.96374,2916
7.65550,45.96374,2922
7.65593,45.96374,2926
7.65635,45.96374,2930
7.65678,45.96374,2934
7.65721,45.96374,2934
7.65764,45.96374,2932
7.65807,45.96374,2930
7.65850,45.96374,2924
7.65893,45.96374,2915
7.65936,45.96374,2906
7.65979,45.96374,2900
7.66022,45.96374,2897
7.66065,45.96374,2897
7.66108,45.96374,2900
7.66150,45.96374,2905
7.66193,45.96374,2909
7.66236,45.96374,2913
7.66279,45.96374,2918
7.66322,45.96374,2922
7.66365,45.96374,2927
7.66408,45.96374,2930
7.66451,45.96374,2931
7.66494,45.96374,2934
7.66537,45.96374,2939
7.66580,45.96374,2945
7.66623,45.96374,2951
7.66665,45.96374,2958
7.66708,45.96374,2965
7.66751,45.96374,2973
7.66794,45.96374,2980
7.66837,45.96374,2986
7.64648,45.96344,2889
7.64691,45.96344,2886
7.64734,45.96344,2884
7.64777,45.96344,2884
7.64820,45.96344,2885
7.64863,45.96344,2885
7.64906,45.96344,2885
7.64949,45.96344,2885
7.64992,45.96344,2885
7.65035,45.96344,2886
7.65078,45.96344,2887
7.65121,45.96344,2890
7.65163,45.96344,2892
7.65206,45.96344,2893
7.65249,45.96344,2894
7.65292,45.96344,2895
7.65335,45.96344,2895
7.65378,45.96344,2895
7.65421,45.96344,2896
7.65464,45.96344,2899
7.65507,45.96344,2903
7.65550,45.96344,2907
7.65593,45.96344,2911
7.65635,45.96344,2917
7.65678,45.96344,2921
7.65721,45.96344,2919
7.65764,45.96344,2917
7.65807,45.96344,2914
7.65850,45.96344,2906
7.65893,45.96344,2898
7.65936,45.96344,2891
7.65979,45.96344,2887
7.66022,45.96344,2888
7.66065,45.96344,2890
7.66108,45.96344,2895
7.66150,45.96344,2900
7.66193,45.96344,2905
7.66236,45.96344,2910
7.66279,45.96344,2916
7.66322,45.96344,2922
7.66365,45.96344,2927
7.66408,45.96344,2931
7.66451,45.96344,2933
7.66494,45.96344,2937
7.66537,45.96344,2942
7.66580,45.96344,2948
7.66623,45.96344,2955
7.66665,45.96344,2963
7.66708,45.96344,2970
7.66751,45.96344,2977
7.66794,45.96344,2983
7.66837,45.96344,2990
7.64648,45.96314,2880
7.64691,45.96314,2876
7.64734,45.96314,2875
7.64777,45.96314,2875
7.64820,45.96314,2876
7.64863,45.96314,2876
7.64906,45.96314,2877
7.64949,45.96314,2876
7.64992,45.96314,2875
7.65035,45.96314,2875
7.65078,45.96314,2876
7.65121,45.96314,2878
7.65163,45.96314,2880
7.65206,45.96314,2883
7.65249,45.96314,2884
7.65292,45.96314,2885
7.65335,45.96314,2885
7.65378,45.96314,2885
7.65421,45.96314,2885
7.65464,45.96314,2887
7.65507,45.96314,2891
7.65550,45.96314,2894
7.65593,45.96314,2897
7.65635,45.96314,2902
7.65678,45.96314,2905
7.65721,45.96314,2903
7.65764,45.96314,2899
7.65807,45.96314,2894
7.65850,45.96314,2886
7.65893,45.96314,2881
7.65936,45.96314,2877
7.65979,45.96314,2876
7.66022,45.96314,2879
7.66065,45.96314,2883
7.66108,45.96314,2888
7.66150,45.96314,2894
7.66193,45.96314,2901
7.66236,45.96314,2907
7.66279,45.96314,2914
7.66322,45.96314,2921
7.66365,45.96314,2927
7.66408,45.96314,2932
7.66451,45.96314,2934
7.66494,45.96314,2939
7.66537,45.96314,2944
7.66580,45.96314,2950
7.66623,45.96314,2959
7.66665,45.96314,2966
7.66708,45.96314,2974
7.66751,45.96314,2981
7.66794,45.96314,2987
7.66837,45.96314,2993
7.64648,45.96284,2870
7.64691,45.96284,2867
7.64734,45.96284,2866
7.64777,45.96284,2867
7.64820,45.96284,2867
7.64863,45.96284,2869
7.64906,45.96284,2870
7.64949,45.96284,2870
7.64992,45.96284,2868
7.65035,45.96284,2867
7.65078,45.96284,2867
7.65121,45.96284,2869
7.65163,45.96284,2871
7.65206,45.96284,2873
7.65249,45.96284,2874
7.65292,45.96284,2874
7.65335,45.96284,2875
7.65378,45.96284,2876
7.65421,45.96284,2875
7.65464,45.96284,2877
7.65507,45.96284,2881
7.65550,45.96284,2883
7.65593,45.96284,2885
7.65635,45.96284,2888
7.65678,45.96284,2891
7.65721,45.96284,2887
7.65764,45.96284,2882
7.65807,45.96284,2876
7.65850,45.96284,2869
7.65893,45.96284,2865
7.65936,45.96284,2864
7.65979,45.96284,2866
7.66022,45.96284,2870
7.66065,45.96284,2875
7.66108,45.96284,2880
7.66150,45.96284,2887
7.66193,45.96284,2895
7.66236,45.96284,2902
7.66279,45.96284,2910
7.66322,45.96284,2918
7.66365,45.96284,2925
7.66408,45.96284,2931
7.66451,45.96284,2936
7.66494,45.96284,2941
7.66537,45.96284,2946
7.66580,45.96284,2953
7.66623,45.96284,2961
7.66665,45.96284,2969
7.66708,45.96284,2976
7.66751,45.96284,2984
7.66794,45.96284,2990
7.66837,45.96284,2996
7.64648,45.96255,2861
7.64691,45.96255,2857
7.64734,45.96255,2857
7.64777,45.96255,2858
7.64820,45.96255,2859
7.64863,45.96255,2862
7.64906,45.96255,2864
7.64949,45.96255,2866
7.64992,45.96255,2865
7.65035,45.96255,2864
7.65078,45.96255,2862
7.65121,45.96255,2861
7.65163,45.96255,2861
7.65206,45.96255,2863
7.65249,45.96255,2863
7.65292,45.96255,2863
7.65335,45.96255,2864
7.65378,45.96255,2865
7.65421,45.96255,2863
7.65464,45.96255,2865
7.65507,45.96255,2871
7.65550,45.96255,2875
7.65593,45.96255,2875
7.65635,45.96255,2876
7.65678,45.96255,2877
7.65721,45.96255,2873
7.65764,45.96255,2867
7.65807,45.96255,2861
7.65850,45.96255,2856
7.65893,45.96255,2854
7.65936,45.96255,2854
7.65979,45.96255,2858
7.66022,45.96255,2862
7.66065,45.96255,2867
7.66108,45.96255,2873
7.66150,45.96255,2881
7.66193,45.96255,2890
7.66236,45.96255,2897
7.66279,45.96255,2907
7.66322,45.96255,2917
7.66365,45.96255,2926
7.66408,45.96255,2932
7.66451,45.96255,2938
7.66494,45.96255,2943
7.66537,45.96255,2950
7.66580,45.96255,2957
7.66623,45.96255,2965
7.66665,45.96255,2972
7.66708,45.96255,2979
7.66751,45.96255,2986
7.66794,45.96255,2993
7.66837,45.96255,3000
7.64648,45.96225,2852
7.64691,45.96225,2848
7.64734,45.96225,2847
7.64777,45.96225,2849
7.64820,45.96225,2851
7.64863,45.96225,2855
7.64906,45.96225,2859
7.64949,45.96225,2862
7.64992,45.96225,2863
7.65035,45.96225,2861
7.65078,45.96225,2858
7.65121,45.96225,2855
7.65163,45.96225,2852
7.65206,45.96225,2852
7.65249,45.96225,2853
7.65292,45.96225,2852
7.65335,45.96225,2853
7.65378,45.96225,2853
7.65421,45.96225,2853
7.65464,45.96225,2856
7.65507,45.96225,2861
7.65550,45.96225,2865
7.65593,45.96225,2864
7.65635,45.96225,2862
7.65678,45.96225,2861
7.65721,45.96225,2857
7.65764,45.96225,2852
7.65807,45.96225,2848
7.65850,45.96225,2846
7.65893,45.96225,2845
7.65936,45.96225,2847
7.65979,45.96225,2851
7.66022,45.96225,2855
7.66065,45.96225,2861
7.66108,45.96225,2869
7.66150,45.96225,2877
7.66193,45.96225,2886
7.66236,45.96225,2895
7.66279,45.96225,2907
7.66322,45.96225,2918
7.66365,45.96225,2927
7.66408,45.96225,2935
7.66451,45.96225,2942
7.66494,45.96225,2948
7.66537,45.96225,2954
7.66580,45.96225,2962
7.66623,45.96225,2969
7.66665,45.96225,2977
7.66708,45.96225,2983
7.66751,45.96225,2991
7.66794,45.96225,2998
7.66837,45.96225,3004
7.64648,45.96195,2843
7.64691,45.96195,2840
7.64734,45.96195,2839
7.64777,45.96195,2841
7.64820,45.96195,2844
7.64863,45.96195,2849
7.64906,45.96195,2856
7.64949,45.96195,2859
7.64992,45.96195,2860
7.65035,45.96195,2857
7.65078,45.96195,2852
7.65121,45.96195,2847
7.65163,45.96195,2843
7.65206,45.96195,2842
7.65249,45.96195,2842
7.65292,45.96195,2843
7.65335,45.96195,2843
7.65378,45.96195,2843
7.65421,45.96195,2845
7.65464,45.96195,2849
7.65507,45.96195,2853
7.65550,45.96195,2854
7.65593,45.96195,2850
7.65635,45.96195,2847
7.65678,45.96195,2845
7.65721,45.96195,2842
7.65764,45.96195,2838
7.65807,45.96195,2836
7.65850,45.96195,2837
7.65893,45.96195,2839
7.65936,45.96195,2842
7.65979,45.96195,2846
7.66022,45.96195,2852
7.66065,45.96195,2859
7.66108,45.96195,2868
7.66150,45.96195,2875
7.66193,45.96195,2884
7.66236,45.96195,2893
7.66279,45.96195,2905
7.66322,45.96195,2917
7.66365,45.96195,2928
7.66408,45.96195,2938
7.66451,45.96195,2946
7.66494,45.96195,2952
7.66537,45.96195,2958
7.66580,45.96195,2967
7.66623,45.96195,2974
7.66665,45.96195,2981
7.66708,45.96195,2988
7.66751,45.96195,2995
7.66794,45.96195,3003
7.66837,45.96195,3011
7.64648,45.96165,2835
7.64691,45.96165,2832
7.64734,45.96165,2832
7.64777,45.96165,2834
7.64820,45.96165,2837
7.64863,45.96165,2843
7.64906,45.96165,2851
7.64949,45.96165,2855
7.64992,45.96165,2854
7.65035,45.96165,2851
7.65078,45.96165,2845
7.65121,45.96165,2838
7.65163,45.96165,2833
7.65206,45.96165,2831
7.65249,45.96165,2831
7.65292,45.96165,2833
7.65335,45.96165,2834
7.65378,45.96165,2835
7.65421,45.96165,2839
7.65464,45.96165,2842
7.65507,45.96165,2845
7.65550,45.96165,2843
7.65593,45.96165,2837
7.65635,45.96165,2832
7.65678,45.96165,2830
7.65721,45.96165,2827
7.65764,45.96165,2827
7.65807,45.96165,2827
7.65850,45.96165,2830
7.65893,45.96165,2835
7.65936,45.96165,2839
7.65979,45.96165,2845
7.66022,45.96165,2851
7.66065,45.96165,2859
7.66108,45.96165,2867
7.66150,45.96165,2874
7.66193,45.96165,2882
7.66236,45.96165,2890
7.66279,45.96165,2900
7.66322,45.96165,2911
7.66365,45.96165,2924
7.66408,45.96165,2936
7.66451,45.96165,2946
7.66494,45.96165,2953
7.66537,45.96165,2961
7.66580,45.96165,2970
7.66623,45.96165,2977
7.66665,45.96165,2985
7.66708,45.96165,2993
7.66751,45.96165,3001
7.66794,45.96165,3008
7.66837,45.96165,3017
7.64648,45.96135,2828
7.64691,45.96135,2827
7.64734,45.96135,2827
7.64777,45.96135,2827
7.64820,45.96135,2831
7.64863,45.96135,2838
7.64906,45.96135,2844
7.64949,45.96135,2847
7.64992,45.96135,2845
7.65035,45.96135,2841
7.65078,45.96135,2835
7.65121,45.96135,2828
7.65163,45.96135,2822
7.65206,45.96135,2819
7.65249,45.96135,2820
7.65292,45.96135,2821
7.65335,45.96135,2824
7.65378,45.96135,2827
7.65421,45.96135,2831
7.65464,45.96135,2834
7.65507,45.96135,2835
7.65550,45.96135,2831
7.65593,45.96135,2824
7.65635,45.96135,2818
7.65678,45.96135,2816
7.65721,45.96135,2816
7.65764,45.96135,2817
7.65807,45.96135,2820
7.65850,45.96135,2825
7.65893,45.96135,2831
7.65936,45.96135,2838
7.65979,45.96135,2845
7.66022,45.96135,2852
7.66065,45.96135,2859
7.66108,45.96135,2866
7.66150,45.96135,2872
7.66193,45.96135,2878
7.66236,45.96135,2884
7.66279,45.96135,2890
7.66322,45.96135,2900
7.66365,45.96135,2912
7.66408,45.96135,2925
7.66451,45.96135,2937
7.66494,45.96135,2947
7.66537,45.96135,2958
7.66580,45.96135,2968
7.66623,45.96135,2977
7.66665,45.96135,2987
7.66708,45.96135,2996
7.66751,45.96135,3004
7.66794,45.96135,3014
7.66837,45.96135,3023
7.64648,45.96105,2820
7.64691,45.96105,2820
7.64734,45.96105,2819
7.64777,45.96105,2820
7.64820,45.96105,2823
7.64863,45.96105,2828
7.64906,45.96105,2833
7.64949,45.96105,2835
7.64992,45.96105,2833
7.65035,45.96105,2828
7.65078,45.96105,2821
7.65121,45.96105,2815
7.65163,45.96105,2809
7.65206,45.96105,2806
7.65249,45.96105,2806
7.65292,45.96105,2809
7.65335,45.96105,2814
7.65378,45.96105,2818
7.65421,45.96105,2822
7.65464,45.96105,2824
7.65507,45.96105,2823
7.65550,45.96105,2817
7.65593,45.96105,2809
7.65635,45.96105,2804
7.65678,45.96105,2804
7.65721,45.96105,2806
7.65764,45.96105,2810
7.65807,45.96105,2815
7.65850,45.96105,2822
7.65893,45.96105,2829
7.65936,45.96105,2837
7.65979,45.96105,2844
7.66022,45.96105,2850
7.66065,45.96105,2855
7.66108,45.96105,2860
7.66150,45.96105,2864
7.66193,45.96105,2868
7.66236,45.96105,2871
7.66279,45.96105,2875
7.66322,45.96105,2882
7.66365,45.96105,2894
7.66408,45.96105,2906
7.66451,45.96105,2919
7.66494,45.96105,2932
7.66537,45.96105,2945
7.66580,45.96105,2958
7.66623,45.96105,2971
7.66665,45.96105,2982
7.66708,45.96105,2993
7.66751,45.96105,3003
7.66794,45.96105,3014
7.66837,45.96105,3025
7.64648,45.96076,2811
7.64691,45.96076,2811
7.64734,45.96076,2811
7.64777,45.96076,2811
7.64820,45.96076,2813
7.64863,45.96076,2815
7.64906,45.96076,2817
7.64949,45.96076,2817
7.64992,45.96076,2815
7.65035,45.96076,2810
7.65078,45.96076,2804
7.65121,45.96076,2798
7.65163,45.96076,2792
7.65206,45.96076,2790
7.65249,45.96076,2791
7.65292,45.96076,2795
7.65335,45.96076,2801
7.65378,45.96076,2807
7.65421,45.96076,2810
7.65464,45.96076,2811
7.65507,45.96076,2809
7.65550,45.96076,2802
7.65593,45.96076,2795
7.65635,45.96076,2792
7.65678,45.96076,2794
7.65721,45.96076,2799
7.65764,45.96076,2805
7.65807,45.96076,2812
7.65850,45.96076,2819
7.65893,45.96076,2826
7.65936,45.96076,2834
7.65979,45.96076,2840
7.66022,45.96076,2843
7.66065,45.96076,2846
7.66108,45.96076,2848
7.66150,45.96076,2850
7.66193,45.96076,2852
7.66236,45.96076,2854
7.66279,45.96076,2856
7.66322,45.96076,2862
7.66365,45.96076,2871
7.66408,45.96076,2882
7.66451,45.96076,2895
7.66494,45.96076,2907
7.66537,45.96076,2923
7.66580,45.96076,2941
7.66623,45.96076,2955
7.66665,45.96076,2969
7.66708,45.96076,2983
7.66751,45.96076,2995
7.66794,45.96076,3007
7.66837,45.96076,3020
7.64648,45.96046,2801
7.64691,45.96046,2801
7.64734,45.96046,2801
7.64777,45.96046,2800
7.64820,45.96046,2800
7.64863,45.96046,2799
7.64906,45.96046,2799
7.64949,45.96046,2797
7.64992,45.96046,2795
7.65035,45.96046,2791
7.65078,45.96046,2785
7.65121,45.96046,2779
7.65163,45.96046,2774
7.65206,45.96046,2773
7.65249,45.96046,2775
7.65292,45.96046,2781
7.65335,45.96046,2788
7.65378,45.96046,2791
7.65421,45.96046,2793
7.65464,45.96046,2794
7.65507,45.96046,2795
7.65550,45.96046,2791
7.65593,45.96046,2784
7.65635,45.96046,2784
7.65678,45.96046,2789
7.65721,45.96046,2796
7.65764,45.96046,2803
7.65807,45.96046,2809
7.65850,45.96046,2815
7.65893,45.96046,2822
7.65936,45.96046,2827
7.65979,45.96046,2831
7.66022,45.96046,2832
7.66065,45.96046,2832
7.66108,45.96046,2832
7.66150,45.96046,2833
7.66193,45.96046,2834
7.66236,45.96046,2837
7.66279,45.96046,2839
7.66322,45.96046,2844
7.66365,45.96046,2850
7.66408,45.96046,2858
7.66451,45.96046,2868
7.66494,45.96046,2881
7.66537,45.96046,2897
7.66580,45.96046,2916
7.66623,45.96046,2932
7.66665,45.96046,2948
7.66708,45.96046,2964
7.66751,45.96046,2978
7.66794,45.96046,2991
7.66837,45.96046,3007
7.64648,45.96016,2792
7.64691,45.96016,2791
7.64734,45.96016,2791
7.64777,45.96016,2788
7.64820,45.96016,2786
7.64863,45.96016,2784
7.64906,45.96016,2781
7.64949,45.96016,2778
7.64992,45.96016,2774
7.65035,45.96016,2771
7.65078,45.96016,2766
7.65121,45.96016,2761
7.65163,45.96016,2757
7.65206,45.96016,2757
7.65249,45.96016,2760
7.65292,45.96016,2767
7.65335,45.96016,2773
7.65378,45.96016,2775
7.65421,45.96016,2775
7.65464,45.96016,2778
7.65507,45.96016,2782
7.65550,45.96016,2781
7.65593,45.96016,2779
7.65635,45.96016,2780
7.65678,45.96016,2787
7.65721,45.96016,2796
7.65764,45.96016,2801
7.65807,45.96016,2806
7.65850,45.96016,2811
7.65893,45.96016,2815
7.65936,45.96016,2818
7.65979,45.96016,2818
7.66022,45.96016,2817
7.66065,45.96016,2816
7.66108,45.96016,2814
7.66150,45.96016,2814
7.66193,45.96016,2817
7.66236,45.96016,2821
7.66279,45.96016,2824
7.66322,45.96016,2829
7.66365,45.96016,2833
7.66408,45.96016,2838
7.66451,45.96016,2845
7.66494,45.96016,2857
7.66537,45.96016,2872
7.66580,45.96016,2889
7.66623,45.96016,2906
7.66665,45.96016,2922
7.66708,45.96016,2938
7.66751,45.96016,2954
7.66794,45.96016,2970
7.66837,45.96016,2987
7.64648,45.95986,2784
7.64691,45.95986,2782
7.64734,45.95986,2780
7.64777,45.95986,2776
7.64820,45.95986,2772
7.64863,45.95986,2769
7.64906,45.95986,2765
7.64949,45.95986,2760
7.64992,45.95986,2756
7.65035,45.95986,2752
7.65078,45.95986,2748
7.65121,45.95986,2744
7.65163,45.95986,2742
7.65206,45.95986,2743
7.65249,45.95986,2747
7.65292,45.95986,2754
7.65335,45.95986,2760
7.65378,45.95986,2761
7.65421,45.95986,2762
7.65464,45.95986,2767
7.65507,45.95986,2772
7.65550,45.95986,2775
7.65593,45.95986,2777
7.65635,45.95986,2779
7.65678,45.95986,2785
7.65721,45.95986,2793
7.65764,45.95986,2797
7.65807,45.95986,2800
7.65850,45.95986,2803
7.65893,45.95986,2804
7.65936,45.95986,2805
7.65979,45.95986,2803
7.66022,45.95986,2801
7.66065,45.95986,2798
7.66108,45.95986,2795
7.66150,45.95986,2797
7.66193,45.95986,2799
7.66236,45.95986,2802
7.66279,45.95986,2806
7.66322,45.95986,2810
7.66365,45.95986,2815
7.66408,45.95986,2819
7.66451,45.95986,2826
7.66494,45.95986,2838
7.66537,45.95986,2851
7.66580,45.95986,2866
7.66623,45.95986,2882
7.66665,45.95986,2899
7.66708,45.95986,2915
7.66751,45.95986,2930
7.66794,45.95986,2947
7.66837,45.95986,2966
7.64648,45.95956,2776
7.64691,45.95956,2772
7.64734,45.95956,2768
7.64777,45.95956,2763
7.64820,45.95956,2758
7.64863,45.95956,2755
7.64906,45.95956,2750
7.64949,45.95956,2744
7.64992,45.95956,2739
7.65035,45.95956,2736
7.65078,45.95956,2731
7.65121,45.95956,2727
7.65163,45.95956,2726
7.65206,45.95956,2728
7.65249,45.95956,2734
7.65292,45.95956,2741
7.65335,45.95956,2747
7.65378,45.95956,2749
7.65421,45.95956,2751
7.65464,45.95956,2756
7.65507,45.95956,2763
7.65550,45.95956,2769
7.65593,45.95956,2774
7.65635,45.95956,2776
7.65678,45.95956,2780
7.65721,45.95956,2786
7.65764,45.95956,2789
7.65807,45.95956,2790
7.65850,45.95956,2790
7.65893,45.95956,2789
7.65936,45.95956,2788
7.65979,45.95956,2786
7.66022,45.95956,2783
7.66065,45.95956,2780
7.66108,45.95956,2778
7.66150,45.95956,2779
7.66193,45.95956,2781
7.66236,45.95956,2783
7.66279,45.95956,2785
7.66322,45.95956,2789
7.66365,45.95956,2793
7.66408,45.95956,2800
7.66451,45.95956,2809
7.66494,45.95956,2820
7.66537,45.95956,2834
7.66580,45.95956,2848
7.66623,45.95956,2864
7.66665,45.95956,2882
7.66708,45.95956,2897
7.66751,45.95956,2912
7.66794,45.95956,2928
7.66837,45.95956,2946
7.64648,45.95926,2766
7.64691,45.95926,2761
7.64734,45.95926,2755
7.64777,45.95926,2750
7.64820,45.95926,2745
7.64863,45.95926,2741
7.64906,45.95926,2735
7.64949,45.95926,2728
7.64992,45.95926,2723
7.65035,45.95926,2719
7.65078,45.95926,2714
7.65121,45.95926,2710
7.65163,45.95926,2710
7.65206,45.95926,2714
7.65249,45.95926,2721
7.65292,45.95926,2728
7.65335,45.95926,2734
7.65378,45.95926,2737
7.65421,45.95926,2742
7.65464,45.95926,2747
7.65507,45.95926,2754
7.65550,45.95926,2761
7.65593,45.95926,2767
7.65635,45.95926,2770
7.65678,45.95926,2773
7.65721,45.95926,2776
7.65764,45.95926,2776
7.65807,45.95926,2776
7.65850,45.95926,2773
7.65893,45.95926,2771
7.65936,45.95926,2768
7.65979,45.95926,2766
7.66022,45.95926,2764
7.66065,45.95926,2761
7.66108,45.95926,2761
7.66150,45.95926,2761
7.66193,45.95926,2762
7.66236,45.95926,2762
7.66279,45.95926,2765
7.66322,45.95926,2769
7.66365,45.95926,2775
7.66408,45.95926,2784
7.66451,45.95926,2795
7.66494,45.95926,2806
7.66537,45.95926,2819
7.66580,45.95926,2834
7.66623,45.95926,2850
7.66665,45.95926,2867
7.66708,45.95926,2883
7.66751,45.95926,2899
7.66794,45.95926,2914
7.66837,45.95926,2931
7.64648,45.95897,2753
7.64691,45.95897,2748
7.64734,45.95897,2742
7.64777,45.95897,2735
7.64820,45.95897,2731
7.64863,45.95897,2725
7.64906,45.95897,2718
7.64949,45.95897,2711
7.64992,45.95897,2706
7.65035,45.95897,2701
7.65078,45.95897,2695
7.65121,45.95897,2693
7.65163,45.95897,2695
7.65206,45.95897,2699
7.65249,45.95897,2707
7.65292,45.95897,2715
7.65335,45.95897,2721
7.65378,45.95897,2725
7.65421,45.95897,2730
7.65464,45.95897,2736
7.65507,45.95897,2742
7.65550,45.95897,2749
7.65593,45.95897,2756
7.65635,45.95897,2759
7.65678,45.95897,2761
7.65721,45.95897,2761
7.65764,45.95897,2760
7.65807,45.95897,2758
7.65850,45.95897,2754
7.65893,45.95897,2750
7.65936,45.95897,2747
7.65979,45.95897,2745
7.66022,45.95897,2744
7.66065,45.95897,2743
7.66108,45.95897,2744
7.66150,45.95897,2744
7.66193,45.95897,2744
7.66236,45.95897,2745
7.66279,45.95897,2747
7.66322,45.95897,2753
7.66365,45.95897,2761
7.66408,45.95897,2772
7.66451,45.95897,2784
7.66494,45.95897,2796
7.66537,45.95897,2809
7.66580,45.95897,2823
7.66623,45.95897,2839
7.66665,45.95897,2856
7.66708,45.95897,2874
7.66751,45.95897,2890
7.66794,45.95897,2905
7.66837,45.95897,2921
7.64648,45.95867,2739
7.64691,45.95867,2734
7.64734,45.95867,2728
7.64777,45.95867,2721
7.64820,45.95867,2715
7.64863,45.95867,2708
7.64906,45.95867,2700
7.64949,45.95867,2692
7.64992,45.95867,2686
7.65035,45.95867,2681
7.65078,45.95867,2677
7.65121,45.95867,2676
7.65163,45.95867,2679
7.65206,45.95867,2685
7.65249,45.95867,2693
7.65292,45.95867,2701
7.65335,45.95867,2708
7.65378,45.95867,2713
7.65421,45.95867,2717
7.65464,45.95867,2722
7.65507,45.95867,2728
7.65550,45.95867,2734
7.65593,45.95867,2740
7.65635,45.95867,2743
7.65678,45.95867,2743
7.65721,45.95867,2742
7.65764,45.95867,2740
7.65807,45.95867,2737
7.65850,45.95867,2732
7.65893,45.95867,2728
7.65936,45.95867,2725
7.65979,45.95867,2725
7.66022,45.95867,2726
7.66065,45.95867,2727
7.66108,45.95867,2728
7.66150,45.95867,2728
7.66193,45.95867,2728
7.66236,45.95867,2731
7.66279,45.95867,2734
7.66322,45.95867,2741
7.66365,45.95867,2751
7.66408,45.95867,2762
7.66451,45.95867,2774
7.66494,45.95867,2788
7.66537,45.95867,2802
7.66580,45.95867,2816
7.66623,45.95867,2831
7.66665,45.95867,2849
7.66708,45.95867,2867
7.66751,45.95867,2883
7.66794,45.95867,2900
7.66837,45.95867,2915
7.64648,45.95837,2725
7.64691,45.95837,2720
7.64734,45.95837,2713
7.64777,45.95837,2705
7.64820,45.95837,2698
7.64863,45.95837,2690
7.64906,45.95837,2683
7.64949,45.95837,2675
7.64992,45.95837,2668
7.65035,45.95837,2664
7.65078,45.95837,2662
7.65121,45.95837,2663
7.65163,45.95837,2666
7.65206,45.95837,2672
7.65249,45.95837,2680
7.65292,45.95837,2689
7.65335,45.95837,2696
7.65378,45.95837,2702
7.65421,45.95837,2706
7.65464,45.95837,2709
7.65507,45.95837,2714
7.65550,45.95837,2718
7.65593,45.95837,2721
7.65635,45.95837,2721
7.65678,45.95837,2721
7.65721,45.95837,2719
7.65764,45.95837,2718
7.65807,45.95837,2715
7.65850,45.95837,2711
7.65893,45.95837,2707
7.65936,45.95837,2706
7.65979,45.95837,2707
7.66022,45.95837,2710
7.66065,45.95837,2713
7.66108,45.95837,2715
7.66150,45.95837,2716
7.66193,45.95837,2718
7.66236,45.95837,2721
7.66279,45.95837,2725
7.66322,45.95837,2732
7.66365,45.95837,2742
7.66408,45.95837,2753
7.66451,45.95837,2766
7.66494,45.95837,2781
7.66537,45.95837,2796
7.66580,45.95837,2811
7.66623,45.95837,2827
7.66665,45.95837,2845
7.66708,45.95837,2863
7.66751,45.95837,2881
7.66794,45.95837,2898
7.66837,45.95837,2914
7.64648,45.95807,2709
7.64691,45.95807,2703
7.64734,45.95807,2697
7.64777,45.95807,2688
7.64820,45.95807,2680
7.64863,45.95807,2673
7.64906,45.95807,2666
7.64949,45.95807,2660
7.64992,45.95807,2654
7.65035,45.95807,2651
7.65078,45.95807,2650
7.65121,45.95807,2651
7.65163,45.95807,2655
7.65206,45.95807,2661
7.65249,45.95807,2669
7.65292,45.95807,2678
7.65335,45.95807,2686
7.65378,45.95807,2691
7.65421,45.95807,2695
7.65464,45.95807,2697
7.65507,45.95807,2700
7.65550,45.95807,2701
7.65593,45.95807,2701
7.65635,45.95807,2699
7.65678,45.95807,2699
7.65721,45.95807,2697
7.65764,45.95807,2695
7.65807,45.95807,2694
7.65850,45.95807,2693
7.65893,45.95807,2691
7.65936,45.95807,2691
7.65979,45.95807,2694
7.66022,45.95807,2698
7.66065,45.95807,2701
7.66108,45.95807,2705
7.66150,45.95807,2708
7.66193,45.95807,2711
7.66236,45.95807,2714
7.66279,45.95807,2718
7.66322,45.95807,2726
7.66365,45.95807,2735
7.66408,45.95807,2746
7.66451,45.95807,2758
7.66494,45.95807,2774
7.66537,45.95807,2789
7.66580,45.95807,2805
7.66623,45.95807,2824
7.66665,45.95807,2843
7.66708,45.95807,2863
7.66751,45.95807,2882
7.66794,45.95807,2899
7.66837,45.95807,2915
7.64648,45.95777,2692
7.64691,45.95777,2687
7.64734,45.95777,2681
7.64777,45.95777,2672
7.64820,45.95777,2664
7.64863,45.95777,2657
7.64906,45.95777,2651
7.64949,45.95777,2645
7.64992,45.95777,2641
7.65035,45.95777,2638
7.65078,45.95777,2638
7.65121,45.95777,2640
7.65163,45.95777,2644
7.65206,45.95777,2651
7.65249,45.95777,2659
7.65292,45.95777,2668
7.65335,45.95777,2675
7.65378,45.95777,2678
7.65421,45.95777,2681
7.65464,45.95777,2684
7.65507,45.95777,2685
7.65550,45.95777,2684
7.65593,45.95777,2682
7.65635,45.95777,2681
7.65678,45.95777,2680
7.65721,45.95777,2679
7.65764,45.95777,2677
7.65807,45.95777,2679
7.65850,45.95777,2681
7.65893,45.95777,2682
7.65936,45.95777,2682
7.65979,45.95777,2684
7.66022,45.95777,2688
7.66065,45.95777,2693
7.66108,45.95777,2697
7.66150,45.95777,2702
7.66193,45.95777,2706
7.66236,45.95777,2709
7.66279,45.95777,2713
7.66322,45.95777,2720
7.66365,45.95777,2728
7.66408,45.95777,2738
7.66451,45.95777,2751
7.66494,45.95777,2766
7.66537,45.95777,2782
7.66580,45.95777,2800
7.66623,45.95777,2820
7.66665,45.95777,2842
7.66708,45.95777,2863
7.66751,45.95777,2883
7.66794,45.95777,2901
7.66837,45.95777,2916
7.64648,45.95747,2673
7.64691,45.95747,2670
7.64734,45.95747,2664
7.64777,45.95747,2656
7.64820,45.95747,2650
7.64863,45.95747,2643
7.64906,45.95747,2637
7.64949,45.95747,2632
7.64992,45.95747,2628
7.65035,45.95747,2626
7.65078,45.95747,2626
7.65121,45.95747,2628
7.65163,45.95747,2633
7.65206,45.95747,2640
7.65249,45.95747,2647
7.65292,45.95747,2655
7.65335,45.95747,2661
7.65378,45.95747,2664
7.65421,45.95747,2665
7.65464,45.95747,2666
7.65507,45.95747,2669
7.65550,45.95747,2668
7.65593,45.95747,2667
7.65635,45.95747,2666
7.65678,45.95747,2666
7.65721,45.95747,2665
7.65764,45.95747,2666
7.65807,45.95747,2669
7.65850,45.95747,2673
7.65893,45.95747,2676
7.65936,45.95747,2675
7.65979,45.95747,2676
7.66022,45.95747,2680
7.66065,45.95747,2684
7.66108,45.95747,2690
7.66150,45.95747,2695
7.66193,45.95747,2700
7.66236,45.95747,2703
7.66279,45.95747,2707
7.66322,45.95747,2713
7.66365,45.95747,2721
7.66408,45.95747,2732
7.66451,45.95747,2744
7.66494,45.95747,2758
7.66537,45.95747,2775
7.66580,45.95747,2794
7.66623,45.95747,2817
7.66665,45.95747,2840
7.66708,45.95747,2863
7.66751,45.95747,2884
7.66794,45.95747,2902
7.66837,45.95747,2916
7.64648,45.95718,2656
7.64691,45.95718,2653
7.64734,45.95718,2648
7.64777,45.95718,2642
7.64820,45.95718,2636
7.64863,45.95718,2630
7.64906,45.95718,2623
7.64949,45.95718,2618
7.64992,45.95718,2615
7.65035,45.95718,2613
7.65078,45.95718,2613
7.65121,45.95718,2615
7.65163,45.95718,2621
7.65206,45.95718,2627
7.65249,45.95718,2634
7.65292,45.95718,2640
7.65335,45.95718,2645
7.65378,45.95718,2647
7.65421,45.95718,2649
7.65464,45.95718,2650
7.65507,45.95718,2651
7.65550,45.95718,2653
7.65593,45.95718,2653
7.65635,45.95718,2654
7.65678,45.95718,2655
7.65721,45.95718,2655
7.65764,45.95718,2658
7.65807,45.95718,2662
7.65850,45.95718,2666
7.65893,45.95718,2668
7.65936,45.95718,2670
7.65979,45.95718,2671
7.66022,45.95718,2673
7.66065,45.95718,2677
7.66108,45.95718,2683
7.66150,45.95718,2689
7.66193,45.95718,2694
7.66236,45.95718,2699
7.66279,45.95718,2704
7.66322,45.95718,2709
7.66365,45.95718,2717
7.66408,45.95718,2726
7.66451,45.95718,2738
7.66494,45.95718,2753
7.66537,45.95718,2769
7.66580,45.95718,2789
7.66623,45.95718,2812
7.66665,45.95718,2837
7.66708,45.95718,2861
7.66751,45.95718,2882
7.66794,45.95718,2899
7.66837,45.95718,2913
7.64648,45.95688,2637
7.64691,45.95688,2634
7.64734,45.95688,2629
7.64777,45.95688,2624
7.64820,45.95688,2617
7.64863,45.95688,2612
7.64906,45.95688,2607
7.64949,45.95688,2602
7.64992,45.95688,2599
7.65035,45.95688,2598
7.65078,45.95688,2598
7.65121,45.95688,2601
7.65163,45.95688,2607
7.65206,45.95688,2614
7.65249,45.95688,2620
7.65292,45.95688,2625
7.65335,45.95688,2628
7.65378,45.95688,2632
7.65421,45.95688,2634
7.65464,45.95688,2634
7.65507,45.95688,2635
7.65550,45.95688,2637
7.65593,45.95688,2640
7.65635,45.95688,2642
7.65678,45.95688,2646
7.65721,45.95688,2649
7.65764,45.95688,2652
7.65807,45.95688,2655
7.65850,45.95688,2657
7.65893,45.95688,2659
7.65936,45.95688,2661
7.65979,45.95688,2664
7.66022,45.95688,2667
7.66065,45.95688,2670
7.66108,45.95688,2675
7.66150,45.95688,2682
7.66193,45.95688,2689
7.66236,45.95688,2695
7.66279,45.95688,2700
7.66322,45.95688,2706
7.66365,45.95688,2713
7.66408,45.95688,2722
7.66451,45.95688,2734
7.66494,45.95688,2748
7.66537,45.95688,2764
7.66580,45.95688,2783
7.66623,45.95688,2805
7.66665,45.95688,2829
7.66708,45.95688,2854
7.66751,45.95688,2876
7.66794,45.95688,2895
7.66837,45.95688,2909
7.64648,45.95658,2617
7.64691,45.95658,2611
7.64734,45.95658,2605
7.64777,45.95658,2597
7.64820,45.95658,2591
7.64863,45.95658,2586
7.64906,45.95658,2582
7.64949,45.95658,2579
7.64992,45.95658,2577
7.65035,45.95658,2577
7.65078,45.95658,2580
7.65121,45.95658,2585
7.65163,45.95658,2593
7.65206,45.95658,2600
7.65249,45.95658,2607
7.65292,45.95658,2610
7.65335,45.95658,2613
7.65378,45.95658,2616
7.65421,45.95658,2617
7.65464,45.95658,2618
7.65507,45.95658,2619
7.65550,45.95658,2621
7.65593,45.95658,2625
7.65635,45.95658,2630
7.65678,45.95658,2636
7.65721,45.95658,2640
7.65764,45.95658,2643
7.65807,45.95658,2646
7.65850,45.95658,2647
7.65893,45.95658,2649
7.65936,45.95658,2651
7.65979,45.95658,2655
7.66022,45.95658,2658
7.66065,45.95658,2662
7.66108,45.95658,2668
7.66150,45.95658,2675
7.66193,45.95658,2684
7.66236,45.95658,2689
7.66279,45.95658,2696
7.66322,45.95658,2702
7.66365,45.95658,2710
7.66408,45.95658,2719
7.66451,45.95658,2730
7.66494,45.95658,2744
7.66537,45.95658,2760
7.66580,45.95658,2777
7.66623,45.95658,2796
7.66665,45.95658,2820
7.66708,45.95658,2844
7.66751,45.95658,2868
7.66794,45.95658,2888
7.66837,45.95658,2904
7.64648,45.95628,2593
7.64691,45.95628,2583
7.64734,45.95628,2572
7.64777,45.95628,2563
7.64820,45.95628,2556
7.64863,45.95628,2551
7.64906,45.95628,2549
7.64949,45.95628,2549
7.64992,45.95628,2550
7.65035,45.95628,2553
7.65078,45.95628,2560
7.65121,45.95628,2571
7.65163,45.95628,2581
7.65206,45.95628,2589
7.65249,45.95628,2594
7.65292,45.95628,2597
7.65335,45.95628,2599
7.65378,45.95628,2601
7.65421,45.95628,2601
7.65464,45.95628,2601
7.65507,45.95628,2603
7.65550,45.95628,2606
7.65593,45.95628,2611
7.65635,45.95628,2617
7.65678,45.95628,2624
7.65721,45.95628,2630
7.65764,45.95628,2634
7.65807,45.95628,2636
7.65850,45.95628,2637
7.65893,45.95628,2639
7.65936,45.95628,2643
7.65979,45.95628,2647
7.66022,45.95628,2650
7.66065,45.95628,2654
7.66108,45.95628,2660
7.66150,45.95628,2668
7.66193,45.95628,2677
7.66236,45.95628,2684
7.66279,45.95628,2691
7.66322,45.95628,2698
7.66365,45.95628,2704
7.66408,45.95628,2714
7.66451,45.95628,2726
7.66494,45.95628,2740
7.66537,45.95628,2756
7.66580,45.95628,2772
7.66623,45.95628,2791
7.66665,45.95628,2812
7.66708,45.95628,2835
7.66751,45.95628,2859
7.66794,45.95628,2881
7.66837,45.95628,2898
7.64648,45.95598,2562
7.64691,45.95598,2547
7.64734,45.95598,2532
7.64777,45.95598,2521
7.64820,45.95598,2516
7.64863,45.95598,2513
7.64906,45.95598,2515
7.64949,45.95598,2518
7.64992,45.95598,2524
7.65035,45.95598,2532
7.65078,45.95598,2544
7.65121,45.95598,2558
7.65163,45.95598,2571
7.65206,45.95598,2579
7.65249,45.95598,2583
7.65292,45.95598,2585
7.65335,45.95598,2587
7.65378,45.95598,2588
7.65421,45.95598,2587
7.65464,45.95598,2587
7.65507,45.95598,2588
7.65550,45.95598,2592
7.65593,45.95598,2598
7.65635,45.95598,2605
7.65678,45.95598,2612
7.65721,45.95598,2619
7.65764,45.95598,2624
7.65807,45.95598,2627
7.65850,45.95598,2628
7.65893,45.95598,2631
7.65936,45.95598,2635
7.65979,45.95598,2639
7.66022,45.95598,2642
7.66065,45.95598,2646
7.66108,45.95598,2652
7.66150,45.95598,2660
7.66193,45.95598,2670
7.66236,45.95598,2678
7.66279,45.95598,2686
7.66322,45.95598,2693
7.66365,45.95598,2700
7.66408,45.95598,2708
7.66451,45.95598,2721
7.66494,45.95598,2735
7.66537,45.95598,2751
7.66580,45.95598,2769
7.66623,45.95598,2785
7.66665,45.95598,2804
7.66708,45.95598,2826
7.66751,45.95598,2850
7.66794,45.95598,2872
7.66837,45.95598,2890
7.64648,45.95568,2523
7.64691,45.95568,2506
7.64734,45.95568,2491
7.64777,45.95568,2481
7.64820,45.95568,2478
7.64863,45.95568,2479
7.64906,45.95568,2486
7.64949,45.95568,2494
7.64992,45.95568,2503
7.65035,45.95568,2514
7.65078,45.95568,2528
7.65121,45.95568,2545
7.65163,45.95568,2561
7.65206,45.95568,2570
7.65249,45.95568,2574
7.65292,45.95568,2576
7.65335,45.95568,2576
7.65378,45.95568,2576
7.65421,45.95568,2575
7.65464,45.95568,2575
7.65507,45.95568,2578
7.65550,45.95568,2582
7.65593,45.95568,2589
7.65635,45.95568,2595
7.65678,45.95568,2603
7.65721,45.95568,2611
7.65764,45.95568,2616
7.65807,45.95568,2620
7.65850,45.95568,2622
7.65893,45.95568,2625
7.65936,45.95568,2629
7.65979,45.95568,2631
7.66022,45.95568,2634
7.66065,45.95568,2639
7.66108,45.95568,2645
7.66150,45.95568,2653
7.66193,45.95568,2663
7.66236,45.95568,2673
7.66279,45.95568,2681
7.66322,45.95568,2689
7.66365,45.95568,2696
7.66408,45.95568,2705
7.66451,45.95568,2717
7.66494,45.95568,2731
7.66537,45.95568,2748
7.66580,45.95568,2764
7.66623,45.95568,2779
7.66665,45.95568,2797
7.66708,45.95568,2817
7.66751,45.95568,2839
7.66794,45.95568,2860
7.66837,45.95568,2879
7.64648,45.95539,2481
7.64691,45.95539,2466
7.64734,45.95539,2455
7.64777,45.95539,2449
7.64820,45.95539,2448
7.64863,45.95539,2453
7.64906,45.95539,2463
7.64949,45.95539,2473
7.64992,45.95539,2484
7.65035,45.95539,2498
7.65078,45.95539,2513
7.65121,45.95539,2529
7.65163,45.95539,2546
7.65206,45.95539,2557
7.65249,45.95539,2563
7.65292,45.95539,2566
7.65335,45.95539,2566
7.65378,45.95539,2567
7.65421,45.95539,2567
7.65464,45.95539,2568
7.65507,45.95539,2571
7.65550,45.95539,2576
7.65593,45.95539,2582
7.65635,45.95539,2589
7.65678,45.95539,2596
7.65721,45.95539,2604
7.65764,45.95539,2610
7.65807,45.95539,2613
7.65850,45.95539,2617
7.65893,45.95539,2620
7.65936,45.95539,2623
7.65979,45.95539,2625
7.66022,45.95539,2629
7.66065,45.95539,2633
7.66108,45.95539,2639
7.66150,45.95539,2646
7.66193,45.95539,2656
7.66236,45.95539,2667
7.66279,45.95539,2677
7.66322,45.95539,2685
7.66365,45.95539,2693
7.66408,45.95539,2703
7.66451,45.95539,2715
7.66494,45.95539,2729
7.66537,45.95539,2744
7.66580,45.95539,2760
7.66623,45.95539,2774
7.66665,45.95539,2790
7.66708,45.95539,2807
7.66751,45.95539,2827
7.66794,45.95539,2847
7.66837,45.95539,2866
7.64648,45.95509,2444
7.64691,45.95509,2433
7.64734,45.95509,2428
7.64777,45.95509,2427
7.64820,45.95509,2430
7.64863,45.95509,2437
7.64906,45.95509,2445
7.64949,45.95509,2457
7.64992,45.95509,2470
7.65035,45.95509,2484
7.65078,45.95509,2500
7.65121,45.95509,2515
7.65163,45.95509,2530
7.65206,45.95509,2542
7.65249,45.95509,2550
7.65292,45.95509,2556
7.65335,45.95509,2558
7.65378,45.95509,2560
7.65421,45.95509,2562
7.65464,45.95509,2565
7.65507,45.95509,2567
7.65550,45.95509,2572
7.65593,45.95509,2576
7.65635,45.95509,2583
7.65678,45.95509,2591
7.65721,45.95509,2598
7.65764,45.95509,2604
7.65807,45.95509,2608
7.65850,45.95509,2612
7.65893,45.95509,2615
7.65936,45.95509,2617
7.65979,45.95509,2619
7.66022,45.95509,2623
7.66065,45.95509,2628
7.66108,45.95509,2634
7.66150,45.95509,2641
7.66193,45.95509,2651
7.66236,45.95509,2663
7.66279,45.95509,2672
7.66322,45.95509,2682
7.66365,45.95509,2691
7.66408,45.95509,2702
7.66451,45.95509,2714
7.66494,45.95509,2729
7.66537,45.95509,2743
7.66580,45.95509,2757
7.66623,45.95509,2771
7.66665,45.95509,2785
7.66708,45.95509,2800
7.66751,45.95509,2818
7.66794,45.95509,2836
7.66837,45.95509,2854
7.64648,45.95479,2416
7.64691,45.95479,2411
7.64734,45.95479,2410
7.64777,45.95479,2414
7.64820,45.95479,2419
7.64863,45.95479,2426
7.64906,45.95479,2434
7.64949,45.95479,2446
7.64992,45.95479,2458
7.65035,45.95479,2471
7.65078,45.95479,2487
7.65121,45.95479,2501
7.65163,45.95479,2515
7.65206,45.95479,2528
7.65249,45.95479,2538
7.65292,45.95479,2545
7.65335,45.95479,2550
7.65378,45.95479,2555
7.65421,45.95479,2559
7.65464,45.95479,2562
7.65507,45.95479,2565
7.65550,45.95479,2569
7.65593,45.95479,2573
7.65635,45.95479,2579
7.65678,45.95479,2586
7.65721,45.95479,2593
7.65764,45.95479,2598
7.65807,45.95479,2603
7.65850,45.95479,2607
7.65893,45.95479,2610
7.65936,45.95479,2612
7.65979,45.95479,2615
7.66022,45.95479,2620
7.66065,45.95479,2625
7.66108,45.95479,2631
7.66150,45.95479,2638
7.66193,45.95479,2648
7.66236,45.95479,2659
7.66279,45.95479,2670
7.66322,45.95479,2680
7.66365,45.95479,2690
7.66408,45.95479,2702
7.66451,45.95479,2715
7.66494,45.95479,2729
7.66537,45.95479,2743
7.66580,45.95479,2756
7.66623,45.95479,2769
7.66665,45.95479,2783
7.66708,45.95479,2797
7.66751,45.95479,2812
7.66794,45.95479,2829
7.66837,45.95479,2845
7.64648,45.95449,2396
7.64691,45.95449,2395
7.64734,45.95449,2398
7.64777,45.95449,2404
7.64820,45.95449,2410
7.64863,45.95449,2417
7.64906,45.95449,2424
7.64949,45.95449,2435
7.64992,45.95449,2447
7.65035,45.95449,2460
7.65078,45.95449,2474
7.65121,45.95449,2489
7.65163,45.95449,2502
7.65206,45.95449,2514
7.65249,45.95449,2524
7.65292,45.95449,2534
7.65335,45.95449,2542
7.65378,45.95449,2549
7.65421,45.95449,2555
7.65464,45.95449,2559
7.65507,45.95449,2563
7.65550,45.95449,2567
7.65593,45.95449,2571
7.65635,45.95449,2576
7.65678,45.95449,2581
7.65721,45.95449,2587
7.65764,45.95449,2593
7.65807,45.95449,2598
7.65850,45.95449,2602
7.65893,45.95449,2605
7.65936,45.95449,2609
7.65979,45.95449,2612
7.66022,45.95449,2617
7.66065,45.95449,2623
7.66108,45.95449,2629
7.66150,45.95449,2636
7.66193,45.95449,2645
7.66236,45.95449,2657
7.66279,45.95449,2669
7.66322,45.95449,2680
7.66365,45.95449,2691
7.66408,45.95449,2703
7.66451,45.95449,2716
7.66494,45.95449,2730
7.66537,45.95449,2743
7.66580,45.95449,2757
7.66623,45.95449,2770
7.66665,45.95449,2783
7.66708,45.95449,2797
7.66751,45.95449,2811
7.66794,45.95449,2825
7.66837,45.95449,2839
7.64648,45.95419,2379
7.64691,45.95419,2383
7.64734,45.95419,2390
7.64777,45.95419,2396
7.64820,45.95419,2401
7.64863,45.95419,2408
7.64906,45.95419,2415
7.64949,45.95419,2425
7.64992,45.95419,2437
7.65035,45.95419,2451
7.65078,45.95419,2464
7.65121,45.95419,2479
7.65163,45.95419,2491
7.65206,45.95419,2503
7.65249,45.95419,2514
7.65292,45.95419,2524
7.65335,45.95419,2534
7.65378,45.95419,2543
7.65421,45.95419,2551
7.65464,45.95419,2556
7.65507,45.95419,2560
7.65550,45.95419,2565
7.65593,45.95419,2568
7.65635,45.95419,2573
7.65678,45.95419,2577
7.65721,45.95419,2582
7.65764,45.95419,2588
7.65807,45.95419,2593
7.65850,45.95419,2597
7.65893,45.95419,2601
7.65936,45.95419,2606
7.65979,45.95419,2610
7.66022,45.95419,2615
7.66065,45.95419,2620
7.66108,45.95419,2627
7.66150,45.95419,2635
7.66193,45.95419,2644
7.66236,45.95419,2656
7.66279,45.95419,2669
7.66322,45.95419,2681
7.66365,45.95419,2692
7.66408,45.95419,2704
7.66451,45.95419,2718
7.66494,45.95419,2731
7.66537,45.95419,2745
7.66580,45.95419,2759
7.66623,45.95419,2773
7.66665,45.95419,2785
7.66708,45.95419,2798
7.66751,45.95419,2812
7.66794,45.95419,2826
7.66837,45.95419,2838
7.64648,45.95389,2365
7.64691,45.95389,2374
7.64734,45.95389,2382
7.64777,45.95389,2387
7.64820,45.95389,2392
7.64863,45.95389,2398
7.64906,45.95389,2405
7.64949,45.95389,2416
7.64992,45.95389,2429
7.65035,45.95389,2442
7.65078,45.95389,2455
7.65121,45.95389,2469
7.65163,45.95389,2482
7.65206,45.95389,2494
7.65249,45.95389,2506
7.65292,45.95389,2518
7.65335,45.95389,2528
7.65378,45.95389,2537
7.65421,45.95389,2546
7.65464,45.95389,2553
7.65507,45.95389,2558
7.65550,45.95389,2563
7.65593,45.95389,2567
7.65635,45.95389,2571
7.65678,45.95389,2574
7.65721,45.95389,2579
7.65764,45.95389,2584
7.65807,45.95389,2589
7.65850,45.95389,2594
7.65893,45.95389,2599
7.65936,45.95389,2604
7.65979,45.95389,2608
7.66022,45.95389,2613
7.66065,45.95389,2619
7.66108,45.95389,2626
7.66150,45.95389,2635
7.66193,45.95389,2644
7.66236,45.95389,2656
7.66279,45.95389,2669
7.66322,45.95389,2682
7.66365,45.95389,2694
7.66408,45.95389,2706
7.66451,45.95389,2719
7.66494,45.95389,2733
7.66537,45.95389,2748
7.66580,45.95389,2762
7.66623,45.95389,2776
7.66665,45.95389,2788
7.66708,45.95389,2801
7.66751,45.95389,2814
7.66794,45.95389,2827
7.66837,45.95389,2839
7.64648,45.95360,2356
7.64691,45.95360,2365
7.64734,45.95360,2373
7.64777,45.95360,2378
7.64820,45.95360,2382
7.64863,45.95360,2387
7.64906,45.95360,2395
7.64949,45.95360,2407
7.64992,45.95360,2421
7.65035,45.95360,2434
7.65078,45.95360,2447
7.65121,45.95360,2461
7.65163,45.95360,2474
7.65206,45.95360,2486
7.65249,45.95360,2499
7.65292,45.95360,2511
7.65335,45.95360,2522
7.65378,45.95360,2532
7.65421,45.95360,2540
7.65464,45.95360,2549
7.65507,45.95360,2556
7.65550,45.95360,2561
7.65593,45.95360,2565
7.65635,45.95360,2569
7.65678,45.95360,2573
7.65721,45.95360,2578
7.65764,45.95360,2582
7.65807,45.95360,2587
7.65850,45.95360,2592
7.65893,45.95360,2597
7.65936,45.95360,2603
7.65979,45.95360,2608
7.66022,45.95360,2613
7.66065,45.95360,2619
7.66108,45.95360,2625
7.66150,45.95360,2634
7.66193,45.95360,2644
7.66236,45.95360,2656
7.66279,45.95360,2669
7.66322,45.95360,2682
7.66365,45.95360,2694
7.66408,45.95360,2707
7.66451,45.95360,2721
7.66494,45.95360,2736
7.66537,45.95360,2752
7.66580,45.95360,2766
7.66623,45.95360,2780
7.66665,45.95360,2792
7.66708,45.95360,2804
7.66751,45.95360,2817
7.66794,45.95360,2829
7.66837,45.95360,2840
7.64648,45.95330,2349
7.64691,45.95330,2357
7.64734,45.95330,2364
7.64777,45.95330,2368
7.64820,45.95330,2373
7.64863,45.95330,2379
7.64906,45.95330,2387
7.64949,45.95330,2399
7.64992,45.95330,2413
7.65035,45.95330,2426
7.65078,45.95330,2440
7.65121,45.95330,2453
7.65163,45.95330,2465
7.65206,45.95330,2478
7.65249,45.95330,2492
7.65292,45.95330,2504
7.65335,45.95330,2516
7.65378,45.95330,2526
7.65421,45.95330,2535
7.65464,45.95330,2544
7.65507,45.95330,2552
7.65550,45.95330,2558
7.65593,45.95330,2563
7.65635,45.95330,2569
7.65678,45.95330,2573
7.65721,45.95330,2577
7.65764,45.95330,2582
7.65807,45.95330,2587
7.65850,45.95330,2592
7.65893,45.95330,2598
7.65936,45.95330,2603
7.65979,45.95330,2609
7.66022,45.95330,2615
7.66065,45.95330,2620
7.66108,45.95330,2626
7.66150,45.95330,2634
7.66193,45.95330,2644
7.66236,45.95330,2656
7.66279,45.95330,2669
7.66322,45.95330,2682
7.66365,45.95330,2695
7.66408,45.95330,2709
7.66451,45.95330,2723
7.66494,45.95330,2739
7.66537,45.95330,2754
7.66580,45.95330,2769
7.66623,45.95330,2782
7.66665,45.95330,2795
7.66708,45.95330,2807
7.66751,45.95330,2819
7.66794,45.95330,2830
7.66837,45.95330,2840
7.64648,45.95300,2343
7.64691,45.95300,2349
7.64734,45.95300,2354
7.64777,45.95300,2358
7.64820,45.95300,2364
7.64863,45.95300,2372
7.64906,45.95300,2381
7.64949,45.95300,2393
7.64992,45.95300,2406
7.65035,45.95300,2419
7.65078,45.95300,2432
7.65121,45.95300,2446
7.65163,45.95300,2458
7.65206,45.95300,2471
7.65249,45.95300,2484
7.65292,45.95300,2497
7.65335,45.95300,2509
7.65378,45.95300,2521
7.65421,45.95300,2530
7.65464,45.95300,2539
7.65507,45.95300,2548
7.65550,45.95300,2556
7.65593,45.95300,2563
7.65635,45.95300,2569
7.65678,45.95300,2573
7.65721,45.95300,2578
7.65764,45.95300,2582
7.65807,45.95300,2588
7.65850,45.95300,2594
7.65893,45.95300,2600
7.65936,45.95300,2607
7.65979,45.95300,2613
7.66022,45.95300,2618
7.66065,45.95300,2623
7.66108,45.95300,2628
7.66150,45.95300,2636
7.66193,45.95300,2646
7.66236,45.95300,2657
7.66279,45.95300,2669
7.66322,45.95300,2683
7.66365,45.95300,2696
7.66408,45.95300,2711
7.66451,45.95300,2725
7.66494,45.95300,2740
7.66537,45.95300,2755
7.66580,45.95300,2770
7.66623,45.95300,2784
7.66665,45.95300,2796
7.66708,45.95300,2807
7.66751,45.95300,2819
7.66794,45.95300,2828
7.66837,45.95300,2836
7.64648,45.95270,2337
7.64691,45.95270,2342
7.64734,45.95270,2346
7.64777,45.95270,2351
7.64820,45.95270,2359
7.64863,45.95270,2368
7.64906,45.95270,2377
7.64949,45.95270,2388
7.64992,45.95270,2400
7.65035,45.95270,2413
7.65078,45.95270,2426
7.65121,45.95270,2439
7.65163,45.95270,2451
7.65206,45.95270,2464
7.65249,45.95270,2478
7.65292,45.95270,2491
7.65335,45.95270,2504
7.65378,45.95270,2516
7.65421,45.95270,2527
7.65464,45.95270,2535
7.65507,45.95270,2545
7.65550,45.95270,2555
7.65593,45.95270,2562
7.65635,45.95270,2568
7.65678,45.95270,2573
7.65721,45.95270,2578
7.65764,45.95270,2584
7.65807,45.95270,2589
7.65850,45.95270,2596
7.65893,45.95270,2604
7.65936,45.95270,2611
7.65979,45.95270,2617
7.66022,45.95270,2623
7.66065,45.95270,2629
7.66108,45.95270,2634
7.66150,45.95270,2641
7.66193,45.95270,2649
7.66236,45.95270,2659
7.66279,45.95270,2670
7.66322,45.95270,2683
7.66365,45.95270,2697
7.66408,45.95270,2712
7.66451,45.95270,2727
7.66494,45.95270,2741
7.66537,45.95270,2755
7.66580,45.95270,2770
7.66623,45.95270,2783
7.66665,45.95270,2795
7.66708,45.95270,2804
7.66751,45.95270,2814
7.66794,45.95270,2823
7.66837,45.95270,2831
7.64648,45.95240,2329
7.64691,45.95240,2334
7.64734,45.95240,2339
7.64777,45.95240,2346
7.64820,45.95240,2355
7.64863,45.95240,2365
7.64906,45.95240,2375
7.64949,45.95240,2385
7.64992,45.95240,2397
7.65035,45.95240,2409
7.65078,45.95240,2421
7.65121,45.95240,2434
7.65163,45.95240,2446
7.65206,45.95240,2458
7.65249,45.95240,2472
7.65292,45.95240,2486
7.65335,45.95240,2500
7.65378,45.95240,2512
7.65421,45.95240,2524
7.65464,45.95240,2533
7.65507,45.95240,2543
7.65550,45.95240,2552
7.65593,45.95240,2561
7.65635,45.95240,2567
7.65678,45.95240,2573
7.65721,45.95240,2578
7.65764,45.95240,2584
7.65807,45.95240,2592
7.65850,45.95240,2600
7.65893,45.95240,2609
7.65936,45.95240,2617
7.65979,45.95240,2625
7.66022,45.95240,2632
7.66065,45.95240,2637
7.66108,45.95240,2643
7.66150,45.95240,2648
7.66193,45.95240,2654
7.66236,45.95240,2661
7.66279,45.95240,2671
7.66322,45.95240,2683
7.66365,45.95240,2697
7.66408,45.95240,2711
7.66451,45.95240,2726
7.66494,45.95240,2740
7.66537,45.95240,2754
7.66580,45.95240,2768
7.66623,45.95240,2781
7.66665,45.95240,2792
7.66708,45.95240,2801
7.66751,45.95240,2809
7.66794,45.95240,2818
7.66837,45.95240,2825
7.64648,45.95210,2320
7.64691,45.95210,2326
7.64734,45.95210,2333
7.64777,45.95210,2342
7.64820,45.95210,2352
7.64863,45.95210,2363
7.64906,45.95210,2373
7.64949,45.95210,2384
7.64992,45.95210,2396
7.65035,45.95210,2408
7.65078,45.95210,2420
7.65121,45.95210,2431
7.65163,45.95210,2443
7.65206,45.95210,2454
7.65249,45.95210,2467
7.65292,45.95210,2482
7.65335,45.95210,2497
7.65378,45.95210,2509
7.65421,45.95210,2520
7.65464,45.95210,2531
7.65507,45.95210,2541
7.65550,45.95210,2550
7.65593,45.95210,2559
7.65635,45.95210,2567
7.65678,45.95210,2572
7.65721,45.95210,2579
7.65764,45.95210,2587
7.65807,45.95210,2595
7.65850,45.95210,2605
7.65893,45.95210,2615
7.65936,45.95210,2625
7.65979,45.95210,2635
7.66022,45.95210,2643
7.66065,45.95210,2649
7.66108,45.95210,2653
7.66150,45.95210,2657
7.66193,45.95210,2660
7.66236,45.95210,2665
7.66279,45.95210,2672
7.66322,45.95210,2682
7.66365,45.95210,2695
7.66408,45.95210,2710
7.66451,45.95210,2724
7.66494,45.95210,2738
7.66537,45.95210,2752
7.66580,45.95210,2766
7.66623,45.95210,2778
7.66665,45.95210,2787
7.66708,45.95210,2795
7.66751,45.95210,2804
7.66794,45.95210,2812
7.66837,45.95210,2818
7.64648,45.95181,2314
7.64691,45.95181,2321
7.64734,45.95181,2329
7.64777,45.95181,2339
7.64820,45.95181,2350
7.64863,45.95181,2361
7.64906,45.95181,2371
7.64949,45.95181,2383
7.64992,45.95181,2395
7.65035,45.95181,2408
7.65078,45.95181,2419
7.65121,45.95181,2431
7.65163,45.95181,2441
7.65206,45.95181,2453
7.65249,45.95181,2465
7.65292,45.95181,2479
7.65335,45.95181,2494
7.65378,45.95181,2506
7.65421,45.95181,2518
7.65464,45.95181,2529
7.65507,45.95181,2539
7.65550,45.95181,2549
7.65593,45.95181,2558
7.65635,45.95181,2566
7.65678,45.95181,2573
7.65721,45.95181,2581
7.65764,45.95181,2590
7.65807,45.95181,2600
7.65850,45.95181,2611
7.65893,45.95181,2622
7.65936,45.95181,2634
7.65979,45.95181,2645
7.66022,45.95181,2655
7.66065,45.95181,2661
7.66108,45.95181,2664
7.66150,45.95181,2665
7.66193,45.95181,2667
7.66236,45.95181,2668
7.66279,45.95181,2672
7.66322,45.95181,2681
7.66365,45.95181,2693
7.66408,45.95181,2707
7.66451,45.95181,2722
7.66494,45.95181,2737
7.66537,45.95181,2750
7.66580,45.95181,2763
7.66623,45.95181,2773
7.66665,45.95181,2782
7.66708,45.95181,2789
7.66751,45.95181,2797
7.66794,45.95181,2805
7.66837,45.95181,2813
7.64648,45.95151,2312
7.64691,45.95151,2319
7.64734,45.95151,2328
7.64777,45.95151,2338
7.64820,45.95151,2349
7.64863,45.95151,2360
7.64906,45.95151,2370
7.64949,45.95151,2382
7.64992,45.95151,2394
7.65035,45.95151,2407
7.65078,45.95151,2420
7.65121,45.95151,2431
7.65163,45.95151,2442
7.65206,45.95151,2453
7.65249,45.95151,2466
7.65292,45.95151,2479
7.65335,45.95151,2492
7.65378,45.95151,2504
7.65421,45.95151,2515
7.65464,45.95151,2526
7.65507,45.95151,2537
7.65550,45.95151,2548
7.65593,45.95151,2557
7.65635,45.95151,2565
7.65678,45.95151,2574
7.65721,45.95151,2583
7.65764,45.95151,2593
7.65807,45.95151,2605
7.65850,45.95151,2617
7.65893,45.95151,2630
7.65936,45.95151,2643
7.65979,45.95151,2655
7.66022,45.95151,2665
7.66065,45.95151,2671
7.66108,45.95151,2673
7.66150,45.95151,2672
7.66193,45.95151,2672
7.66236,45.95151,2672
7.66279,45.95151,2675
7.66322,45.95151,2680
7.66365,45.95151,2690
7.66408,45.95151,2705
7.66451,45.95151,2720
7.66494,45.95151,2734
7.66537,45.95151,2747
7.66580,45.95151,2757
7.66623,45.95151,2767
7.66665,45.95151,2775
7.66708,45.95151,2783
7.66751,45.95151,2791
7.66794,45.95151,2799
7.66837,45.95151,2807
7.64648,45.95121,2314
7.64691,45.95121,2322
7.64734,45.95121,2331
7.64777,45.95121,2341
7.64820,45.95121,2351
7.64863,45.95121,2361
7.64906,45.95121,2370
7.64949,45.95121,2382
7.64992,45.95121,2394
7.65035,45.95121,2407
7.65078,45.95121,2421
7.65121,45.95121,2433
7.65163,45.95121,2444
7.65206,45.95121,2455
7.65249,45.95121,2467
7.65292,45.95121,2479
7.65335,45.95121,2490
7.65378,45.95121,2502
7.65421,45.95121,2513
7.65464,45.95121,2525
7.65507,45.95121,2536
7.65550,45.95121,2547
7.65593,45.95121,2557
7.65635,45.95121,2565
7.65678,45.95121,2574
7.65721,45.95121,2585
7.65764,45.95121,2596
7.65807,45.95121,2609
7.65850,45.95121,2623
7.65893,45.95121,2636
7.65936,45.95121,2649
7.65979,45.95121,2662
7.66022,45.95121,2672
7.66065,45.95121,2677
7.66108,45.95121,2679
7.66150,45.95121,2679
7.66193,45.95121,2677
7.66236,45.95121,2677
7.66279,45.95121,2677
7.66322,45.95121,2681
7.66365,45.95121,2689
7.66408,45.95121,2702
7.66451,45.95121,2717
7.66494,45.95121,2732
7.66537,45.95121,2742
7.66580,45.95121,2752
7.66623,45.95121,2761
7.66665,45.95121,2769
7.66708,45.95121,2777
7.66751,45.95121,2785
7.66794,45.95121,2794
7.66837,45.95121,2802
7.66846,45.96642,3019
7.66889,45.96642,3033
7.66932,45.96642,3046
7.66974,45.96642,3060
7.67017,45.96642,3073
7.67060,45.96642,3088
7.67103,45.96642,3107
7.67146,45.96642,3128
7.67189,45.96642,3149
7.67232,45.96642,3174
7.67275,45.96642,3199
7.67318,45.96642,3224
7.67361,45.96642,3241
7.67404,45.96642,3253
7.67447,45.96642,3261
7.67489,45.96642,3266
7.67532,45.96642,3271
7.67575,45.96642,3270
7.67618,45.96642,3264
7.67661,45.96642,3257
7.67704,45.96642,3248
7.67747,45.96642,3241
7.67790,45.96642,3227
7.67833,45.96642,3203
7.67876,45.96642,3127
7.67919,45.96642,3015
7.67962,45.96642,2999
7.68004,45.96642,2991
7.68047,45.96642,2976
7.68090,45.96642,2963
7.68133,45.96642,2952
7.68176,45.96642,2946
7.68219,45.96642,2943
7.68262,45.96642,2941
7.68305,45.96642,2939
7.68348,45.96642,2937
7.68391,45.96642,2938
7.68434,45.96642,2939
7.68476,45.96642,2938
7.68519,45.96642,2938
7.68562,45.96642,2940
7.68605,45.96642,2942
7.68648,45.96642,2942
7.68691,45.96642,2943
7.68734,45.96642,2942
7.68777,45.96642,2940
7.68820,45.96642,2940
7.68863,45.96642,2939
7.68906,45.96642,2939
7.68949,45.96642,2937
7.68991,45.96642,2936
7.69034,45.96642,2936
7.66846,45.96613,3011
7.66889,45.96613,3024
7.66932,45.96613,3037
7.66974,45.96613,3050
7.67017,45.96613,3062
7.67060,45.96613,3078
7.67103,45.96613,3097
7.67146,45.96613,3119
7.67189,45.96613,3141
7.67232,45.96613,3165
7.67275,45.96613,3188
7.67318,45.96613,3212
7.67361,45.96613,3232
7.67404,45.96613,3245
7.67447,45.96613,3257
7.67489,45.96613,3266
7.67532,45.96613,3273
7.67575,45.96613,3276
7.67618,45.96613,3273
7.67661,45.96613,3269
7.67704,45.96613,3256
7.67747,45.96613,3241
7.67790,45.96613,3220
7.67833,45.96613,3188
7.67876,45.96613,3117
7.67919,45.96613,3015
7.67962,45.96613,3004
7.68004,45.96613,3000
7.68047,45.96613,2983
7.68090,45.96613,2969
7.68133,45.96613,2957
7.68176,45.96613,2949
7.68219,45.96613,2946
7.68262,45.96613,2944
7.68305,45.96613,2942
7.68348,45.96613,2942
7.68391,45.96613,2942
7.68434,45.96613,2942
7.68476,45.96613,2942
7.68519,45.96613,2942
7.68562,45.96613,2943
7.68605,45.96613,2945
7.68648,45.96613,2945
7.68691,45.96613,2945
7.68734,45.96613,2944
7.68777,45.96613,2941
7.68820,45.96613,2941
7.68863,45.96613,2942
7.68906,45.96613,2942
7.68949,45.96613,2941
7.68991,45.96613,2941
7.69034,45.96613,2941
7.66846,45.96583,3004
7.66889,45.96583,3016
7.66932,45.96583,3028
7.66974,45.96583,3040
7.67017,45.96583,3053
7.67060,45.96583,3068
7.67103,45.96583,3087
7.67146,45.96583,3109
7.67189,45.96583,3132
7.67232,45.96583,3154
7.67275,45.96583,3175
7.67318,45.96583,3195
7.67361,45.96583,3217
7.67404,45.96583,3233
7.67447,45.96583,3247
7.67489,45.96583,3261
7.67532,45.96583,3271
7.67575,45.96583,3277
7.67618,45.96583,3279
7.67661,45.96583,3277
7.67704,45.96583,3261
7.67747,45.96583,3240
7.67790,45.96583,3204
7.67833,45.96583,3168
7.67876,45.96583,3098
7.67919,45.96583,3014
7.67962,45.96583,3007
7.68004,45.96583,3008
7.68047,45.96583,2990
7.68090,45.96583,2975
7.68133,45.96583,2962
7.68176,45.96583,2953
7.68219,45.96583,2949
7.68262,45.96583,2946
7.68305,45.96583,2945
7.68348,45.96583,2946
7.68391,45.96583,2946
7.68434,45.96583,2946
7.68476,45.96583,2947
7.68519,45.96583,2947
7.68562,45.96583,2948
7.68605,45.96583,2950
7.68648,45.96583,2949
7.68691,45.96583,2948
7.68734,45.96583,2946
7.68777,45.96583,2945
7.68820,45.96583,2945
7.68863,45.96583,2945
7.68906,45.96583,2945
7.68949,45.96583,2945
7.68991,45.96583,2944
7.69034,45.96583,2945
7.66846,45.96553,2999
7.66889,45.96553,3008
7.66932,45.96553,3020
7.66974,45.96553,3031
7.67017,45.96553,3043
7.67060,45.96553,3058
7.67103,45.96553,3077
7.67146,45.96553,3098
7.67189,45.96553,3121
7.67232,45.96553,3142
7.67275,45.96553,3160
7.67318,45.96553,3177
7.67361,45.96553,3200
7.67404,45.96553,3218
7.67447,45.96553,3235
7.67489,45.96553,3253
7.67532,45.96553,3267
7.67575,45.96553,3277
7.67618,45.96553,3282
7.67661,45.96553,3281
7.67704,45.96553,3264
7.67747,45.96553,3242
7.67790,45.96553,3206
7.67833,45.96553,3165
7.67876,45.96553,3102
7.67919,45.96553,3023
7.67962,45.96553,3016
7.68004,45.96553,3015
7.68047,45.96553,2996
7.68090,45.96553,2981
7.68133,45.96553,2968
7.68176,45.96553,2957
7.68219,45.96553,2952
7.68262,45.96553,2949
7.68305,45.96553,2949
7.68348,45.96553,2949
7.68391,45.96553,2949
7.68434,45.96553,2950
7.68476,45.96553,2950
7.68519,45.96553,2951
7.68562,45.96553,2952
7.68605,45.96553,2952
7.68648,45.96553,2951
7.68691,45.96553,2950
7.68734,45.96553,2949
7.68777,45.96553,2948
7.68820,45.96553,2949
7.68863,45.96553,2949
7.68906,45.96553,2949
7.68949,45.96553,2949
7.68991,45.96553,2948
7.69034,45.96553,2949
7.66846,45.96523,2992
7.66889,45.96523,3001
7.66932,45.96523,3011
7.66974,45.96523,3022
7.67017,45.96523,3032
7.67060,45.96523,3047
7.67103,45.96523,3065
7.67146,45.96523,3086
7.67189,45.96523,3107
7.67232,45.96523,3129
7.67275,45.96523,3146
7.67318,45.96523,3161
7.67361,45.96523,3183
7.67404,45.96523,3203
7.67447,45.96523,3223
7.67489,45.96523,3244
7.67532,45.96523,3262
7.67575,45.96523,3274
7.67618,45.96523,3283
7.67661,45.96523,3280
7.67704,45.96523,3264
7.67747,45.96523,3244
7.67790,45.96523,3213
7.67833,45.96523,3172
7.67876,45.96523,3113
7.67919,45.96523,3036
7.67962,45.96523,3028
7.68004,45.96523,3023
7.68047,45.96523,3004
7.68090,45.96523,2987
7.68133,45.96523,2972
7.68176,45.96523,2961
7.68219,45.96523,2956
7.68262,45.96523,2952
7.68305,45.96523,2951
7.68348,45.96523,2951
7.68391,45.96523,2952
7.68434,45.96523,2952
7.68476,45.96523,2953
7.68519,45.96523,2953
7.68562,45.96523,2954
7.68605,45.96523,2953
7.68648,45.96523,2953
7.68691,45.96523,2952
7.68734,45.96523,2951
7.68777,45.96523,2951
7.68820,45.96523,2952
7.68863,45.96523,2952
7.68906,45.96523,2952
7.68949,45.96523,2952
7.68991,45.96523,2953
7.69034,45.96523,2953
7.66846,45.96493,2986
7.66889,45.96493,2994
7.66932,45.96493,3004
7.66974,45.96493,3013
7.67017,45.96493,3024
7.67060,45.96493,3036
7.67103,45.96493,3053
7.67146,45.96493,3074
7.67189,45.96493,3094
7.67232,45.96493,3114
7.67275,45.96493,3133
7.67318,45.96493,3149
7.67361,45.96493,3168
7.67404,45.96493,3189
7.67447,45.96493,3211
7.67489,45.96493,3233
7.67532,45.96493,3253
7.67575,45.96493,3269
7.67618,45.96493,3279
7.67661,45.96493,3275
7.67704,45.96493,3262
7.67747,45.96493,3247
7.67790,45.96493,3218
7.67833,45.96493,3179
7.67876,45.96493,3123
7.67919,45.96493,3051
7.67962,45.96493,3040
7.68004,45.96493,3030
7.68047,45.96493,3012
7.68090,45.96493,2994
7.68133,45.96493,2979
7.68176,45.96493,2966
7.68219,45.96493,2959
7.68262,45.96493,2955
7.68305,45.96493,2953
7.68348,45.96493,2953
7.68391,45.96493,2953
7.68434,45.96493,2953
7.68476,45.96493,2954
7.68519,45.96493,2955
7.68562,45.96493,2955
7.68605,45.96493,2955
7.68648,45.96493,2954
7.68691,45.96493,2953
7.68734,45.96493,2953
7.68777,45.96493,2953
7.68820,45.96493,2954
7.68863,45.96493,2954
7.68906,45.96493,2954
7.68949,45.96493,2955
7.68991,45.96493,2955
7.69034,45.96493,2956
7.66846,45.96463,2983
7.66889,45.96463,2991
7.66932,45.96463,2999
7.66974,45.96463,3009
7.67017,45.96463,3019
7.67060,45.96463,3031
7.67103,45.96463,3046
7.67146,45.96463,3064
7.67189,45.96463,3082
7.67232,45.96463,3101
7.67275,45.96463,3121
7.67318,45.96463,3139
7.67361,45.96463,3157
7.67404,45.96463,3178
7.67447,45.96463,3199
7.67489,45.96463,3222
7.67532,45.96463,3243
7.67575,45.96463,3260
7.67618,45.96463,3272
7.67661,45.96463,3270
7.67704,45.96463,3259
7.67747,45.96463,3249
7.67790,45.96463,3221
7.67833,45.96463,3184
7.67876,45.96463,3133
7.67919,45.96463,3065
7.67962,45.96463,3053
7.68004,45.96463,3038
7.68047,45.96463,3020
7.68090,45.96463,3002
7.68133,45.96463,2986
7.68176,45.96463,2972
7.68219,45.96463,2963
7.68262,45.96463,2959
7.68305,45.96463,2956
7.68348,45.96463,2954
7.68391,45.96463,2954
7.68434,45.96463,2954
7.68476,45.96463,2955
7.68519,45.96463,2956
7.68562,45.96463,2956
7.68605,45.96463,2956
7.68648,45.96463,2955
7.68691,45.96463,2955
7.68734,45.96463,2955
7.68777,45.96463,2955
7.68820,45.96463,2955
7.68863,45.96463,2955
7.68906,45.96463,2955
7.68949,45.96463,2955
7.68991,45.96463,2956
7.69034,45.96463,2956
7.66846,45.96434,2983
7.66889,45.96434,2991
7.66932,45.96434,2999
7.66974,45.96434,3008
7.67017,45.96434,3019
7.67060,45.96434,3030
7.67103,45.96434,3043
7.67146,45.96434,3059
7.67189,45.96434,3075
7.67232,45.96434,3092
7.67275,45.96434,3111
7.67318,45.96434,3131
7.67361,45.96434,3149
7.67404,45.96434,3169
7.67447,45.96434,3189
7.67489,45.96434,3211
7.67532,45.96434,3232
7.67575,45.96434,3250
7.67618,45.96434,3263
7.67661,45.96434,3268
7.67704,45.96434,3264
7.67747,45.96434,3254
7.67790,45.96434,3224
7.67833,45.96434,3186
7.67876,45.96434,3141
7.67919,45.96434,3087
7.67962,45.96434,3067
7.68004,45.96434,3047
7.68047,45.96434,3029
7.68090,45.96434,3012
7.68133,45.96434,2995
7.68176,45.96434,2980
7.68219,45.96434,2969
7.68262,45.96434,2963
7.68305,45.96434,2959
7.68348,45.96434,2958
7.68391,45.96434,2956
7.68434,45.96434,2956
7.68476,45.96434,2956
7.68519,45.96434,2956
7.68562,45.96434,2956
7.68605,45.96434,2956
7.68648,45.96434,2956
7.68691,45.96434,2956
7.68734,45.96434,2956
7.68777,45.96434,2955
7.68820,45.96434,2955
7.68863,45.96434,2955
7.68906,45.96434,2955
7.68949,45.96434,2955
7.68991,45.96434,2955
7.69034,45.96434,2957
7.66846,45.96404,2985
7.66889,45.96404,2993
7.66932,45.96404,3002
7.66974,45.96404,3011
7.67017,45.96404,3021
7.67060,45.96404,3032
7.67103,45.96404,3044
7.67146,45.96404,3057
7.67189,45.96404,3073
7.67232,45.96404,3088
7.67275,45.96404,3106
7.67318,45.96404,3124
7.67361,45.96404,3142
7.67404,45.96404,3161
7.67447,45.96404,3181
7.67489,45.96404,3202
7.67532,45.96404,3223
7.67575,45.96404,3242
7.67618,45.96404,3257
7.67661,45.96404,3268
7.67704,45.96404,3270
7.67747,45.96404,3260
7.67790,45.96404,3229
7.67833,45.96404,3186
7.67876,45.96404,3143
7.67919,45.96404,3114
7.67962,45.96404,3077
7.68004,45.96404,3057
7.68047,45.96404,3037
7.68090,45.96404,3022
7.68133,45.96404,3005
7.68176,45.96404,2988
7.68219,45.96404,2976
7.68262,45.96404,2969
7.68305,45.96404,2964
7.68348,45.96404,2961
7.68391,45.96404,2960
7.68434,45.96404,2959
7.68476,45.96404,2958
7.68519,45.96404,2958
7.68562,45.96404,2958
7.68605,45.96404,2958
7.68648,45.96404,2957
7.68691,45.96404,2957
7.68734,45.96404,2956
7.68777,45.96404,2955
7.68820,45.96404,2955
7.68863,45.96404,2955
7.68906,45.96404,2955
7.68949,45.96404,2955
7.68991,45.96404,2956
7.69034,45.96404,2957
7.66846,45.96374,2988
7.66889,45.96374,2996
7.66932,45.96374,3005
7.66974,45.96374,3015
7.67017,45.96374,3024
7.67060,45.96374,3034
7.67103,45.96374,3046
7.67146,45.96374,3059
7.67189,45.96374,3073
7.67232,45.96374,3087
7.67275,45.96374,3103
7.67318,45.96374,3120
7.67361,45.96374,3137
7.67404,45.96374,3155
7.67447,45.96374,3175
7.67489,45.96374,3196
7.67532,45.96374,3218
7.67575,45.96374,3238
7.67618,45.96374,3256
7.67661,45.96374,3269
7.67704,45.96374,3276
7.67747,45.96374,3274
7.67790,45.96374,3251
7.67833,45.96374,3208
7.67876,45.96374,3163
7.67919,45.96374,3125
7.67962,45.96374,3090
7.68004,45.96374,3069
7.68047,45.96374,3049
7.68090,45.96374,3027
7.68133,45.96374,3015
7.68176,45.96374,2997
7.68219,45.96374,2984
7.68262,45.96374,2976
7.68305,45.96374,2970
7.68348,45.96374,2966
7.68391,45.96374,2963
7.68434,45.96374,2963
7.68476,45.96374,2961
7.68519,45.96374,2961
7.68562,45.96374,2961
7.68605,45.96374,2960
7.68648,45.96374,2959
7.68691,45.96374,2958
7.68734,45.96374,2957
7.68777,45.96374,2956
7.68820,45.96374,2955
7.68863,45.96374,2955
7.68906,45.96374,2955
7.68949,45.96374,2955
7.68991,45.96374,2956
7.69034,45.96374,2959
7.66846,45.96344,2992
7.66889,45.96344,3000
7.66932,45.96344,3009
7.66974,45.96344,3018
7.67017,45.96344,3028
7.67060,45.96344,3037
7.67103,45.96344,3048
7.67146,45.96344,3060
7.67189,45.96344,3074
7.67232,45.96344,3087
7.67275,45.96344,3102
7.67318,45.96344,3118
7.67361,45.96344,3134
7.67404,45.96344,3151
7.67447,45.96344,3169
7.67489,45.96344,3191
7.67532,45.96344,3214
7.67575,45.96344,3236
7.67618,45.96344,3256
7.67661,45.96344,3272
7.67704,45.96344,3282
7.67747,45.96344,3283
7.67790,45.96344,3267
7.67833,45.96344,3230
7.67876,45.96344,3186
7.67919,45.96344,3134
7.67962,45.96344,3100
7.68004,45.96344,3087
7.68047,45.96344,3065
7.68090,45.96344,3040
7.68133,45.96344,3023
7.68176,45.96344,3005
7.68219,45.96344,2992
7.68262,45.96344,2983
7.68305,45.96344,2976
7.68348,45.96344,2971
7.68391,45.96344,2967
7.68434,45.96344,2965
7.68476,45.96344,2964
7.68519,45.96344,2963
7.68562,45.96344,2964
7.68605,45.96344,2963
7.68648,45.96344,2962
7.68691,45.96344,2961
7.68734,45.96344,2960
7.68777,45.96344,2959
7.68820,45.96344,2959
7.68863,45.96344,2959
7.68906,45.96344,2958
7.68949,45.96344,2958
7.68991,45.96344,2959
7.69034,45.96344,2962
7.66846,45.96314,2995
7.66889,45.96314,3002
7.66932,45.96314,3011
7.66974,45.96314,3021
7.67017,45.96314,3030
7.67060,45.96314,3040
7.67103,45.96314,3050
7.67146,45.96314,3062
7.67189,45.96314,3075
7.67232,45.96314,3088
7.67275,45.96314,3102
7.67318,45.96314,3117
7.67361,45.96314,3131
7.67404,45.96314,3147
7.67447,45.96314,3166
7.67489,45.96314,3186
7.67532,45.96314,3209
7.67575,45.96314,3233
7.67618,45.96314,3256
7.67661,45.96314,3274
7.67704,45.96314,3286
7.67747,45.96314,3291
7.67790,45.96314,3281
7.67833,45.96314,3252
7.67876,45.96314,3210
7.67919,45.96314,3161
7.67962,45.96314,3120
7.68004,45.96314,3098
7.68047,45.96314,3077
7.68090,45.96314,3056
7.68133,45.96314,3034
7.68176,45.96314,3017
7.68219,45.96314,3002
7.68262,45.96314,2992
7.68305,45.96314,2984
7.68348,45.96314,2977
7.68391,45.96314,2971
7.68434,45.96314,2968
7.68476,45.96314,2967
7.68519,45.96314,2966
7.68562,45.96314,2966
7.68605,45.96314,2967
7.68648,45.96314,2966
7.68691,45.96314,2965
7.68734,45.96314,2964
7.68777,45.96314,2964
7.68820,45.96314,2964
7.68863,45.96314,2963
7.68906,45.96314,2963
7.68949,45.96314,2963
7.68991,45.96314,2964
7.69034,45.96314,2966
7.66846,45.96284,2998
7.66889,45.96284,3006
7.66932,45.96284,3015
7.66974,45.96284,3024
7.67017,45.96284,3033
7.67060,45.96284,3043
7.67103,45.96284,3054
7.67146,45.96284,3065
7.67189,45.96284,3078
7.67232,45.96284,3090
7.67275,45.96284,3103
7.67318,45.96284,3116
7.67361,45.96284,3129
7.67404,45.96284,3144
7.67447,45.96284,3162
7.67489,45.96284,3182
7.67532,45.96284,3206
7.67575,45.96284,3230
7.67618,45.96284,3253
7.67661,45.96284,3272
7.67704,45.96284,3286
7.67747,45.96284,3296
7.67790,45.96284,3292
7.67833,45.96284,3270
7.67876,45.96284,3233
7.67919,45.96284,3187
7.67962,45.96284,3142
7.68004,45.96284,3108
7.68047,45.96284,3084
7.68090,45.96284,3064
7.68133,45.96284,3048
7.68176,45.96284,3030
7.68219,45.96284,3014
7.68262,45.96284,3002
7.68305,45.96284,2992
7.68348,45.96284,2983
7.68391,45.96284,2975
7.68434,45.96284,2971
7.68476,45.96284,2969
7.68519,45.96284,2969
7.68562,45.96284,2970
7.68605,45.96284,2969
7.68648,45.96284,2968
7.68691,45.96284,2969
7.68734,45.96284,2968
7.68777,45.96284,2969
7.68820,45.96284,2969
7.68863,45.96284,2969
7.68906,45.96284,2969
7.68949,45.96284,2969
7.68991,45.96284,2970
7.69034,45.96284,2972
7.66846,45.96255,3001
7.66889,45.96255,3009
7.66932,45.96255,3019
7.66974,45.96255,3027
7.67017,45.96255,3036
7.67060,45.96255,3046
7.67103,45.96255,3057
7.67146,45.96255,3069
7.67189,45.96255,3081
7.67232,45.96255,3093
7.67275,45.96255,3105
7.67318,45.96255,3116
7.67361,45.96255,3127
7.67404,45.96255,3142
7.67447,45.96255,3159
7.67489,45.96255,3178
7.67532,45.96255,3202
7.67575,45.96255,3227
7.67618,45.96255,3250
7.67661,45.96255,3269
7.67704,45.96255,3285
7.67747,45.96255,3297
7.67790,45.96255,3299
7.67833,45.96255,3287
7.67876,45.96255,3257
7.67919,45.96255,3212
7.67962,45.96255,3166
7.68004,45.96255,3128
7.68047,45.96255,3100
7.68090,45.96255,3078
7.68133,45.96255,3060
7.68176,45.96255,3043
7.68219,45.96255,3027
7.68262,45.96255,3012
7.68305,45.96255,3001
7.68348,45.96255,2989
7.68391,45.96255,2980
7.68434,45.96255,2975
7.68476,45.96255,2973
7.68519,45.96255,2973
7.68562,45.96255,2973
7.68605,45.96255,2973
7.68648,45.96255,2972
7.68691,45.96255,2972
7.68734,45.96255,2972
7.68777,45.96255,2973
7.68820,45.96255,2974
7.68863,45.96255,2975
7.68906,45.96255,2975
7.68949,45.96255,2976
7.68991,45.96255,2977
7.69034,45.96255,2979
7.66846,45.96225,3006
7.66889,45.96225,3014
7.66932,45.96225,3023
7.66974,45.96225,3032
7.67017,45.96225,3040
7.67060,45.96225,3051
7.67103,45.96225,3062
7.67146,45.96225,3074
7.67189,45.96225,3086
7.67232,45.96225,3097
7.67275,45.96225,3106
7.67318,45.96225,3116
7.67361,45.96225,3128
7.67404,45.96225,3142
7.67447,45.96225,3157
7.67489,45.96225,3175
7.67532,45.96225,3199
7.67575,45.96225,3225
7.67618,45.96225,3247
7.67661,45.96225,3267
7.67704,45.96225,3285
7.67747,45.96225,3298
7.67790,45.96225,3304
7.67833,45.96225,3300
7.67876,45.96225,3277
7.67919,45.96225,3237
7.67962,45.96225,3191
7.68004,45.96225,3150
7.68047,45.96225,3119
7.68090,45.96225,3095
7.68133,45.96225,3075
7.68176,45.96225,3052
7.68219,45.96225,3034
7.68262,45.96225,3025
7.68305,45.96225,3008
7.68348,45.96225,2994
7.68391,45.96225,2983
7.68434,45.96225,2978
7.68476,45.96225,2976
7.68519,45.96225,2976
7.68562,45.96225,2977
7.68605,45.96225,2977
7.68648,45.96225,2976
7.68691,45.96225,2975
7.68734,45.96225,2975
7.68777,45.96225,2976
7.68820,45.96225,2977
7.68863,45.96225,2980
7.68906,45.96225,2981
7.68949,45.96225,2983
7.68991,45.96225,2985
7.69034,45.96225,2988
7.66846,45.96195,3012
7.66889,45.96195,3020
7.66932,45.96195,3028
7.66974,45.96195,3037
7.67017,45.96195,3046
7.67060,45.96195,3057
7.67103,45.96195,3068
7.67146,45.96195,3080
7.67189,45.96195,3090
7.67232,45.96195,3101
7.67275,45.96195,3109
7.67318,45.96195,3118
7.67361,45.96195,3130
7.67404,45.96195,3143
7.67447,45.96195,3159
7.67489,45.96195,3176
7.67532,45.96195,3199
7.67575,45.96195,3223
7.67618,45.96195,3246
7.67661,45.96195,3267
7.67704,45.96195,3287
7.67747,45.96195,3301
7.67790,45.96195,3311
7.67833,45.96195,3312
7.67876,45.96195,3295
7.67919,45.96195,3261
7.67962,45.96195,3217
7.68004,45.96195,3175
7.68047,45.96195,3140
7.68090,45.96195,3112
7.68133,45.96195,3091
7.68176,45.96195,3068
7.68219,45.96195,3047
7.68262,45.96195,3030
7.68305,45.96195,3015
7.68348,45.96195,2998
7.68391,45.96195,2985
7.68434,45.96195,2980
7.68476,45.96195,2979
7.68519,45.96195,2979
7.68562,45.96195,2980
7.68605,45.96195,2980
7.68648,45.96195,2979
7.68691,45.96195,2978
7.68734,45.96195,2977
7.68777,45.96195,2978
7.68820,45.96195,2980
7.68863,45.96195,2982
7.68906,45.96195,2985
7.68949,45.96195,2989
7.68991,45.96195,2993
7.69034,45.96195,2997
7.66846,45.96165,3019
7.66889,45.96165,3026
7.66932,45.96165,3033
7.66974,45.96165,3042
7.67017,45.96165,3053
7.67060,45.96165,3064
7.67103,45.96165,3074
7.67146,45.96165,3084
7.67189,45.96165,3094
7.67232,45.96165,3104
7.67275,45.96165,3112
7.67318,45.96165,3122
7.67361,45.96165,3134
7.67404,45.96165,3148
7.67447,45.96165,3164
7.67489,45.96165,3181
7.67532,45.96165,3202
7.67575,45.96165,3224
7.67618,45.96165,3246
7.67661,45.96165,3268
7.67704,45.96165,3290
7.67747,45.96165,3308
7.67790,45.96165,3319
7.67833,45.96165,3323
7.67876,45.96165,3312
7.67919,45.96165,3283
7.67962,45.96165,3243
7.68004,45.96165,3203
7.68047,45.96165,3170
7.68090,45.96165,3138
7.68133,45.96165,3104
7.68176,45.96165,3066
7.68219,45.96165,3050
7.68262,45.96165,3029
7.68305,45.96165,3019
7.68348,45.96165,3004
7.68391,45.96165,2990
7.68434,45.96165,2983
7.68476,45.96165,2982
7.68519,45.96165,2982
7.68562,45.96165,2982
7.68605,45.96165,2982
7.68648,45.96165,2981
7.68691,45.96165,2980
7.68734,45.96165,2979
7.68777,45.96165,2979
7.68820,45.96165,2981
7.68863,45.96165,2983
7.68906,45.96165,2987
7.68949,45.96165,2993
7.68991,45.96165,2998
7.69034,45.96165,3004
7.66846,45.96135,3025
7.66889,45.96135,3031
7.66932,45.96135,3039
7.66974,45.96135,3048
7.67017,45.96135,3059
7.67060,45.96135,3071
7.67103,45.96135,3080
7.67146,45.96135,3089
7.67189,45.96135,3097
7.67232,45.96135,3105
7.67275,45.96135,3115
7.67318,45.96135,3127
7.67361,45.96135,3141
7.67404,45.96135,3156
7.67447,45.96135,3173
7.67489,45.96135,3191
7.67532,45.96135,3210
7.67575,45.96135,3229
7.67618,45.96135,3249
7.67661,45.96135,3271
7.67704,45.96135,3294
7.67747,45.96135,3314
7.67790,45.96135,3326
7.67833,45.96135,3332
7.67876,45.96135,3325
7.67919,45.96135,3302
7.67962,45.96135,3265
7.68004,45.96135,3230
7.68047,45.96135,3199
7.68090,45.96135,3167
7.68133,45.96135,3129
7.68176,45.96135,3085
7.68219,45.96135,3060
7.68262,45.96135,3029
7.68305,45.96135,3021
7.68348,45.96135,3011
7.68391,45.96135,2998
7.68434,45.96135,2989
7.68476,45.96135,2986
7.68519,45.96135,2984
7.68562,45.96135,2982
7.68605,45.96135,2982
7.68648,45.96135,2981
7.68691,45.96135,2979
7.68734,45.96135,2980
7.68777,45.96135,2980
7.68820,45.96135,2982
7.68863,45.96135,2985
7.68906,45.96135,2988
7.68949,45.96135,2995
7.68991,45.96135,3002
7.69034,45.96135,3008
7.66846,45.96105,3027
7.66889,45.96105,3035
7.66932,45.96105,3043
7.66974,45.96105,3054
7.67017,45.96105,3066
7.67060,45.96105,3076
7.67103,45.96105,3085
7.67146,45.96105,3094
7.67189,45.96105,3101
7.67232,45.96105,3110
7.67275,45.96105,3121
7.67318,45.96105,3136
7.67361,45.96105,3153
7.67404,45.96105,3172
7.67447,45.96105,3190
7.67489,45.96105,3208
7.67532,45.96105,3223
7.67575,45.96105,3238
7.67618,45.96105,3255
7.67661,45.96105,3276
7.67704,45.96105,3298
7.67747,45.96105,3318
7.67790,45.96105,3332
7.67833,45.96105,3338
7.67876,45.96105,3335
7.67919,45.96105,3318
7.67962,45.96105,3286
7.68004,45.96105,3252
7.68047,45.96105,3224
7.68090,45.96105,3195
7.68133,45.96105,3159
7.68176,45.96105,3119
7.68219,45.96105,3077
7.68262,45.96105,3029
7.68305,45.96105,3026
7.68348,45.96105,3018
7.68391,45.96105,3008
7.68434,45.96105,2997
7.68476,45.96105,2990
7.68519,45.96105,2986
7.68562,45.96105,2983
7.68605,45.96105,2982
7.68648,45.96105,2981
7.68691,45.96105,2980
7.68734,45.96105,2980
7.68777,45.96105,2981
7.68820,45.96105,2984
7.68863,45.96105,2986
7.68906,45.96105,2990
7.68949,45.96105,2996
7.68991,45.96105,3003
7.69034,45.96105,3010
7.66846,45.96076,3023
7.66889,45.96076,3034
7.66932,45.96076,3046
7.66974,45.96076,3058
7.67017,45.96076,3071
7.67060,45.96076,3081
7.67103,45.96076,3090
7.67146,45.96076,3098
7.67189,45.96076,3107
7.67232,45.96076,3117
7.67275,45.96076,3131
7.67318,45.96076,3149
7.67361,45.96076,3169
7.67404,45.96076,3176
7.67447,45.96076,3194
7.67489,45.96076,3220
7.67532,45.96076,3236
7.67575,45.96076,3248
7.67618,45.96076,3263
7.67661,45.96076,3282
7.67704,45.96076,3302
7.67747,45.96076,3321
7.67790,45.96076,3337
7.67833,45.96076,3344
7.67876,45.96076,3344
7.67919,45.96076,3332
7.67962,45.96076,3305
7.68004,45.96076,3271
7.68047,45.96076,3247
7.68090,45.96076,3220
7.68133,45.96076,3188
7.68176,45.96076,3149
7.68219,45.96076,3094
7.68262,45.96076,3038
7.68305,45.96076,3030
7.68348,45.96076,3022
7.68391,45.96076,3013
7.68434,45.96076,3006
7.68476,45.96076,2999
7.68519,45.96076,2992
7.68562,45.96076,2986
7.68605,45.96076,2984
7.68648,45.96076,2983
7.68691,45.96076,2983
7.68734,45.96076,2984
7.68777,45.96076,2985
7.68820,45.96076,2988
7.68863,45.96076,2991
7.68906,45.96076,2995
7.68949,45.96076,2999
7.68991,45.96076,3005
7.69034,45.96076,3011
7.66846,45.96046,3010
7.66889,45.96046,3026
7.66932,45.96046,3042
7.66974,45.96046,3058
7.67017,45.96046,3072
7.67060,45.96046,3085
7.67103,45.96046,3095
7.67146,45.96046,3104
7.67189,45.96046,3113
7.67232,45.96046,3126
7.67275,45.96046,3142
7.67318,45.96046,3162
7.67361,45.96046,3183
7.67404,45.96046,3196
7.67447,45.96046,3218
7.67489,45.96046,3234
7.67532,45.96046,3246
7.67575,45.96046,3258
7.67618,45.96046,3272
7.67661,45.96046,3289
7.67704,45.96046,3308
7.67747,45.96046,3327
7.67790,45.96046,3343
7.67833,45.96046,3354
7.67876,45.96046,3356
7.67919,45.96046,3345
7.67962,45.96046,3322
7.68004,45.96046,3291
7.68047,45.96046,3269
7.68090,45.96046,3244
7.68133,45.96046,3214
7.68176,45.96046,3175
7.68219,45.96046,3117
7.68262,45.96046,3051
7.68305,45.96046,3039
7.68348,45.96046,3027
7.68391,45.96046,3019
7.68434,45.96046,3012
7.68476,45.96046,3007
7.68519,45.96046,3001
7.68562,45.96046,2993
7.68605,45.96046,2990
7.68648,45.96046,2989
7.68691,45.96046,2989
7.68734,45.96046,2991
7.68777,45.96046,2993
7.68820,45.96046,2996
7.68863,45.96046,3000
7.68906,45.96046,3002
7.68949,45.96046,3005
7.68991,45.96046,3008
7.69034,45.96046,3013
7.66846,45.96016,2992
7.66889,45.96016,3011
7.66932,45.96016,3033
7.66974,45.96016,3053
7.67017,45.96016,3070
7.67060,45.96016,3085
7.67103,45.96016,3097
7.67146,45.96016,3109
7.67189,45.96016,3120
7.67232,45.96016,3135
7.67275,45.96016,3152
7.67318,45.96016,3174
7.67361,45.96016,3196
7.67404,45.96016,3214
7.67447,45.96016,3229
7.67489,45.96016,3241
7.67532,45.96016,3252
7.67575,45.96016,3264
7.67618,45.96016,3280
7.67661,45.96016,3297
7.67704,45.96016,3315
7.67747,45.96016,3334
7.67790,45.96016,3351
7.67833,45.96016,3363
7.67876,45.96016,3368
7.67919,45.96016,3362
7.67962,45.96016,3342
7.68004,45.96016,3314
7.68047,45.96016,3292
7.68090,45.96016,3268
7.68133,45.96016,3238
7.68176,45.96016,3200
7.68219,45.96016,3140
7.68262,45.96016,3072
7.68305,45.96016,3053
7.68348,45.96016,3034
7.68391,45.96016,3025
7.68434,45.96016,3017
7.68476,45.96016,3012
7.68519,45.96016,3008
7.68562,45.96016,3008
7.68605,45.96016,3003
7.68648,45.96016,3000
7.68691,45.96016,3000
7.68734,45.96016,3002
7.68777,45.96016,3003
7.68820,45.96016,3006
7.68863,45.96016,3009
7.68906,45.96016,3010
7.68949,45.96016,3013
7.68991,45.96016,3015
7.69034,45.96016,3018
7.66846,45.95986,2971
7.66889,45.95986,2994
7.66932,45.95986,3018
7.66974,45.95986,3041
7.67017,45.95986,3061
7.67060,45.95986,3078
7.67103,45.95986,3094
7.67146,45.95986,3110
7.67189,45.95986,3124
7.67232,45.95986,3140
7.67275,45.95986,3159
7.67318,45.95986,3181
7.67361,45.95986,3203
7.67404,45.95986,3220
7.67447,45.95986,3234
7.67489,45.95986,3245
7.67532,45.95986,3255
7.67575,45.95986,3269
7.67618,45.95986,3286
7.67661,45.95986,3305
7.67704,45.95986,3324
7.67747,45.95986,3344
7.67790,45.95986,3361
7.67833,45.95986,3372
7.67876,45.95986,3380
7.67919,45.95986,3377
7.67962,45.95986,3361
7.68004,45.95986,3337
7.68047,45.95986,3314
7.68090,45.95986,3290
7.68133,45.95986,3262
7.68176,45.95986,3225
7.68219,45.95986,3164
7.68262,45.95986,3096
7.68305,45.95986,3070
7.68348,45.95986,3042
7.68391,45.95986,3036
7.68434,45.95986,3028
7.68476,45.95986,3021
7.68519,45.95986,3018
7.68562,45.95986,3019
7.68605,45.95986,3018
7.68648,45.95986,3016
7.68691,45.95986,3014
7.68734,45.95986,3013
7.68777,45.95986,3013
7.68820,45.95986,3015
7.68863,45.95986,3017
7.68906,45.95986,3019
7.68949,45.95986,3021
7.68991,45.95986,3022
7.69034,45.95986,3025
7.66846,45.95956,2952
7.66889,45.95956,2974
7.66932,45.95956,3000
7.66974,45.95956,3025
7.67017,45.95956,3047
7.67060,45.95956,3066
7.67103,45.95956,3083
7.67146,45.95956,3103
7.67189,45.95956,3120
7.67232,45.95956,3138
7.67275,45.95956,3158
7.67318,45.95956,3180
7.67361,45.95956,3203
7.67404,45.95956,3220
7.67447,45.95956,3234
7.67489,45.95956,3248
7.67532,45.95956,3260
7.67575,45.95956,3276
7.67618,45.95956,3294
7.67661,45.95956,3314
7.67704,45.95956,3332
7.67747,45.95956,3351
7.67790,45.95956,3369
7.67833,45.95956,3380
7.67876,45.95956,3388
7.67919,45.95956,3389
7.67962,45.95956,3378
7.68004,45.95956,3357
7.68047,45.95956,3335
7.68090,45.95956,3311
7.68133,45.95956,3284
7.68176,45.95956,3250
7.68219,45.95956,3203
7.68262,45.95956,3151
7.68305,45.95956,3107
7.68348,45.95956,3064
7.68391,45.95956,3053
7.68434,45.95956,3041
7.68476,45.95956,3032
7.68519,45.95956,3027
7.68562,45.95956,3029
7.68605,45.95956,3031
7.68648,45.95956,3031
7.68691,45.95956,3028
7.68734,45.95956,3025
7.68777,45.95956,3023
7.68820,45.95956,3024
7.68863,45.95956,3025
7.68906,45.95956,3027
7.68949,45.95956,3029
7.68991,45.95956,3031
7.69034,45.95956,3033
7.66846,45.95926,2936
7.66889,45.95926,2959
7.66932,45.95926,2984
7.66974,45.95926,3008
7.67017,45.95926,3031
7.67060,45.95926,3051
7.67103,45.95926,3069
7.67146,45.95926,3089
7.67189,45.95926,3108
7.67232,45.95926,3127
7.67275,45.95926,3149
7.67318,45.95926,3173
7.67361,45.95926,3198
7.67404,45.95926,3217
7.67447,45.95926,3232
7.67489,45.95926,3249
7.67532,45.95926,3265
7.67575,45.95926,3282
7.67618,45.95926,3302
7.67661,45.95926,3321
7.67704,45.95926,3339
7.67747,45.95926,3357
7.67790,45.95926,3373
7.67833,45.95926,3386
7.67876,45.95926,3395
7.67919,45.95926,3397
7.67962,45.95926,3391
7.68004,45.95926,3376
7.68047,45.95926,3354
7.68090,45.95926,3330
7.68133,45.95926,3305
7.68176,45.95926,3276
7.68219,45.95926,3241
7.68262,45.95926,3199
7.68305,45.95926,3143
7.68348,45.95926,3082
7.68391,45.95926,3068
7.68434,45.95926,3052
7.68476,45.95926,3044
7.68519,45.95926,3043
7.68562,45.95926,3042
7.68605,45.95926,3043
7.68648,45.95926,3042
7.68691,45.95926,3038
7.68734,45.95926,3038
7.68777,45.95926,3036
7.68820,45.95926,3034
7.68863,45.95926,3033
7.68906,45.95926,3035
7.68949,45.95926,3037
7.68991,45.95926,3039
7.69034,45.95926,3041
7.66846,45.95897,2926
7.66889,45.95897,2947
7.66932,45.95897,2971
7.66974,45.95897,2994
7.67017,45.95897,3016
7.67060,45.95897,3036
7.67103,45.95897,3054
7.67146,45.95897,3073
7.67189,45.95897,3093
7.67232,45.95897,3114
7.67275,45.95897,3137
7.67318,45.95897,3162
7.67361,45.95897,3188
7.67404,45.95897,3209
7.67447,45.95897,3229
7.67489,45.95897,3248
7.67532,45.95897,3267
7.67575,45.95897,3288
7.67618,45.95897,3308
7.67661,45.95897,3326
7.67704,45.95897,3343
7.67747,45.95897,3360
7.67790,45.95897,3376
7.67833,45.95897,3390
7.67876,45.95897,3399
7.67919,45.95897,3401
7.67962,45.95897,3399
7.68004,45.95897,3390
7.68047,45.95897,3371
7.68090,45.95897,3347
7.68133,45.95897,3324
7.68176,45.95897,3300
7.68219,45.95897,3275
7.68262,45.95897,3241
7.68305,45.95897,3183
7.68348,45.95897,3115
7.68391,45.95897,3097
7.68434,45.95897,3076
7.68476,45.95897,3066
7.68519,45.95897,3056
7.68562,45.95897,3053
7.68605,45.95897,3051
7.68648,45.95897,3049
7.68691,45.95897,3049
7.68734,45.95897,3052
7.68777,45.95897,3053
7.68820,45.95897,3045
7.68863,45.95897,3042
7.68906,45.95897,3042
7.68949,45.95897,3043
7.68991,45.95897,3045
7.69034,45.95897,3048
7.66846,45.95867,2919
7.66889,45.95867,2938
7.66932,45.95867,2960
7.66974,45.95867,2983
7.67017,45.95867,3005
7.67060,45.95867,3025
7.67103,45.95867,3042
7.67146,45.95867,3060
7.67189,45.95867,3078
7.67232,45.95867,3099
7.67275,45.95867,3122
7.67318,45.95867,3148
7.67361,45.95867,3174
7.67404,45.95867,3197
7.67447,45.95867,3221
7.67489,45.95867,3247
7.67532,45.95867,3270
7.67575,45.95867,3293
7.67618,45.95867,3312
7.67661,45.95867,3329
7.67704,45.95867,3344
7.67747,45.95867,3360
7.67790,45.95867,3377
7.67833,45.95867,3392
7.67876,45.95867,3403
7.67919,45.95867,3407
7.67962,45.95867,3405
7.68004,45.95867,3401
7.68047,45.95867,3385
7.68090,45.95867,3364
7.68133,45.95867,3344
7.68176,45.95867,3324
7.68219,45.95867,3305
7.68262,45.95867,3279
7.68305,45.95867,3234
7.68348,45.95867,3186
7.68391,45.95867,3164
7.68434,45.95867,3137
7.68476,45.95867,3102
7.68519,45.95867,3071
7.68562,45.95867,3066
7.68605,45.95867,3060
7.68648,45.95867,3059
7.68691,45.95867,3062
7.68734,45.95867,3067
7.68777,45.95867,3067
7.68820,45.95867,3055
7.68863,45.95867,3053
7.68906,45.95867,3049
7.68949,45.95867,3049
7.68991,45.95867,3051
7.69034,45.95867,3054
7.66846,45.95837,2917
7.66889,45.95837,2933
7.66932,45.95837,2954
7.66974,45.95837,2976
7.67017,45.95837,2997
7.67060,45.95837,3017
7.67103,45.95837,3034
7.67146,45.95837,3050
7.67189,45.95837,3066
7.67232,45.95837,3085
7.67275,45.95837,3105
7.67318,45.95837,3130
7.67361,45.95837,3158
7.67404,45.95837,3186
7.67447,45.95837,3216
7.67489,45.95837,3241
7.67532,45.95837,3270
7.67575,45.95837,3295
7.67618,45.95837,3314
7.67661,45.95837,3330
7.67704,45.95837,3343
7.67747,45.95837,3359
7.67790,45.95837,3375
7.67833,45.95837,3390
7.67876,45.95837,3403
7.67919,45.95837,3411
7.67962,45.95837,3411
7.68004,45.95837,3410
7.68047,45.95837,3399
7.68090,45.95837,3380
7.68133,45.95837,3363
7.68176,45.95837,3346
7.68219,45.95837,3332
7.68262,45.95837,3313
7.68305,45.95837,3282
7.68348,45.95837,3248
7.68391,45.95837,3222
7.68434,45.95837,3189
7.68476,45.95837,3134
7.68519,45.95837,3080
7.68562,45.95837,3075
7.68605,45.95837,3068
7.68648,45.95837,3069
7.68691,45.95837,3068
7.68734,45.95837,3078
7.68777,45.95837,3081
7.68820,45.95837,3065
7.68863,45.95837,3064
7.68906,45.95837,3059
7.68949,45.95837,3057
7.68991,45.95837,3058
7.69034,45.95837,3060
7.66846,45.95807,2919
7.66889,45.95807,2933
7.66932,45.95807,2950
7.66974,45.95807,2970
7.67017,45.95807,2990
7.67060,45.95807,3009
7.67103,45.95807,3025
7.67146,45.95807,3041
7.67189,45.95807,3057
7.67232,45.95807,3073
7.67275,45.95807,3090
7.67318,45.95807,3111
7.67361,45.95807,3132
7.67404,45.95807,3171
7.67447,45.95807,3201
7.67489,45.95807,3231
7.67532,45.95807,3264
7.67575,45.95807,3292
7.67618,45.95807,3314
7.67661,45.95807,3329
7.67704,45.95807,3340
7.67747,45.95807,3354
7.67790,45.95807,3370
7.67833,45.95807,3385
7.67876,45.95807,3400
7.67919,45.95807,3411
7.67962,45.95807,3416
7.68004,45.95807,3416
7.68047,45.95807,3407
7.68090,45.95807,3395
7.68133,45.95807,3382
7.68176,45.95807,3366
7.68219,45.95807,3357
7.68262,45.95807,3343
7.68305,45.95807,3321
7.68348,45.95807,3296
7.68391,45.95807,3271
7.68434,45.95807,3236
7.68476,45.95807,3179
7.68519,45.95807,3123
7.68562,45.95807,3116
7.68605,45.95807,3107
7.68648,45.95807,3103
7.68691,45.95807,3098
7.68734,45.95807,3098
7.68777,45.95807,3095
7.68820,45.95807,3083
7.68863,45.95807,3079
7.68906,45.95807,3075
7.68949,45.95807,3069
7.68991,45.95807,3068
7.69034,45.95807,3070
7.66846,45.95777,2920
7.66889,45.95777,2933
7.66932,45.95777,2948
7.66974,45.95777,2965
7.67017,45.95777,2983
7.67060,45.95777,3001
7.67103,45.95777,3017
7.67146,45.95777,3031
7.67189,45.95777,3047
7.67232,45.95777,3062
7.67275,45.95777,3075
7.67318,45.95777,3092
7.67361,45.95777,3108
7.67404,45.95777,3142
7.67447,45.95777,3179
7.67489,45.95777,3220
7.67532,45.95777,3256
7.67575,45.95777,3287
7.67618,45.95777,3310
7.67661,45.95777,3325
7.67704,45.95777,3334
7.67747,45.95777,3346
7.67790,45.95777,3361
7.67833,45.95777,3377
7.67876,45.95777,3394
7.67919,45.95777,3407
7.67962,45.95777,3417
7.68004,45.95777,3419
7.68047,45.95777,3411
7.68090,45.95777,3405
7.68133,45.95777,3393
7.68176,45.95777,3384
7.68219,45.95777,3379
7.68262,45.95777,3369
7.68305,45.95777,3351
7.68348,45.95777,3330
7.68391,45.95777,3307
7.68434,45.95777,3278
7.68476,45.95777,3238
7.68519,45.95777,3199
7.68562,45.95777,3188
7.68605,45.95777,3174
7.68648,45.95777,3160
7.68691,45.95777,3147
7.68734,45.95777,3136
7.68777,45.95777,3121
7.68820,45.95777,3109
7.68863,45.95777,3100
7.68906,45.95777,3099
7.68949,45.95777,3089
7.68991,45.95777,3087
7.69034,45.95777,3087
7.66846,45.95747,2919
7.66889,45.95747,2932
7.66932,45.95747,2945
7.66974,45.95747,2960
7.67017,45.95747,2975
7.67060,45.95747,2991
7.67103,45.95747,3007
7.67146,45.95747,3022
7.67189,45.95747,3036
7.67232,45.95747,3050
7.67275,45.95747,3062
7.67318,45.95747,3075
7.67361,45.95747,3089
7.67404,45.95747,3112
7.67447,45.95747,3158
7.67489,45.95747,3204
7.67532,45.95747,3244
7.67575,45.95747,3277
7.67618,45.95747,3302
7.67661,45.95747,3317
7.67704,45.95747,3326
7.67747,45.95747,3337
7.67790,45.95747,3351
7.67833,45.95747,3366
7.67876,45.95747,3385
7.67919,45.95747,3401
7.67962,45.95747,3414
7.68004,45.95747,3419
7.68047,45.95747,3416
7.68090,45.95747,3409
7.68133,45.95747,3398
7.68176,45.95747,3399
7.68219,45.95747,3400
7.68262,45.95747,3392
7.68305,45.95747,3376
7.68348,45.95747,3359
7.68391,45.95747,3339
7.68434,45.95747,3317
7.68476,45.95747,3290
7.68519,45.95747,3265
7.68562,45.95747,3249
7.68605,45.95747,3231
7.68648,45.95747,3210
7.68691,45.95747,3191
7.68734,45.95747,3176
7.68777,45.95747,3156
7.68820,45.95747,3128
7.68863,45.95747,3116
7.68906,45.95747,3127
7.68949,45.95747,3117
7.68991,45.95747,3112
7.69034,45.95747,3112
7.66846,45.95718,2916
7.66889,45.95718,2929
7.66932,45.95718,2940
7.66974,45.95718,2952
7.67017,45.95718,2965
7.67060,45.95718,2980
7.67103,45.95718,2996
7.67146,45.95718,3011
7.67189,45.95718,3026
7.67232,45.95718,3039
7.67275,45.95718,3051
7.67318,45.95718,3062
7.67361,45.95718,3073
7.67404,45.95718,3088
7.67447,45.95718,3126
7.67489,45.95718,3177
7.67532,45.95718,3226
7.67575,45.95718,3260
7.67618,45.95718,3287
7.67661,45.95718,3306
7.67704,45.95718,3317
7.67747,45.95718,3328
7.67790,45.95718,3340
7.67833,45.95718,3355
7.67876,45.95718,3373
7.67919,45.95718,3392
7.67962,45.95718,3408
7.68004,45.95718,3419
7.68047,45.95718,3422
7.68090,45.95718,3421
7.68133,45.95718,3418
7.68176,45.95718,3410
7.68219,45.95718,3411
7.68262,45.95718,3407
7.68305,45.95718,3394
7.68348,45.95718,3379
7.68391,45.95718,3365
7.68434,45.95718,3349
7.68476,45.95718,3329
7.68519,45.95718,3311
7.68562,45.95718,3292
7.68605,45.95718,3273
7.68648,45.95718,3251
7.68691,45.95718,3231
7.68734,45.95718,3215
7.68777,45.95718,3194
7.68820,45.95718,3166
7.68863,45.95718,3151
7.68906,45.95718,3155
7.68949,45.95718,3145
7.68991,45.95718,3139
7.69034,45.95718,3137
7.66846,45.95688,2912
7.66889,45.95688,2923
7.66932,45.95688,2933
7.66974,45.95688,2944
7.67017,45.95688,2956
7.67060,45.95688,2969
7.67103,45.95688,2984
7.67146,45.95688,2999
7.67189,45.95688,3014
7.67232,45.95688,3028
7.67275,45.95688,3040
7.67318,45.95688,3052
7.67361,45.95688,3062
7.67404,45.95688,3072
7.67447,45.95688,3097
7.67489,45.95688,3139
7.67532,45.95688,3191
7.67575,45.95688,3229
7.67618,45.95688,3263
7.67661,45.95688,3287
7.67704,45.95688,3303
7.67747,45.95688,3317
7.67790,45.95688,3328
7.67833,45.95688,3343
7.67876,45.95688,3360
7.67919,45.95688,3379
7.67962,45.95688,3396
7.68004,45.95688,3411
7.68047,45.95688,3422
7.68090,45.95688,3424
7.68133,45.95688,3425
7.68176,45.95688,3416
7.68219,45.95688,3418
7.68262,45.95688,3415
7.68305,45.95688,3405
7.68348,45.95688,3394
7.68391,45.95688,3386
7.68434,45.95688,3376
7.68476,45.95688,3360
7.68519,45.95688,3343
7.68562,45.95688,3323
7.68605,45.95688,3304
7.68648,45.95688,3285
7.68691,45.95688,3269
7.68734,45.95688,3254
7.68777,45.95688,3235
7.68820,45.95688,3210
7.68863,45.95688,3191
7.68906,45.95688,3179
7.68949,45.95688,3171
7.68991,45.95688,3166
7.69034,45.95688,3164
7.66846,45.95658,2907
7.66889,45.95658,2917
7.66932,45.95658,2926
7.66974,45.95658,2936
7.67017,45.95658,2947
7.67060,45.95658,2959
7.67103,45.95658,2972
7.67146,45.95658,2986
7.67189,45.95658,3001
7.67232,45.95658,3016
7.67275,45.95658,3028
7.67318,45.95658,3041
7.67361,45.95658,3050
7.67404,45.95658,3057
7.67447,45.95658,3074
7.67489,45.95658,3115
7.67532,45.95658,3167
7.67575,45.95658,3211
7.67618,45.95658,3232
7.67661,45.95658,3261
7.67704,45.95658,3283
7.67747,45.95658,3300
7.67790,45.95658,3313
7.67833,45.95658,3327
7.67876,45.95658,3343
7.67919,45.95658,3361
7.67962,45.95658,3379
7.68004,45.95658,3396
7.68047,45.95658,3409
7.68090,45.95658,3415
7.68133,45.95658,3417
7.68176,45.95658,3412
7.68219,45.95658,3415
7.68262,45.95658,3416
7.68305,45.95658,3409
7.68348,45.95658,3403
7.68391,45.95658,3400
7.68434,45.95658,3395
7.68476,45.95658,3383
7.68519,45.95658,3368
7.68562,45.95658,3348
7.68605,45.95658,3330
7.68648,45.95658,3315
7.68691,45.95658,3300
7.68734,45.95658,3287
7.68777,45.95658,3270
7.68820,45.95658,3248
7.68863,45.95658,3227
7.68906,45.95658,3204
7.68949,45.95658,3201
7.68991,45.95658,3198
7.69034,45.95658,3196
7.66846,45.95628,2901
7.66889,45.95628,2912
7.66932,45.95628,2919
7.66974,45.95628,2928
7.67017,45.95628,2939
7.67060,45.95628,2950
7.67103,45.95628,2962
7.67146,45.95628,2974
7.67189,45.95628,2989
7.67232,45.95628,3003
7.67275,45.95628,3016
7.67318,45.95628,3028
7.67361,45.95628,3038
7.67404,45.95628,3045
7.67447,45.95628,3057
7.67489,45.95628,3078
7.67532,45.95628,3131
7.67575,45.95628,3172
7.67618,45.95628,3196
7.67661,45.95628,3228
7.67704,45.95628,3254
7.67747,45.95628,3272
7.67790,45.95628,3286
7.67833,45.95628,3299
7.67876,45.95628,3317
7.67919,45.95628,3338
7.67962,45.95628,3355
7.68004,45.95628,3371
7.68047,45.95628,3386
7.68090,45.95628,3392
7.68133,45.95628,3396
7.68176,45.95628,3398
7.68219,45.95628,3403
7.68262,45.95628,3404
7.68305,45.95628,3401
7.68348,45.95628,3397
7.68391,45.95628,3398
7.68434,45.95628,3397
7.68476,45.95628,3391
7.68519,45.95628,3381
7.68562,45.95628,3364
7.68605,45.95628,3347
7.68648,45.95628,3333
7.68691,45.95628,3320
7.68734,45.95628,3306
7.68777,45.95628,3291
7.68820,45.95628,3274
7.68863,45.95628,3256
7.68906,45.95628,3238
7.68949,45.95628,3235
7.68991,45.95628,3234
7.69034,45.95628,3232
7.66846,45.95598,2893
7.66889,45.95598,2904
7.66932,45.95598,2913
7.66974,45.95598,2920
7.67017,45.95598,2929
7.67060,45.95598,2940
7.67103,45.95598,2951
7.67146,45.95598,2963
7.67189,45.95598,2976
7.67232,45.95598,2988
7.67275,45.95598,3002
7.67318,45.95598,3014
7.67361,45.95598,3026
7.67404,45.95598,3035
7.67447,45.95598,3044
7.67489,45.95598,3062
7.67532,45.95598,3093
7.67575,45.95598,3126
7.67618,45.95598,3160
7.67661,45.95598,3192
7.67704,45.95598,3226
7.67747,45.95598,3233
7.67790,45.95598,3246
7.67833,45.95598,3259
7.67876,45.95598,3278
7.67919,45.95598,3298
7.67962,45.95598,3314
7.68004,45.95598,3329
7.68047,45.95598,3345
7.68090,45.95598,3354
7.68133,45.95598,3364
7.68176,45.95598,3374
7.68219,45.95598,3380
7.68262,45.95598,3384
7.68305,45.95598,3384
7.68348,45.95598,3384
7.68391,45.95598,3386
7.68434,45.95598,3388
7.68476,45.95598,3390
7.68519,45.95598,3387
7.68562,45.95598,3374
7.68605,45.95598,3360
7.68648,45.95598,3346
7.68691,45.95598,3332
7.68734,45.95598,3318
7.68777,45.95598,3305
7.68820,45.95598,3294
7.68863,45.95598,3283
7.68906,45.95598,3274
7.68949,45.95598,3267
7.68991,45.95598,3265
7.69034,45.95598,3265
7.66846,45.95568,2883
7.66889,45.95568,2896
7.66932,45.95568,2904
7.66974,45.95568,2913
7.67017,45.95568,2921
7.67060,45.95568,2930
7.67103,45.95568,2940
7.67146,45.95568,2951
7.67189,45.95568,2961
7.67232,45.95568,2973
7.67275,45.95568,2986
7.67318,45.95568,3000
7.67361,45.95568,3012
7.67404,45.95568,3024
7.67447,45.95568,3034
7.67489,45.95568,3049
7.67532,45.95568,3072
7.67575,45.95568,3100
7.67618,45.95568,3128
7.67661,45.95568,3149
7.67704,45.95568,3175
7.67747,45.95568,3191
7.67790,45.95568,3203
7.67833,45.95568,3214
7.67876,45.95568,3227
7.67919,45.95568,3241
7.67962,45.95568,3257
7.68004,45.95568,3276
7.68047,45.95568,3289
7.68090,45.95568,3307
7.68133,45.95568,3328
7.68176,45.95568,3343
7.68219,45.95568,3352
7.68262,45.95568,3359
7.68305,45.95568,3362
7.68348,45.95568,3366
7.68391,45.95568,3369
7.68434,45.95568,3374
7.68476,45.95568,3381
7.68519,45.95568,3383
7.68562,45.95568,3373
7.68605,45.95568,3362
7.68648,45.95568,3350
7.68691,45.95568,3337
7.68734,45.95568,3324
7.68777,45.95568,3315
7.68820,45.95568,3303
7.68863,45.95568,3300
7.68906,45.95568,3303
7.68949,45.95568,3295
7.68991,45.95568,3291
7.69034,45.95568,3292
7.66846,45.95539,2870
7.66889,45.95539,2884
7.66932,45.95539,2894
7.66974,45.95539,2903
7.67017,45.95539,2912
7.67060,45.95539,2921
7.67103,45.95539,2930
7.67146,45.95539,2939
7.67189,45.95539,2947
7.67232,45.95539,2958
7.67275,45.95539,2971
7.67318,45.95539,2984
7.67361,45.95539,2998
7.67404,45.95539,3011
7.67447,45.95539,3023
7.67489,45.95539,3037
7.67532,45.95539,3055
7.67575,45.95539,3076
7.67618,45.95539,3099
7.67661,45.95539,3116
7.67704,45.95539,3138
7.67747,45.95539,3151
7.67790,45.95539,3161
7.67833,45.95539,3169
7.67876,45.95539,3178
7.67919,45.95539,3194
7.67962,45.95539,3206
7.68004,45.95539,3221
7.68047,45.95539,3236
7.68090,45.95539,3261
7.68133,45.95539,3286
7.68176,45.95539,3304
7.68219,45.95539,3316
7.68262,45.95539,3325
7.68305,45.95539,3331
7.68348,45.95539,3337
7.68391,45.95539,3344
7.68434,45.95539,3350
7.68476,45.95539,3358
7.68519,45.95539,3362
7.68562,45.95539,3356
7.68605,45.95539,3349
7.68648,45.95539,3340
7.68691,45.95539,3330
7.68734,45.95539,3321
7.68777,45.95539,3316
7.68820,45.95539,3306
7.68863,45.95539,3310
7.68906,45.95539,3323
7.68949,45.95539,3316
7.68991,45.95539,3313
7.69034,45.95539,3312
7.66846,45.95509,2857
7.66889,45.95509,2871
7.66932,45.95509,2881
7.66974,45.95509,2892
7.67017,45.95509,2901
7.67060,45.95509,2910
7.67103,45.95509,2919
7.67146,45.95509,2927
7.67189,45.95509,2933
7.67232,45.95509,2943
7.67275,45.95509,2955
7.67318,45.95509,2970
7.67361,45.95509,2984
7.67404,45.95509,2998
7.67447,45.95509,3012
7.67489,45.95509,3025
7.67532,45.95509,3040
7.67575,45.95509,3056
7.67618,45.95509,3073
7.67661,45.95509,3091
7.67704,45.95509,3105
7.67747,45.95509,3116
7.67790,45.95509,3123
7.67833,45.95509,3130
7.67876,45.95509,3137
7.67919,45.95509,3170
7.67962,45.95509,3172
7.68004,45.95509,3178
7.68047,45.95509,3204
7.68090,45.95509,3222
7.68133,45.95509,3244
7.68176,45.95509,3263
7.68219,45.95509,3276
7.68262,45.95509,3287
7.68305,45.95509,3296
7.68348,45.95509,3304
7.68391,45.95509,3313
7.68434,45.95509,3322
7.68476,45.95509,3329
7.68519,45.95509,3334
7.68562,45.95509,3332
7.68605,45.95509,3328
7.68648,45.95509,3322
7.68691,45.95509,3317
7.68734,45.95509,3312
7.68777,45.95509,3311
7.68820,45.95509,3307
7.68863,45.95509,3316
7.68906,45.95509,3332
7.68949,45.95509,3327
7.68991,45.95509,3325
7.69034,45.95509,3326
7.66846,45.95479,2848
7.66889,45.95479,2860
7.66932,45.95479,2870
7.66974,45.95479,2880
7.67017,45.95479,2890
7.67060,45.95479,2899
7.67103,45.95479,2908
7.67146,45.95479,2916
7.67189,45.95479,2922
7.67232,45.95479,2930
7.67275,45.95479,2942
7.67318,45.95479,2956
7.67361,45.95479,2971
7.67404,45.95479,2986
7.67447,45.95479,3000
7.67489,45.95479,3013
7.67532,45.95479,3026
7.67575,45.95479,3039
7.67618,45.95479,3052
7.67661,45.95479,3066
7.67704,45.95479,3079
7.67747,45.95479,3088
7.67790,45.95479,3094
7.67833,45.95479,3099
7.67876,45.95479,3102
7.67919,45.95479,3112
7.67962,45.95479,3116
7.68004,45.95479,3137
7.68047,45.95479,3151
7.68090,45.95479,3177
7.68133,45.95479,3200
7.68176,45.95479,3216
7.68219,45.95479,3230
7.68262,45.95479,3243
7.68305,45.95479,3257
7.68348,45.95479,3270
7.68391,45.95479,3280
7.68434,45.95479,3290
7.68476,45.95479,3298
7.68519,45.95479,3303
7.68562,45.95479,3304
7.68605,45.95479,3303
7.68648,45.95479,3300
7.68691,45.95479,3298
7.68734,45.95479,3296
7.68777,45.95479,3298
7.68820,45.95479,3296
7.68863,45.95479,3302
7.68906,45.95479,3322
7.68949,45.95479,3322
7.68991,45.95479,3324
7.69034,45.95479,3326
7.66846,45.95449,2842
7.66889,45.95449,2853
7.66932,45.95449,2862
7.66974,45.95449,2871
7.67017,45.95449,2879
7.67060,45.95449,2889
7.67103,45.95449,2897
7.67146,45.95449,2905
7.67189,45.95449,2911
7.67232,45.95449,2917
7.67275,45.95449,2928
7.67318,45.95449,2942
7.67361,45.95449,2957
7.67404,45.95449,2973
7.67447,45.95449,2987
7.67489,45.95449,3000
7.67532,45.95449,3011
7.67575,45.95449,3022
7.67618,45.95449,3033
7.67661,45.95449,3044
7.67704,45.95449,3056
7.67747,45.95449,3066
7.67790,45.95449,3071
7.67833,45.95449,3075
7.67876,45.95449,3077
7.67919,45.95449,3080
7.67962,45.95449,3088
7.68004,45.95449,3097
7.68047,45.95449,3113
7.68090,45.95449,3137
7.68133,45.95449,3154
7.68176,45.95449,3159
7.68219,45.95449,3176
7.68262,45.95449,3192
7.68305,45.95449,3212
7.68348,45.95449,3230
7.68391,45.95449,3244
7.68434,45.95449,3253
7.68476,45.95449,3261
7.68519,45.95449,3267
7.68562,45.95449,3270
7.68605,45.95449,3271
7.68648,45.95449,3271
7.68691,45.95449,3271
7.68734,45.95449,3272
7.68777,45.95449,3274
7.68820,45.95449,3274
7.68863,45.95449,3279
7.68906,45.95449,3292
7.68949,45.95449,3298
7.68991,45.95449,3306
7.69034,45.95449,3309
7.66846,45.95419,2841
7.66889,45.95419,2850
7.66932,45.95419,2858
7.66974,45.95419,2865
7.67017,45.95419,2872
7.67060,45.95419,2880
7.67103,45.95419,2888
7.67146,45.95419,2895
7.67189,45.95419,2900
7.67232,45.95419,2905
7.67275,45.95419,2915
7.67318,45.95419,2928
7.67361,45.95419,2943
7.67404,45.95419,2958
7.67447,45.95419,2971
7.67489,45.95419,2985
7.67532,45.95419,2996
7.67575,45.95419,3005
7.67618,45.95419,3013
7.67661,45.95419,3023
7.67704,45.95419,3033
7.67747,45.95419,3043
7.67790,45.95419,3049
7.67833,45.95419,3053
7.67876,45.95419,3057
7.67919,45.95419,3064
7.67962,45.95419,3069
7.68004,45.95419,3080
7.68047,45.95419,3093
7.68090,45.95419,3109
7.68133,45.95419,3107
7.68176,45.95419,3102
7.68219,45.95419,3114
7.68262,45.95419,3141
7.68305,45.95419,3165
7.68348,45.95419,3189
7.68391,45.95419,3208
7.68434,45.95419,3216
7.68476,45.95419,3223
7.68519,45.95419,3229
7.68562,45.95419,3233
7.68605,45.95419,3236
7.68648,45.95419,3237
7.68691,45.95419,3239
7.68734,45.95419,3242
7.68777,45.95419,3245
7.68820,45.95419,3245
7.68863,45.95419,3244
7.68906,45.95419,3252
7.68949,45.95419,3263
7.68991,45.95419,3271
7.69034,45.95419,3270
7.66846,45.95389,2841
7.66889,45.95389,2850
7.66932,45.95389,2857
7.66974,45.95389,2862
7.67017,45.95389,2867
7.67060,45.95389,2873
7.67103,45.95389,2879
7.67146,45.95389,2885
7.67189,45.95389,2891
7.67232,45.95389,2895
7.67275,45.95389,2903
7.67318,45.95389,2915
7.67361,45.95389,2929
7.67404,45.95389,2943
7.67447,45.95389,2956
7.67489,45.95389,2969
7.67532,45.95389,2980
7.67575,45.95389,2988
7.67618,45.95389,2995
7.67661,45.95389,3003
7.67704,45.95389,3011
7.67747,45.95389,3018
7.67790,45.95389,3024
7.67833,45.95389,3030
7.67876,45.95389,3036
7.67919,45.95389,3041
7.67962,45.95389,3050
7.68004,45.95389,3059
7.68047,45.95389,3071
7.68090,45.95389,3083
7.68133,45.95389,3077
7.68176,45.95389,3072
7.68219,45.95389,3077
7.68262,45.95389,3101
7.68305,45.95389,3127
7.68348,45.95389,3151
7.68391,45.95389,3172
7.68434,45.95389,3180
7.68476,45.95389,3182
7.68519,45.95389,3187
7.68562,45.95389,3190
7.68605,45.95389,3196
7.68648,45.95389,3203
7.68691,45.95389,3207
7.68734,45.95389,3210
7.68777,45.95389,3214
7.68820,45.95389,3210
7.68863,45.95389,3208
7.68906,45.95389,3210
7.68949,45.95389,3219
7.68991,45.95389,3227
7.69034,45.95389,3227
7.66846,45.95360,2843
7.66889,45.95360,2851
7.66932,45.95360,2857
7.66974,45.95360,2861
7.67017,45.95360,2864
7.67060,45.95360,2867
7.67103,45.95360,2871
7.67146,45.95360,2876
7.67189,45.95360,2882
7.67232,45.95360,2887
7.67275,45.95360,2893
7.67318,45.95360,2902
7.67361,45.95360,2914
7.67404,45.95360,2928
7.67447,45.95360,2942
7.67489,45.95360,2954
7.67532,45.95360,2965
7.67575,45.95360,2971
7.67618,45.95360,2978
7.67661,45.95360,2985
7.67704,45.95360,2990
7.67747,45.95360,2995
7.67790,45.95360,3001
7.67833,45.95360,3007
7.67876,45.95360,3014
7.67919,45.95360,3020
7.67962,45.95360,3030
7.68004,45.95360,3039
7.68047,45.95360,3050
7.68090,45.95360,3062
7.68133,45.95360,3063
7.68176,45.95360,3059
7.68219,45.95360,3065
7.68262,45.95360,3080
7.68305,45.95360,3101
7.68348,45.95360,3115
7.68391,45.95360,3137
7.68434,45.95360,3147
7.68476,45.95360,3131
7.68519,45.95360,3132
7.68562,45.95360,3135
7.68605,45.95360,3144
7.68648,45.95360,3170
7.68691,45.95360,3179
7.68734,45.95360,3182
7.68777,45.95360,3182
7.68820,45.95360,3175
7.68863,45.95360,3173
7.68906,45.95360,3172
7.68949,45.95360,3177
7.68991,45.95360,3184
7.69034,45.95360,3187
7.66846,45.95330,2842
7.66889,45.95330,2850
7.66932,45.95330,2855
7.66974,45.95330,2858
7.67017,45.95330,2860
7.67060,45.95330,2861
7.67103,45.95330,2863
7.67146,45.95330,2868
7.67189,45.95330,2873
7.67232,45.95330,2877
7.67275,45.95330,2883
7.67318,45.95330,2891
7.67361,45.95330,2902
7.67404,45.95330,2914
7.67447,45.95330,2927
7.67489,45.95330,2940
7.67532,45.95330,2949
7.67575,45.95330,2956
7.67618,45.95330,2963
7.67661,45.95330,2968
7.67704,45.95330,2971
7.67747,45.95330,2974
7.67790,45.95330,2978
7.67833,45.95330,2984
7.67876,45.95330,2991
7.67919,45.95330,3000
7.67962,45.95330,3009
7.68004,45.95330,3020
7.68047,45.95330,3030
7.68090,45.95330,3041
7.68133,45.95330,3042
7.68176,45.95330,3048
7.68219,45.95330,3057
7.68262,45.95330,3068
7.68305,45.95330,3079
7.68348,45.95330,3085
7.68391,45.95330,3099
7.68434,45.95330,3118
7.68476,45.95330,3110
7.68519,45.95330,3110
7.68562,45.95330,3112
7.68605,45.95330,3119
7.68648,45.95330,3141
7.68691,45.95330,3149
7.68734,45.95330,3144
7.68777,45.95330,3145
7.68820,45.95330,3140
7.68863,45.95330,3139
7.68906,45.95330,3142
7.68949,45.95330,3147
7.68991,45.95330,3151
7.69034,45.95330,3155
7.66846,45.95300,2838
7.66889,45.95300,2845
7.66932,45.95300,2850
7.66974,45.95300,2852
7.67017,45.95300,2853
7.67060,45.95300,2854
7.67103,45.95300,2855
7.67146,45.95300,2859
7.67189,45.95300,2864
7.67232,45.95300,2868
7.67275,45.95300,2873
7.67318,45.95300,2880
7.67361,45.95300,2889
7.67404,45.95300,2900
7.67447,45.95300,2912
7.67489,45.95300,2924
7.67532,45.95300,2934
7.67575,45.95300,2942
7.67618,45.95300,2948
7.67661,45.95300,2952
7.67704,45.95300,2954
7.67747,45.95300,2955
7.67790,45.95300,2958
7.67833,45.95300,2963
7.67876,45.95300,2972
7.67919,45.95300,2981
7.67962,45.95300,2991
7.68004,45.95300,3003
7.68047,45.95300,3013
7.68090,45.95300,3023
7.68133,45.95300,3031
7.68176,45.95300,3040
7.68219,45.95300,3048
7.68262,45.95300,3055
7.68305,45.95300,3060
7.68348,45.95300,3063
7.68391,45.95300,3072
7.68434,45.95300,3091
7.68476,45.95300,3098
7.68519,45.95300,3101
7.68562,45.95300,3105
7.68605,45.95300,3109
7.68648,45.95300,3120
7.68691,45.95300,3106
7.68734,45.95300,3103
7.68777,45.95300,3110
7.68820,45.95300,3115
7.68863,45.95300,3119
7.68906,45.95300,3124
7.68949,45.95300,3128
7.68991,45.95300,3131
7.69034,45.95300,3134
7.66846,45.95270,2833
7.66889,45.95270,2839
7.66932,45.95270,2843
7.66974,45.95270,2845
7.67017,45.95270,2845
7.67060,45.95270,2845
7.67103,45.95270,2846
7.67146,45.95270,2849
7.67189,45.95270,2853
7.67232,45.95270,2858
7.67275,45.95270,2863
7.67318,45.95270,2869
7.67361,45.95270,2878
7.67404,45.95270,2887
7.67447,45.95270,2898
7.67489,45.95270,2910
7.67532,45.95270,2920
7.67575,45.95270,2928
7.67618,45.95270,2934
7.67661,45.95270,2937
7.67704,45.95270,2939
7.67747,45.95270,2940
7.67790,45.95270,2942
7.67833,45.95270,2947
7.67876,45.95270,2956
7.67919,45.95270,2967
7.67962,45.95270,2978
7.68004,45.95270,2990
7.68047,45.95270,3000
7.68090,45.95270,3011
7.68133,45.95270,3019
7.68176,45.95270,3026
7.68219,45.95270,3033
7.68262,45.95270,3038
7.68305,45.95270,3041
7.68348,45.95270,3043
7.68391,45.95270,3049
7.68434,45.95270,3061
7.68476,45.95270,3070
7.68519,45.95270,3075
7.68562,45.95270,3081
7.68605,45.95270,3086
7.68648,45.95270,3094
7.68691,45.95270,3085
7.68734,45.95270,3090
7.68777,45.95270,3096
7.68820,45.95270,3103
7.68863,45.95270,3108
7.68906,45.95270,3113
7.68949,45.95270,3117
7.68991,45.95270,3119
7.69034,45.95270,3119
7.66846,45.95240,2826
7.66889,45.95240,2831
7.66932,45.95240,2835
7.66974,45.95240,2837
7.67017,45.95240,2837
7.67060,45.95240,2837
7.67103,45.95240,2838
7.67146,45.95240,2840
7.67189,45.95240,2843
7.67232,45.95240,2847
7.67275,45.95240,2851
7.67318,45.95240,2858
7.67361,45.95240,2865
7.67404,45.95240,2875
7.67447,45.95240,2886
7.67489,45.95240,2896
7.67532,45.95240,2907
7.67575,45.95240,2915
7.67618,45.95240,2921
7.67661,45.95240,2924
7.67704,45.95240,2927
7.67747,45.95240,2928
7.67790,45.95240,2930
7.67833,45.95240,2936
7.67876,45.95240,2945
7.67919,45.95240,2956
7.67962,45.95240,2969
7.68004,45.95240,2981
7.68047,45.95240,2993
7.68090,45.95240,3003
7.68133,45.95240,3011
7.68176,45.95240,3015
7.68219,45.95240,3019
7.68262,45.95240,3021
7.68305,45.95240,3023
7.68348,45.95240,3024
7.68391,45.95240,3026
7.68434,45.95240,3031
7.68476,45.95240,3037
7.68519,45.95240,3044
7.68562,45.95240,3052
7.68605,45.95240,3060
7.68648,45.95240,3069
7.68691,45.95240,3078
7.68734,45.95240,3085
7.68777,45.95240,3091
7.68820,45.95240,3096
7.68863,45.95240,3100
7.68906,45.95240,3104
7.68949,45.95240,3107
7.68991,45.95240,3108
7.69034,45.95240,3107
7.66846,45.95210,2820
7.66889,45.95210,2825
7.66932,45.95210,2828
7.66974,45.95210,2831
7.67017,45.95210,2831
7.67060,45.95210,2831
7.67103,45.95210,2832
7.67146,45.95210,2832
7.67189,45.95210,2834
7.67232,45.95210,2836
7.67275,45.95210,2841
7.67318,45.95210,2847
7.67361,45.95210,2854
7.67404,45.95210,2863
7.67447,45.95210,2874
7.67489,45.95210,2885
7.67532,45.95210,2896
7.67575,45.95210,2904
7.67618,45.95210,2910
7.67661,45.95210,2913
7.67704,45.95210,2916
7.67747,45.95210,2918
7.67790,45.95210,2922
7.67833,45.95210,2929
7.67876,45.95210,2938
7.67919,45.95210,2950
7.67962,45.95210,2963
7.68004,45.95210,2976
7.68047,45.95210,2988
7.68090,45.95210,2998
7.68133,45.95210,3004
7.68176,45.95210,3007
7.68219,45.95210,3008
7.68262,45.95210,3008
7.68305,45.95210,3009
7.68348,45.95210,3009
7.68391,45.95210,3013
7.68434,45.95210,3019
7.68476,45.95210,3028
7.68519,45.95210,3037
7.68562,45.95210,3047
7.68605,45.95210,3057
7.68648,45.95210,3067
7.68691,45.95210,3077
7.68734,45.95210,3084
7.68777,45.95210,3089
7.68820,45.95210,3092
7.68863,45.95210,3095
7.68906,45.95210,3097
7.68949,45.95210,3098
7.68991,45.95210,3098
7.69034,45.95210,3096
7.66846,45.95181,2815
7.66889,45.95181,2820
7.66932,45.95181,2823
7.66974,45.95181,2825
7.67017,45.95181,2826
7.67060,45.95181,2826
7.67103,45.95181,2826
7.67146,45.95181,2826
7.67189,45.95181,2826
7.67232,45.95181,2828
7.67275,45.95181,2831
7.67318,45.95181,2837
7.67361,45.95181,2845
7.67404,45.95181,2854
7.67447,45.95181,2864
7.67489,45.95181,2874
7.67532,45.95181,2884
7.67575,45.95181,2892
7.67618,45.95181,2899
7.67661,45.95181,2903
7.67704,45.95181,2907
7.67747,45.95181,2910
7.67790,45.95181,2915
7.67833,45.95181,2923
7.67876,45.95181,2932
7.67919,45.95181,2944
7.67962,45.95181,2958
7.68004,45.95181,2972
7.68047,45.95181,2985
7.68090,45.95181,2993
7.68133,45.95181,2998
7.68176,45.95181,3000
7.68219,45.95181,2999
7.68262,45.95181,2999
7.68305,45.95181,2998
7.68348,45.95181,2998
7.68391,45.95181,3001
7.68434,45.95181,3008
7.68476,45.95181,3019
7.68519,45.95181,3032
7.68562,45.95181,3045
7.68605,45.95181,3058
7.68648,45.95181,3069
7.68691,45.95181,3078
7.68734,45.95181,3085
7.68777,45.95181,3088
7.68820,45.95181,3090
7.68863,45.95181,3091
7.68906,45.95181,3090
7.68949,45.95181,3090
7.68991,45.95181,3088
7.69034,45.95181,3085
7.66846,45.95151,2808
7.66889,45.95151,2814
7.66932,45.95151,2818
7.66974,45.95151,2820
7.67017,45.95151,2821
7.67060,45.95151,2821
7.67103,45.95151,2820
7.67146,45.95151,2819
7.67189,45.95151,2820
7.67232,45.95151,2821
7.67275,45.95151,2824
7.67318,45.95151,2830
7.67361,45.95151,2837
7.67404,45.95151,2846
7.67447,45.95151,2856
7.67489,45.95151,2865
7.67532,45.95151,2873
7.67575,45.95151,2881
7.67618,45.95151,2888
7.67661,45.95151,2893
7.67704,45.95151,2898
7.67747,45.95151,2903
7.67790,45.95151,2908
7.67833,45.95151,2916
7.67876,45.95151,2925
7.67919,45.95151,2937
7.67962,45.95151,2951
7.68004,45.95151,2966
7.68047,45.95151,2978
7.68090,45.95151,2987
7.68133,45.95151,2991
7.68176,45.95151,2992
7.68219,45.95151,2992
7.68262,45.95151,2991
7.68305,45.95151,2991
7.68348,45.95151,2990
7.68391,45.95151,2992
7.68434,45.95151,2999
7.68476,45.95151,3011
7.68519,45.95151,3025
7.68562,45.95151,3042
7.68605,45.95151,3057
7.68648,45.95151,3069
7.68691,45.95151,3079
7.68734,45.95151,3084
7.68777,45.95151,3086
7.68820,45.95151,3087
7.68863,45.95151,3086
7.68906,45.95151,3083
7.68949,45.95151,3080
7.68991,45.95151,3075
7.69034,45.95151,3071
7.66846,45.95121,2803
7.66889,45.95121,2809
7.66932,45.95121,2812
7.66974,45.95121,2814
7.67017,45.95121,2814
7.67060,45.95121,2814
7.67103,45.95121,2814
7.67146,45.95121,2814
7.67189,45.95121,2814
7.67232,45.95121,2816
7.67275,45.95121,2819
7.67318,45.95121,2824
7.67361,45.95121,2831
7.67404,45.95121,2841
7.67447,45.95121,2850
7.67489,45.95121,2857
7.67532,45.95121,2864
7.67575,45.95121,2871
7.67618,45.95121,2878
7.67661,45.95121,2884
7.67704,45.95121,2890
7.67747,45.95121,2896
7.67790,45.95121,2902
7.67833,45.95121,2908
7.67876,45.95121,2917
7.67919,45.95121,2928
7.67962,45.95121,2941
7.68004,45.95121,2955
7.68047,45.95121,2968
7.68090,45.95121,2978
7.68133,45.95121,2982
7.68176,45.95121,2985
7.68219,45.95121,2985
7.68262,45.95121,2985
7.68305,45.95121,2985
7.68348,45.95121,2984
7.68391,45.95121,2984
7.68434,45.95121,2993
7.68476,45.95121,3003
7.68519,45.95121,3019
7.68562,45.95121,3037
7.68605,45.95121,3054
7.68648,45.95121,3068
7.68691,45.95121,3076
7.68734,45.95121,3081
7.68777,45.95121,3083
7.68820,45.95121,3082
7.68863,45.95121,3079
7.68906,45.95121,3075
7.68949,45.95121,3069
7.68991,45.95121,3063
7.69034,45.95121,3058
7.62451,45.95115,2455
7.62494,45.95115,2449
7.62537,45.95115,2445
7.62580,45.95115,2443
7.62623,45.95115,2442
7.62666,45.95115,2445
7.62709,45.95115,2453
7.62752,45.95115,2464
7.62794,45.95115,2475
7.62837,45.95115,2484
7.62880,45.95115,2488
7.62923,45.95115,2488
7.62966,45.95115,2487
7.63009,45.95115,2485
7.63052,45.95115,2482
7.63095,45.95115,2480
7.63138,45.95115,2477
7.63181,45.95115,2475
7.63224,45.95115,2471
7.63267,45.95115,2465
7.63309,45.95115,2456
7.63352,45.95115,2444
7.63395,45.95115,2432
7.63438,45.95115,2419
7.63481,45.95115,2408
7.63524,45.95115,2399
7.63567,45.95115,2391
7.63610,45.95115,2383
7.63653,45.95115,2375
7.63696,45.95115,2370
7.63739,45.95115,2365
7.63782,45.95115,2360
7.63824,45.95115,2356
7.63867,45.95115,2349
7.63910,45.95115,2343
7.63953,45.95115,2334
7.63996,45.95115,2323
7.64039,45.95115,2312
7.64082,45.95115,2300
7.64125,45.95115,2289
7.64168,45.95115,2279
7.64211,45.95115,2273
7.64254,45.95115,2271
7.64297,45.95115,2271
7.64339,45.95115,2272
7.64382,45.95115,2277
7.64425,45.95115,2284
7.64468,45.95115,2290
7.64511,45.95115,2295
7.64554,45.95115,2301
7.64597,45.95115,2307
7.64640,45.95115,2313
7.62451,45.95085,2457
7.62494,45.95085,2450
7.62537,45.95085,2445
7.62580,45.95085,2442
7.62623,45.95085,2440
7.62666,45.95085,2442
7.62709,45.95085,2449
7.62752,45.95085,2459
7.62794,45.95085,2468
7.62837,45.95085,2475
7.62880,45.95085,2477
7.62923,45.95085,2476
7.62966,45.95085,2474
7.63009,45.95085,2471
7.63052,45.95085,2469
7.63095,45.95085,2468
7.63138,45.95085,2466
7.63181,45.95085,2464
7.63224,45.95085,2460
7.63267,45.95085,2453
7.63309,45.95085,2442
7.63352,45.95085,2430
7.63395,45.95085,2417
7.63438,45.95085,2404
7.63481,45.95085,2393
7.63524,45.95085,2383
7.63567,45.95085,2373
7.63610,45.95085,2361
7.63653,45.95085,2349
7.63696,45.95085,2344
7.63739,45.95085,2342
7.63782,45.95085,2339
7.63824,45.95085,2337
7.63867,45.95085,2331
7.63910,45.95085,2324
7.63953,45.95085,2314
7.63996,45.95085,2300
7.64039,45.95085,2287
7.64082,45.95085,2277
7.64125,45.95085,2268
7.64168,45.95085,2263
7.64211,45.95085,2261
7.64254,45.95085,2262
7.64297,45.95085,2264
7.64339,45.95085,2268
7.64382,45.95085,2275
7.64425,45.95085,2284
7.64468,45.95085,2293
7.64511,45.95085,2299
7.64554,45.95085,2306
7.64597,45.95085,2313
7.64640,45.95085,2320
7.62451,45.95055,2461
7.62494,45.95055,2454
7.62537,45.95055,2448
7.62580,45.95055,2443
7.62623,45.95055,2439
7.62666,45.95055,2440
7.62709,45.95055,2445
7.62752,45.95055,2452
7.62794,45.95055,2459
7.62837,45.95055,2464
7.62880,45.95055,2464
7.62923,45.95055,2463
7.62966,45.95055,2460
7.63009,45.95055,2457
7.63052,45.95055,2455
7.63095,45.95055,2454
7.63138,45.95055,2453
7.63181,45.95055,2451
7.63224,45.95055,2446
7.63267,45.95055,2437
7.63309,45.95055,2425
7.63352,45.95055,2411
7.63395,45.95055,2399
7.63438,45.95055,2385
7.63481,45.95055,2374
7.63524,45.95055,2362
7.63567,45.95055,2350
7.63610,45.95055,2335
7.63653,45.95055,2324
7.63696,45.95055,2319
7.63739,45.95055,2319
7.63782,45.95055,2317
7.63824,45.95055,2317
7.63867,45.95055,2313
7.63910,45.95055,2305
7.63953,45.95055,2292
7.63996,45.95055,2278
7.64039,45.95055,2266
7.64082,45.95055,2258
7.64125,45.95055,2254
7.64168,45.95055,2253
7.64211,45.95055,2253
7.64254,45.95055,2256
7.64297,45.95055,2260
7.64339,45.95055,2266
7.64382,45.95055,2274
7.64425,45.95055,2285
7.64468,45.95055,2296
7.64511,45.95055,2306
7.64554,45.95055,2314
7.64597,45.95055,2322
7.64640,45.95055,2330
7.62451,45.95025,2464
7.62494,45.95025,2457
7.62537,45.95025,2449
7.62580,45.95025,2444
7.62623,45.95025,2440
7.62666,45.95025,2438
7.62709,45.95025,2440
7.62752,45.95025,2444
7.62794,45.95025,2448
7.62837,45.95025,2452
7.62880,45.95025,2451
7.62923,45.95025,2448
7.62966,45.95025,2446
7.63009,45.95025,2443
7.63052,45.95025,2442
7.63095,45.95025,2441
7.63138,45.95025,2440
7.63181,45.95025,2436
7.63224,45.95025,2429
7.63267,45.95025,2418
7.63309,45.95025,2403
7.63352,45.95025,2389
7.63395,45.95025,2377
7.63438,45.95025,2365
7.63481,45.95025,2353
7.63524,45.95025,2342
7.63567,45.95025,2329
7.63610,45.95025,2314
7.63653,45.95025,2306
7.63696,45.95025,2301
7.63739,45.95025,2298
7.63782,45.95025,2297
7.63824,45.95025,2297
7.63867,45.95025,2294
7.63910,45.95025,2284
7.63953,45.95025,2270
7.63996,45.95025,2258
7.64039,45.95025,2249
7.64082,45.95025,2245
7.64125,45.95025,2244
7.64168,45.95025,2245
7.64211,45.95025,2247
7.64254,45.95025,2252
7.64297,45.95025,2258
7.64339,45.95025,2265
7.64382,45.95025,2274
7.64425,45.95025,2286
7.64468,45.95025,2300
7.64511,45.95025,2313
7.64554,45.95025,2323
7.64597,45.95025,2332
7.64640,45.95025,2340
7.62451,45.94996,2463
7.62494,45.94996,2457
7.62537,45.94996,2450
7.62580,45.94996,2444
7.62623,45.94996,2440
7.62666,45.94996,2437
7.62709,45.94996,2436
7.62752,45.94996,2436
7.62794,45.94996,2437
7.62837,45.94996,2438
7.62880,45.94996,2437
7.62923,45.94996,2435
7.62966,45.94996,2432
7.63009,45.94996,2430
7.63052,45.94996,2430
7.63095,45.94996,2429
7.63138,45.94996,2425
7.63181,45.94996,2419
7.63224,45.94996,2409
7.63267,45.94996,2395
7.63309,45.94996,2378
7.63352,45.94996,2366
7.63395,45.94996,2355
7.63438,45.94996,2344
7.63481,45.94996,2332
7.63524,45.94996,2319
7.63567,45.94996,2308
7.63610,45.94996,2297
7.63653,45.94996,2289
7.63696,45.94996,2283
7.63739,45.94996,2279
7.63782,45.94996,2277
7.63824,45.94996,2275
7.63867,45.94996,2271
7.63910,45.94996,2261
7.63953,45.94996,2250
7.63996,45.94996,2241
7.64039,45.94996,2236
7.64082,45.94996,2234
7.64125,45.94996,2235
7.64168,45.94996,2237
7.64211,45.94996,2242
7.64254,45.94996,2248
7.64297,45.94996,2255
7.64339,45.94996,2263
7.64382,45.94996,2275
7.64425,45.94996,2288
7.64468,45.94996,2304
7.64511,45.94996,2319
7.64554,45.94996,2331
7.64597,45.94996,2341
7.64640,45.94996,2348
7.62451,45.94966,2461
7.62494,45.94966,2455
7.62537,45.94966,2450
7.62580,45.94966,2444
7.62623,45.94966,2440
7.62666,45.94966,2436
7.62709,45.94966,2432
7.62752,45.94966,2429
7.62794,45.94966,2428
7.62837,45.94966,2427
7.62880,45.94966,2425
7.62923,45.94966,2423
7.62966,45.94966,2421
7.63009,45.94966,2419
7.63052,45.94966,2418
7.63095,45.94966,2415
7.63138,45.94966,2410
7.63181,45.94966,2401
7.63224,45.94966,2385
7.63267,45.94966,2368
7.63309,45.94966,2353
7.63352,45.94966,2343
7.63395,45.94966,2333
7.63438,45.94966,2322
7.63481,45.94966,2310
7.63524,45.94966,2297
7.63567,45.94966,2287
7.63610,45.94966,2280
7.63653,45.94966,2272
7.63696,45.94966,2264
7.63739,45.94966,2258
7.63782,45.94966,2255
7.63824,45.94966,2251
7.63867,45.94966,2247
7.63910,45.94966,2240
7.63953,45.94966,2233
7.63996,45.94966,2228
7.64039,45.94966,2225
7.64082,45.94966,2225
7.64125,45.94966,2227
7.64168,45.94966,2230
7.64211,45.94966,2236
7.64254,45.94966,2244
7.64297,45.94966,2252
7.64339,45.94966,2262
7.64382,45.94966,2275
7.64425,45.94966,2290
7.64468,45.94966,2306
7.64511,45.94966,2323
7.64554,45.94966,2335
7.64597,45.94966,2345
7.64640,45.94966,2353
7.62451,45.94936,2456
7.62494,45.94936,2452
7.62537,45.94936,2447
7.62580,45.94936,2443
7.62623,45.94936,2439
7.62666,45.94936,2435
7.62709,45.94936,2429
7.62752,45.94936,2425
7.62794,45.94936,2421
7.62837,45.94936,2418
7.62880,45.94936,2416
7.62923,45.94936,2413
7.62966,45.94936,2410
7.63009,45.94936,2407
7.63052,45.94936,2404
7.63095,45.94936,2400
7.63138,45.94936,2392
7.63181,45.94936,2379
7.63224,45.94936,2360
7.63267,45.94936,2343
7.63309,45.94936,2330
7.63352,45.94936,2321
7.63395,45.94936,2311
7.63438,45.94936,2299
7.63481,45.94936,2288
7.63524,45.94936,2279
7.63567,45.94936,2271
7.63610,45.94936,2262
7.63653,45.94936,2254
7.63696,45.94936,2246
7.63739,45.94936,2238
7.63782,45.94936,2232
7.63824,45.94936,2228
7.63867,45.94936,2225
7.63910,45.94936,2222
7.63953,45.94936,2219
7.63996,45.94936,2216
7.64039,45.94936,2216
7.64082,45.94936,2217
7.64125,45.94936,2220
7.64168,45.94936,2224
7.64211,45.94936,2231
7.64254,45.94936,2240
7.64297,45.94936,2249
7.64339,45.94936,2259
7.64382,45.94936,2274
7.64425,45.94936,2290
7.64468,45.94936,2307
7.64511,45.94936,2323
7.64554,45.94936,2335
7.64597,45.94936,2346
7.64640,45.94936,2355
7.62451,45.94906,2451
7.62494,45.94906,2448
7.62537,45.94906,2445
7.62580,45.94906,2442
7.62623,45.94906,2439
7.62666,45.94906,2435
7.62709,45.94906,2429
7.62752,45.94906,2422
7.62794,45.94906,2416
7.62837,45.94906,2411
7.62880,45.94906,2407
7.62923,45.94906,2404
7.62966,45.94906,2399
7.63009,45.94906,2394
7.63052,45.94906,2388
7.63095,45.94906,2381
7.63138,45.94906,2371
7.63181,45.94906,2356
7.63224,45.94906,2336
7.63267,45.94906,2322
7.63309,45.94906,2309
7.63352,45.94906,2299
7.63395,45.94906,2289
7.63438,45.94906,2279
7.63481,45.94906,2271
7.63524,45.94906,2263
7.63567,45.94906,2256
7.63610,45.94906,2248
7.63653,45.94906,2238
7.63696,45.94906,2229
7.63739,45.94906,2221
7.63782,45.94906,2214
7.63824,45.94906,2210
7.63867,45.94906,2209
7.63910,45.94906,2208
7.63953,45.94906,2207
7.63996,45.94906,2207
7.64039,45.94906,2208
7.64082,45.94906,2210
7.64125,45.94906,2214
7.64168,45.94906,2220
7.64211,45.94906,2227
7.64254,45.94906,2236
7.64297,45.94906,2245
7.64339,45.94906,2257
7.64382,45.94906,2271
7.64425,45.94906,2287
7.64468,45.94906,2304
7.64511,45.94906,2320
7.64554,45.94906,2333
7.64597,45.94906,2344
7.64640,45.94906,2355
7.62451,45.94876,2445
7.62494,45.94876,2444
7.62537,45.94876,2442
7.62580,45.94876,2441
7.62623,45.94876,2439
7.62666,45.94876,2435
7.62709,45.94876,2429
7.62752,45.94876,2421
7.62794,45.94876,2413
7.62837,45.94876,2406
7.62880,45.94876,2400
7.62923,45.94876,2394
7.62966,45.94876,2388
7.63009,45.94876,2380
7.63052,45.94876,2372
7.63095,45.94876,2362
7.63138,45.94876,2352
7.63181,45.94876,2338
7.63224,45.94876,2320
7.63267,45.94876,2305
7.63309,45.94876,2292
7.63352,45.94876,2281
7.63395,45.94876,2272
7.63438,45.94876,2264
7.63481,45.94876,2257
7.63524,45.94876,2251
7.63567,45.94876,2243
7.63610,45.94876,2234
7.63653,45.94876,2224
7.63696,45.94876,2215
7.63739,45.94876,2207
7.63782,45.94876,2201
7.63824,45.94876,2198
7.63867,45.94876,2197
7.63910,45.94876,2198
7.63953,45.94876,2198
7.63996,45.94876,2200
7.64039,45.94876,2202
7.64082,45.94876,2206
7.64125,45.94876,2211
7.64168,45.94876,2217
7.64211,45.94876,2223
7.64254,45.94876,2232
7.64297,45.94876,2242
7.64339,45.94876,2254
7.64382,45.94876,2268
7.64425,45.94876,2284
7.64468,45.94876,2300
7.64511,45.94876,2317
7.64554,45.94876,2330
7.64597,45.94876,2344
7.64640,45.94876,2356
7.62451,45.94846,2441
7.62494,45.94846,2441
7.62537,45.94846,2440
7.62580,45.94846,2439
7.62623,45.94846,2438
7.62666,45.94846,2436
7.62709,45.94846,2430
7.62752,45.94846,2421
7.62794,45.94846,2411
7.62837,45.94846,2401
7.62880,45.94846,2393
7.62923,45.94846,2385
7.62966,45.94846,2376
7.63009,45.94846,2366
7.63052,45.94846,2355
7.63095,45.94846,2345
7.63138,45.94846,2334
7.63181,45.94846,2320
7.63224,45.94846,2304
7.63267,45.94846,2289
7.63309,45.94846,2276
7.63352,45.94846,2265
7.63395,45.94846,2257
7.63438,45.94846,2249
7.63481,45.94846,2244
7.63524,45.94846,2237
7.63567,45.94846,2230
7.63610,45.94846,2220
7.63653,45.94846,2211
7.63696,45.94846,2202
7.63739,45.94846,2195
7.63782,45.94846,2190
7.63824,45.94846,2189
7.63867,45.94846,2189
7.63910,45.94846,2190
7.63953,45.94846,2192
7.63996,45.94846,2194
7.64039,45.94846,2197
7.64082,45.94846,2202
7.64125,45.94846,2208
7.64168,45.94846,2214
7.64211,45.94846,2221
7.64254,45.94846,2230
7.64297,45.94846,2241
7.64339,45.94846,2253
7.64382,45.94846,2265
7.64425,45.94846,2281
7.64468,45.94846,2298
7.64511,45.94846,2315
7.64554,45.94846,2330
7.64597,45.94846,2345
7.64640,45.94846,2359
7.62451,45.94817,2439
7.62494,45.94817,2438
7.62537,45.94817,2438
7.62580,45.94817,2438
7.62623,45.94817,2438
7.62666,45.94817,2435
7.62709,45.94817,2428
7.62752,45.94817,2420
7.62794,45.94817,2410
7.62837,45.94817,2399
7.62880,45.94817,2388
7.62923,45.94817,2377
7.62966,45.94817,2365
7.63009,45.94817,2353
7.63052,45.94817,2340
7.63095,45.94817,2329
7.63138,45.94817,2318
7.63181,45.94817,2305
7.63224,45.94817,2288
7.63267,45.94817,2273
7.63309,45.94817,2262
7.63352,45.94817,2252
7.63395,45.94817,2244
7.63438,45.94817,2237
7.63481,45.94817,2231
7.63524,45.94817,2224
7.63567,45.94817,2215
7.63610,45.94817,2206
7.63653,45.94817,2198
7.63696,45.94817,2191
7.63739,45.94817,2185
7.63782,45.94817,2182
7.63824,45.94817,2182
7.63867,45.94817,2182
7.63910,45.94817,2184
7.63953,45.94817,2187
7.63996,45.94817,2190
7.64039,45.94817,2194
7.64082,45.94817,2200
7.64125,45.94817,2205
7.64168,45.94817,2212
7.64211,45.94817,2219
7.64254,45.94817,2230
7.64297,45.94817,2241
7.64339,45.94817,2253
7.64382,45.94817,2267
7.64425,45.94817,2282
7.64468,45.94817,2298
7.64511,45.94817,2316
7.64554,45.94817,2332
7.64597,45.94817,2347
7.64640,45.94817,2361
7.62451,45.94787,2436
7.62494,45.94787,2436
7.62537,45.94787,2437
7.62580,45.94787,2436
7.62623,45.94787,2437
7.62666,45.94787,2434
7.62709,45.94787,2427
7.62752,45.94787,2417
7.62794,45.94787,2407
7.62837,45.94787,2396
7.62880,45.94787,2383
7.62923,45.94787,2370
7.62966,45.94787,2355
7.63009,45.94787,2340
7.63052,45.94787,2327
7.63095,45.94787,2314
7.63138,45.94787,2302
7.63181,45.94787,2288
7.63224,45.94787,2273
7.63267,45.94787,2259
7.63309,45.94787,2248
7.63352,45.94787,2239
7.63395,45.94787,2232
7.63438,45.94787,2225
7.63481,45.94787,2218
7.63524,45.94787,2210
7.63567,45.94787,2201
7.63610,45.94787,2193
7.63653,45.94787,2186
7.63696,45.94787,2180
7.63739,45.94787,2177
7.63782,45.94787,2175
7.63824,45.94787,2175
7.63867,45.94787,2176
7.63910,45.94787,2179
7.63953,45.94787,2182
7.63996,45.94787,2186
7.64039,45.94787,2192
7.64082,45.94787,2199
7.64125,45.94787,2205
7.64168,45.94787,2212
7.64211,45.94787,2221
7.64254,45.94787,2231
7.64297,45.94787,2244
7.64339,45.94787,2257
7.64382,45.94787,2271
7.64425,45.94787,2285
7.64468,45.94787,2302
7.64511,45.94787,2319
7.64554,45.94787,2335
7.64597,45.94787,2351
7.64640,45.94787,2364
7.62451,45.94757,2432
7.62494,45.94757,2434
7.62537,45.94757,2434
7.62580,45.94757,2434
7.62623,45.94757,2435
7.62666,45.94757,2432
7.62709,45.94757,2425
7.62752,45.94757,2415
7.62794,45.94757,2404
7.62837,45.94757,2392
7.62880,45.94757,2378
7.62923,45.94757,2362
7.62966,45.94757,2345
7.63009,45.94757,2329
7.63052,45.94757,2313
7.63095,45.94757,2298
7.63138,45.94757,2285
7.63181,45.94757,2271
7.63224,45.94757,2258
7.63267,45.94757,2246
7.63309,45.94757,2235
7.63352,45.94757,2227
7.63395,45.94757,2218
7.63438,45.94757,2211
7.63481,45.94757,2205
7.63524,45.94757,2198
7.63567,45.94757,2190
7.63610,45.94757,2183
7.63653,45.94757,2176
7.63696,45.94757,2172
7.63739,45.94757,2171
7.63782,45.94757,2169
7.63824,45.94757,2170
7.63867,45.94757,2173
7.63910,45.94757,2174
7.63953,45.94757,2179
7.63996,45.94757,2184
7.64039,45.94757,2192
7.64082,45.94757,2200
7.64125,45.94757,2209
7.64168,45.94757,2217
7.64211,45.94757,2226
7.64254,45.94757,2238
7.64297,45.94757,2250
7.64339,45.94757,2264
7.64382,45.94757,2279
7.64425,45.94757,2293
7.64468,45.94757,2308
7.64511,45.94757,2324
7.64554,45.94757,2340
7.64597,45.94757,2355
7.64640,45.94757,2367
7.62451,45.94727,2426
7.62494,45.94727,2428
7.62537,45.94727,2430
7.62580,45.94727,2431
7.62623,45.94727,2430
7.62666,45.94727,2427
7.62709,45.94727,2420
7.62752,45.94727,2410
7.62794,45.94727,2399
7.62837,45.94727,2386
7.62880,45.94727,2371
7.62923,45.94727,2353
7.62966,45.94727,2333
7.63009,45.94727,2316
7.63052,45.94727,2298
7.63095,45.94727,2283
7.63138,45.94727,2269
7.63181,45.94727,2255
7.63224,45.94727,2244
7.63267,45.94727,2233
7.63309,45.94727,2223
7.63352,45.94727,2213
7.63395,45.94727,2205
7.63438,45.94727,2199
7.63481,45.94727,2193
7.63524,45.94727,2186
7.63567,45.94727,2179
7.63610,45.94727,2173
7.63653,45.94727,2169
7.63696,45.94727,2166
7.63739,45.94727,2165
7.63782,45.94727,2167
7.63824,45.94727,2168
7.63867,45.94727,2170
7.63910,45.94727,2173
7.63953,45.94727,2178
7.63996,45.94727,2185
7.64039,45.94727,2195
7.64082,45.94727,2205
7.64125,45.94727,2215
7.64168,45.94727,2225
7.64211,45.94727,2236
7.64254,45.94727,2248
7.64297,45.94727,2262
7.64339,45.94727,2275
7.64382,45.94727,2290
7.64425,45.94727,2304
7.64468,45.94727,2318
7.64511,45.94727,2332
7.64554,45.94727,2346
7.64597,45.94727,2359
7.64640,45.94727,2371
7.62451,45.94697,2418
7.62494,45.94697,2420
7.62537,45.94697,2422
7.62580,45.94697,2423
7.62623,45.94697,2422
7.62666,45.94697,2418
7.62709,45.94697,2412
7.62752,45.94697,2402
7.62794,45.94697,2391
7.62837,45.94697,2377
7.62880,45.94697,2360
7.62923,45.94697,2340
7.62966,45.94697,2319
7.63009,45.94697,2299
7.63052,45.94697,2282
7.63095,45.94697,2266
7.63138,45.94697,2253
7.63181,45.94697,2241
7.63224,45.94697,2230
7.63267,45.94697,2220
7.63309,45.94697,2210
7.63352,45.94697,2200
7.63395,45.94697,2193
7.63438,45.94697,2186
7.63481,45.94697,2181
7.63524,45.94697,2175
7.63567,45.94697,2169
7.63610,45.94697,2165
7.63653,45.94697,2162
7.63696,45.94697,2161
7.63739,45.94697,2162
7.63782,45.94697,2165
7.63824,45.94697,2168
7.63867,45.94697,2172
7.63910,45.94697,2175
7.63953,45.94697,2181
7.63996,45.94697,2189
7.64039,45.94697,2200
7.64082,45.94697,2211
7.64125,45.94697,2223
7.64168,45.94697,2235
7.64211,45.94697,2248
7.64254,45.94697,2262
7.64297,45.94697,2276
7.64339,45.94697,2289
7.64382,45.94697,2303
7.64425,45.94697,2317
7.64468,45.94697,2330
7.64511,45.94697,2341
7.64554,45.94697,2353
7.64597,45.94697,2364
7.64640,45.94697,2375
7.62451,45.94667,2408
7.62494,45.94667,2410
7.62537,45.94667,2411
7.62580,45.94667,2412
7.62623,45.94667,2411
7.62666,45.94667,2406
7.62709,45.94667,2398
7.62752,45.94667,2388
7.62794,45.94667,2376
7.62837,45.94667,2360
7.62880,45.94667,2342
7.62923,45.94667,2322
7.62966,45.94667,2302
7.63009,45.94667,2282
7.63052,45.94667,2266
7.63095,45.94667,2250
7.63138,45.94667,2238
7.63181,45.94667,2227
7.63224,45.94667,2217
7.63267,45.94667,2207
7.63309,45.94667,2197
7.63352,45.94667,2189
7.63395,45.94667,2182
7.63438,45.94667,2176
7.63481,45.94667,2171
7.63524,45.94667,2165
7.63567,45.94667,2161
7.63610,45.94667,2157
7.63653,45.94667,2156
7.63696,45.94667,2158
7.63739,45.94667,2161
7.63782,45.94667,2165
7.63824,45.94667,2170
7.63867,45.94667,2174
7.63910,45.94667,2179
7.63953,45.94667,2186
7.63996,45.94667,2195
7.64039,45.94667,2207
7.64082,45.94667,2220
7.64125,45.94667,2234
7.64168,45.94667,2249
7.64211,45.94667,2263
7.64254,45.94667,2278
7.64297,45.94667,2292
7.64339,45.94667,2304
7.64382,45.94667,2317
7.64425,45.94667,2329
7.64468,45.94667,2339
7.64511,45.94667,2350
7.64554,45.94667,2359
7.64597,45.94667,2369
7.64640,45.94667,2380
7.62451,45.94638,2395
7.62494,45.94638,2397
7.62537,45.94638,2399
7.62580,45.94638,2399
7.62623,45.94638,2395
7.62666,45.94638,2389
7.62709,45.94638,2380
7.62752,45.94638,2369
7.62794,45.94638,2356
7.62837,45.94638,2338
7.62880,45.94638,2319
7.62923,45.94638,2301
7.62966,45.94638,2282
7.63009,45.94638,2265
7.63052,45.94638,2251
7.63095,45.94638,2237
7.63138,45.94638,2225
7.63181,45.94638,2214
7.63224,45.94638,2205
7.63267,45.94638,2196
7.63309,45.94638,2187
7.63352,45.94638,2179
7.63395,45.94638,2173
7.63438,45.94638,2167
7.63481,45.94638,2162
7.63524,45.94638,2156
7.63567,45.94638,2153
7.63610,45.94638,2152
7.63653,45.94638,2153
7.63696,45.94638,2156
7.63739,45.94638,2161
7.63782,45.94638,2166
7.63824,45.94638,2172
7.63867,45.94638,2178
7.63910,45.94638,2185
7.63953,45.94638,2194
7.63996,45.94638,2206
7.64039,45.94638,2219
7.64082,45.94638,2234
7.64125,45.94638,2250
7.64168,45.94638,2265
7.64211,45.94638,2280
7.64254,45.94638,2294
7.64297,45.94638,2306
7.64339,45.94638,2318
7.64382,45.94638,2328
7.64425,45.94638,2338
7.64468,45.94638,2347
7.64511,45.94638,2355
7.64554,45.94638,2365
7.64597,45.94638,2375
7.64640,45.94638,2385
7.62451,45.94608,2382
7.62494,45.94608,2384
7.62537,45.94608,2385
7.62580,45.94608,2385
7.62623,45.94608,2380
7.62666,45.94608,2371
7.62709,45.94608,2361
7.62752,45.94608,2350
7.62794,45.94608,2335
7.62837,45.94608,2317
7.62880,45.94608,2297
7.62923,45.94608,2279
7.62966,45.94608,2263
7.63009,45.94608,2249
7.63052,45.94608,2237
7.63095,45.94608,2224
7.63138,45.94608,2212
7.63181,45.94608,2203
7.63224,45.94608,2194
7.63267,45.94608,2186
7.63309,45.94608,2178
7.63352,45.94608,2171
7.63395,45.94608,2165
7.63438,45.94608,2159
7.63481,45.94608,2154
7.63524,45.94608,2150
7.63567,45.94608,2148
7.63610,45.94608,2148
7.63653,45.94608,2151
7.63696,45.94608,2156
7.63739,45.94608,2161
7.63782,45.94608,2168
7.63824,45.94608,2176
7.63867,45.94608,2184
7.63910,45.94608,2193
7.63953,45.94608,2205
7.63996,45.94608,2219
7.64039,45.94608,2234
7.64082,45.94608,2251
7.64125,45.94608,2266
7.64168,45.94608,2281
7.64211,45.94608,2295
7.64254,45.94608,2308
7.64297,45.94608,2318
7.64339,45.94608,2328
7.64382,45.94608,2337
7.64425,45.94608,2344
7.64468,45.94608,2351
7.64511,45.94608,2359
7.64554,45.94608,2369
7.64597,45.94608,2380
7.64640,45.94608,2392
7.62451,45.94578,2369
7.62494,45.94578,2370
7.62537,45.94578,2371
7.62580,45.94578,2369
7.62623,45.94578,2363
7.62666,45.94578,2354
7.62709,45.94578,2342
7.62752,45.94578,2330
7.62794,45.94578,2314
7.62837,45.94578,2297
7.62880,45.94578,2278
7.62923,45.94578,2262
7.62966,45.94578,2247
7.63009,45.94578,2234
7.63052,45.94578,2223
7.63095,45.94578,2212
7.63138,45.94578,2201
7.63181,45.94578,2193
7.63224,45.94578,2185
7.63267,45.94578,2178
7.63309,45.94578,2170
7.63352,45.94578,2163
7.63395,45.94578,2158
7.63438,45.94578,2152
7.63481,45.94578,2148
7.63524,45.94578,2145
7.63567,45.94578,2145
7.63610,45.94578,2146
7.63653,45.94578,2150
7.63696,45.94578,2155
7.63739,45.94578,2162
7.63782,45.94578,2171
7.63824,45.94578,2181
7.63867,45.94578,2192
7.63910,45.94578,2205
7.63953,45.94578,2219
7.63996,45.94578,2234
7.64039,45.94578,2251
7.64082,45.94578,2267
7.64125,45.94578,2282
7.64168,45.94578,2295
7.64211,45.94578,2307
7.64254,45.94578,2318
7.64297,45.94578,2327
7.64339,45.94578,2335
7.64382,45.94578,2342
7.64425,45.94578,2347
7.64468,45.94578,2354
7.64511,45.94578,2363
7.64554,45.94578,2374
7.64597,45.94578,2386
7.64640,45.94578,2398
7.62451,45.94548,2356
7.62494,45.94548,2357
7.62537,45.94548,2357
7.62580,45.94548,2354
7.62623,45.94548,2347
7.62666,45.94548,2336
7.62709,45.94548,2324
7.62752,45.94548,2311
7.62794,45.94548,2295
7.62837,45.94548,2278
7.62880,45.94548,2261
7.62923,45.94548,2247
7.62966,45.94548,2234
7.63009,45.94548,2222
7.63052,45.94548,2210
7.63095,45.94548,2199
7.63138,45.94548,2191
7.63181,45.94548,2184
7.63224,45.94548,2177
7.63267,45.94548,2171
7.63309,45.94548,2163
7.63352,45.94548,2157
7.63395,45.94548,2151
7.63438,45.94548,2146
7.63481,45.94548,2143
7.63524,45.94548,2142
7.63567,45.94548,2143
7.63610,45.94548,2145
7.63653,45.94548,2151
7.63696,45.94548,2158
7.63739,45.94548,2166
7.63782,45.94548,2177
7.63824,45.94548,2189
7.63867,45.94548,2203
7.63910,45.94548,2218
7.63953,45.94548,2234
7.63996,45.94548,2250
7.64039,45.94548,2266
7.64082,45.94548,2280
7.64125,45.94548,2293
7.64168,45.94548,2305
7.64211,45.94548,2315
7.64254,45.94548,2323
7.64297,45.94548,2331
7.64339,45.94548,2339
7.64382,45.94548,2345
7.64425,45.94548,2350
7.64468,45.94548,2357
7.64511,45.94548,2366
7.64554,45.94548,2379
7.64597,45.94548,2392
7.64640,45.94548,2405
7.62451,45.94518,2346
7.62494,45.94518,2345
7.62537,45.94518,2343
7.62580,45.94518,2338
7.62623,45.94518,2330
7.62666,45.94518,2319
7.62709,45.94518,2306
7.62752,45.94518,2293
7.62794,45.94518,2277
7.62837,45.94518,2260
7.62880,45.94518,2245
7.62923,45.94518,2231
7.62966,45.94518,2220
7.63009,45.94518,2209
7.63052,45.94518,2199
7.63095,45.94518,2189
7.63138,45.94518,2182
7.63181,45.94518,2176
7.63224,45.94518,2170
7.63267,45.94518,2162
7.63309,45.94518,2156
7.63352,45.94518,2150
7.63395,45.94518,2144
7.63438,45.94518,2140
7.63481,45.94518,2138
7.63524,45.94518,2139
7.63567,45.94518,2142
7.63610,45.94518,2147
7.63653,45.94518,2154
7.63696,45.94518,2163
7.63739,45.94518,2173
7.63782,45.94518,2186
7.63824,45.94518,2200
7.63867,45.94518,2217
7.63910,45.94518,2234
7.63953,45.94518,2249
7.63996,45.94518,2264
7.64039,45.94518,2276
7.64082,45.94518,2287
7.64125,45.94518,2298
7.64168,45.94518,2309
7.64211,45.94518,2318
7.64254,45.94518,2327
7.64297,45.94518,2335
7.64339,45.94518,2342
7.64382,45.94518,2347
7.64425,45.94518,2354
7.64468,45.94518,2361
7.64511,45.94518,2371
7.64554,45.94518,2383
7.64597,45.94518,2396
7.64640,45.94518,2410
7.62451,45.94488,2335
7.62494,45.94488,2330
7.62537,45.94488,2327
7.62580,45.94488,2320
7.62623,45.94488,2312
7.62666,45.94488,2301
7.62709,45.94488,2289
7.62752,45.94488,2275
7.62794,45.94488,2259
7.62837,45.94488,2243
7.62880,45.94488,2229
7.62923,45.94488,2216
7.62966,45.94488,2205
7.63009,45.94488,2195
7.63052,45.94488,2186
7.63095,45.94488,2179
7.63138,45.94488,2173
7.63181,45.94488,2167
7.63224,45.94488,2161
7.63267,45.94488,2154
7.63309,45.94488,2148
7.63352,45.94488,2141
7.63395,45.94488,2136
7.63438,45.94488,2133
7.63481,45.94488,2133
7.63524,45.94488,2136
7.63567,45.94488,2142
7.63610,45.94488,2150
7.63653,45.94488,2159
7.63696,45.94488,2170
7.63739,45.94488,2183
7.63782,45.94488,2197
7.63824,45.94488,2214
7.63867,45.94488,2231
7.63910,45.94488,2246
7.63953,45.94488,2260
7.63996,45.94488,2272
7.64039,45.94488,2281
7.64082,45.94488,2289
7.64125,45.94488,2301
7.64168,45.94488,2313
7.64211,45.94488,2322
7.64254,45.94488,2331
7.64297,45.94488,2339
7.64339,45.94488,2346
7.64382,45.94488,2352
7.64425,45.94488,2359
7.64468,45.94488,2367
7.64511,45.94488,2377
7.64554,45.94488,2389
7.64597,45.94488,2400
7.64640,45.94488,2412
7.62451,45.94458,2322
7.62494,45.94458,2316
7.62537,45.94458,2310
7.62580,45.94458,2303
7.62623,45.94458,2294
7.62666,45.94458,2284
7.62709,45.94458,2271
7.62752,45.94458,2257
7.62794,45.94458,2241
7.62837,45.94458,2227
7.62880,45.94458,2214
7.62923,45.94458,2201
7.62966,45.94458,2191
7.63009,45.94458,2182
7.63052,45.94458,2175
7.63095,45.94458,2169
7.63138,45.94458,2164
7.63181,45.94458,2157
7.63224,45.94458,2151
7.63267,45.94458,2145
7.63309,45.94458,2139
7.63352,45.94458,2134
7.63395,45.94458,2130
7.63438,45.94458,2127
7.63481,45.94458,2129
7.63524,45.94458,2133
7.63567,45.94458,2142
7.63610,45.94458,2152
7.63653,45.94458,2164
7.63696,45.94458,2178
7.63739,45.94458,2191
7.63782,45.94458,2206
7.63824,45.94458,2223
7.63867,45.94458,2240
7.63910,45.94458,2254
7.63953,45.94458,2266
7.63996,45.94458,2275
7.64039,45.94458,2282
7.64082,45.94458,2291
7.64125,45.94458,2303
7.64168,45.94458,2315
7.64211,45.94458,2326
7.64254,45.94458,2335
7.64297,45.94458,2343
7.64339,45.94458,2350
7.64382,45.94458,2357
7.64425,45.94458,2365
7.64468,45.94458,2372
7.64511,45.94458,2382
7.64554,45.94458,2392
7.64597,45.94458,2402
7.64640,45.94458,2413
7.62451,45.94429,2307
7.62494,45.94429,2298
7.62537,45.94429,2292
7.62580,45.94429,2285
7.62623,45.94429,2276
7.62666,45.94429,2264
7.62709,45.94429,2253
7.62752,45.94429,2239
7.62794,45.94429,2224
7.62837,45.94429,2210
7.62880,45.94429,2198
7.62923,45.94429,2186
7.62966,45.94429,2177
7.63009,45.94429,2170
7.63052,45.94429,2164
7.63095,45.94429,2159
7.63138,45.94429,2154
7.63181,45.94429,2148
7.63224,45.94429,2142
7.63267,45.94429,2136
7.63309,45.94429,2131
7.63352,45.94429,2127
7.63395,45.94429,2124
7.63438,45.94429,2122
7.63481,45.94429,2124
7.63524,45.94429,2131
7.63567,45.94429,2141
7.63610,45.94429,2154
7.63653,45.94429,2168
7.63696,45.94429,2183
7.63739,45.94429,2197
7.63782,45.94429,2212
7.63824,45.94429,2229
7.63867,45.94429,2244
7.63910,45.94429,2258
7.63953,45.94429,2268
7.63996,45.94429,2276
7.64039,45.94429,2283
7.64082,45.94429,2294
7.64125,45.94429,2306
7.64168,45.94429,2319
7.64211,45.94429,2329
7.64254,45.94429,2340
7.64297,45.94429,2349
7.64339,45.94429,2356
7.64382,45.94429,2363
7.64425,45.94429,2369
7.64468,45.94429,2377
7.64511,45.94429,2385
7.64554,45.94429,2394
7.64597,45.94429,2402
7.64640,45.94429,2410
7.62451,45.94399,2289
7.62494,45.94399,2280
7.62537,45.94399,2273
7.62580,45.94399,2267
7.62623,45.94399,2258
7.62666,45.94399,2248
7.62709,45.94399,2235
7.62752,45.94399,2221
7.62794,45.94399,2207
7.62837,45.94399,2195
7.62880,45.94399,2183
7.62923,45.94399,2173
7.62966,45.94399,2165
7.63009,45.94399,2158
7.63052,45.94399,2154
7.63095,45.94399,2149
7.63138,45.94399,2146
7.63181,45.94399,2140
7.63224,45.94399,2134
7.63267,45.94399,2130
7.63309,45.94399,2125
7.63352,45.94399,2121
7.63395,45.94399,2119
7.63438,45.94399,2118
7.63481,45.94399,2122
7.63524,45.94399,2130
7.63567,45.94399,2141
7.63610,45.94399,2154
7.63653,45.94399,2169
7.63696,45.94399,2184
7.63739,45.94399,2199
7.63782,45.94399,2214
7.63824,45.94399,2231
7.63867,45.94399,2245
7.63910,45.94399,2257
7.63953,45.94399,2267
7.63996,45.94399,2275
7.64039,45.94399,2284
7.64082,45.94399,2296
7.64125,45.94399,2309
7.64168,45.94399,2322
7.64211,45.94399,2334
7.64254,45.94399,2344
7.64297,45.94399,2353
7.64339,45.94399,2360
7.64382,45.94399,2366
7.64425,45.94399,2372
7.64468,45.94399,2380
7.64511,45.94399,2387
7.64554,45.94399,2393
7.64597,45.94399,2400
7.64640,45.94399,2408
7.62451,45.94369,2270
7.62494,45.94369,2261
7.62537,45.94369,2255
7.62580,45.94369,2248
7.62623,45.94369,2240
7.62666,45.94369,2231
7.62709,45.94369,2218
7.62752,45.94369,2204
7.62794,45.94369,2192
7.62837,45.94369,2180
7.62880,45.94369,2171
7.62923,45.94369,2161
7.62966,45.94369,2154
7.63009,45.94369,2148
7.63052,45.94369,2145
7.63095,45.94369,2141
7.63138,45.94369,2138
7.63181,45.94369,2133
7.63224,45.94369,2128
7.63267,45.94369,2123
7.63309,45.94369,2119
7.63352,45.94369,2117
7.63395,45.94369,2115
7.63438,45.94369,2115
7.63481,45.94369,2119
7.63524,45.94369,2128
7.63567,45.94369,2139
7.63610,45.94369,2152
7.63653,45.94369,2166
7.63696,45.94369,2181
7.63739,45.94369,2196
7.63782,45.94369,2212
7.63824,45.94369,2229
7.63867,45.94369,2243
7.63910,45.94369,2254
7.63953,45.94369,2264
7.63996,45.94369,2273
7.64039,45.94369,2284
7.64082,45.94369,2297
7.64125,45.94369,2311
7.64168,45.94369,2326
7.64211,45.94369,2338
7.64254,45.94369,2348
7.64297,45.94369,2356
7.64339,45.94369,2362
7.64382,45.94369,2368
7.64425,45.94369,2373
7.64468,45.94369,2379
7.64511,45.94369,2385
7.64554,45.94369,2391
7.64597,45.94369,2397
7.64640,45.94369,2404
7.62451,45.94339,2252
7.62494,45.94339,2245
7.62537,45.94339,2238
7.62580,45.94339,2231
7.62623,45.94339,2223
7.62666,45.94339,2214
7.62709,45.94339,2203
7.62752,45.94339,2190
7.62794,45.94339,2179
7.62837,45.94339,2167
7.62880,45.94339,2159
7.62923,45.94339,2151
7.62966,45.94339,2145
7.63009,45.94339,2140
7.63052,45.94339,2137
7.63095,45.94339,2134
7.63138,45.94339,2131
7.63181,45.94339,2127
7.63224,45.94339,2122
7.63267,45.94339,2117
7.63309,45.94339,2114
7.63352,45.94339,2112
7.63395,45.94339,2111
7.63438,45.94339,2112
7.63481,45.94339,2117
7.63524,45.94339,2125
7.63567,45.94339,2135
7.63610,45.94339,2147
7.63653,45.94339,2160
7.63696,45.94339,2175
7.63739,45.94339,2192
7.63782,45.94339,2209
7.63824,45.94339,2226
7.63867,45.94339,2240
7.63910,45.94339,2251
7.63953,45.94339,2260
7.63996,45.94339,2271
7.64039,45.94339,2284
7.64082,45.94339,2298
7.64125,45.94339,2313
7.64168,45.94339,2329
7.64211,45.94339,2341
7.64254,45.94339,2350
7.64297,45.94339,2357
7.64339,45.94339,2363
7.64382,45.94339,2366
7.64425,45.94339,2371
7.64468,45.94339,2376
7.64511,45.94339,2381
7.64554,45.94339,2386
7.64597,45.94339,2391
7.64640,45.94339,2397
7.62451,45.94309,2236
7.62494,45.94309,2229
7.62537,45.94309,2223
7.62580,45.94309,2215
7.62623,45.94309,2208
7.62666,45.94309,2199
7.62709,45.94309,2189
7.62752,45.94309,2178
7.62794,45.94309,2166
7.62837,45.94309,2156
7.62880,45.94309,2147
7.62923,45.94309,2141
7.62966,45.94309,2136
7.63009,45.94309,2133
7.63052,45.94309,2130
7.63095,45.94309,2127
7.63138,45.94309,2124
7.63181,45.94309,2120
7.63224,45.94309,2116
7.63267,45.94309,2111
7.63309,45.94309,2109
7.63352,45.94309,2108
7.63395,45.94309,2107
7.63438,45.94309,2109
7.63481,45.94309,2113
7.63524,45.94309,2121
7.63567,45.94309,2130
7.63610,45.94309,2141
7.63653,45.94309,2154
7.63696,45.94309,2169
7.63739,45.94309,2187
7.63782,45.94309,2205
7.63824,45.94309,2221
7.63867,45.94309,2236
7.63910,45.94309,2247
7.63953,45.94309,2257
7.63996,45.94309,2268
7.64039,45.94309,2282
7.64082,45.94309,2298
7.64125,45.94309,2316
7.64168,45.94309,2332
7.64211,45.94309,2343
7.64254,45.94309,2351
7.64297,45.94309,2357
7.64339,45.94309,2361
7.64382,45.94309,2363
7.64425,45.94309,2367
7.64468,45.94309,2371
7.64511,45.94309,2375
7.64554,45.94309,2379
7.64597,45.94309,2384
7.64640,45.94309,2390
7.62451,45.94279,2219
7.62494,45.94279,2212
7.62537,45.94279,2206
7.62580,45.94279,2200
7.62623,45.94279,2193
7.62666,45.94279,2186
7.62709,45.94279,2176
7.62752,45.94279,2165
7.62794,45.94279,2154
7.62837,45.94279,2145
7.62880,45.94279,2138
7.62923,45.94279,2132
7.62966,45.94279,2128
7.63009,45.94279,2126
7.63052,45.94279,2123
7.63095,45.94279,2119
7.63138,45.94279,2116
7.63181,45.94279,2112
7.63224,45.94279,2108
7.63267,45.94279,2105
7.63309,45.94279,2103
7.63352,45.94279,2102
7.63395,45.94279,2101
7.63438,45.94279,2102
7.63481,45.94279,2108
7.63524,45.94279,2116
7.63567,45.94279,2126
7.63610,45.94279,2137
7.63653,45.94279,2149
7.63696,45.94279,2164
7.63739,45.94279,2182
7.63782,45.94279,2200
7.63824,45.94279,2216
7.63867,45.94279,2230
7.63910,45.94279,2243
7.63953,45.94279,2254
7.63996,45.94279,2266
7.64039,45.94279,2280
7.64082,45.94279,2298
7.64125,45.94279,2316
7.64168,45.94279,2332
7.64211,45.94279,2343
7.64254,45.94279,2350
7.64297,45.94279,2354
7.64339,45.94279,2356
7.64382,45.94279,2357
7.64425,45.94279,2360
7.64468,45.94279,2364
7.64511,45.94279,2367
7.64554,45.94279,2370
7.64597,45.94279,2375
7.64640,45.94279,2382
7.62451,45.94250,2202
7.62494,45.94250,2197
7.62537,45.94250,2192
7.62580,45.94250,2186
7.62623,45.94250,2180
7.62666,45.94250,2173
7.62709,45.94250,2164
7.62752,45.94250,2154
7.62794,45.94250,2143
7.62837,45.94250,2134
7.62880,45.94250,2129
7.62923,45.94250,2124
7.62966,45.94250,2122
7.63009,45.94250,2119
7.63052,45.94250,2116
7.63095,45.94250,2112
7.63138,45.94250,2108
7.63181,45.94250,2105
7.63224,45.94250,2101
7.63267,45.94250,2098
7.63309,45.94250,2097
7.63352,45.94250,2096
7.63395,45.94250,2096
7.63438,45.94250,2098
7.63481,45.94250,2104
7.63524,45.94250,2113
7.63567,45.94250,2123
7.63610,45.94250,2133
7.63653,45.94250,2145
7.63696,45.94250,2160
7.63739,45.94250,2177
7.63782,45.94250,2195
7.63824,45.94250,2211
7.63867,45.94250,2225
7.63910,45.94250,2239
7.63953,45.94250,2251
7.63996,45.94250,2264
7.64039,45.94250,2280
7.64082,45.94250,2297
7.64125,45.94250,2314
7.64168,45.94250,2330
7.64211,45.94250,2341
7.64254,45.94250,2346
7.64297,45.94250,2347
7.64339,45.94250,2348
7.64382,45.94250,2348
7.64425,45.94250,2351
7.64468,45.94250,2354
7.64511,45.94250,2356
7.64554,45.94250,2361
7.64597,45.94250,2366
7.64640,45.94250,2374
7.62451,45.94220,2187
7.62494,45.94220,2182
7.62537,45.94220,2178
7.62580,45.94220,2173
7.62623,45.94220,2167
7.62666,45.94220,2160
7.62709,45.94220,2151
7.62752,45.94220,2141
7.62794,45.94220,2131
7.62837,45.94220,2125
7.62880,45.94220,2121
7.62923,45.94220,2118
7.62966,45.94220,2115
7.63009,45.94220,2113
7.63052,45.94220,2110
7.63095,45.94220,2105
7.63138,45.94220,2101
7.63181,45.94220,2098
7.63224,45.94220,2094
7.63267,45.94220,2092
7.63309,45.94220,2091
7.63352,45.94220,2091
7.63395,45.94220,2092
7.63438,45.94220,2095
7.63481,45.94220,2102
7.63524,45.94220,2110
7.63567,45.94220,2119
7.63610,45.94220,2131
7.63653,45.94220,2143
7.63696,45.94220,2158
7.63739,45.94220,2175
7.63782,45.94220,2191
7.63824,45.94220,2206
7.63867,45.94220,2220
7.63910,45.94220,2235
7.63953,45.94220,2249
7.63996,45.94220,2262
7.64039,45.94220,2278
7.64082,45.94220,2293
7.64125,45.94220,2309
7.64168,45.94220,2323
7.64211,45.94220,2331
7.64254,45.94220,2334
7.64297,45.94220,2336
7.64339,45.94220,2336
7.64382,45.94220,2336
7.64425,45.94220,2339
7.64468,45.94220,2342
7.64511,45.94220,2346
7.64554,45.94220,2351
7.64597,45.94220,2358
7.64640,45.94220,2367
7.62451,45.94190,2176
7.62494,45.94190,2170
7.62537,45.94190,2165
7.62580,45.94190,2159
7.62623,45.94190,2152
7.62666,45.94190,2144
7.62709,45.94190,2136
7.62752,45.94190,2128
7.62794,45.94190,2121
7.62837,45.94190,2117
7.62880,45.94190,2114
7.62923,45.94190,2112
7.62966,45.94190,2110
7.63009,45.94190,2107
7.63052,45.94190,2103
7.63095,45.94190,2098
7.63138,45.94190,2094
7.63181,45.94190,2091
7.63224,45.94190,2089
7.63267,45.94190,2087
7.63309,45.94190,2087
7.63352,45.94190,2088
7.63395,45.94190,2090
7.63438,45.94190,2094
7.63481,45.94190,2100
7.63524,45.94190,2109
7.63567,45.94190,2118
7.63610,45.94190,2130
7.63653,45.94190,2143
7.63696,45.94190,2158
7.63739,45.94190,2174
7.63782,45.94190,2188
7.63824,45.94190,2202
7.63867,45.94190,2216
7.63910,45.94190,2230
7.63953,45.94190,2246
7.63996,45.94190,2259
7.64039,45.94190,2272
7.64082,45.94190,2286
7.64125,45.94190,2299
7.64168,45.94190,2311
7.64211,45.94190,2317
7.64254,45.94190,2318
7.64297,45.94190,2320
7.64339,45.94190,2321
7.64382,45.94190,2321
7.64425,45.94190,2324
7.64468,45.94190,2328
7.64511,45.94190,2334
7.64554,45.94190,2342
7.64597,45.94190,2350
7.64640,45.94190,2360
7.62451,45.94160,2164
7.62494,45.94160,2157
7.62537,45.94160,2150
7.62580,45.94160,2143
7.62623,45.94160,2135
7.62666,45.94160,2128
7.62709,45.94160,2121
7.62752,45.94160,2116
7.62794,45.94160,2112
7.62837,45.94160,2110
7.62880,45.94160,2109
7.62923,45.94160,2108
7.62966,45.94160,2106
7.63009,45.94160,2103
7.63052,45.94160,2098
7.63095,45.94160,2092
7.63138,45.94160,2089
7.63181,45.94160,2085
7.63224,45.94160,2083
7.63267,45.94160,2083
7.63309,45.94160,2084
7.63352,45.94160,2086
7.63395,45.94160,2089
7.63438,45.94160,2094
7.63481,45.94160,2100
7.63524,45.94160,2108
7.63567,45.94160,2118
7.63610,45.94160,2131
7.63653,45.94160,2145
7.63696,45.94160,2160
7.63739,45.94160,2175
7.63782,45.94160,2189
7.63824,45.94160,2202
7.63867,45.94160,2214
7.63910,45.94160,2226
7.63953,45.94160,2241
7.63996,45.94160,2253
7.64039,45.94160,2264
7.64082,45.94160,2276
7.64125,45.94160,2286
7.64168,45.94160,2294
7.64211,45.94160,2299
7.64254,45.94160,2301
7.64297,45.94160,2302
7.64339,45.94160,2303
7.64382,45.94160,2305
7.64425,45.94160,2308
7.64468,45.94160,2314
7.64511,45.94160,2322
7.64554,45.94160,2332
7.64597,45.94160,2341
7.64640,45.94160,2352
7.62451,45.94130,2151
7.62494,45.94130,2143
7.62537,45.94130,2135
7.62580,45.94130,2127
7.62623,45.94130,2119
7.62666,45.94130,2113
7.62709,45.94130,2108
7.62752,45.94130,2105
7.62794,45.94130,2103
7.62837,45.94130,2103
7.62880,45.94130,2103
7.62923,45.94130,2103
7.62966,45.94130,2102
7.63009,45.94130,2098
7.63052,45.94130,2092
7.63095,45.94130,2087
7.63138,45.94130,2083
7.63181,45.94130,2081
7.63224,45.94130,2081
7.63267,45.94130,2081
7.63309,45.94130,2082
7.63352,45.94130,2084
7.63395,45.94130,2088
7.63438,45.94130,2093
7.63481,45.94130,2100
7.63524,45.94130,2108
7.63567,45.94130,2118
7.63610,45.94130,2131
7.63653,45.94130,2147
7.63696,45.94130,2163
7.63739,45.94130,2178
7.63782,45.94130,2191
7.63824,45.94130,2202
7.63867,45.94130,2213
7.63910,45.94130,2223
7.63953,45.94130,2234
7.63996,45.94130,2244
7.64039,45.94130,2253
7.64082,45.94130,2262
7.64125,45.94130,2270
7.64168,45.94130,2275
7.64211,45.94130,2278
7.64254,45.94130,2280
7.64297,45.94130,2281
7.64339,45.94130,2284
7.64382,45.94130,2287
7.64425,45.94130,2293
7.64468,45.94130,2300
7.64511,45.94130,2309
7.64554,45.94130,2320
7.64597,45.94130,2331
7.64640,45.94130,2341
7.62451,45.94100,2136
7.62494,45.94100,2127
7.62537,45.94100,2119
7.62580,45.94100,2111
7.62623,45.94100,2104
7.62666,45.94100,2100
7.62709,45.94100,2096
7.62752,45.94100,2095
7.62794,45.94100,2096
7.62837,45.94100,2097
7.62880,45.94100,2098
7.62923,45.94100,2098
7.62966,45.94100,2097
7.63009,45.94100,2093
7.63052,45.94100,2087
7.63095,45.94100,2081
7.63138,45.94100,2078
7.63181,45.94100,2077
7.63224,45.94100,2078
7.63267,45.94100,2078
7.63309,45.94100,2080
7.63352,45.94100,2084
7.63395,45.94100,2087
7.63438,45.94100,2093
7.63481,45.94100,2099
7.63524,45.94100,2108
7.63567,45.94100,2119
7.63610,45.94100,2133
7.63653,45.94100,2149
7.63696,45.94100,2166
7.63739,45.94100,2180
7.63782,45.94100,2193
7.63824,45.94100,2203
7.63867,45.94100,2211
7.63910,45.94100,2218
7.63953,45.94100,2225
7.63996,45.94100,2231
7.64039,45.94100,2239
7.64082,45.94100,2245
7.64125,45.94100,2251
7.64168,45.94100,2254
7.64211,45.94100,2257
7.64254,45.94100,2258
7.64297,45.94100,2261
7.64339,45.94100,2266
7.64382,45.94100,2271
7.64425,45.94100,2277
7.64468,45.94100,2285
7.64511,45.94100,2294
7.64554,45.94100,2306
7.64597,45.94100,2318
7.64640,45.94100,2329
7.62451,45.94071,2121
7.62494,45.94071,2112
7.62537,45.94071,2104
7.62580,45.94071,2096
7.62623,45.94071,2092
7.62666,45.94071,2089
7.62709,45.94071,2087
7.62752,45.94071,2087
7.62794,45.94071,2089
7.62837,45.94071,2091
7.62880,45.94071,2092
7.62923,45.94071,2093
7.62966,45.94071,2091
7.63009,45.94071,2086
7.63052,45.94071,2080
7.63095,45.94071,2074
7.63138,45.94071,2071
7.63181,45.94071,2072
7.63224,45.94071,2074
7.63267,45.94071,2076
7.63309,45.94071,2079
7.63352,45.94071,2083
7.63395,45.94071,2086
7.63438,45.94071,2092
7.63481,45.94071,2099
7.63524,45.94071,2109
7.63567,45.94071,2121
7.63610,45.94071,2136
7.63653,45.94071,2152
7.63696,45.94071,2168
7.63739,45.94071,2181
7.63782,45.94071,2192
7.63824,45.94071,2201
7.63867,45.94071,2208
7.63910,45.94071,2212
7.63953,45.94071,2215
7.63996,45.94071,2219
7.64039,45.94071,2224
7.64082,45.94071,2227
7.64125,45.94071,2231
7.64168,45.94071,2233
7.64211,45.94071,2235
7.64254,45.94071,2238
7.64297,45.94071,2242
7.64339,45.94071,2248
7.64382,45.94071,2254
7.64425,45.94071,2262
7.64468,45.94071,2269
7.64511,45.94071,2279
7.64554,45.94071,2292
7.64597,45.94071,2305
7.64640,45.94071,2316
7.62451,45.94041,2106
7.62494,45.94041,2097
7.62537,45.94041,2089
7.62580,45.94041,2084
7.62623,45.94041,2082
7.62666,45.94041,2081
7.62709,45.94041,2081
7.62752,45.94041,2083
7.62794,45.94041,2085
7.62837,45.94041,2087
7.62880,45.94041,2088
7.62923,45.94041,2087
7.62966,45.94041,2083
7.63009,45.94041,2078
7.63052,45.94041,2071
7.63095,45.94041,2066
7.63138,45.94041,2065
7.63181,45.94041,2066
7.63224,45.94041,2069
7.63267,45.94041,2072
7.63309,45.94041,2076
7.63352,45.94041,2080
7.63395,45.94041,2085
7.63438,45.94041,2091
7.63481,45.94041,2099
7.63524,45.94041,2109
7.63567,45.94041,2122
7.63610,45.94041,2137
7.63653,45.94041,2153
7.63696,45.94041,2168
7.63739,45.94041,2180
7.63782,45.94041,2189
7.63824,45.94041,2196
7.63867,45.94041,2201
7.63910,45.94041,2205
7.63953,45.94041,2207
7.63996,45.94041,2207
7.64039,45.94041,2208
7.64082,45.94041,2210
7.64125,45.94041,2213
7.64168,45.94041,2214
7.64211,45.94041,2217
7.64254,45.94041,2220
7.64297,45.94041,2225
7.64339,45.94041,2232
7.64382,45.94041,2239
7.64425,45.94041,2247
7.64468,45.94041,2256
7.64511,45.94041,2267
7.64554,45.94041,2280
7.64597,45.94041,2292
7.64640,45.94041,2303
7.62451,45.94011,2094
7.62494,45.94011,2084
7.62537,45.94011,2077
7.62580,45.94011,2074
7.62623,45.94011,2073
7.62666,45.94011,2074
7.62709,45.94011,2076
7.62752,45.94011,2079
7.62794,45.94011,2082
7.62837,45.94011,2083
7.62880,45.94011,2083
7.62923,45.94011,2080
7.62966,45.94011,2074
7.63009,45.94011,2067
7.63052,45.94011,2061
7.63095,45.94011,2057
7.63138,45.94011,2057
7.63181,45.94011,2061
7.63224,45.94011,2064
7.63267,45.94011,2069
7.63309,45.94011,2073
7.63352,45.94011,2078
7.63395,45.94011,2084
7.63438,45.94011,2091
7.63481,45.94011,2099
7.63524,45.94011,2109
7.63567,45.94011,2123
7.63610,45.94011,2138
7.63653,45.94011,2153
7.63696,45.94011,2167
7.63739,45.94011,2176
7.63782,45.94011,2183
7.63824,45.94011,2189
7.63867,45.94011,2193
7.63910,45.94011,2196
7.63953,45.94011,2196
7.63996,45.94011,2195
7.64039,45.94011,2194
7.64082,45.94011,2194
7.64125,45.94011,2196
7.64168,45.94011,2197
7.64211,45.94011,2200
7.64254,45.94011,2205
7.64297,45.94011,2211
7.64339,45.94011,2218
7.64382,45.94011,2227
7.64425,45.94011,2236
7.64468,45.94011,2246
7.64511,45.94011,2258
7.64554,45.94011,2270
7.64597,45.94011,2283
7.64640,45.94011,2295
7.62451,45.93981,2083
7.62494,45.93981,2074
7.62537,45.93981,2068
7.62580,45.93981,2064
7.62623,45.93981,2065
7.62666,45.93981,2068
7.62709,45.93981,2071
7.62752,45.93981,2074
7.62794,45.93981,2077
7.62837,45.93981,2078
7.62880,45.93981,2075
7.62923,45.93981,2070
7.62966,45.93981,2063
7.63009,45.93981,2055
7.63052,45.93981,2049
7.63095,45.93981,2048
7.63138,45.93981,2050
7.63181,45.93981,2055
7.63224,45.93981,2059
7.63267,45.93981,2065
7.63309,45.93981,2070
7.63352,45.93981,2075
7.63395,45.93981,2082
7.63438,45.93981,2090
7.63481,45.93981,2099
7.63524,45.93981,2109
7.63567,45.93981,2123
7.63610,45.93981,2138
7.63653,45.93981,2151
7.63696,45.93981,2162
7.63739,45.93981,2170
7.63782,45.93981,2176
7.63824,45.93981,2181
7.63867,45.93981,2183
7.63910,45.93981,2184
7.63953,45.93981,2183
7.63996,45.93981,2181
7.64039,45.93981,2181
7.64082,45.93981,2181
7.64125,45.93981,2182
7.64168,45.93981,2184
7.64211,45.93981,2188
7.64254,45.93981,2194
7.64297,45.93981,2201
7.64339,45.93981,2208
7.64382,45.93981,2218
7.64425,45.93981,2229
7.64468,45.93981,2239
7.64511,45.93981,2251
7.64554,45.93981,2264
7.64597,45.93981,2276
7.64640,45.93981,2288
7.62451,45.93951,2073
7.62494,45.93951,2064
7.62537,45.93951,2059
7.62580,45.93951,2056
7.62623,45.93951,2057
7.62666,45.93951,2060
7.62709,45.93951,2064
7.62752,45.93951,2067
7.62794,45.93951,2070
7.62837,45.93951,2068
7.62880,45.93951,2065
7.62923,45.93951,2058
7.62966,45.93951,2051
7.63009,45.93951,2043
7.63052,45.93951,2039
7.63095,45.93951,2038
7.63138,45.93951,2043
7.63181,45.93951,2050
7.63224,45.93951,2055
7.63267,45.93951,2061
7.63309,45.93951,2066
7.63352,45.93951,2072
7.63395,45.93951,2080
7.63438,45.93951,2088
7.63481,45.93951,2098
7.63524,45.93951,2109
7.63567,45.93951,2123
7.63610,45.93951,2137
7.63653,45.93951,2147
7.63696,45.93951,2156
7.63739,45.93951,2162
7.63782,45.93951,2167
7.63824,45.93951,2170
7.63867,45.93951,2171
7.63910,45.93951,2170
7.63953,45.93951,2169
7.63996,45.93951,2168
7.64039,45.93951,2168
7.64082,45.93951,2169
7.64125,45.93951,2171
7.64168,45.93951,2175
7.64211,45.93951,2180
7.64254,45.93951,2186
7.64297,45.93951,2193
7.64339,45.93951,2202
7.64382,45.93951,2213
7.64425,45.93951,2225
7.64468,45.93951,2237
7.64511,45.93951,2249
7.64554,45.93951,2260
7.64597,45.93951,2272
7.64640,45.93951,2285
7.62451,45.93921,2062
7.62494,45.93921,2055
7.62537,45.93921,2050
7.62580,45.93921,2048
7.62623,45.93921,2049
7.62666,45.93921,2050
7.62709,45.93921,2053
7.62752,45.93921,2056
7.62794,45.93921,2058
7.62837,45.93921,2056
7.62880,45.93921,2051
7.62923,45.93921,2045
7.62966,45.93921,2039
7.63009,45.93921,2033
7.63052,45.93921,2030
7.63095,45.93921,2031
7.63138,45.93921,2036
7.63181,45.93921,2044
7.63224,45.93921,2051
7.63267,45.93921,2057
7.63309,45.93921,2063
7.63352,45.93921,2070
7.63395,45.93921,2078
7.63438,45.93921,2087
7.63481,45.93921,2096
7.63524,45.93921,2107
7.63567,45.93921,2120
7.63610,45.93921,2133
7.63653,45.93921,2142
7.63696,45.93921,2149
7.63739,45.93921,2153
7.63782,45.93921,2156
7.63824,45.93921,2157
7.63867,45.93921,2156
7.63910,45.93921,2156
7.63953,45.93921,2154
7.63996,45.93921,2154
7.64039,45.93921,2154
7.64082,45.93921,2157
7.64125,45.93921,2162
7.64168,45.93921,2167
7.64211,45.93921,2174
7.64254,45.93921,2181
7.64297,45.93921,2189
7.64339,45.93921,2199
7.64382,45.93921,2211
7.64425,45.93921,2224
7.64468,45.93921,2237
7.64511,45.93921,2248
7.64554,45.93921,2260
7.64597,45.93921,2271
7.64640,45.93921,2283
7.62451,45.93891,2051
7.62494,45.93891,2045
7.62537,45.93891,2043
7.62580,45.93891,2041
7.62623,45.93891,2040
7.62666,45.93891,2040
7.62709,45.93891,2040
7.62752,45.93891,2043
7.62794,45.93891,2044
7.62837,45.93891,2042
7.62880,45.93891,2038
7.62923,45.93891,2033
7.62966,45.93891,2028
7.63009,45.93891,2025
7.63052,45.93891,2023
7.63095,45.93891,2025
7.63138,45.93891,2031
7.63181,45.93891,2039
7.63224,45.93891,2047
7.63267,45.93891,2054
7.63309,45.93891,2061
7.63352,45.93891,2068
7.63395,45.93891,2076
7.63438,45.93891,2085
7.63481,45.93891,2094
7.63524,45.93891,2104
7.63567,45.93891,2115
7.63610,45.93891,2126
7.63653,45.93891,2134
7.63696,45.93891,2140
7.63739,45.93891,2144
7.63782,45.93891,2145
7.63824,45.93891,2145
7.63867,45.93891,2143
7.63910,45.93891,2143
7.63953,45.93891,2141
7.63996,45.93891,2141
7.64039,45.93891,2142
7.64082,45.93891,2147
7.64125,45.93891,2154
7.64168,45.93891,2160
7.64211,45.93891,2168
7.64254,45.93891,2177
7.64297,45.93891,2187
7.64339,45.93891,2198
7.64382,45.93891,2209
7.64425,45.93891,2223
7.64468,45.93891,2237
7.64511,45.93891,2248
7.64554,45.93891,2260
7.64597,45.93891,2271
7.64640,45.93891,2282
7.62451,45.93862,2043
7.62494,45.93862,2038
7.62537,45.93862,2035
7.62580,45.93862,2034
7.62623,45.93862,2032
7.62666,45.93862,2029
7.62709,45.93862,2028
7.62752,45.93862,2030
7.62794,45.93862,2030
7.62837,45.93862,2028
7.62880,45.93862,2026
7.62923,45.93862,2023
7.62966,45.93862,2020
7.63009,45.93862,2018
7.63052,45.93862,2018
7.63095,45.93862,2020
7.63138,45.93862,2027
7.63181,45.93862,2034
7.63224,45.93862,2042
7.63267,45.93862,2050
7.63309,45.93862,2059
7.63352,45.93862,2066
7.63395,45.93862,2074
7.63438,45.93862,2083
7.63481,45.93862,2091
7.63524,45.93862,2100
7.63567,45.93862,2109
7.63610,45.93862,2119
7.63653,45.93862,2126
7.63696,45.93862,2130
7.63739,45.93862,2133
7.63782,45.93862,2134
7.63824,45.93862,2132
7.63867,45.93862,2131
7.63910,45.93862,2130
7.63953,45.93862,2129
7.63996,45.93862,2128
7.64039,45.93862,2131
7.64082,45.93862,2137
7.64125,45.93862,2145
7.64168,45.93862,2154
7.64211,45.93862,2163
7.64254,45.93862,2174
7.64297,45.93862,2185
7.64339,45.93862,2196
7.64382,45.93862,2208
7.64425,45.93862,2222
7.64468,45.93862,2235
7.64511,45.93862,2247
7.64554,45.93862,2259
7.64597,45.93862,2269
7.64640,45.93862,2279
7.62451,45.93832,2037
7.62494,45.93832,2032
7.62537,45.93832,2029
7.62580,45.93832,2027
7.62623,45.93832,2024
7.62666,45.93832,2021
7.62709,45.93832,2020
7.62752,45.93832,2020
7.62794,45.93832,2020
7.62837,45.93832,2019
7.62880,45.93832,2018
7.62923,45.93832,2017
7.62966,45.93832,2015
7.63009,45.93832,2014
7.63052,45.93832,2014
7.63095,45.93832,2016
7.63138,45.93832,2022
7.63181,45.93832,2030
7.63224,45.93832,2038
7.63267,45.93832,2047
7.63309,45.93832,2056
7.63352,45.93832,2065
7.63395,45.93832,2073
7.63438,45.93832,2081
7.63481,45.93832,2088
7.63524,45.93832,2095
7.63567,45.93832,2104
7.63610,45.93832,2111
7.63653,45.93832,2117
7.63696,45.93832,2121
7.63739,45.93832,2122
7.63782,45.93832,2122
7.63824,45.93832,2120
7.63867,45.93832,2119
7.63910,45.93832,2119
7.63953,45.93832,2118
7.63996,45.93832,2118
7.64039,45.93832,2121
7.64082,45.93832,2128
7.64125,45.93832,2136
7.64168,45.93832,2147
7.64211,45.93832,2158
7.64254,45.93832,2170
7.64297,45.93832,2182
7.64339,45.93832,2194
7.64382,45.93832,2205
7.64425,45.93832,2218
7.64468,45.93832,2230
7.64511,45.93832,2243
7.64554,45.93832,2254
7.64597,45.93832,2264
7.64640,45.93832,2273
7.62451,45.93802,2032
7.62494,45.93802,2027
7.62537,45.93802,2023
7.62580,45.93802,2021
7.62623,45.93802,2018
7.62666,45.93802,2017
7.62709,45.93802,2015
7.62752,45.93802,2014
7.62794,45.93802,2013
7.62837,45.93802,2013
7.62880,45.93802,2013
7.62923,45.93802,2014
7.62966,45.93802,2013
7.63009,45.93802,2012
7.63052,45.93802,2012
7.63095,45.93802,2013
7.63138,45.93802,2019
7.63181,45.93802,2027
7.63224,45.93802,2034
7.63267,45.93802,2044
7.63309,45.93802,2053
7.63352,45.93802,2063
7.63395,45.93802,2071
7.63438,45.93802,2079
7.63481,45.93802,2085
7.63524,45.93802,2091
7.63567,45.93802,2097
7.63610,45.93802,2103
7.63653,45.93802,2108
7.63696,45.93802,2110
7.63739,45.93802,2111
7.63782,45.93802,2110
7.63824,45.93802,2109
7.63867,45.93802,2107
7.63910,45.93802,2107
7.63953,45.93802,2108
7.63996,45.93802,2109
7.64039,45.93802,2111
7.64082,45.93802,2117
7.64125,45.93802,2126
7.64168,45.93802,2137
7.64211,45.93802,2150
7.64254,45.93802,2164
7.64297,45.93802,2177
7.64339,45.93802,2189
7.64382,45.93802,2201
7.64425,45.93802,2213
7.64468,45.93802,2224
7.64511,45.93802,2236
7.64554,45.93802,2246
7.64597,45.93802,2255
7.64640,45.93802,2263
7.62451,45.93772,2027
7.62494,45.93772,2022
7.62537,45.93772,2018
7.62580,45.93772,2016
7.62623,45.93772,2014
7.62666,45.93772,2013
7.62709,45.93772,2012
7.62752,45.93772,2011
7.62794,45.93772,2010
7.62837,45.93772,2011
7.62880,45.93772,2012
7.62923,45.93772,2012
7.62966,45.93772,2012
7.63009,45.93772,2011
7.63052,45.93772,2011
7.63095,45.93772,2010
7.63138,45.93772,2015
7.63181,45.93772,2023
7.63224,45.93772,2031
7.63267,45.93772,2041
7.63309,45.93772,2051
7.63352,45.93772,2061
7.63395,45.93772,2069
7.63438,45.93772,2076
7.63481,45.93772,2081
7.63524,45.93772,2085
7.63567,45.93772,2090
7.63610,45.93772,2094
7.63653,45.93772,2098
7.63696,45.93772,2100
7.63739,45.93772,2100
7.63782,45.93772,2099
7.63824,45.93772,2098
7.63867,45.93772,2097
7.63910,45.93772,2097
7.63953,45.93772,2098
7.63996,45.93772,2100
7.64039,45.93772,2103
7.64082,45.93772,2107
7.64125,45.93772,2115
7.64168,45.93772,2126
7.64211,45.93772,2139
7.64254,45.93772,2154
7.64297,45.93772,2167
7.64339,45.93772,2182
7.64382,45.93772,2194
7.64425,45.93772,2205
7.64468,45.93772,2216
7.64511,45.93772,2227
7.64554,45.93772,2237
7.64597,45.93772,2244
7.64640,45.93772,2252
7.62451,45.93742,2022
7.62494,45.93742,2017
7.62537,45.93742,2014
7.62580,45.93742,2012
7.62623,45.93742,2011
7.62666,45.93742,2011
7.62709,45.93742,2011
7.62752,45.93742,2010
7.62794,45.93742,2010
7.62837,45.93742,2010
7.62880,45.93742,2011
7.62923,45.93742,2011
7.62966,45.93742,2011
7.63009,45.93742,2011
7.63052,45.93742,2010
7.63095,45.93742,2008
7.63138,45.93742,2011
7.63181,45.93742,2019
7.63224,45.93742,2029
7.63267,45.93742,2039
7.63309,45.93742,2050
7.63352,45.93742,2059
7.63395,45.93742,2066
7.63438,45.93742,2072
7.63481,45.93742,2076
7.63524,45.93742,2079
7.63567,45.93742,2082
7.63610,45.93742,2085
7.63653,45.93742,2088
7.63696,45.93742,2089
7.63739,45.93742,2090
7.63782,45.93742,2089
7.63824,45.93742,2088
7.63867,45.93742,2088
7.63910,45.93742,2089
7.63953,45.93742,2090
7.63996,45.93742,2092
7.64039,45.93742,2095
7.64082,45.93742,2098
7.64125,45.93742,2105
7.64168,45.93742,2114
7.64211,45.93742,2126
7.64254,45.93742,2140
7.64297,45.93742,2155
7.64339,45.93742,2171
7.64382,45.93742,2184
7.64425,45.93742,2196
7.64468,45.93742,2206
7.64511,45.93742,2217
7.64554,45.93742,2226
7.64597,45.93742,2233
7.64640,45.93742,2241
7.62451,45.93712,2019
7.62494,45.93712,2014
7.62537,45.93712,2010
7.62580,45.93712,2009
7.62623,45.93712,2009
7.62666,45.93712,2010
7.62709,45.93712,2010
7.62752,45.93712,2009
7.62794,45.93712,2009
7.62837,45.93712,2009
7.62880,45.93712,2010
7.62923,45.93712,2010
7.62966,45.93712,2010
7.63009,45.93712,2010
7.63052,45.93712,2009
7.63095,45.93712,2007
7.63138,45.93712,2009
7.63181,45.93712,2016
7.63224,45.93712,2026
7.63267,45.93712,2037
7.63309,45.93712,2048
7.63352,45.93712,2056
7.63395,45.93712,2063
7.63438,45.93712,2067
7.63481,45.93712,2069
7.63524,45.93712,2072
7.63567,45.93712,2074
7.63610,45.93712,2076
7.63653,45.93712,2078
7.63696,45.93712,2079
7.63739,45.93712,2079
7.63782,45.93712,2079
7.63824,45.93712,2079
7.63867,45.93712,2080
7.63910,45.93712,2081
7.63953,45.93712,2082
7.63996,45.93712,2084
7.64039,45.93712,2086
7.64082,45.93712,2090
7.64125,45.93712,2095
7.64168,45.93712,2103
7.64211,45.93712,2113
7.64254,45.93712,2125
7.64297,45.93712,2140
7.64339,45.93712,2155
7.64382,45.93712,2169
7.64425,45.93712,2181
7.64468,45.93712,2193
7.64511,45.93712,2203
7.64554,45.93712,2212
7.64597,45.93712,2219
7.64640,45.93712,2226
7.62451,45.93683,2016
7.62494,45.93683,2011
7.62537,45.93683,2008
7.62580,45.93683,2007
7.62623,45.93683,2008
7.62666,45.93683,2008
7.62709,45.93683,2009
7.62752,45.93683,2007
7.62794,45.93683,2007
7.62837,45.93683,2008
7.62880,45.93683,2009
7.62923,45.93683,2009
7.62966,45.93683,2009
7.63009,45.93683,2009
7.63052,45.93683,2008
7.63095,45.93683,2007
7.63138,45.93683,2008
7.63181,45.93683,2013
7.63224,45.93683,2023
7.63267,45.93683,2034
7.63309,45.93683,2044
7.63352,45.93683,2052
7.63395,45.93683,2058
7.63438,45.93683,2061
7.63481,45.93683,2063
7.63524,45.93683,2064
7.63567,45.93683,2065
7.63610,45.93683,2067
7.63653,45.93683,2069
7.63696,45.93683,2069
7.63739,45.93683,2070
7.63782,45.93683,2070
7.63824,45.93683,2070
7.63867,45.93683,2071
7.63910,45.93683,2072
7.63953,45.93683,2074
7.63996,45.93683,2075
7.64039,45.93683,2078
7.64082,45.93683,2082
7.64125,45.93683,2087
7.64168,45.93683,2093
7.64211,45.93683,2101
7.64254,45.93683,2112
7.64297,45.93683,2124
7.64339,45.93683,2138
7.64382,45.93683,2152
7.64425,45.93683,2165
7.64468,45.93683,2177
7.64511,45.93683,2187
7.64554,45.93683,2196
7.64597,45.93683,2202
7.64640,45.93683,2209
7.62451,45.93653,2013
7.62494,45.93653,2009
7.62537,45.93653,2008
7.62580,45.93653,2007
7.62623,45.93653,2007
7.62666,45.93653,2007
7.62709,45.93653,2007
7.62752,45.93653,2006
7.62794,45.93653,2006
7.62837,45.93653,2006
7.62880,45.93653,2007
7.62923,45.93653,2008
7.62966,45.93653,2008
7.63009,45.93653,2008
7.63052,45.93653,2007
7.63095,45.93653,2006
7.63138,45.93653,2007
7.63181,45.93653,2011
7.63224,45.93653,2020
7.63267,45.93653,2031
7.63309,45.93653,2040
7.63352,45.93653,2047
7.63395,45.93653,2052
7.63438,45.93653,2055
7.63481,45.93653,2056
7.63524,45.93653,2057
7.63567,45.93653,2058
7.63610,45.93653,2059
7.63653,45.93653,2060
7.63696,45.93653,2061
7.63739,45.93653,2061
7.63782,45.93653,2061
7.63824,45.93653,2062
7.63867,45.93653,2064
7.63910,45.93653,2065
7.63953,45.93653,2065
7.63996,45.93653,2067
7.64039,45.93653,2070
7.64082,45.93653,2075
7.64125,45.93653,2080
7.64168,45.93653,2086
7.64211,45.93653,2094
7.64254,45.93653,2103
7.64297,45.93653,2113
7.64339,45.93653,2125
7.64382,45.93653,2138
7.64425,45.93653,2149
7.64468,45.93653,2160
7.64511,45.93653,2170
7.64554,45.93653,2178
7.64597,45.93653,2184
7.64640,45.93653,2189
7.62451,45.93623,2012
7.62494,45.93623,2009
7.62537,45.93623,2007
7.62580,45.93623,2006
7.62623,45.93623,2005
7.62666,45.93623,2006
7.62709,45.93623,2006
7.62752,45.93623,2005
7.62794,45.93623,2004
7.62837,45.93623,2004
7.62880,45.93623,2005
7.62923,45.93623,2006
7.62966,45.93623,2007
7.63009,45.93623,2007
7.63052,45.93623,2007
7.63095,45.93623,2006
7.63138,45.93623,2007
7.63181,45.93623,2011
7.63224,45.93623,2018
7.63267,45.93623,2027
7.63309,45.93623,2035
7.63352,45.93623,2041
7.63395,45.93623,2046
7.63438,45.93623,2048
7.63481,45.93623,2049
7.63524,45.93623,2051
7.63567,45.93623,2051
7.63610,45.93623,2052
7.63653,45.93623,2052
7.63696,45.93623,2053
7.63739,45.93623,2054
7.63782,45.93623,2054
7.63824,45.93623,2055
7.63867,45.93623,2058
7.63910,45.93623,2059
7.63953,45.93623,2061
7.63996,45.93623,2063
7.64039,45.93623,2067
7.64082,45.93623,2072
7.64125,45.93623,2078
7.64168,45.93623,2085
7.64211,45.93623,2092
7.64254,45.93623,2100
7.64297,45.93623,2108
7.64339,45.93623,2118
7.64382,45.93623,2127
7.64425,45.93623,2137
7.64468,45.93623,2146
7.64511,45.93623,2155
7.64554,45.93623,2161
7.64597,45.93623,2166
7.64640,45.93623,2171
7.62451,45.93593,2011
7.62494,45.93593,2007
7.62537,45.93593,2005
7.62580,45.93593,2004
7.62623,45.93593,2004
7.62666,45.93593,2004
7.62709,45.93593,2005
7.62752,45.93593,2004
7.62794,45.93593,2003
7.62837,45.93593,2003
7.62880,45.93593,2003
7.62923,45.93593,2004
7.62966,45.93593,2006
7.63009,45.93593,2006
7.63052,45.93593,2006
7.63095,45.93593,2005
7.63138,45.93593,2008
7.63181,45.93593,2012
7.63224,45.93593,2017
7.63267,45.93593,2024
7.63309,45.93593,2031
7.63352,45.93593,2036
7.63395,45.93593,2040
7.63438,45.93593,2042
7.63481,45.93593,2043
7.63524,45.93593,2044
7.63567,45.93593,2044
7.63610,45.93593,2045
7.63653,45.93593,2046
7.63696,45.93593,2047
7.63739,45.93593,2048
7.63782,45.93593,2049
7.63824,45.93593,2051
7.63867,45.93593,2054
7.63910,45.93593,2057
7.63953,45.93593,2060
7.63996,45.93593,2064
7.64039,45.93593,2068
7.64082,45.93593,2074
7.64125,45.93593,2081
7.64168,45.93593,2090
7.64211,45.93593,2097
7.64254,45.93593,2105
7.64297,45.93593,2112
7.64339,45.93593,2118
7.64382,45.93593,2123
7.64425,45.93593,2130
7.64468,45.93593,2136
7.64511,45.93593,2142
7.64554,45.93593,2148
7.64597,45.93593,2151
7.64640,45.93593,2155
7.64648,45.95115,2315
7.64691,45.95115,2323
7.64734,45.95115,2332
7.64777,45.95115,2342
7.64820,45.95115,2352
7.64863,45.95115,2362
7.64906,45.95115,2371
7.64949,45.95115,2382
7.64992,45.95115,2394
7.65035,45.95115,2408
7.65078,45.95115,2421
7.65121,45.95115,2434
7.65163,45.95115,2445
7.65206,45.95115,2456
7.65249,45.95115,2467
7.65292,45.95115,2479
7.65335,45.95115,2490
7.65378,45.95115,2502
7.65421,45.95115,2513
7.65464,45.95115,2524
7.65507,45.95115,2536
7.65550,45.95115,2546
7.65593,45.95115,2557
7.65635,45.95115,2565
7.65678,45.95115,2574
7.65721,45.95115,2585
7.65764,45.95115,2597
7.65807,45.95115,2610
7.65850,45.95115,2624
7.65893,45.95115,2637
7.65936,45.95115,2651
7.65979,45.95115,2663
7.66022,45.95115,2673
7.66065,45.95115,2678
7.66108,45.95115,2680
7.66150,45.95115,2680
7.66193,45.95115,2679
7.66236,45.95115,2678
7.66279,45.95115,2678
7.66322,45.95115,2681
7.66365,45.95115,2689
7.66408,45.95115,2701
7.66451,45.95115,2717
7.66494,45.95115,2730
7.66537,45.95115,2741
7.66580,45.95115,2751
7.66623,45.95115,2759
7.66665,45.95115,2767
7.66708,45.95115,2775
7.66751,45.95115,2783
7.66794,45.95115,2792
7.66837,45.95115,2800
7.64648,45.95085,2322
7.64691,45.95085,2330
7.64734,45.95085,2339
7.64777,45.95085,2347
7.64820,45.95085,2357
7.64863,45.95085,2365
7.64906,45.95085,2373
7.64949,45.95085,2384
7.64992,45.95085,2396
7.65035,45.95085,2410
7.65078,45.95085,2424
7.65121,45.95085,2437
7.65163,45.95085,2448
7.65206,45.95085,2459
7.65249,45.95085,2469
7.65292,45.95085,2479
7.65335,45.95085,2489
7.65378,45.95085,2500
7.65421,45.95085,2512
7.65464,45.95085,2523
7.65507,45.95085,2535
7.65550,45.95085,2546
7.65593,45.95085,2555
7.65635,45.95085,2564
7.65678,45.95085,2574
7.65721,45.95085,2586
7.65764,45.95085,2600
7.65807,45.95085,2613
7.65850,45.95085,2627
7.65893,45.95085,2640
7.65936,45.95085,2653
7.65979,45.95085,2665
7.66022,45.95085,2675
7.66065,45.95085,2680
7.66108,45.95085,2683
7.66150,45.95085,2685
7.66193,45.95085,2683
7.66236,45.95085,2681
7.66279,45.95085,2679
7.66322,45.95085,2682
7.66365,45.95085,2689
7.66408,45.95085,2700
7.66451,45.95085,2713
7.66494,45.95085,2726
7.66537,45.95085,2737
7.66580,45.95085,2747
7.66623,45.95085,2755
7.66665,45.95085,2763
7.66708,45.95085,2771
7.66751,45.95085,2779
7.66794,45.95085,2787
7.66837,45.95085,2795
7.64648,45.95055,2332
7.64691,45.95055,2340
7.64734,45.95055,2347
7.64777,45.95055,2355
7.64820,45.95055,2363
7.64863,45.95055,2371
7.64906,45.95055,2379
7.64949,45.95055,2388
7.64992,45.95055,2400
7.65035,45.95055,2414
7.65078,45.95055,2428
7.65121,45.95055,2441
7.65163,45.95055,2452
7.65206,45.95055,2463
7.65249,45.95055,2471
7.65292,45.95055,2479
7.65335,45.95055,2489
7.65378,45.95055,2499
7.65421,45.95055,2511
7.65464,45.95055,2523
7.65507,45.95055,2534
7.65550,45.95055,2544
7.65593,45.95055,2554
7.65635,45.95055,2563
7.65678,45.95055,2574
7.65721,45.95055,2586
7.65764,45.95055,2600
7.65807,45.95055,2614
7.65850,45.95055,2626
7.65893,45.95055,2638
7.65936,45.95055,2650
7.65979,45.95055,2662
7.66022,45.95055,2672
7.66065,45.95055,2678
7.66108,45.95055,2682
7.66150,45.95055,2683
7.66193,45.95055,2682
7.66236,45.95055,2681
7.66279,45.95055,2680
7.66322,45.95055,2681
7.66365,45.95055,2688
7.66408,45.95055,2698
7.66451,45.95055,2710
7.66494,45.95055,2723
7.66537,45.95055,2734
7.66580,45.95055,2743
7.66623,45.95055,2751
7.66665,45.95055,2759
7.66708,45.95055,2767
7.66751,45.95055,2775
7.66794,45.95055,2783
7.66837,45.95055,2789
7.64648,45.95025,2342
7.64691,45.95025,2349
7.64734,45.95025,2356
7.64777,45.95025,2363
7.64820,45.95025,2371
7.64863,45.95025,2379
7.64906,45.95025,2388
7.64949,45.95025,2397
7.64992,45.95025,2409
7.65035,45.95025,2422
7.65078,45.95025,2435
7.65121,45.95025,2447
7.65163,45.95025,2457
7.65206,45.95025,2465
7.65249,45.95025,2471
7.65292,45.95025,2479
7.65335,45.95025,2488
7.65378,45.95025,2499
7.65421,45.95025,2510
7.65464,45.95025,2522
7.65507,45.95025,2533
7.65550,45.95025,2543
7.65593,45.95025,2553
7.65635,45.95025,2561
7.65678,45.95025,2572
7.65721,45.95025,2585
7.65764,45.95025,2598
7.65807,45.95025,2610
7.65850,45.95025,2621
7.65893,45.95025,2633
7.65936,45.95025,2644
7.65979,45.95025,2657
7.66022,45.95025,2666
7.66065,45.95025,2671
7.66108,45.95025,2674
7.66150,45.95025,2677
7.66193,45.95025,2677
7.66236,45.95025,2677
7.66279,45.95025,2678
7.66322,45.95025,2680
7.66365,45.95025,2685
7.66408,45.95025,2695
7.66451,45.95025,2707
7.66494,45.95025,2719
7.66537,45.95025,2731
7.66580,45.95025,2740
7.66623,45.95025,2749
7.66665,45.95025,2757
7.66708,45.95025,2765
7.66751,45.95025,2772
7.66794,45.95025,2778
7.66837,45.95025,2783
7.64648,45.94996,2350
7.64691,45.94996,2357
7.64734,45.94996,2364
7.64777,45.94996,2371
7.64820,45.94996,2380
7.64863,45.94996,2389
7.64906,45.94996,2399
7.64949,45.94996,2409
7.64992,45.94996,2420
7.65035,45.94996,2431
7.65078,45.94996,2442
7.65121,45.94996,2453
7.65163,45.94996,2460
7.65206,45.94996,2467
7.65249,45.94996,2472
7.65292,45.94996,2479
7.65335,45.94996,2488
7.65378,45.94996,2499
7.65421,45.94996,2511
7.65464,45.94996,2521
7.65507,45.94996,2532
7.65550,45.94996,2542
7.65593,45.94996,2552
7.65635,45.94996,2561
7.65678,45.94996,2571
7.65721,45.94996,2583
7.65764,45.94996,2595
7.65807,45.94996,2606
7.65850,45.94996,2616
7.65893,45.94996,2627
7.65936,45.94996,2637
7.65979,45.94996,2648
7.66022,45.94996,2656
7.66065,45.94996,2661
7.66108,45.94996,2665
7.66150,45.94996,2667
7.66193,45.94996,2669
7.66236,45.94996,2671
7.66279,45.94996,2673
7.66322,45.94996,2677
7.66365,45.94996,2683
7.66408,45.94996,2692
7.66451,45.94996,2704
7.66494,45.94996,2715
7.66537,45.94996,2727
7.66580,45.94996,2738
7.66623,45.94996,2746
7.66665,45.94996,2755
7.66708,45.94996,2762
7.66751,45.94996,2767
7.66794,45.94996,2772
7.66837,45.94996,2776
7.64648,45.94966,2355
7.64691,45.94966,2362
7.64734,45.94966,2370
7.64777,45.94966,2379
7.64820,45.94966,2390
7.64863,45.94966,2401
7.64906,45.94966,2411
7.64949,45.94966,2421
7.64992,45.94966,2431
7.65035,45.94966,2440
7.65078,45.94966,2449
7.65121,45.94966,2457
7.65163,45.94966,2463
7.65206,45.94966,2467
7.65249,45.94966,2472
7.65292,45.94966,2479
7.65335,45.94966,2489
7.65378,45.94966,2499
7.65421,45.94966,2511
7.65464,45.94966,2522
7.65507,45.94966,2532
7.65550,45.94966,2541
7.65593,45.94966,2551
7.65635,45.94966,2561
7.65678,45.94966,2571
7.65721,45.94966,2582
7.65764,45.94966,2593
7.65807,45.94966,2603
7.65850,45.94966,2611
7.65893,45.94966,2620
7.65936,45.94966,2629
7.65979,45.94966,2637
7.66022,45.94966,2645
7.66065,45.94966,2651
7.66108,45.94966,2655
7.66150,45.94966,2658
7.66193,45.94966,2661
7.66236,45.94966,2665
7.66279,45.94966,2669
7.66322,45.94966,2674
7.66365,45.94966,2680
7.66408,45.94966,2689
7.66451,45.94966,2700
7.66494,45.94966,2711
7.66537,45.94966,2722
7.66580,45.94966,2732
7.66623,45.94966,2742
7.66665,45.94966,2750
7.66708,45.94966,2755
7.66751,45.94966,2760
7.66794,45.94966,2765
7.66837,45.94966,2768
7.64648,45.94936,2358
7.64691,45.94936,2366
7.64734,45.94936,2375
7.64777,45.94936,2387
7.64820,45.94936,2400
7.64863,45.94936,2412
7.64906,45.94936,2423
7.64949,45.94936,2432
7.64992,45.94936,2440
7.65035,45.94936,2447
7.65078,45.94936,2453
7.65121,45.94936,2458
7.65163,45.94936,2463
7.65206,45.94936,2467
7.65249,45.94936,2472
7.65292,45.94936,2480
7.65335,45.94936,2490
7.65378,45.94936,2502
7.65421,45.94936,2513
7.65464,45.94936,2523
7.65507,45.94936,2532
7.65550,45.94936,2542
7.65593,45.94936,2551
7.65635,45.94936,2562
7.65678,45.94936,2572
7.65721,45.94936,2582
7.65764,45.94936,2592
7.65807,45.94936,2600
7.65850,45.94936,2607
7.65893,45.94936,2615
7.65936,45.94936,2621
7.65979,45.94936,2628
7.66022,45.94936,2636
7.66065,45.94936,2642
7.66108,45.94936,2647
7.66150,45.94936,2651
7.66193,45.94936,2655
7.66236,45.94936,2660
7.66279,45.94936,2665
7.66322,45.94936,2671
7.66365,45.94936,2678
7.66408,45.94936,2686
7.66451,45.94936,2697
7.66494,45.94936,2707
7.66537,45.94936,2716
7.66580,45.94936,2725
7.66623,45.94936,2734
7.66665,45.94936,2740
7.66708,45.94936,2745
7.66751,45.94936,2750
7.66794,45.94936,2755
7.66837,45.94936,2759
7.64648,45.94906,2358
7.64691,45.94906,2368
7.64734,45.94906,2380
7.64777,45.94906,2393
7.64820,45.94906,2406
7.64863,45.94906,2420
7.64906,45.94906,2431
7.64949,45.94906,2439
7.64992,45.94906,2445
7.65035,45.94906,2451
7.65078,45.94906,2456
7.65121,45.94906,2459
7.65163,45.94906,2463
7.65206,45.94906,2467
7.65249,45.94906,2473
7.65292,45.94906,2481
7.65335,45.94906,2491
7.65378,45.94906,2503
7.65421,45.94906,2515
7.65464,45.94906,2525
7.65507,45.94906,2534
7.65550,45.94906,2543
7.65593,45.94906,2552
7.65635,45.94906,2563
7.65678,45.94906,2573
7.65721,45.94906,2583
7.65764,45.94906,2592
7.65807,45.94906,2598
7.65850,45.94906,2604
7.65893,45.94906,2610
7.65936,45.94906,2616
7.65979,45.94906,2622
7.66022,45.94906,2629
7.66065,45.94906,2636
7.66108,45.94906,2641
7.66150,45.94906,2647
7.66193,45.94906,2652
7.66236,45.94906,2657
7.66279,45.94906,2663
7.66322,45.94906,2670
7.66365,45.94906,2677
7.66408,45.94906,2685
7.66451,45.94906,2694
7.66494,45.94906,2702
7.66537,45.94906,2709
7.66580,45.94906,2718
7.66623,45.94906,2725
7.66665,45.94906,2729
7.66708,45.94906,2734
7.66751,45.94906,2739
7.66794,45.94906,2745
7.66837,45.94906,2749
7.64648,45.94876,2360
7.64691,45.94876,2372
7.64734,45.94876,2384
7.64777,45.94876,2397
7.64820,45.94876,2411
7.64863,45.94876,2423
7.64906,45.94876,2434
7.64949,45.94876,2441
7.64992,45.94876,2447
7.65035,45.94876,2451
7.65078,45.94876,2455
7.65121,45.94876,2459
7.65163,45.94876,2464
7.65206,45.94876,2468
7.65249,45.94876,2475
7.65292,45.94876,2483
7.65335,45.94876,2493
7.65378,45.94876,2504
7.65421,45.94876,2515
7.65464,45.94876,2525
7.65507,45.94876,2535
7.65550,45.94876,2544
7.65593,45.94876,2553
7.65635,45.94876,2563
7.65678,45.94876,2573
7.65721,45.94876,2582
7.65764,45.94876,2590
7.65807,45.94876,2598
7.65850,45.94876,2603
7.65893,45.94876,2608
7.65936,45.94876,2613
7.65979,45.94876,2618
7.66022,45.94876,2624
7.66065,45.94876,2631
7.66108,45.94876,2638
7.66150,45.94876,2644
7.66193,45.94876,2650
7.66236,45.94876,2655
7.66279,45.94876,2661
7.66322,45.94876,2669
7.66365,45.94876,2676
7.66408,45.94876,2685
7.66451,45.94876,2692
7.66494,45.94876,2698
7.66537,45.94876,2703
7.66580,45.94876,2708
7.66623,45.94876,2714
7.66665,45.94876,2719
7.66708,45.94876,2725
7.66751,45.94876,2730
7.66794,45.94876,2735
7.66837,45.94876,2740
7.64648,45.94846,2362
7.64691,45.94846,2375
7.64734,45.94846,2387
7.64777,45.94846,2399
7.64820,45.94846,2412
7.64863,45.94846,2424
7.64906,45.94846,2433
7.64949,45.94846,2440
7.64992,45.94846,2446
7.65035,45.94846,2450
7.65078,45.94846,2454
7.65121,45.94846,2458
7.65163,45.94846,2464
7.65206,45.94846,2470
7.65249,45.94846,2477
7.65292,45.94846,2485
7.65335,45.94846,2494
7.65378,45.94846,2505
7.65421,45.94846,2516
7.65464,45.94846,2525
7.65507,45.94846,2535
7.65550,45.94846,2544
7.65593,45.94846,2553
7.65635,45.94846,2563
7.65678,45.94846,2572
7.65721,45.94846,2581
7.65764,45.94846,2590
7.65807,45.94846,2597
7.65850,45.94846,2603
7.65893,45.94846,2608
7.65936,45.94846,2612
7.65979,45.94846,2617
7.66022,45.94846,2623
7.66065,45.94846,2629
7.66108,45.94846,2635
7.66150,45.94846,2642
7.66193,45.94846,2648
7.66236,45.94846,2654
7.66279,45.94846,2661
7.66322,45.94846,2667
7.66365,45.94846,2674
7.66408,45.94846,2681
7.66451,45.94846,2687
7.66494,45.94846,2692
7.66537,45.94846,2696
7.66580,45.94846,2699
7.66623,45.94846,2703
7.66665,45.94846,2708
7.66708,45.94846,2715
7.66751,45.94846,2721
7.66794,45.94846,2726
7.66837,45.94846,2730
7.64648,45.94817,2364
7.64691,45.94817,2377
7.64734,45.94817,2389
7.64777,45.94817,2400
7.64820,45.94817,2412
7.64863,45.94817,2422
7.64906,45.94817,2431
7.64949,45.94817,2438
7.64992,45.94817,2443
7.65035,45.94817,2447
7.65078,45.94817,2452
7.65121,45.94817,2458
7.65163,45.94817,2465
7.65206,45.94817,2471
7.65249,45.94817,2479
7.65292,45.94817,2487
7.65335,45.94817,2496
7.65378,45.94817,2506
7.65421,45.94817,2515
7.65464,45.94817,2525
7.65507,45.94817,2534
7.65550,45.94817,2543
7.65593,45.94817,2552
7.65635,45.94817,2561
7.65678,45.94817,2570
7.65721,45.94817,2580
7.65764,45.94817,2588
7.65807,45.94817,2596
7.65850,45.94817,2603
7.65893,45.94817,2608
7.65936,45.94817,2612
7.65979,45.94817,2617
7.66022,45.94817,2623
7.66065,45.94817,2628
7.66108,45.94817,2634
7.66150,45.94817,2640
7.66193,45.94817,2646
7.66236,45.94817,2651
7.66279,45.94817,2657
7.66322,45.94817,2663
7.66365,45.94817,2669
7.66408,45.94817,2674
7.66451,45.94817,2679
7.66494,45.94817,2683
7.66537,45.94817,2687
7.66580,45.94817,2689
7.66623,45.94817,2692
7.66665,45.94817,2697
7.66708,45.94817,2704
7.66751,45.94817,2710
7.66794,45.94817,2717
7.66837,45.94817,2721
7.64648,45.94787,2367
7.64691,45.94787,2379
7.64734,45.94787,2389
7.64777,45.94787,2400
7.64820,45.94787,2410
7.64863,45.94787,2420
7.64906,45.94787,2428
7.64949,45.94787,2435
7.64992,45.94787,2441
7.65035,45.94787,2446
7.65078,45.94787,2452
7.65121,45.94787,2459
7.65163,45.94787,2466
7.65206,45.94787,2473
7.65249,45.94787,2481
7.65292,45.94787,2489
7.65335,45.94787,2498
7.65378,45.94787,2507
7.65421,45.94787,2516
7.65464,45.94787,2525
7.65507,45.94787,2533
7.65550,45.94787,2541
7.65593,45.94787,2549
7.65635,45.94787,2557
7.65678,45.94787,2566
7.65721,45.94787,2576
7.65764,45.94787,2586
7.65807,45.94787,2594
7.65850,45.94787,2602
7.65893,45.94787,2607
7.65936,45.94787,2612
7.65979,45.94787,2617
7.66022,45.94787,2622
7.66065,45.94787,2628
7.66108,45.94787,2633
7.66150,45.94787,2637
7.66193,45.94787,2641
7.66236,45.94787,2645
7.66279,45.94787,2650
7.66322,45.94787,2655
7.66365,45.94787,2659
7.66408,45.94787,2664
7.66451,45.94787,2669
7.66494,45.94787,2672
7.66537,45.94787,2676
7.66580,45.94787,2679
7.66623,45.94787,2683
7.66665,45.94787,2688
7.66708,45.94787,2694
7.66751,45.94787,2700
7.66794,45.94787,2706
7.66837,45.94787,2711
7.64648,45.94757,2370
7.64691,45.94757,2380
7.64734,45.94757,2391
7.64777,45.94757,2401
7.64820,45.94757,2410
7.64863,45.94757,2419
7.64906,45.94757,2427
7.64949,45.94757,2435
7.64992,45.94757,2441
7.65035,45.94757,2447
7.65078,45.94757,2453
7.65121,45.94757,2460
7.65163,45.94757,2468
7.65206,45.94757,2475
7.65249,45.94757,2483
7.65292,45.94757,2491
7.65335,45.94757,2499
7.65378,45.94757,2508
7.65421,45.94757,2517
7.65464,45.94757,2525
7.65507,45.94757,2532
7.65550,45.94757,2538
7.65593,45.94757,2546
7.65635,45.94757,2553
7.65678,45.94757,2563
7.65721,45.94757,2572
7.65764,45.94757,2582
7.65807,45.94757,2591
7.65850,45.94757,2599
7.65893,45.94757,2605
7.65936,45.94757,2610
7.65979,45.94757,2614
7.66022,45.94757,2619
7.66065,45.94757,2624
7.66108,45.94757,2628
7.66150,45.94757,2632
7.66193,45.94757,2634
7.66236,45.94757,2637
7.66279,45.94757,2642
7.66322,45.94757,2646
7.66365,45.94757,2650
7.66408,45.94757,2653
7.66451,45.94757,2657
7.66494,45.94757,2661
7.66537,45.94757,2665
7.66580,45.94757,2668
7.66623,45.94757,2673
7.66665,45.94757,2679
7.66708,45.94757,2685
7.66751,45.94757,2691
7.66794,45.94757,2696
7.66837,45.94757,2700
7.64648,45.94727,2373
7.64691,45.94727,2383
7.64734,45.94727,2393
7.64777,45.94727,2402
7.64820,45.94727,2412
7.64863,45.94727,2421
7.64906,45.94727,2428
7.64949,45.94727,2436
7.64992,45.94727,2442
7.65035,45.94727,2450
7.65078,45.94727,2456
7.65121,45.94727,2463
7.65163,45.94727,2469
7.65206,45.94727,2477
7.65249,45.94727,2484
7.65292,45.94727,2491
7.65335,45.94727,2500
7.65378,45.94727,2509
7.65421,45.94727,2517
7.65464,45.94727,2525
7.65507,45.94727,2531
7.65550,45.94727,2536
7.65593,45.94727,2543
7.65635,45.94727,2550
7.65678,45.94727,2558
7.65721,45.94727,2567
7.65764,45.94727,2576
7.65807,45.94727,2587
7.65850,45.94727,2594
7.65893,45.94727,2600
7.65936,45.94727,2605
7.65979,45.94727,2610
7.66022,45.94727,2614
7.66065,45.94727,2619
7.66108,45.94727,2622
7.66150,45.94727,2625
7.66193,45.94727,2627
7.66236,45.94727,2630
7.66279,45.94727,2633
7.66322,45.94727,2637
7.66365,45.94727,2641
7.66408,45.94727,2644
7.66451,45.94727,2647
7.66494,45.94727,2652
7.66537,45.94727,2656
7.66580,45.94727,2660
7.66623,45.94727,2664
7.66665,45.94727,2670
7.66708,45.94727,2676
7.66751,45.94727,2682
7.66794,45.94727,2688
7.66837,45.94727,2691
7.64648,45.94697,2377
7.64691,45.94697,2387
7.64734,45.94697,2397
7.64777,45.94697,2406
7.64820,45.94697,2416
7.64863,45.94697,2425
7.64906,45.94697,2432
7.64949,45.94697,2439
7.64992,45.94697,2446
7.65035,45.94697,2453
7.65078,45.94697,2460
7.65121,45.94697,2466
7.65163,45.94697,2472
7.65206,45.94697,2479
7.65249,45.94697,2485
7.65292,45.94697,2492
7.65335,45.94697,2500
7.65378,45.94697,2508
7.65421,45.94697,2515
7.65464,45.94697,2523
7.65507,45.94697,2529
7.65550,45.94697,2535
7.65593,45.94697,2540
7.65635,45.94697,2546
7.65678,45.94697,2554
7.65721,45.94697,2562
7.65764,45.94697,2571
7.65807,45.94697,2581
7.65850,45.94697,2588
7.65893,45.94697,2594
7.65936,45.94697,2599
7.65979,45.94697,2603
7.66022,45.94697,2607
7.66065,45.94697,2611
7.66108,45.94697,2615
7.66150,45.94697,2617
7.66193,45.94697,2621
7.66236,45.94697,2624
7.66279,45.94697,2627
7.66322,45.94697,2630
7.66365,45.94697,2634
7.66408,45.94697,2637
7.66451,45.94697,2640
7.66494,45.94697,2644
7.66537,45.94697,2649
7.66580,45.94697,2653
7.66623,45.94697,2657
7.66665,45.94697,2662
7.66708,45.94697,2669
7.66751,45.94697,2675
7.66794,45.94697,2680
7.66837,45.94697,2684
7.64648,45.94667,2382
7.64691,45.94667,2393
7.64734,45.94667,2403
7.64777,45.94667,2413
7.64820,45.94667,2422
7.64863,45.94667,2430
7.64906,45.94667,2437
7.64949,45.94667,2444
7.64992,45.94667,2450
7.65035,45.94667,2457
7.65078,45.94667,2463
7.65121,45.94667,2469
7.65163,45.94667,2475
7.65206,45.94667,2480
7.65249,45.94667,2486
7.65292,45.94667,2493
7.65335,45.94667,2500
7.65378,45.94667,2507
7.65421,45.94667,2513
7.65464,45.94667,2520
7.65507,45.94667,2526
7.65550,45.94667,2533
7.65593,45.94667,2538
7.65635,45.94667,2543
7.65678,45.94667,2550
7.65721,45.94667,2558
7.65764,45.94667,2566
7.65807,45.94667,2573
7.65850,45.94667,2580
7.65893,45.94667,2585
7.65936,45.94667,2591
7.65979,45.94667,2595
7.66022,45.94667,2599
7.66065,45.94667,2602
7.66108,45.94667,2606
7.66150,45.94667,2610
7.66193,45.94667,2614
7.66236,45.94667,2618
7.66279,45.94667,2622
7.66322,45.94667,2625
7.66365,45.94667,2629
7.66408,45.94667,2632
7.66451,45.94667,2635
7.66494,45.94667,2638
7.66537,45.94667,2642
7.66580,45.94667,2646
7.66623,45.94667,2651
7.66665,45.94667,2656
7.66708,45.94667,2662
7.66751,45.94667,2668
7.66794,45.94667,2674
7.66837,45.94667,2678
7.64648,45.94638,2388
7.64691,45.94638,2399
7.64734,45.94638,2410
7.64777,45.94638,2421
7.64820,45.94638,2430
7.64863,45.94638,2437
7.64906,45.94638,2444
7.64949,45.94638,2450
7.64992,45.94638,2455
7.65035,45.94638,2460
7.65078,45.94638,2466
7.65121,45.94638,2471
7.65163,45.94638,2476
7.65206,45.94638,2481
7.65249,45.94638,2487
7.65292,45.94638,2493
7.65335,45.94638,2500
7.65378,45.94638,2506
7.65421,45.94638,2512
7.65464,45.94638,2517
7.65507,45.94638,2524
7.65550,45.94638,2529
7.65593,45.94638,2534
7.65635,45.94638,2540
7.65678,45.94638,2546
7.65721,45.94638,2553
7.65764,45.94638,2561
7.65807,45.94638,2567
7.65850,45.94638,2572
7.65893,45.94638,2577
7.65936,45.94638,2582
7.65979,45.94638,2587
7.66022,45.94638,2591
7.66065,45.94638,2594
7.66108,45.94638,2598
7.66150,45.94638,2603
7.66193,45.94638,2609
7.66236,45.94638,2613
7.66279,45.94638,2617
7.66322,45.94638,2620
7.66365,45.94638,2624
7.66408,45.94638,2627
7.66451,45.94638,2630
7.66494,45.94638,2632
7.66537,45.94638,2636
7.66580,45.94638,2640
7.66623,45.94638,2645
7.66665,45.94638,2650
7.66708,45.94638,2656
7.66751,45.94638,2662
7.66794,45.94638,2668
7.66837,45.94638,2672
7.64648,45.94608,2395
7.64691,45.94608,2407
7.64734,45.94608,2419
7.64777,45.94608,2430
7.64820,45.94608,2440
7.64863,45.94608,2446
7.64906,45.94608,2451
7.64949,45.94608,2456
7.64992,45.94608,2460
7.65035,45.94608,2464
7.65078,45.94608,2468
7.65121,45.94608,2473
7.65163,45.94608,2477
7.65206,45.94608,2482
7.65249,45.94608,2487
7.65292,45.94608,2493
7.65335,45.94608,2500
7.65378,45.94608,2505
7.65421,45.94608,2511
7.65464,45.94608,2515
7.65507,45.94608,2521
7.65550,45.94608,2526
7.65593,45.94608,2530
7.65635,45.94608,2536
7.65678,45.94608,2542
7.65721,45.94608,2548
7.65764,45.94608,2555
7.65807,45.94608,2561
7.65850,45.94608,2566
7.65893,45.94608,2571
7.65936,45.94608,2575
7.65979,45.94608,2580
7.66022,45.94608,2584
7.66065,45.94608,2588
7.66108,45.94608,2593
7.66150,45.94608,2597
7.66193,45.94608,2604
7.66236,45.94608,2609
7.66279,45.94608,2612
7.66322,45.94608,2615
7.66365,45.94608,2619
7.66408,45.94608,2623
7.66451,45.94608,2626
7.66494,45.94608,2629
7.66537,45.94608,2632
7.66580,45.94608,2635
7.66623,45.94608,2639
7.66665,45.94608,2645
7.66708,45.94608,2651
7.66751,45.94608,2657
7.66794,45.94608,2663
7.66837,45.94608,2668
7.64648,45.94578,2402
7.64691,45.94578,2416
7.64734,45.94578,2428
7.64777,45.94578,2439
7.64820,45.94578,2448
7.64863,45.94578,2454
7.64906,45.94578,2458
7.64949,45.94578,2462
7.64992,45.94578,2465
7.65035,45.94578,2467
7.65078,45.94578,2471
7.65121,45.94578,2475
7.65163,45.94578,2478
7.65206,45.94578,2483
7.65249,45.94578,2488
7.65292,45.94578,2493
7.65335,45.94578,2499
7.65378,45.94578,2505
7.65421,45.94578,2510
7.65464,45.94578,2514
7.65507,45.94578,2519
7.65550,45.94578,2524
7.65593,45.94578,2528
7.65635,45.94578,2533
7.65678,45.94578,2539
7.65721,45.94578,2544
7.65764,45.94578,2550
7.65807,45.94578,2556
7.65850,45.94578,2561
7.65893,45.94578,2566
7.65936,45.94578,2570
7.65979,45.94578,2575
7.66022,45.94578,2579
7.66065,45.94578,2583
7.66108,45.94578,2587
7.66150,45.94578,2592
7.66193,45.94578,2598
7.66236,45.94578,2604
7.66279,45.94578,2608
7.66322,45.94578,2611
7.66365,45.94578,2615
7.66408,45.94578,2619
7.66451,45.94578,2623
7.66494,45.94578,2627
7.66537,45.94578,2629
7.66580,45.94578,2632
7.66623,45.94578,2636
7.66665,45.94578,2640
7.66708,45.94578,2646
7.66751,45.94578,2652
7.66794,45.94578,2658
7.66837,45.94578,2664
7.64648,45.94548,2409
7.64691,45.94548,2423
7.64734,45.94548,2435
7.64777,45.94548,2445
7.64820,45.94548,2453
7.64863,45.94548,2459
7.64906,45.94548,2462
7.64949,45.94548,2465
7.64992,45.94548,2467
7.65035,45.94548,2470
7.65078,45.94548,2473
7.65121,45.94548,2476
7.65163,45.94548,2480
7.65206,45.94548,2483
7.65249,45.94548,2488
7.65292,45.94548,2493
7.65335,45.94548,2499
7.65378,45.94548,2504
7.65421,45.94548,2509
7.65464,45.94548,2514
7.65507,45.94548,2518
7.65550,45.94548,2523
7.65593,45.94548,2527
7.65635,45.94548,2533
7.65678,45.94548,2537
7.65721,45.94548,2542
7.65764,45.94548,2546
7.65807,45.94548,2552
7.65850,45.94548,2557
7.65893,45.94548,2562
7.65936,45.94548,2565
7.65979,45.94548,2570
7.66022,45.94548,2576
7.66065,45.94548,2580
7.66108,45.94548,2584
7.66150,45.94548,2588
7.66193,45.94548,2593
7.66236,45.94548,2599
7.66279,45.94548,2604
7.66322,45.94548,2608
7.66365,45.94548,2611
7.66408,45.94548,2615
7.66451,45.94548,2619
7.66494,45.94548,2623
7.66537,45.94548,2626
7.66580,45.94548,2629
7.66623,45.94548,2633
7.66665,45.94548,2637
7.66708,45.94548,2643
7.66751,45.94548,2649
7.66794,45.94548,2654
7.66837,45.94548,2660
7.64648,45.94518,2414
7.64691,45.94518,2426
7.64734,45.94518,2438
7.64777,45.94518,2447
7.64820,45.94518,2454
7.64863,45.94518,2459
7.64906,45.94518,2463
7.64949,45.94518,2466
7.64992,45.94518,2468
7.65035,45.94518,2471
7.65078,45.94518,2473
7.65121,45.94518,2476
7.65163,45.94518,2479
7.65206,45.94518,2483
7.65249,45.94518,2487
7.65292,45.94518,2492
7.65335,45.94518,2497
7.65378,45.94518,2503
7.65421,45.94518,2509
7.65464,45.94518,2514
7.65507,45.94518,2518
7.65550,45.94518,2524
7.65593,45.94518,2528
7.65635,45.94518,2533
7.65678,45.94518,2537
7.65721,45.94518,2541
7.65764,45.94518,2545
7.65807,45.94518,2551
7.65850,45.94518,2555
7.65893,45.94518,2559
7.65936,45.94518,2563
7.65979,45.94518,2567
7.66022,45.94518,2573
7.66065,45.94518,2578
7.66108,45.94518,2583
7.66150,45.94518,2586
7.66193,45.94518,2590
7.66236,45.94518,2595
7.66279,45.94518,2600
7.66322,45.94518,2605
7.66365,45.94518,2608
7.66408,45.94518,2611
7.66451,45.94518,2615
7.66494,45.94518,2618
7.66537,45.94518,2622
7.66580,45.94518,2626
7.66623,45.94518,2630
7.66665,45.94518,2634
7.66708,45.94518,2640
7.66751,45.94518,2646
7.66794,45.94518,2651
7.66837,45.94518,2656
7.64648,45.94488,2415
7.64691,45.94488,2428
7.64734,45.94488,2437
7.64777,45.94488,2445
7.64820,45.94488,2452
7.64863,45.94488,2457
7.64906,45.94488,2463
7.64949,45.94488,2465
7.64992,45.94488,2468
7.65035,45.94488,2470
7.65078,45.94488,2473
7.65121,45.94488,2476
7.65163,45.94488,2479
7.65206,45.94488,2481
7.65249,45.94488,2485
7.65292,45.94488,2489
7.65335,45.94488,2495
7.65378,45.94488,2501
7.65421,45.94488,2506
7.65464,45.94488,2513
7.65507,45.94488,2519
7.65550,45.94488,2525
7.65593,45.94488,2531
7.65635,45.94488,2535
7.65678,45.94488,2540
7.65721,45.94488,2543
7.65764,45.94488,2546
7.65807,45.94488,2551
7.65850,45.94488,2554
7.65893,45.94488,2558
7.65936,45.94488,2562
7.65979,45.94488,2566
7.66022,45.94488,2572
7.66065,45.94488,2577
7.66108,45.94488,2581
7.66150,45.94488,2584
7.66193,45.94488,2587
7.66236,45.94488,2592
7.66279,45.94488,2597
7.66322,45.94488,2601
7.66365,45.94488,2605
7.66408,45.94488,2608
7.66451,45.94488,2611
7.66494,45.94488,2615
7.66537,45.94488,2619
7.66580,45.94488,2622
7.66623,45.94488,2627
7.66665,45.94488,2632
7.66708,45.94488,2636
7.66751,45.94488,2642
7.66794,45.94488,2647
7.66837,45.94488,2652
7.64648,45.94458,2415
7.64691,45.94458,2425
7.64734,45.94458,2434
7.64777,45.94458,2441
7.64820,45.94458,2448
7.64863,45.94458,2454
7.64906,45.94458,2460
7.64949,45.94458,2463
7.64992,45.94458,2465
7.65035,45.94458,2468
7.65078,45.94458,2471
7.65121,45.94458,2473
7.65163,45.94458,2476
7.65206,45.94458,2478
7.65249,45.94458,2481
7.65292,45.94458,2486
7.65335,45.94458,2491
7.65378,45.94458,2497
7.65421,45.94458,2504
7.65464,45.94458,2511
7.65507,45.94458,2518
7.65550,45.94458,2525
7.65593,45.94458,2532
7.65635,45.94458,2537
7.65678,45.94458,2541
7.65721,45.94458,2545
7.65764,45.94458,2548
7.65807,45.94458,2550
7.65850,45.94458,2554
7.65893,45.94458,2558
7.65936,45.94458,2561
7.65979,45.94458,2566
7.66022,45.94458,2571
7.66065,45.94458,2576
7.66108,45.94458,2578
7.66150,45.94458,2581
7.66193,45.94458,2585
7.66236,45.94458,2590
7.66279,45.94458,2594
7.66322,45.94458,2597
7.66365,45.94458,2600
7.66408,45.94458,2604
7.66451,45.94458,2608
7.66494,45.94458,2611
7.66537,45.94458,2615
7.66580,45.94458,2619
7.66623,45.94458,2623
7.66665,45.94458,2627
7.66708,45.94458,2633
7.66751,45.94458,2638
7.66794,45.94458,2643
7.66837,45.94458,2647
7.64648,45.94429,2412
7.64691,45.94429,2421
7.64734,45.94429,2429
7.64777,45.94429,2437
7.64820,45.94429,2445
7.64863,45.94429,2451
7.64906,45.94429,2456
7.64949,45.94429,2460
7.64992,45.94429,2463
7.65035,45.94429,2465
7.65078,45.94429,2467
7.65121,45.94429,2469
7.65163,45.94429,2471
7.65206,45.94429,2474
7.65249,45.94429,2478
7.65292,45.94429,2482
7.65335,45.94429,2487
7.65378,45.94429,2494
7.65421,45.94429,2500
7.65464,45.94429,2508
7.65507,45.94429,2516
7.65550,45.94429,2524
7.65593,45.94429,2531
7.65635,45.94429,2537
7.65678,45.94429,2542
7.65721,45.94429,2547
7.65764,45.94429,2550
7.65807,45.94429,2552
7.65850,45.94429,2554
7.65893,45.94429,2557
7.65936,45.94429,2561
7.65979,45.94429,2566
7.66022,45.94429,2571
7.66065,45.94429,2574
7.66108,45.94429,2576
7.66150,45.94429,2579
7.66193,45.94429,2583
7.66236,45.94429,2587
7.66279,45.94429,2590
7.66322,45.94429,2593
7.66365,45.94429,2596
7.66408,45.94429,2601
7.66451,45.94429,2605
7.66494,45.94429,2608
7.66537,45.94429,2612
7.66580,45.94429,2616
7.66623,45.94429,2620
7.66665,45.94429,2624
7.66708,45.94429,2629
7.66751,45.94429,2633
7.66794,45.94429,2638
7.66837,45.94429,2643
7.64648,45.94399,2409
7.64691,45.94399,2417
7.64734,45.94399,2425
7.64777,45.94399,2433
7.64820,45.94399,2441
7.64863,45.94399,2448
7.64906,45.94399,2453
7.64949,45.94399,2456
7.64992,45.94399,2459
7.65035,45.94399,2460
7.65078,45.94399,2462
7.65121,45.94399,2464
7.65163,45.94399,2467
7.65206,45.94399,2470
7.65249,45.94399,2474
7.65292,45.94399,2479
7.65335,45.94399,2484
7.65378,45.94399,2490
7.65421,45.94399,2496
7.65464,45.94399,2504
7.65507,45.94399,2514
7.65550,45.94399,2521
7.65593,45.94399,2528
7.65635,45.94399,2536
7.65678,45.94399,2542
7.65721,45.94399,2547
7.65764,45.94399,2551
7.65807,45.94399,2553
7.65850,45.94399,2555
7.65893,45.94399,2557
7.65936,45.94399,2561
7.65979,45.94399,2566
7.66022,45.94399,2570
7.66065,45.94399,2573
7.66108,45.94399,2575
7.66150,45.94399,2577
7.66193,45.94399,2581
7.66236,45.94399,2584
7.66279,45.94399,2586
7.66322,45.94399,2589
7.66365,45.94399,2593
7.66408,45.94399,2598
7.66451,45.94399,2602
7.66494,45.94399,2606
7.66537,45.94399,2609
7.66580,45.94399,2613
7.66623,45.94399,2617
7.66665,45.94399,2620
7.66708,45.94399,2625
7.66751,45.94399,2629
7.66794,45.94399,2634
7.66837,45.94399,2639
7.64648,45.94369,2406
7.64691,45.94369,2413
7.64734,45.94369,2420
7.64777,45.94369,2430
7.64820,45.94369,2437
7.64863,45.94369,2444
7.64906,45.94369,2449
7.64949,45.94369,2451
7.64992,45.94369,2454
7.65035,45.94369,2455
7.65078,45.94369,2457
7.65121,45.94369,2460
7.65163,45.94369,2463
7.65206,45.94369,2468
7.65249,45.94369,2473
7.65292,45.94369,2478
7.65335,45.94369,2484
7.65378,45.94369,2489
7.65421,45.94369,2495
7.65464,45.94369,2503
7.65507,45.94369,2512
7.65550,45.94369,2520
7.65593,45.94369,2527
7.65635,45.94369,2534
7.65678,45.94369,2540
7.65721,45.94369,2546
7.65764,45.94369,2550
7.65807,45.94369,2552
7.65850,45.94369,2555
7.65893,45.94369,2558
7.65936,45.94369,2561
7.65979,45.94369,2565
7.66022,45.94369,2568
7.66065,45.94369,2572
7.66108,45.94369,2574
7.66150,45.94369,2577
7.66193,45.94369,2580
7.66236,45.94369,2582
7.66279,45.94369,2584
7.66322,45.94369,2586
7.66365,45.94369,2591
7.66408,45.94369,2596
7.66451,45.94369,2600
7.66494,45.94369,2604
7.66537,45.94369,2607
7.66580,45.94369,2610
7.66623,45.94369,2614
7.66665,45.94369,2617
7.66708,45.94369,2621
7.66751,45.94369,2625
7.66794,45.94369,2630
7.66837,45.94369,2635
7.64648,45.94339,2399
7.64691,45.94339,2408
7.64734,45.94339,2416
7.64777,45.94339,2426
7.64820,45.94339,2433
7.64863,45.94339,2439
7.64906,45.94339,2442
7.64949,45.94339,2445
7.64992,45.94339,2447
7.65035,45.94339,2449
7.65078,45.94339,2451
7.65121,45.94339,2455
7.65163,45.94339,2460
7.65206,45.94339,2465
7.65249,45.94339,2472
7.65292,45.94339,2480
7.65335,45.94339,2486
7.65378,45.94339,2492
7.65421,45.94339,2498
7.65464,45.94339,2505
7.65507,45.94339,2512
7.65550,45.94339,2519
7.65593,45.94339,2526
7.65635,45.94339,2532
7.65678,45.94339,2539
7.65721,45.94339,2545
7.65764,45.94339,2548
7.65807,45.94339,2550
7.65850,45.94339,2554
7.65893,45.94339,2557
7.65936,45.94339,2560
7.65979,45.94339,2563
7.66022,45.94339,2566
7.66065,45.94339,2570
7.66108,45.94339,2574
7.66150,45.94339,2577
7.66193,45.94339,2579
7.66236,45.94339,2580
7.66279,45.94339,2582
7.66322,45.94339,2585
7.66365,45.94339,2590
7.66408,45.94339,2594
7.66451,45.94339,2598
7.66494,45.94339,2602
7.66537,45.94339,2605
7.66580,45.94339,2608
7.66623,45.94339,2611
7.66665,45.94339,2614
7.66708,45.94339,2617
7.66751,45.94339,2622
7.66794,45.94339,2626
7.66837,45.94339,2631
7.64648,45.94309,2392
7.64691,45.94309,2402
7.64734,45.94309,2411
7.64777,45.94309,2421
7.64820,45.94309,2427
7.64863,45.94309,2432
7.64906,45.94309,2435
7.64949,45.94309,2436
7.64992,45.94309,2439
7.65035,45.94309,2441
7.65078,45.94309,2445
7.65121,45.94309,2449
7.65163,45.94309,2456
7.65206,45.94309,2463
7.65249,45.94309,2473
7.65292,45.94309,2482
7.65335,45.94309,2489
7.65378,45.94309,2496
7.65421,45.94309,2502
7.65464,45.94309,2508
7.65507,45.94309,2515
7.65550,45.94309,2521
7.65593,45.94309,2526
7.65635,45.94309,2533
7.65678,45.94309,2538
7.65721,45.94309,2543
7.65764,45.94309,2546
7.65807,45.94309,2548
7.65850,45.94309,2552
7.65893,45.94309,2555
7.65936,45.94309,2559
7.65979,45.94309,2561
7.66022,45.94309,2565
7.66065,45.94309,2570
7.66108,45.94309,2573
7.66150,45.94309,2576
7.66193,45.94309,2579
7.66236,45.94309,2580
7.66279,45.94309,2582
7.66322,45.94309,2585
7.66365,45.94309,2588
7.66408,45.94309,2593
7.66451,45.94309,2597
7.66494,45.94309,2600
7.66537,45.94309,2603
7.66580,45.94309,2605
7.66623,45.94309,2608
7.66665,45.94309,2611
7.66708,45.94309,2614
7.66751,45.94309,2617
7.66794,45.94309,2622
7.66837,45.94309,2627
7.64648,45.94279,2384
7.64691,45.94279,2394
7.64734,45.94279,2405
7.64777,45.94279,2414
7.64820,45.94279,2420
7.64863,45.94279,2423
7.64906,45.94279,2425
7.64949,45.94279,2425
7.64992,45.94279,2428
7.65035,45.94279,2432
7.65078,45.94279,2437
7.65121,45.94279,2443
7.65163,45.94279,2451
7.65206,45.94279,2461
7.65249,45.94279,2472
7.65292,45.94279,2483
7.65335,45.94279,2492
7.65378,45.94279,2500
7.65421,45.94279,2507
7.65464,45.94279,2513
7.65507,45.94279,2519
7.65550,45.94279,2524
7.65593,45.94279,2529
7.65635,45.94279,2533
7.65678,45.94279,2537
7.65721,45.94279,2542
7.65764,45.94279,2545
7.65807,45.94279,2548
7.65850,45.94279,2551
7.65893,45.94279,2555
7.65936,45.94279,2558
7.65979,45.94279,2562
7.66022,45.94279,2567
7.66065,45.94279,2571
7.66108,45.94279,2575
7.66150,45.94279,2577
7.66193,45.94279,2579
7.66236,45.94279,2581
7.66279,45.94279,2583
7.66322,45.94279,2586
7.66365,45.94279,2588
7.66408,45.94279,2592
7.66451,45.94279,2596
7.66494,45.94279,2598
7.66537,45.94279,2601
7.66580,45.94279,2603
7.66623,45.94279,2606
7.66665,45.94279,2609
7.66708,45.94279,2611
7.66751,45.94279,2614
7.66794,45.94279,2619
7.66837,45.94279,2624
7.64648,45.94250,2377
7.64691,45.94250,2387
7.64734,45.94250,2397
7.64777,45.94250,2406
7.64820,45.94250,2411
7.64863,45.94250,2412
7.64906,45.94250,2412
7.64949,45.94250,2413
7.64992,45.94250,2416
7.65035,45.94250,2421
7.65078,45.94250,2429
7.65121,45.94250,2437
7.65163,45.94250,2446
7.65206,45.94250,2457
7.65249,45.94250,2469
7.65292,45.94250,2482
7.65335,45.94250,2494
7.65378,45.94250,2504
7.65421,45.94250,2512
7.65464,45.94250,2518
7.65507,45.94250,2523
7.65550,45.94250,2528
7.65593,45.94250,2531
7.65635,45.94250,2534
7.65678,45.94250,2538
7.65721,45.94250,2542
7.65764,45.94250,2545
7.65807,45.94250,2548
7.65850,45.94250,2552
7.65893,45.94250,2556
7.65936,45.94250,2560
7.65979,45.94250,2564
7.66022,45.94250,2569
7.66065,45.94250,2573
7.66108,45.94250,2576
7.66150,45.94250,2579
7.66193,45.94250,2581
7.66236,45.94250,2583
7.66279,45.94250,2585
7.66322,45.94250,2587
7.66365,45.94250,2589
7.66408,45.94250,2591
7.66451,45.94250,2594
7.66494,45.94250,2597
7.66537,45.94250,2599
7.66580,45.94250,2601
7.66623,45.94250,2605
7.66665,45.94250,2608
7.66708,45.94250,2610
7.66751,45.94250,2613
7.66794,45.94250,2616
7.66837,45.94250,2621
7.64648,45.94220,2370
7.64691,45.94220,2380
7.64734,45.94220,2390
7.64777,45.94220,2397
7.64820,45.94220,2401
7.64863,45.94220,2401
7.64906,45.94220,2400
7.64949,45.94220,2402
7.64992,45.94220,2405
7.65035,45.94220,2412
7.65078,45.94220,2421
7.65121,45.94220,2431
7.65163,45.94220,2441
7.65206,45.94220,2452
7.65249,45.94220,2466
7.65292,45.94220,2481
7.65335,45.94220,2496
7.65378,45.94220,2508
7.65421,45.94220,2517
7.65464,45.94220,2523
7.65507,45.94220,2527
7.65550,45.94220,2532
7.65593,45.94220,2534
7.65635,45.94220,2536
7.65678,45.94220,2539
7.65721,45.94220,2542
7.65764,45.94220,2546
7.65807,45.94220,2548
7.65850,45.94220,2553
7.65893,45.94220,2558
7.65936,45.94220,2561
7.65979,45.94220,2565
7.66022,45.94220,2570
7.66065,45.94220,2574
7.66108,45.94220,2577
7.66150,45.94220,2580
7.66193,45.94220,2582
7.66236,45.94220,2585
7.66279,45.94220,2586
7.66322,45.94220,2588
7.66365,45.94220,2589
7.66408,45.94220,2591
7.66451,45.94220,2594
7.66494,45.94220,2596
7.66537,45.94220,2598
7.66580,45.94220,2600
7.66623,45.94220,2604
7.66665,45.94220,2608
7.66708,45.94220,2611
7.66751,45.94220,2612
7.66794,45.94220,2616
7.66837,45.94220,2619
7.64648,45.94190,2363
7.64691,45.94190,2372
7.64734,45.94190,2382
7.64777,45.94190,2389
7.64820,45.94190,2392
7.64863,45.94190,2392
7.64906,45.94190,2392
7.64949,45.94190,2393
7.64992,45.94190,2397
7.65035,45.94190,2405
7.65078,45.94190,2415
7.65121,45.94190,2425
7.65163,45.94190,2436
7.65206,45.94190,2448
7.65249,45.94190,2464
7.65292,45.94190,2481
7.65335,45.94190,2497
7.65378,45.94190,2511
7.65421,45.94190,2521
7.65464,45.94190,2528
7.65507,45.94190,2532
7.65550,45.94190,2535
7.65593,45.94190,2537
7.65635,45.94190,2539
7.65678,45.94190,2540
7.65721,45.94190,2542
7.65764,45.94190,2545
7.65807,45.94190,2549
7.65850,45.94190,2554
7.65893,45.94190,2558
7.65936,45.94190,2562
7.65979,45.94190,2566
7.66022,45.94190,2571
7.66065,45.94190,2575
7.66108,45.94190,2578
7.66150,45.94190,2581
7.66193,45.94190,2584
7.66236,45.94190,2586
7.66279,45.94190,2587
7.66322,45.94190,2588
7.66365,45.94190,2590
7.66408,45.94190,2591
7.66451,45.94190,2593
7.66494,45.94190,2596
7.66537,45.94190,2598
7.66580,45.94190,2600
7.66623,45.94190,2604
7.66665,45.94190,2609
7.66708,45.94190,2612
7.66751,45.94190,2614
7.66794,45.94190,2616
7.66837,45.94190,2618
7.64648,45.94160,2355
7.64691,45.94160,2366
7.64734,45.94160,2374
7.64777,45.94160,2381
7.64820,45.94160,2384
7.64863,45.94160,2385
7.64906,45.94160,2386
7.64949,45.94160,2388
7.64992,45.94160,2392
7.65035,45.94160,2400
7.65078,45.94160,2409
7.65121,45.94160,2419
7.65163,45.94160,2431
7.65206,45.94160,2446
7.65249,45.94160,2463
7.65292,45.94160,2482
7.65335,45.94160,2499
7.65378,45.94160,2515
7.65421,45.94160,2525
7.65464,45.94160,2532
7.65507,45.94160,2537
7.65550,45.94160,2539
7.65593,45.94160,2540
7.65635,45.94160,2540
7.65678,45.94160,2540
7.65721,45.94160,2542
7.65764,45.94160,2545
7.65807,45.94160,2548
7.65850,45.94160,2553
7.65893,45.94160,2558
7.65936,45.94160,2562
7.65979,45.94160,2566
7.66022,45.94160,2570
7.66065,45.94160,2574
7.66108,45.94160,2578
7.66150,45.94160,2581
7.66193,45.94160,2584
7.66236,45.94160,2586
7.66279,45.94160,2588
7.66322,45.94160,2590
7.66365,45.94160,2591
7.66408,45.94160,2593
7.66451,45.94160,2594
7.66494,45.94160,2597
7.66537,45.94160,2599
7.66580,45.94160,2601
7.66623,45.94160,2605
7.66665,45.94160,2610
7.66708,45.94160,2614
7.66751,45.94160,2615
7.66794,45.94160,2616
7.66837,45.94160,2617
7.64648,45.94130,2344
7.64691,45.94130,2355
7.64734,45.94130,2365
7.64777,45.94130,2373
7.64820,45.94130,2377
7.64863,45.94130,2379
7.64906,45.94130,2381
7.64949,45.94130,2384
7.64992,45.94130,2389
7.65035,45.94130,2395
7.65078,45.94130,2403
7.65121,45.94130,2414
7.65163,45.94130,2428
7.65206,45.94130,2444
7.65249,45.94130,2462
7.65292,45.94130,2483
7.65335,45.94130,2502
7.65378,45.94130,2518
7.65421,45.94130,2529
7.65464,45.94130,2535
7.65507,45.94130,2539
7.65550,45.94130,2539
7.65593,45.94130,2539
7.65635,45.94130,2539
7.65678,45.94130,2539
7.65721,45.94130,2541
7.65764,45.94130,2544
7.65807,45.94130,2547
7.65850,45.94130,2551
7.65893,45.94130,2556
7.65936,45.94130,2561
7.65979,45.94130,2565
7.66022,45.94130,2569
7.66065,45.94130,2572
7.66108,45.94130,2577
7.66150,45.94130,2581
7.66193,45.94130,2584
7.66236,45.94130,2587
7.66279,45.94130,2589
7.66322,45.94130,2591
7.66365,45.94130,2594
7.66408,45.94130,2595
7.66451,45.94130,2597
7.66494,45.94130,2599
7.66537,45.94130,2602
7.66580,45.94130,2604
7.66623,45.94130,2607
7.66665,45.94130,2611
7.66708,45.94130,2614
7.66751,45.94130,2615
7.66794,45.94130,2616
7.66837,45.94130,2617
7.64648,45.94100,2332
7.64691,45.94100,2343
7.64734,45.94100,2353
7.64777,45.94100,2362
7.64820,45.94100,2369
7.64863,45.94100,2373
7.64906,45.94100,2377
7.64949,45.94100,2381
7.64992,45.94100,2385
7.65035,45.94100,2392
7.65078,45.94100,2400
7.65121,45.94100,2410
7.65163,45.94100,2424
7.65206,45.94100,2441
7.65249,45.94100,2461
7.65292,45.94100,2482
7.65335,45.94100,2503
7.65378,45.94100,2519
7.65421,45.94100,2530
7.65464,45.94100,2536
7.65507,45.94100,2538
7.65550,45.94100,2538
7.65593,45.94100,2537
7.65635,45.94100,2536
7.65678,45.94100,2537
7.65721,45.94100,2539
7.65764,45.94100,2541
7.65807,45.94100,2545
7.65850,45.94100,2549
7.65893,45.94100,2554
7.65936,45.94100,2558
7.65979,45.94100,2563
7.66022,45.94100,2567
7.66065,45.94100,2571
7.66108,45.94100,2576
7.66150,45.94100,2580
7.66193,45.94100,2584
7.66236,45.94100,2588
7.66279,45.94100,2591
7.66322,45.94100,2594
7.66365,45.94100,2597
7.66408,45.94100,2599
7.66451,45.94100,2601
7.66494,45.94100,2603
7.66537,45.94100,2605
7.66580,45.94100,2607
7.66623,45.94100,2609
7.66665,45.94100,2612
7.66708,45.94100,2614
7.66751,45.94100,2615
7.66794,45.94100,2615
7.66837,45.94100,2616
7.64648,45.94071,2319
7.64691,45.94071,2330
7.64734,45.94071,2341
7.64777,45.94071,2351
7.64820,45.94071,2360
7.64863,45.94071,2366
7.64906,45.94071,2372
7.64949,45.94071,2378
7.64992,45.94071,2383
7.65035,45.94071,2389
7.65078,45.94071,2397
7.65121,45.94071,2407
7.65163,45.94071,2420
7.65206,45.94071,2437
7.65249,45.94071,2457
7.65292,45.94071,2479
7.65335,45.94071,2499
7.65378,45.94071,2515
7.65421,45.94071,2526
7.65464,45.94071,2532
7.65507,45.94071,2534
7.65550,45.94071,2534
7.65593,45.94071,2533
7.65635,45.94071,2532
7.65678,45.94071,2533
7.65721,45.94071,2535
7.65764,45.94071,2538
7.65807,45.94071,2542
7.65850,45.94071,2547
7.65893,45.94071,2552
7.65936,45.94071,2556
7.65979,45.94071,2561
7.66022,45.94071,2565
7.66065,45.94071,2570
7.66108,45.94071,2575
7.66150,45.94071,2580
7.66193,45.94071,2584
7.66236,45.94071,2588
7.66279,45.94071,2592
7.66322,45.94071,2596
7.66365,45.94071,2600
7.66408,45.94071,2602
7.66451,45.94071,2605
7.66494,45.94071,2607
7.66537,45.94071,2609
7.66580,45.94071,2610
7.66623,45.94071,2611
7.66665,45.94071,2612
7.66708,45.94071,2614
7.66751,45.94071,2615
7.66794,45.94071,2615
7.66837,45.94071,2616
7.64648,45.94041,2306
7.64691,45.94041,2318
7.64734,45.94041,2329
7.64777,45.94041,2340
7.64820,45.94041,2350
7.64863,45.94041,2360
7.64906,45.94041,2368
7.64949,45.94041,2375
7.64992,45.94041,2382
7.65035,45.94041,2389
7.65078,45.94041,2396
7.65121,45.94041,2406
7.65163,45.94041,2417
7.65206,45.94041,2433
7.65249,45.94041,2452
7.65292,45.94041,2472
7.65335,45.94041,2491
7.65378,45.94041,2506
7.65421,45.94041,2517
7.65464,45.94041,2523
7.65507,45.94041,2527
7.65550,45.94041,2527
7.65593,45.94041,2527
7.65635,45.94041,2527
7.65678,45.94041,2528
7.65721,45.94041,2531
7.65764,45.94041,2533
7.65807,45.94041,2538
7.65850,45.94041,2544
7.65893,45.94041,2549
7.65936,45.94041,2554
7.65979,45.94041,2559
7.66022,45.94041,2564
7.66065,45.94041,2569
7.66108,45.94041,2575
7.66150,45.94041,2580
7.66193,45.94041,2586
7.66236,45.94041,2590
7.66279,45.94041,2593
7.66322,45.94041,2598
7.66365,45.94041,2602
7.66408,45.94041,2605
7.66451,45.94041,2608
7.66494,45.94041,2611
7.66537,45.94041,2611
7.66580,45.94041,2612
7.66623,45.94041,2612
7.66665,45.94041,2613
7.66708,45.94041,2614
7.66751,45.94041,2615
7.66794,45.94041,2616
7.66837,45.94041,2616
7.64648,45.94011,2298
7.64691,45.94011,2309
7.64734,45.94011,2320
7.64777,45.94011,2331
7.64820,45.94011,2343
7.64863,45.94011,2355
7.64906,45.94011,2366
7.64949,45.94011,2375
7.64992,45.94011,2383
7.65035,45.94011,2391
7.65078,45.94011,2397
7.65121,45.94011,2405
7.65163,45.94011,2415
7.65206,45.94011,2428
7.65249,45.94011,2444
7.65292,45.94011,2462
7.65335,45.94011,2479
7.65378,45.94011,2493
7.65421,45.94011,2503
7.65464,45.94011,2510
7.65507,45.94011,2514
7.65550,45.94011,2517
7.65593,45.94011,2518
7.65635,45.94011,2519
7.65678,45.94011,2522
7.65721,45.94011,2525
7.65764,45.94011,2529
7.65807,45.94011,2534
7.65850,45.94011,2540
7.65893,45.94011,2546
7.65936,45.94011,2551
7.65979,45.94011,2558
7.66022,45.94011,2564
7.66065,45.94011,2569
7.66108,45.94011,2575
7.66150,45.94011,2581
7.66193,45.94011,2587
7.66236,45.94011,2591
7.66279,45.94011,2595
7.66322,45.94011,2599
7.66365,45.94011,2603
7.66408,45.94011,2607
7.66451,45.94011,2610
7.66494,45.94011,2613
7.66537,45.94011,2614
7.66580,45.94011,2614
7.66623,45.94011,2614
7.66665,45.94011,2614
7.66708,45.94011,2615
7.66751,45.94011,2616
7.66794,45.94011,2616
7.66837,45.94011,2616
7.64648,45.93981,2291
7.64691,45.93981,2303
7.64734,45.93981,2314
7.64777,45.93981,2327
7.64820,45.93981,2338
7.64863,45.93981,2352
7.64906,45.93981,2365
7.64949,45.93981,2376
7.64992,45.93981,2385
7.65035,45.93981,2393
7.65078,45.93981,2399
7.65121,45.93981,2405
7.65163,45.93981,2413
7.65206,45.93981,2423
7.65249,45.93981,2437
7.65292,45.93981,2452
7.65335,45.93981,2466
7.65378,45.93981,2478
7.65421,45.93981,2487
7.65464,45.93981,2495
7.65507,45.93981,2501
7.65550,45.93981,2505
7.65593,45.93981,2509
7.65635,45.93981,2511
7.65678,45.93981,2516
7.65721,45.93981,2520
7.65764,45.93981,2525
7.65807,45.93981,2530
7.65850,45.93981,2537
7.65893,45.93981,2543
7.65936,45.93981,2549
7.65979,45.93981,2555
7.66022,45.93981,2562
7.66065,45.93981,2568
7.66108,45.93981,2575
7.66150,45.93981,2581
7.66193,45.93981,2587
7.66236,45.93981,2591
7.66279,45.93981,2595
7.66322,45.93981,2599
7.66365,45.93981,2603
7.66408,45.93981,2607
7.66451,45.93981,2611
7.66494,45.93981,2614
7.66537,45.93981,2615
7.66580,45.93981,2617
7.66623,45.93981,2616
7.66665,45.93981,2616
7.66708,45.93981,2616
7.66751,45.93981,2617
7.66794,45.93981,2617
7.66837,45.93981,2618
7.64648,45.93951,2288
7.64691,45.93951,2300
7.64734,45.93951,2311
7.64777,45.93951,2324
7.64820,45.93951,2336
7.64863,45.93951,2350
7.64906,45.93951,2364
7.64949,45.93951,2377
7.64992,45.93951,2387
7.65035,45.93951,2394
7.65078,45.93951,2400
7.65121,45.93951,2405
7.65163,45.93951,2412
7.65206,45.93951,2420
7.65249,45.93951,2431
7.65292,45.93951,2443
7.65335,45.93951,2454
7.65378,45.93951,2464
7.65421,45.93951,2472
7.65464,45.93951,2480
7.65507,45.93951,2487
7.65550,45.93951,2493
7.65593,45.93951,2499
7.65635,45.93951,2504
7.65678,45.93951,2509
7.65721,45.93951,2515
7.65764,45.93951,2519
7.65807,45.93951,2525
7.65850,45.93951,2532
7.65893,45.93951,2539
7.65936,45.93951,2546
7.65979,45.93951,2552
7.66022,45.93951,2559
7.66065,45.93951,2567
7.66108,45.93951,2574
7.66150,45.93951,2581
7.66193,45.93951,2586
7.66236,45.93951,2591
7.66279,45.93951,2594
7.66322,45.93951,2598
7.66365,45.93951,2603
7.66408,45.93951,2607
7.66451,45.93951,2612
7.66494,45.93951,2616
7.66537,45.93951,2617
7.66580,45.93951,2618
7.66623,45.93951,2619
7.66665,45.93951,2618
7.66708,45.93951,2618
7.66751,45.93951,2618
7.66794,45.93951,2619
7.66837,45.93951,2621
7.64648,45.93921,2286
7.64691,45.93921,2298
7.64734,45.93921,2310
7.64777,45.93921,2322
7.64820,45.93921,2335
7.64863,45.93921,2349
7.64906,45.93921,2364
7.64949,45.93921,2377
7.64992,45.93921,2387
7.65035,45.93921,2394
7.65078,45.93921,2400
7.65121,45.93921,2405
7.65163,45.93921,2410
7.65206,45.93921,2417
7.65249,45.93921,2426
7.65292,45.93921,2435
7.65335,45.93921,2445
7.65378,45.93921,2454
7.65421,45.93921,2461
7.65464,45.93921,2469
7.65507,45.93921,2475
7.65550,45.93921,2483
7.65593,45.93921,2490
7.65635,45.93921,2497
7.65678,45.93921,2503
7.65721,45.93921,2509
7.65764,45.93921,2514
7.65807,45.93921,2520
7.65850,45.93921,2528
7.65893,45.93921,2535
7.65936,45.93921,2543
7.65979,45.93921,2550
7.66022,45.93921,2557
7.66065,45.93921,2565
7.66108,45.93921,2572
7.66150,45.93921,2579
7.66193,45.93921,2584
7.66236,45.93921,2589
7.66279,45.93921,2594
7.66322,45.93921,2599
7.66365,45.93921,2603
7.66408,45.93921,2607
7.66451,45.93921,2614
7.66494,45.93921,2619
7.66537,45.93921,2620
7.66580,45.93921,2620
7.66623,45.93921,2621
7.66665,45.93921,2620
7.66708,45.93921,2620
7.66751,45.93921,2620
7.66794,45.93921,2622
7.66837,45.93921,2624
7.64648,45.93891,2284
7.64691,45.93891,2296
7.64734,45.93891,2307
7.64777,45.93891,2320
7.64820,45.93891,2334
7.64863,45.93891,2348
7.64906,45.93891,2362
7.64949,45.93891,2375
7.64992,45.93891,2385
7.65035,45.93891,2393
7.65078,45.93891,2398
7.65121,45.93891,2403
7.65163,45.93891,2409
7.65206,45.93891,2415
7.65249,45.93891,2422
7.65292,45.93891,2430
7.65335,45.93891,2438
7.65378,45.93891,2446
7.65421,45.93891,2452
7.65464,45.93891,2459
7.65507,45.93891,2465
7.65550,45.93891,2473
7.65593,45.93891,2482
7.65635,45.93891,2489
7.65678,45.93891,2496
7.65721,45.93891,2503
7.65764,45.93891,2510
7.65807,45.93891,2517
7.65850,45.93891,2525
7.65893,45.93891,2532
7.65936,45.93891,2541
7.65979,45.93891,2548
7.66022,45.93891,2556
7.66065,45.93891,2562
7.66108,45.93891,2569
7.66150,45.93891,2577
7.66193,45.93891,2583
7.66236,45.93891,2588
7.66279,45.93891,2594
7.66322,45.93891,2598
7.66365,45.93891,2603
7.66408,45.93891,2608
7.66451,45.93891,2614
7.66494,45.93891,2620
7.66537,45.93891,2623
7.66580,45.93891,2623
7.66623,45.93891,2622
7.66665,45.93891,2621
7.66708,45.93891,2621
7.66751,45.93891,2622
7.66794,45.93891,2624
7.66837,45.93891,2627
7.64648,45.93862,2281
7.64691,45.93862,2292
7.64734,45.93862,2303
7.64777,45.93862,2316
7.64820,45.93862,2330
7.64863,45.93862,2344
7.64906,45.93862,2358
7.64949,45.93862,2370
7.64992,45.93862,2380
7.65035,45.93862,2388
7.65078,45.93862,2394
7.65121,45.93862,2400
7.65163,45.93862,2406
7.65206,45.93862,2412
7.65249,45.93862,2418
7.65292,45.93862,2425
7.65335,45.93862,2432
7.65378,45.93862,2438
7.65421,45.93862,2444
7.65464,45.93862,2449
7.65507,45.93862,2455
7.65550,45.93862,2462
7.65593,45.93862,2470
7.65635,45.93862,2479
7.65678,45.93862,2488
7.65721,45.93862,2497
7.65764,45.93862,2506
7.65807,45.93862,2513
7.65850,45.93862,2521
7.65893,45.93862,2528
7.65936,45.93862,2537
7.65979,45.93862,2545
7.66022,45.93862,2552
7.66065,45.93862,2559
7.66108,45.93862,2566
7.66150,45.93862,2573
7.66193,45.93862,2581
7.66236,45.93862,2587
7.66279,45.93862,2593
7.66322,45.93862,2598
7.66365,45.93862,2603
7.66408,45.93862,2608
7.66451,45.93862,2614
7.66494,45.93862,2619
7.66537,45.93862,2622
7.66580,45.93862,2624
7.66623,45.93862,2623
7.66665,45.93862,2621
7.66708,45.93862,2621
7.66751,45.93862,2623
7.66794,45.93862,2626
7.66837,45.93862,2628
7.64648,45.93832,2275
7.64691,45.93832,2285
7.64734,45.93832,2297
7.64777,45.93832,2310
7.64820,45.93832,2323
7.64863,45.93832,2336
7.64906,45.93832,2350
7.64949,45.93832,2362
7.64992,45.93832,2373
7.65035,45.93832,2381
7.65078,45.93832,2388
7.65121,45.93832,2394
7.65163,45.93832,2400
7.65206,45.93832,2405
7.65249,45.93832,2412
7.65292,45.93832,2418
7.65335,45.93832,2424
7.65378,45.93832,2429
7.65421,45.93832,2434
7.65464,45.93832,2439
7.65507,45.93832,2444
7.65550,45.93832,2450
7.65593,45.93832,2458
7.65635,45.93832,2467
7.65678,45.93832,2478
7.65721,45.93832,2488
7.65764,45.93832,2498
7.65807,45.93832,2506
7.65850,45.93832,2515
7.65893,45.93832,2522
7.65936,45.93832,2531
7.65979,45.93832,2539
7.66022,45.93832,2547
7.66065,45.93832,2554
7.66108,45.93832,2562
7.66150,45.93832,2569
7.66193,45.93832,2577
7.66236,45.93832,2585
7.66279,45.93832,2591
7.66322,45.93832,2598
7.66365,45.93832,2603
7.66408,45.93832,2609
7.66451,45.93832,2613
7.66494,45.93832,2617
7.66537,45.93832,2619
7.66580,45.93832,2621
7.66623,45.93832,2622
7.66665,45.93832,2622
7.66708,45.93832,2623
7.66751,45.93832,2624
7.66794,45.93832,2626
7.66837,45.93832,2628
7.64648,45.93802,2265
7.64691,45.93802,2276
7.64734,45.93802,2289
7.64777,45.93802,2301
7.64820,45.93802,2314
7.64863,45.93802,2326
7.64906,45.93802,2339
7.64949,45.93802,2351
7.64992,45.93802,2361
7.65035,45.93802,2370
7.65078,45.93802,2378
7.65121,45.93802,2384
7.65163,45.93802,2390
7.65206,45.93802,2396
7.65249,45.93802,2403
7.65292,45.93802,2409
7.65335,45.93802,2415
7.65378,45.93802,2420
7.65421,45.93802,2424
7.65464,45.93802,2427
7.65507,45.93802,2432
7.65550,45.93802,2437
7.65593,45.93802,2444
7.65635,45.93802,2452
7.65678,45.93802,2463
7.65721,45.93802,2475
7.65764,45.93802,2486
7.65807,45.93802,2497
7.65850,45.93802,2506
7.65893,45.93802,2515
7.65936,45.93802,2524
7.65979,45.93802,2532
7.66022,45.93802,2540
7.66065,45.93802,2549
7.66108,45.93802,2557
7.66150,45.93802,2564
7.66193,45.93802,2572
7.66236,45.93802,2580
7.66279,45.93802,2587
7.66322,45.93802,2595
7.66365,45.93802,2602
7.66408,45.93802,2606
7.66451,45.93802,2611
7.66494,45.93802,2615
7.66537,45.93802,2617
7.66580,45.93802,2618
7.66623,45.93802,2620
7.66665,45.93802,2620
7.66708,45.93802,2621
7.66751,45.93802,2622
7.66794,45.93802,2624
7.66837,45.93802,2625
7.64648,45.93772,2254
7.64691,45.93772,2265
7.64734,45.93772,2278
7.64777,45.93772,2291
7.64820,45.93772,2302
7.64863,45.93772,2313
7.64906,45.93772,2325
7.64949,45.93772,2336
7.64992,45.93772,2346
7.65035,45.93772,2355
7.65078,45.93772,2364
7.65121,45.93772,2371
7.65163,45.93772,2377
7.65206,45.93772,2383
7.65249,45.93772,2389
7.65292,45.93772,2396
7.65335,45.93772,2404
7.65378,45.93772,2409
7.65421,45.93772,2413
7.65464,45.93772,2415
7.65507,45.93772,2418
7.65550,45.93772,2421
7.65593,45.93772,2426
7.65635,45.93772,2433
7.65678,45.93772,2444
7.65721,45.93772,2456
7.65764,45.93772,2468
7.65807,45.93772,2480
7.65850,45.93772,2495
7.65893,45.93772,2508
7.65936,45.93772,2519
7.65979,45.93772,2526
7.66022,45.93772,2533
7.66065,45.93772,2540
7.66108,45.93772,2547
7.66150,45.93772,2556
7.66193,45.93772,2565
7.66236,45.93772,2574
7.66279,45.93772,2582
7.66322,45.93772,2591
7.66365,45.93772,2598
7.66408,45.93772,2603
7.66451,45.93772,2608
7.66494,45.93772,2611
7.66537,45.93772,2614
7.66580,45.93772,2615
7.66623,45.93772,2617
7.66665,45.93772,2617
7.66708,45.93772,2617
7.66751,45.93772,2618
7.66794,45.93772,2620
7.66837,45.93772,2622
7.64648,45.93742,2243
7.64691,45.93742,2253
7.64734,45.93742,2266
7.64777,45.93742,2278
7.64820,45.93742,2288
7.64863,45.93742,2299
7.64906,45.93742,2309
7.64949,45.93742,2318
7.64992,45.93742,2327
7.65035,45.93742,2337
7.65078,45.93742,2346
7.65121,45.93742,2354
7.65163,45.93742,2360
7.65206,45.93742,2366
7.65249,45.93742,2374
7.65292,45.93742,2382
7.65335,45.93742,2390
7.65378,45.93742,2396
7.65421,45.93742,2399
7.65464,45.93742,2400
7.65507,45.93742,2401
7.65550,45.93742,2402
7.65593,45.93742,2403
7.65635,45.93742,2407
7.65678,45.93742,2417
7.65721,45.93742,2428
7.65764,45.93742,2441
7.65807,45.93742,2455
7.65850,45.93742,2477
7.65893,45.93742,2496
7.65936,45.93742,2497
7.65979,45.93742,2509
7.66022,45.93742,2522
7.66065,45.93742,2532
7.66108,45.93742,2538
7.66150,45.93742,2546
7.66193,45.93742,2557
7.66236,45.93742,2566
7.66279,45.93742,2575
7.66322,45.93742,2585
7.66365,45.93742,2592
7.66408,45.93742,2598
7.66451,45.93742,2602
7.66494,45.93742,2605
7.66537,45.93742,2607
7.66580,45.93742,2609
7.66623,45.93742,2610
7.66665,45.93742,2610
7.66708,45.93742,2611
7.66751,45.93742,2611
7.66794,45.93742,2613
7.66837,45.93742,2615
7.64648,45.93712,2228
7.64691,45.93712,2237
7.64734,45.93712,2248
7.64777,45.93712,2259
7.64820,45.93712,2271
7.64863,45.93712,2282
7.64906,45.93712,2291
7.64949,45.93712,2300
7.64992,45.93712,2308
7.65035,45.93712,2316
7.65078,45.93712,2324
7.65121,45.93712,2332
7.65163,45.93712,2338
7.65206,45.93712,2346
7.65249,45.93712,2355
7.65292,45.93712,2363
7.65335,45.93712,2370
7.65378,45.93712,2375
7.65421,45.93712,2379
7.65464,45.93712,2379
7.65507,45.93712,2378
7.65550,45.93712,2376
7.65593,45.93712,2374
7.65635,45.93712,2378
7.65678,45.93712,2385
7.65721,45.93712,2396
7.65764,45.93712,2408
7.65807,45.93712,2423
7.65850,45.93712,2445
7.65893,45.93712,2468
7.65936,45.93712,2487
7.65979,45.93712,2482
7.66022,45.93712,2493
7.66065,45.93712,2518
7.66108,45.93712,2524
7.66150,45.93712,2533
7.66193,45.93712,2544
7.66236,45.93712,2555
7.66279,45.93712,2566
7.66322,45.93712,2576
7.66365,45.93712,2584
7.66408,45.93712,2589
7.66451,45.93712,2593
7.66494,45.93712,2595
7.66537,45.93712,2597
7.66580,45.93712,2598
7.66623,45.93712,2599
7.66665,45.93712,2600
7.66708,45.93712,2601
7.66751,45.93712,2602
7.66794,45.93712,2603
7.66837,45.93712,2604
7.64648,45.93683,2211
7.64691,45.93683,2219
7.64734,45.93683,2228
7.64777,45.93683,2238
7.64820,45.93683,2249
7.64863,45.93683,2261
7.64906,45.93683,2271
7.64949,45.93683,2280
7.64992,45.93683,2287
7.65035,45.93683,2294
7.65078,45.93683,2300
7.65121,45.93683,2307
7.65163,45.93683,2313
7.65206,45.93683,2320
7.65249,45.93683,2329
7.65292,45.93683,2336
7.65335,45.93683,2343
7.65378,45.93683,2348
7.65421,45.93683,2351
7.65464,45.93683,2351
7.65507,45.93683,2349
7.65550,45.93683,2346
7.65593,45.93683,2346
7.65635,45.93683,2350
7.65678,45.93683,2357
7.65721,45.93683,2366
7.65764,45.93683,2376
7.65807,45.93683,2390
7.65850,45.93683,2408
7.65893,45.93683,2429
7.65936,45.93683,2449
7.65979,45.93683,2467
7.66022,45.93683,2482
7.66065,45.93683,2491
7.66108,45.93683,2498
7.66150,45.93683,2508
7.66193,45.93683,2521
7.66236,45.93683,2535
7.66279,45.93683,2549
7.66322,45.93683,2563
7.66365,45.93683,2573
7.66408,45.93683,2577
7.66451,45.93683,2579
7.66494,45.93683,2581
7.66537,45.93683,2583
7.66580,45.93683,2584
7.66623,45.93683,2586
7.66665,45.93683,2588
7.66708,45.93683,2589
7.66751,45.93683,2590
7.66794,45.93683,2592
7.66837,45.93683,2592
7.64648,45.93653,2191
7.64691,45.93653,2198
7.64734,45.93653,2205
7.64777,45.93653,2214
7.64820,45.93653,2226
7.64863,45.93653,2236
7.64906,45.93653,2247
7.64949,45.93653,2256
7.64992,45.93653,2264
7.65035,45.93653,2269
7.65078,45.93653,2274
7.65121,45.93653,2279
7.65163,45.93653,2284
7.65206,45.93653,2290
7.65249,45.93653,2297
7.65292,45.93653,2304
7.65335,45.93653,2310
7.65378,45.93653,2316
7.65421,45.93653,2320
7.65464,45.93653,2321
7.65507,45.93653,2321
7.65550,45.93653,2321
7.65593,45.93653,2321
7.65635,45.93653,2325
7.65678,45.93653,2331
7.65721,45.93653,2339
7.65764,45.93653,2349
7.65807,45.93653,2359
7.65850,45.93653,2374
7.65893,45.93653,2391
7.65936,45.93653,2409
7.65979,45.93653,2426
7.66022,45.93653,2439
7.66065,45.93653,2449
7.66108,45.93653,2460
7.66150,45.93653,2474
7.66193,45.93653,2488
7.66236,45.93653,2502
7.66279,45.93653,2521
7.66322,45.93653,2539
7.66365,45.93653,2552
7.66408,45.93653,2560
7.66451,45.93653,2562
7.66494,45.93653,2565
7.66537,45.93653,2567
7.66580,45.93653,2570
7.66623,45.93653,2573
7.66665,45.93653,2576
7.66708,45.93653,2578
7.66751,45.93653,2579
7.66794,45.93653,2580
7.66837,45.93653,2582
7.64648,45.93623,2172
7.64691,45.93623,2178
7.64734,45.93623,2184
7.64777,45.93623,2192
7.64820,45.93623,2202
7.64863,45.93623,2213
7.64906,45.93623,2222
7.64949,45.93623,2231
7.64992,45.93623,2239
7.65035,45.93623,2244
7.65078,45.93623,2248
7.65121,45.93623,2252
7.65163,45.93623,2256
7.65206,45.93623,2261
7.65249,45.93623,2267
7.65292,45.93623,2274
7.65335,45.93623,2282
7.65378,45.93623,2289
7.65421,45.93623,2294
7.65464,45.93623,2297
7.65507,45.93623,2300
7.65550,45.93623,2303
7.65593,45.93623,2305
7.65635,45.93623,2307
7.65678,45.93623,2313
7.65721,45.93623,2320
7.65764,45.93623,2328
7.65807,45.93623,2337
7.65850,45.93623,2348
7.65893,45.93623,2362
7.65936,45.93623,2376
7.65979,45.93623,2389
7.66022,45.93623,2398
7.66065,45.93623,2408
7.66108,45.93623,2421
7.66150,45.93623,2436
7.66193,45.93623,2451
7.66236,45.93623,2468
7.66279,45.93623,2487
7.66322,45.93623,2508
7.66365,45.93623,2526
7.66408,45.93623,2537
7.66451,45.93623,2543
7.66494,45.93623,2548
7.66537,45.93623,2552
7.66580,45.93623,2557
7.66623,45.93623,2563
7.66665,45.93623,2567
7.66708,45.93623,2570
7.66751,45.93623,2571
7.66794,45.93623,2573
7.66837,45.93623,2576
7.64648,45.93593,2156
7.64691,45.93593,2160
7.64734,45.93593,2165
7.64777,45.93593,2172
7.64820,45.93593,2180
7.64863,45.93593,2189
7.64906,45.93593,2198
7.64949,45.93593,2207
7.64992,45.93593,2215
7.65035,45.93593,2220
7.65078,45.93593,2224
7.65121,45.93593,2228
7.65163,45.93593,2232
7.65206,45.93593,2237
7.65249,45.93593,2244
7.65292,45.93593,2253
7.65335,45.93593,2262
7.65378,45.93593,2271
7.65421,45.93593,2278
7.65464,45.93593,2283
7.65507,45.93593,2288
7.65550,45.93593,2294
7.65593,45.93593,2298
7.65635,45.93593,2301
7.65678,45.93593,2306
7.65721,45.93593,2311
7.65764,45.93593,2315
7.65807,45.93593,2322
7.65850,45.93593,2331
7.65893,45.93593,2342
7.65936,45.93593,2352
7.65979,45.93593,2361
7.66022,45.93593,2369
7.66065,45.93593,2379
7.66108,45.93593,2391
7.66150,45.93593,2403
7.66193,45.93593,2416
7.66236,45.93593,2434
7.66279,45.93593,2454
7.66322,45.93593,2474
7.66365,45.93593,2495
7.66408,45.93593,2511
7.66451,45.93593,2524
7.66494,45.93593,2534
7.66537,45.93593,2542
7.66580,45.93593,2548
7.66623,45.93593,2555
7.66665,45.93593,2561
7.66708,45.93593,2565
7.66751,45.93593,2567
7.66794,45.93593,2570
7.66837,45.93593,2572
7.66846,45.95115,2802
7.66889,45.95115,2807
7.66932,45.95115,2811
7.66974,45.95115,2812
7.67017,45.95115,2812
7.67060,45.95115,2812
7.67103,45.95115,2812
7.67146,45.95115,2812
7.67189,45.95115,2813
7.67232,45.95115,2814
7.67275,45.95115,2817
7.67318,45.95115,2823
7.67361,45.95115,2830
7.67404,45.95115,2840
7.67447,45.95115,2848
7.67489,45.95115,2855
7.67532,45.95115,2862
7.67575,45.95115,2869
7.67618,45.95115,2875
7.67661,45.95115,2882
7.67704,45.95115,2888
7.67747,45.95115,2895
7.67790,45.95115,2901
7.67833,45.95115,2906
7.67876,45.95115,2915
7.67919,45.95115,2925
7.67962,45.95115,2938
7.68004,45.95115,2952
7.68047,45.95115,2965
7.68090,45.95115,2974
7.68133,45.95115,2979
7.68176,45.95115,2982
7.68219,45.95115,2983
7.68262,45.95115,2983
7.68305,45.95115,2983
7.68348,45.95115,2983
7.68391,45.95115,2982
7.68434,45.95115,2991
7.68476,45.95115,3001
7.68519,45.95115,3017
7.68562,45.95115,3035
7.68605,45.95115,3053
7.68648,45.95115,3067
7.68691,45.95115,3075
7.68734,45.95115,3080
7.68777,45.95115,3081
7.68820,45.95115,3080
7.68863,45.95115,3077
7.68906,45.95115,3072
7.68949,45.95115,3066
7.68991,45.95115,3060
7.69034,45.95115,3055
7.66846,45.95085,2796
7.66889,45.95085,2802
7.66932,45.95085,2804
7.66974,45.95085,2805
7.67017,45.95085,2805
7.67060,45.95085,2805
7.67103,45.95085,2805
7.67146,45.95085,2805
7.67189,45.95085,2806
7.67232,45.95085,2809
7.67275,45.95085,2814
7.67318,45.95085,2820
7.67361,45.95085,2828
7.67404,45.95085,2837
7.67447,45.95085,2844
7.67489,45.95085,2849
7.67532,45.95085,2854
7.67575,45.95085,2859
7.67618,45.95085,2866
7.67661,45.95085,2874
7.67704,45.95085,2881
7.67747,45.95085,2888
7.67790,45.95085,2894
7.67833,45.95085,2899
7.67876,45.95085,2906
7.67919,45.95085,2915
7.67962,45.95085,2926
7.68004,45.95085,2939
7.68047,45.95085,2951
7.68090,45.95085,2960
7.68133,45.95085,2967
7.68176,45.95085,2972
7.68219,45.95085,2975
7.68262,45.95085,2977
7.68305,45.95085,2978
7.68348,45.95085,2979
7.68391,45.95085,2979
7.68434,45.95085,2986
7.68476,45.95085,2995
7.68519,45.95085,3011
7.68562,45.95085,3029
7.68605,45.95085,3048
7.68648,45.95085,3062
7.68691,45.95085,3071
7.68734,45.95085,3075
7.68777,45.95085,3075
7.68820,45.95085,3073
7.68863,45.95085,3070
7.68906,45.95085,3063
7.68949,45.95085,3057
7.68991,45.95085,3050
7.69034,45.95085,3043
7.66846,45.95055,2791
7.66889,45.95055,2795
7.66932,45.95055,2797
7.66974,45.95055,2797
7.67017,45.95055,2797
7.67060,45.95055,2796
7.67103,45.95055,2796
7.67146,45.95055,2797
7.67189,45.95055,2800
7.67232,45.95055,2805
7.67275,45.95055,2811
7.67318,45.95055,2819
7.67361,45.95055,2828
7.67404,45.95055,2835
7.67447,45.95055,2840
7.67489,45.95055,2843
7.67532,45.95055,2847
7.67575,45.95055,2851
7.67618,45.95055,2858
7.67661,45.95055,2866
7.67704,45.95055,2874
7.67747,45.95055,2882
7.67790,45.95055,2888
7.67833,45.95055,2892
7.67876,45.95055,2898
7.67919,45.95055,2905
7.67962,45.95055,2914
7.68004,45.95055,2924
7.68047,45.95055,2935
7.68090,45.95055,2944
7.68133,45.95055,2951
7.68176,45.95055,2959
7.68219,45.95055,2964
7.68262,45.95055,2968
7.68305,45.95055,2972
7.68348,45.95055,2975
7.68391,45.95055,2978
7.68434,45.95055,2982
7.68476,45.95055,2992
7.68519,45.95055,3005
7.68562,45.95055,3023
7.68605,45.95055,3041
7.68648,45.95055,3056
7.68691,45.95055,3064
7.68734,45.95055,3068
7.68777,45.95055,3068
7.68820,45.95055,3065
7.68863,45.95055,3061
7.68906,45.95055,3055
7.68949,45.95055,3048
7.68991,45.95055,3040
7.69034,45.95055,3034
7.66846,45.95025,2784
7.66889,45.95025,2787
7.66932,45.95025,2789
7.66974,45.95025,2789
7.67017,45.95025,2788
7.67060,45.95025,2787
7.67103,45.95025,2788
7.67146,45.95025,2790
7.67189,45.95025,2795
7.67232,45.95025,2802
7.67275,45.95025,2810
7.67318,45.95025,2819
7.67361,45.95025,2829
7.67404,45.95025,2833
7.67447,45.95025,2835
7.67489,45.95025,2837
7.67532,45.95025,2838
7.67575,45.95025,2842
7.67618,45.95025,2849
7.67661,45.95025,2857
7.67704,45.95025,2867
7.67747,45.95025,2874
7.67790,45.95025,2879
7.67833,45.95025,2884
7.67876,45.95025,2889
7.67919,45.95025,2895
7.67962,45.95025,2902
7.68004,45.95025,2910
7.68047,45.95025,2919
7.68090,45.95025,2928
7.68133,45.95025,2936
7.68176,45.95025,2944
7.68219,45.95025,2951
7.68262,45.95025,2957
7.68305,45.95025,2964
7.68348,45.95025,2970
7.68391,45.95025,2974
7.68434,45.95025,2980
7.68476,45.95025,2989
7.68519,45.95025,3002
7.68562,45.95025,3018
7.68605,45.95025,3034
7.68648,45.95025,3048
7.68691,45.95025,3056
7.68734,45.95025,3059
7.68777,45.95025,3059
7.68820,45.95025,3056
7.68863,45.95025,3052
7.68906,45.95025,3046
7.68949,45.95025,3040
7.68991,45.95025,3033
7.69034,45.95025,3026
7.66846,45.94996,2777
7.66889,45.94996,2779
7.66932,45.94996,2780
7.66974,45.94996,2780
7.67017,45.94996,2780
7.67060,45.94996,2779
7.67103,45.94996,2780
7.67146,45.94996,2784
7.67189,45.94996,2791
7.67232,45.94996,2800
7.67275,45.94996,2809
7.67318,45.94996,2818
7.67361,45.94996,2826
7.67404,45.94996,2829
7.67447,45.94996,2829
7.67489,45.94996,2829
7.67532,45.94996,2831
7.67575,45.94996,2834
7.67618,45.94996,2841
7.67661,45.94996,2848
7.67704,45.94996,2857
7.67747,45.94996,2864
7.67790,45.94996,2869
7.67833,45.94996,2874
7.67876,45.94996,2880
7.67919,45.94996,2885
7.67962,45.94996,2891
7.68004,45.94996,2898
7.68047,45.94996,2905
7.68090,45.94996,2912
7.68133,45.94996,2920
7.68176,45.94996,2927
7.68219,45.94996,2935
7.68262,45.94996,2943
7.68305,45.94996,2951
7.68348,45.94996,2960
7.68391,45.94996,2968
7.68434,45.94996,2976
7.68476,45.94996,2986
7.68519,45.94996,2998
7.68562,45.94996,3013
7.68605,45.94996,3027
7.68648,45.94996,3039
7.68691,45.94996,3047
7.68734,45.94996,3049
7.68777,45.94996,3049
7.68820,45.94996,3046
7.68863,45.94996,3042
7.68906,45.94996,3037
7.68949,45.94996,3032
7.68991,45.94996,3025
7.69034,45.94996,3018
7.66846,45.94966,2769
7.66889,45.94966,2770
7.66932,45.94966,2771
7.66974,45.94966,2771
7.67017,45.94966,2772
7.67060,45.94966,2772
7.67103,45.94966,2774
7.67146,45.94966,2779
7.67189,45.94966,2787
7.67232,45.94966,2797
7.67275,45.94966,2807
7.67318,45.94966,2814
7.67361,45.94966,2820
7.67404,45.94966,2822
7.67447,45.94966,2822
7.67489,45.94966,2822
7.67532,45.94966,2823
7.67575,45.94966,2827
7.67618,45.94966,2832
7.67661,45.94966,2840
7.67704,45.94966,2846
7.67747,45.94966,2851
7.67790,45.94966,2856
7.67833,45.94966,2862
7.67876,45.94966,2868
7.67919,45.94966,2875
7.67962,45.94966,2880
7.68004,45.94966,2886
7.68047,45.94966,2892
7.68090,45.94966,2898
7.68133,45.94966,2903
7.68176,45.94966,2910
7.68219,45.94966,2918
7.68262,45.94966,2926
7.68305,45.94966,2936
7.68348,45.94966,2948
7.68391,45.94966,2958
7.68434,45.94966,2969
7.68476,45.94966,2981
7.68519,45.94966,2993
7.68562,45.94966,3006
7.68605,45.94966,3019
7.68648,45.94966,3030
7.68691,45.94966,3037
7.68734,45.94966,3039
7.68777,45.94966,3038
7.68820,45.94966,3036
7.68863,45.94966,3033
7.68906,45.94966,3028
7.68949,45.94966,3023
7.68991,45.94966,3018
7.69034,45.94966,3011
7.66846,45.94936,2759
7.66889,45.94936,2761
7.66932,45.94936,2762
7.66974,45.94936,2763
7.67017,45.94936,2763
7.67060,45.94936,2765
7.67103,45.94936,2767
7.67146,45.94936,2773
7.67189,45.94936,2782
7.67232,45.94936,2792
7.67275,45.94936,2800
7.67318,45.94936,2807
7.67361,45.94936,2812
7.67404,45.94936,2815
7.67447,45.94936,2816
7.67489,45.94936,2815
7.67532,45.94936,2816
7.67575,45.94936,2819
7.67618,45.94936,2825
7.67661,45.94936,2830
7.67704,45.94936,2835
7.67747,45.94936,2838
7.67790,45.94936,2843
7.67833,45.94936,2849
7.67876,45.94936,2856
7.67919,45.94936,2862
7.67962,45.94936,2868
7.68004,45.94936,2874
7.68047,45.94936,2880
7.68090,45.94936,2885
7.68133,45.94936,2890
7.68176,45.94936,2895
7.68219,45.94936,2902
7.68262,45.94936,2911
7.68305,45.94936,2920
7.68348,45.94936,2932
7.68391,45.94936,2945
7.68434,45.94936,2958
7.68476,45.94936,2970
7.68519,45.94936,2981
7.68562,45.94936,2994
7.68605,45.94936,3006
7.68648,45.94936,3017
7.68691,45.94936,3024
7.68734,45.94936,3028
7.68777,45.94936,3028
7.68820,45.94936,3026
7.68863,45.94936,3023
7.68906,45.94936,3019
7.68949,45.94936,3014
7.68991,45.94936,3008
7.69034,45.94936,3002
7.66846,45.94906,2750
7.66889,45.94906,2752
7.66932,45.94906,2754
7.66974,45.94906,2755
7.67017,45.94906,2755
7.67060,45.94906,2756
7.67103,45.94906,2760
7.67146,45.94906,2766
7.67189,45.94906,2775
7.67232,45.94906,2784
7.67275,45.94906,2792
7.67318,45.94906,2798
7.67361,45.94906,2803
7.67404,45.94906,2807
7.67447,45.94906,2808
7.67489,45.94906,2808
7.67532,45.94906,2808
7.67575,45.94906,2812
7.67618,45.94906,2816
7.67661,45.94906,2820
7.67704,45.94906,2823
7.67747,45.94906,2824
7.67790,45.94906,2828
7.67833,45.94906,2835
7.67876,45.94906,2842
7.67919,45.94906,2849
7.67962,45.94906,2855
7.68004,45.94906,2861
7.68047,45.94906,2866
7.68090,45.94906,2872
7.68133,45.94906,2877
7.68176,45.94906,2882
7.68219,45.94906,2887
7.68262,45.94906,2895
7.68305,45.94906,2905
7.68348,45.94906,2917
7.68391,45.94906,2930
7.68434,45.94906,2942
7.68476,45.94906,2953
7.68519,45.94906,2963
7.68562,45.94906,2975
7.68605,45.94906,2987
7.68648,45.94906,2998
7.68691,45.94906,3007
7.68734,45.94906,3013
7.68777,45.94906,3016
7.68820,45.94906,3016
7.68863,45.94906,3013
7.68906,45.94906,3009
7.68949,45.94906,3004
7.68991,45.94906,2997
7.69034,45.94906,2993
7.66846,45.94876,2741
7.66889,45.94876,2744
7.66932,45.94876,2746
7.66974,45.94876,2747
7.67017,45.94876,2748
7.67060,45.94876,2749
7.67103,45.94876,2752
7.67146,45.94876,2758
7.67189,45.94876,2766
7.67232,45.94876,2775
7.67275,45.94876,2783
7.67318,45.94876,2789
7.67361,45.94876,2794
7.67404,45.94876,2798
7.67447,45.94876,2800
7.67489,45.94876,2799
7.67532,45.94876,2800
7.67575,45.94876,2802
7.67618,45.94876,2806
7.67661,45.94876,2809
7.67704,45.94876,2811
7.67747,45.94876,2813
7.67790,45.94876,2817
7.67833,45.94876,2823
7.67876,45.94876,2828
7.67919,45.94876,2835
7.67962,45.94876,2842
7.68004,45.94876,2847
7.68047,45.94876,2853
7.68090,45.94876,2858
7.68133,45.94876,2863
7.68176,45.94876,2867
7.68219,45.94876,2873
7.68262,45.94876,2881
7.68305,45.94876,2890
7.68348,45.94876,2901
7.68391,45.94876,2914
7.68434,45.94876,2925
7.68476,45.94876,2934
7.68519,45.94876,2943
7.68562,45.94876,2954
7.68605,45.94876,2965
7.68648,45.94876,2977
7.68691,45.94876,2988
7.68734,45.94876,2996
7.68777,45.94876,3001
7.68820,45.94876,3004
7.68863,45.94876,3002
7.68906,45.94876,2999
7.68949,45.94876,2994
7.68991,45.94876,2990
7.69034,45.94876,2988
7.66846,45.94846,2731
7.66889,45.94846,2736
7.66932,45.94846,2737
7.66974,45.94846,2739
7.67017,45.94846,2739
7.67060,45.94846,2741
7.67103,45.94846,2744
7.67146,45.94846,2749
7.67189,45.94846,2756
7.67232,45.94846,2764
7.67275,45.94846,2773
7.67318,45.94846,2779
7.67361,45.94846,2783
7.67404,45.94846,2787
7.67447,45.94846,2789
7.67489,45.94846,2790
7.67532,45.94846,2791
7.67575,45.94846,2793
7.67618,45.94846,2795
7.67661,45.94846,2799
7.67704,45.94846,2801
7.67747,45.94846,2804
7.67790,45.94846,2808
7.67833,45.94846,2811
7.67876,45.94846,2816
7.67919,45.94846,2822
7.67962,45.94846,2828
7.68004,45.94846,2834
7.68047,45.94846,2838
7.68090,45.94846,2844
7.68133,45.94846,2848
7.68176,45.94846,2853
7.68219,45.94846,2860
7.68262,45.94846,2867
7.68305,45.94846,2876
7.68348,45.94846,2887
7.68391,45.94846,2898
7.68434,45.94846,2908
7.68476,45.94846,2917
7.68519,45.94846,2924
7.68562,45.94846,2933
7.68605,45.94846,2943
7.68648,45.94846,2955
7.68691,45.94846,2967
7.68734,45.94846,2978
7.68777,45.94846,2986
7.68820,45.94846,2990
7.68863,45.94846,2990
7.68906,45.94846,2988
7.68949,45.94846,2986
7.68991,45.94846,2985
7.69034,45.94846,2985
7.66846,45.94817,2722
7.66889,45.94817,2726
7.66932,45.94817,2729
7.66974,45.94817,2731
7.67017,45.94817,2732
7.67060,45.94817,2734
7.67103,45.94817,2736
7.67146,45.94817,2741
7.67189,45.94817,2747
7.67232,45.94817,2755
7.67275,45.94817,2763
7.67318,45.94817,2769
7.67361,45.94817,2773
7.67404,45.94817,2776
7.67447,45.94817,2778
7.67489,45.94817,2780
7.67532,45.94817,2782
7.67575,45.94817,2784
7.67618,45.94817,2787
7.67661,45.94817,2791
7.67704,45.94817,2794
7.67747,45.94817,2797
7.67790,45.94817,2800
7.67833,45.94817,2803
7.67876,45.94817,2807
7.67919,45.94817,2812
7.67962,45.94817,2817
7.68004,45.94817,2822
7.68047,45.94817,2826
7.68090,45.94817,2830
7.68133,45.94817,2835
7.68176,45.94817,2840
7.68219,45.94817,2846
7.68262,45.94817,2854
7.68305,45.94817,2863
7.68348,45.94817,2874
7.68391,45.94817,2884
7.68434,45.94817,2894
7.68476,45.94817,2903
7.68519,45.94817,2909
7.68562,45.94817,2917
7.68605,45.94817,2926
7.68648,45.94817,2938
7.68691,45.94817,2950
7.68734,45.94817,2962
7.68777,45.94817,2972
7.68820,45.94817,2977
7.68863,45.94817,2979
7.68906,45.94817,2979
7.68949,45.94817,2980
7.68991,45.94817,2980
7.69034,45.94817,2982
7.66846,45.94787,2712
7.66889,45.94787,2715
7.66932,45.94787,2719
7.66974,45.94787,2721
7.67017,45.94787,2723
7.67060,45.94787,2726
7.67103,45.94787,2729
7.67146,45.94787,2733
7.67189,45.94787,2739
7.67232,45.94787,2747
7.67275,45.94787,2754
7.67318,45.94787,2759
7.67361,45.94787,2763
7.67404,45.94787,2766
7.67447,45.94787,2769
7.67489,45.94787,2771
7.67532,45.94787,2775
7.67575,45.94787,2778
7.67618,45.94787,2781
7.67661,45.94787,2784
7.67704,45.94787,2787
7.67747,45.94787,2791
7.67790,45.94787,2794
7.67833,45.94787,2796
7.67876,45.94787,2801
7.67919,45.94787,2804
7.67962,45.94787,2809
7.68004,45.94787,2813
7.68047,45.94787,2817
7.68090,45.94787,2821
7.68133,45.94787,2825
7.68176,45.94787,2830
7.68219,45.94787,2835
7.68262,45.94787,2843
7.68305,45.94787,2852
7.68348,45.94787,2862
7.68391,45.94787,2873
7.68434,45.94787,2883
7.68476,45.94787,2892
7.68519,45.94787,2900
7.68562,45.94787,2908
7.68605,45.94787,2917
7.68648,45.94787,2928
7.68691,45.94787,2940
7.68734,45.94787,2950
7.68777,45.94787,2960
7.68820,45.94787,2966
7.68863,45.94787,2970
7.68906,45.94787,2972
7.68949,45.94787,2974
7.68991,45.94787,2977
7.69034,45.94787,2980
7.66846,45.94757,2701
7.66889,45.94757,2705
7.66932,45.94757,2709
7.66974,45.94757,2712
7.67017,45.94757,2715
7.67060,45.94757,2718
7.67103,45.94757,2721
7.67146,45.94757,2726
7.67189,45.94757,2731
7.67232,45.94757,2738
7.67275,45.94757,2745
7.67318,45.94757,2750
7.67361,45.94757,2754
7.67404,45.94757,2757
7.67447,45.94757,2761
7.67489,45.94757,2764
7.67532,45.94757,2768
7.67575,45.94757,2772
7.67618,45.94757,2775
7.67661,45.94757,2778
7.67704,45.94757,2782
7.67747,45.94757,2786
7.67790,45.94757,2788
7.67833,45.94757,2792
7.67876,45.94757,2796
7.67919,45.94757,2799
7.67962,45.94757,2803
7.68004,45.94757,2807
7.68047,45.94757,2811
7.68090,45.94757,2815
7.68133,45.94757,2819
7.68176,45.94757,2825
7.68219,45.94757,2829
7.68262,45.94757,2836
7.68305,45.94757,2845
7.68348,45.94757,2855
7.68391,45.94757,2866
7.68434,45.94757,2875
7.68476,45.94757,2885
7.68519,45.94757,2893
7.68562,45.94757,2902
7.68605,45.94757,2911
7.68648,45.94757,2922
7.68691,45.94757,2932
7.68734,45.94757,2941
7.68777,45.94757,2949
7.68820,45.94757,2956
7.68863,45.94757,2961
7.68906,45.94757,2965
7.68949,45.94757,2969
7.68991,45.94757,2975
7.69034,45.94757,2979
7.66846,45.94727,2692
7.66889,45.94727,2696
7.66932,45.94727,2700
7.66974,45.94727,2703
7.67017,45.94727,2707
7.67060,45.94727,2711
7.67103,45.94727,2714
7.67146,45.94727,2719
7.67189,45.94727,2724
7.67232,45.94727,2730
7.67275,45.94727,2736
7.67318,45.94727,2741
7.67361,45.94727,2746
7.67404,45.94727,2749
7.67447,45.94727,2753
7.67489,45.94727,2757
7.67532,45.94727,2762
7.67575,45.94727,2766
7.67618,45.94727,2770
7.67661,45.94727,2773
7.67704,45.94727,2778
7.67747,45.94727,2781
7.67790,45.94727,2784
7.67833,45.94727,2788
7.67876,45.94727,2791
7.67919,45.94727,2795
7.67962,45.94727,2800
7.68004,45.94727,2804
7.68047,45.94727,2808
7.68090,45.94727,2813
7.68133,45.94727,2818
7.68176,45.94727,2823
7.68219,45.94727,2828
7.68262,45.94727,2834
7.68305,45.94727,2842
7.68348,45.94727,2851
7.68391,45.94727,2861
7.68434,45.94727,2871
7.68476,45.94727,2880
7.68519,45.94727,2889
7.68562,45.94727,2898
7.68605,45.94727,2906
7.68648,45.94727,2916
7.68691,45.94727,2925
7.68734,45.94727,2933
7.68777,45.94727,2941
7.68820,45.94727,2948
7.68863,45.94727,2954
7.68906,45.94727,2960
7.68949,45.94727,2966
7.68991,45.94727,2973
7.69034,45.94727,2978
7.66846,45.94697,2685
7.66889,45.94697,2688
7.66932,45.94697,2691
7.66974,45.94697,2695
7.67017,45.94697,2699
7.67060,45.94697,2704
7.67103,45.94697,2708
7.67146,45.94697,2712
7.67189,45.94697,2717
7.67232,45.94697,2722
7.67275,45.94697,2728
7.67318,45.94697,2733
7.67361,45.94697,2738
7.67404,45.94697,2742
7.67447,45.94697,2746
7.67489,45.94697,2751
7.67532,45.94697,2756
7.67575,45.94697,2760
7.67618,45.94697,2765
7.67661,45.94697,2770
7.67704,45.94697,2775
7.67747,45.94697,2778
7.67790,45.94697,2782
7.67833,45.94697,2784
7.67876,45.94697,2788
7.67919,45.94697,2792
7.67962,45.94697,2796
7.68004,45.94697,2801
7.68047,45.94697,2806
7.68090,45.94697,2812
7.68133,45.94697,2818
7.68176,45.94697,2823
7.68219,45.94697,2828
7.68262,45.94697,2834
7.68305,45.94697,2841
7.68348,45.94697,2849
7.68391,45.94697,2858
7.68434,45.94697,2867
7.68476,45.94697,2875
7.68519,45.94697,2884
7.68562,45.94697,2894
7.68605,45.94697,2903
7.68648,45.94697,2912
7.68691,45.94697,2920
7.68734,45.94697,2928
7.68777,45.94697,2935
7.68820,45.94697,2942
7.68863,45.94697,2949
7.68906,45.94697,2957
7.68949,45.94697,2964
7.68991,45.94697,2970
7.69034,45.94697,2976
7.66846,45.94667,2679
7.66889,45.94667,2682
7.66932,45.94667,2685
7.66974,45.94667,2689
7.67017,45.94667,2693
7.67060,45.94667,2697
7.67103,45.94667,2702
7.67146,45.94667,2706
7.67189,45.94667,2710
7.67232,45.94667,2715
7.67275,45.94667,2721
7.67318,45.94667,2726
7.67361,45.94667,2731
7.67404,45.94667,2736
7.67447,45.94667,2740
7.67489,45.94667,2745
7.67532,45.94667,2750
7.67575,45.94667,2756
7.67618,45.94667,2761
7.67661,45.94667,2767
7.67704,45.94667,2772
7.67747,45.94667,2775
7.67790,45.94667,2779
7.67833,45.94667,2783
7.67876,45.94667,2786
7.67919,45.94667,2790
7.67962,45.94667,2795
7.68004,45.94667,2800
7.68047,45.94667,2805
7.68090,45.94667,2812
7.68133,45.94667,2818
7.68176,45.94667,2824
7.68219,45.94667,2829
7.68262,45.94667,2835
7.68305,45.94667,2841
7.68348,45.94667,2848
7.68391,45.94667,2856
7.68434,45.94667,2864
7.68476,45.94667,2872
7.68519,45.94667,2880
7.68562,45.94667,2889
7.68605,45.94667,2899
7.68648,45.94667,2908
7.68691,45.94667,2916
7.68734,45.94667,2923
7.68777,45.94667,2930
7.68820,45.94667,2937
7.68863,45.94667,2945
7.68906,45.94667,2953
7.68949,45.94667,2960
7.68991,45.94667,2965
7.69034,45.94667,2970
7.66846,45.94638,2673
7.66889,45.94638,2677
7.66932,45.94638,2681
7.66974,45.94638,2684
7.67017,45.94638,2688
7.67060,45.94638,2692
7.67103,45.94638,2696
7.67146,45.94638,2700
7.67189,45.94638,2705
7.67232,45.94638,2710
7.67275,45.94638,2714
7.67318,45.94638,2720
7.67361,45.94638,2725
7.67404,45.94638,2730
7.67447,45.94638,2735
7.67489,45.94638,2740
7.67532,45.94638,2745
7.67575,45.94638,2751
7.67618,45.94638,2757
7.67661,45.94638,2763
7.67704,45.94638,2768
7.67747,45.94638,2773
7.67790,45.94638,2776
7.67833,45.94638,2781
7.67876,45.94638,2785
7.67919,45.94638,2790
7.67962,45.94638,2794
7.68004,45.94638,2800
7.68047,45.94638,2805
7.68090,45.94638,2812
7.68133,45.94638,2818
7.68176,45.94638,2825
7.68219,45.94638,2830
7.68262,45.94638,2836
7.68305,45.94638,2841
7.68348,45.94638,2847
7.68391,45.94638,2855
7.68434,45.94638,2862
7.68476,45.94638,2869
7.68519,45.94638,2876
7.68562,45.94638,2884
7.68605,45.94638,2894
7.68648,45.94638,2903
7.68691,45.94638,2912
7.68734,45.94638,2919
7.68777,45.94638,2925
7.68820,45.94638,2931
7.68863,45.94638,2939
7.68906,45.94638,2946
7.68949,45.94638,2952
7.68991,45.94638,2957
7.69034,45.94638,2960
7.66846,45.94608,2669
7.66889,45.94608,2673
7.66932,45.94608,2677
7.66974,45.94608,2682
7.67017,45.94608,2685
7.67060,45.94608,2688
7.67103,45.94608,2692
7.67146,45.94608,2695
7.67189,45.94608,2700
7.67232,45.94608,2704
7.67275,45.94608,2709
7.67318,45.94608,2715
7.67361,45.94608,2720
7.67404,45.94608,2725
7.67447,45.94608,2730
7.67489,45.94608,2735
7.67532,45.94608,2741
7.67575,45.94608,2747
7.67618,45.94608,2753
7.67661,45.94608,2759
7.67704,45.94608,2764
7.67747,45.94608,2770
7.67790,45.94608,2774
7.67833,45.94608,2779
7.67876,45.94608,2784
7.67919,45.94608,2790
7.67962,45.94608,2795
7.68004,45.94608,2800
7.68047,45.94608,2805
7.68090,45.94608,2811
7.68133,45.94608,2818
7.68176,45.94608,2825
7.68219,45.94608,2831
7.68262,45.94608,2837
7.68305,45.94608,2843
7.68348,45.94608,2848
7.68391,45.94608,2856
7.68434,45.94608,2862
7.68476,45.94608,2867
7.68519,45.94608,2873
7.68562,45.94608,2880
7.68605,45.94608,2889
7.68648,45.94608,2899
7.68691,45.94608,2908
7.68734,45.94608,2914
7.68777,45.94608,2920
7.68820,45.94608,2925
7.68863,45.94608,2931
7.68906,45.94608,2937
7.68949,45.94608,2943
7.68991,45.94608,2947
7.69034,45.94608,2949
7.66846,45.94578,2666
7.66889,45.94578,2670
7.66932,45.94578,2674
7.66974,45.94578,2679
7.67017,45.94578,2682
7.67060,45.94578,2685
7.67103,45.94578,2687
7.67146,45.94578,2690
7.67189,45.94578,2694
7.67232,45.94578,2698
7.67275,45.94578,2704
7.67318,45.94578,2710
7.67361,45.94578,2716
7.67404,45.94578,2721
7.67447,45.94578,2727
7.67489,45.94578,2733
7.67532,45.94578,2739
7.67575,45.94578,2744
7.67618,45.94578,2750
7.67661,45.94578,2756
7.67704,45.94578,2761
7.67747,45.94578,2767
7.67790,45.94578,2772
7.67833,45.94578,2777
7.67876,45.94578,2783
7.67919,45.94578,2790
7.67962,45.94578,2796
7.68004,45.94578,2801
7.68047,45.94578,2806
7.68090,45.94578,2811
7.68133,45.94578,2818
7.68176,45.94578,2824
7.68219,45.94578,2831
7.68262,45.94578,2838
7.68305,45.94578,2844
7.68348,45.94578,2850
7.68391,45.94578,2857
7.68434,45.94578,2862
7.68476,45.94578,2866
7.68519,45.94578,2871
7.68562,45.94578,2878
7.68605,45.94578,2886
7.68648,45.94578,2894
7.68691,45.94578,2903
7.68734,45.94578,2909
7.68777,45.94578,2914
7.68820,45.94578,2919
7.68863,45.94578,2923
7.68906,45.94578,2928
7.68949,45.94578,2933
7.68991,45.94578,2937
7.69034,45.94578,2939
7.66846,45.94548,2662
7.66889,45.94548,2666
7.66932,45.94548,2671
7.66974,45.94548,2675
7.67017,45.94548,2677
7.67060,45.94548,2680
7.67103,45.94548,2682
7.67146,45.94548,2684
7.67189,45.94548,2688
7.67232,45.94548,2693
7.67275,45.94548,2700
7.67318,45.94548,2707
7.67361,45.94548,2713
7.67404,45.94548,2719
7.67447,45.94548,2724
7.67489,45.94548,2731
7.67532,45.94548,2737
7.67575,45.94548,2743
7.67618,45.94548,2749
7.67661,45.94548,2754
7.67704,45.94548,2760
7.67747,45.94548,2765
7.67790,45.94548,2770
7.67833,45.94548,2777
7.67876,45.94548,2783
7.67919,45.94548,2789
7.67962,45.94548,2795
7.68004,45.94548,2801
7.68047,45.94548,2805
7.68090,45.94548,2811
7.68133,45.94548,2817
7.68176,45.94548,2823
7.68219,45.94548,2831
7.68262,45.94548,2838
7.68305,45.94548,2845
7.68348,45.94548,2851
7.68391,45.94548,2857
7.68434,45.94548,2862
7.68476,45.94548,2866
7.68519,45.94548,2871
7.68562,45.94548,2876
7.68605,45.94548,2883
7.68648,45.94548,2891
7.68691,45.94548,2899
7.68734,45.94548,2906
7.68777,45.94548,2909
7.68820,45.94548,2913
7.68863,45.94548,2917
7.68906,45.94548,2922
7.68949,45.94548,2926
7.68991,45.94548,2931
7.69034,45.94548,2934
7.66846,45.94518,2658
7.66889,45.94518,2662
7.66932,45.94518,2666
7.66974,45.94518,2670
7.67017,45.94518,2672
7.67060,45.94518,2674
7.67103,45.94518,2676
7.67146,45.94518,2679
7.67189,45.94518,2684
7.67232,45.94518,2689
7.67275,45.94518,2696
7.67318,45.94518,2704
7.67361,45.94518,2710
7.67404,45.94518,2717
7.67447,45.94518,2723
7.67489,45.94518,2730
7.67532,45.94518,2737
7.67575,45.94518,2742
7.67618,45.94518,2748
7.67661,45.94518,2754
7.67704,45.94518,2759
7.67747,45.94518,2764
7.67790,45.94518,2770
7.67833,45.94518,2775
7.67876,45.94518,2781
7.67919,45.94518,2788
7.67962,45.94518,2794
7.68004,45.94518,2799
7.68047,45.94518,2804
7.68090,45.94518,2809
7.68133,45.94518,2815
7.68176,45.94518,2821
7.68219,45.94518,2830
7.68262,45.94518,2837
7.68305,45.94518,2845
7.68348,45.94518,2852
7.68391,45.94518,2857
7.68434,45.94518,2862
7.68476,45.94518,2866
7.68519,45.94518,2870
7.68562,45.94518,2875
7.68605,45.94518,2881
7.68648,45.94518,2889
7.68691,45.94518,2896
7.68734,45.94518,2902
7.68777,45.94518,2906
7.68820,45.94518,2909
7.68863,45.94518,2913
7.68906,45.94518,2918
7.68949,45.94518,2923
7.68991,45.94518,2928
7.69034,45.94518,2932
7.66846,45.94488,2652
7.66889,45.94488,2657
7.66932,45.94488,2661
7.66974,45.94488,2664
7.67017,45.94488,2667
7.67060,45.94488,2669
7.67103,45.94488,2672
7.67146,45.94488,2675
7.67189,45.94488,2680
7.67232,45.94488,2687
7.67275,45.94488,2694
7.67318,45.94488,2701
7.67361,45.94488,2709
7.67404,45.94488,2716
7.67447,45.94488,2722
7.67489,45.94488,2729
7.67532,45.94488,2736
7.67575,45.94488,2743
7.67618,45.94488,2749
7.67661,45.94488,2755
7.67704,45.94488,2760
7.67747,45.94488,2764
7.67790,45.94488,2770
7.67833,45.94488,2775
7.67876,45.94488,2780
7.67919,45.94488,2786
7.67962,45.94488,2792
7.68004,45.94488,2797
7.68047,45.94488,2801
7.68090,45.94488,2806
7.68133,45.94488,2813
7.68176,45.94488,2820
7.68219,45.94488,2828
7.68262,45.94488,2836
7.68305,45.94488,2843
7.68348,45.94488,2850
7.68391,45.94488,2856
7.68434,45.94488,2861
7.68476,45.94488,2865
7.68519,45.94488,2870
7.68562,45.94488,2875
7.68605,45.94488,2881
7.68648,45.94488,2887
7.68691,45.94488,2893
7.68734,45.94488,2898
7.68777,45.94488,2903
7.68820,45.94488,2907
7.68863,45.94488,2911
7.68906,45.94488,2916
7.68949,45.94488,2922
7.68991,45.94488,2928
7.69034,45.94488,2932
7.66846,45.94458,2648
7.66889,45.94458,2651
7.66932,45.94458,2656
7.66974,45.94458,2659
7.67017,45.94458,2663
7.67060,45.94458,2666
7.67103,45.94458,2669
7.67146,45.94458,2673
7.67189,45.94458,2678
7.67232,45.94458,2684
7.67275,45.94458,2692
7.67318,45.94458,2699
7.67361,45.94458,2707
7.67404,45.94458,2714
7.67447,45.94458,2721
7.67489,45.94458,2728
7.67532,45.94458,2735
7.67575,45.94458,2743
7.67618,45.94458,2750
7.67661,45.94458,2756
7.67704,45.94458,2761
7.67747,45.94458,2765
7.67790,45.94458,2770
7.67833,45.94458,2775
7.67876,45.94458,2780
7.67919,45.94458,2786
7.67962,45.94458,2791
7.68004,45.94458,2795
7.68047,45.94458,2800
7.68090,45.94458,2804
7.68133,45.94458,2811
7.68176,45.94458,2818
7.68219,45.94458,2826
7.68262,45.94458,2834
7.68305,45.94458,2841
7.68348,45.94458,2848
7.68391,45.94458,2854
7.68434,45.94458,2860
7.68476,45.94458,2865
7.68519,45.94458,2870
7.68562,45.94458,2875
7.68605,45.94458,2881
7.68648,45.94458,2887
7.68691,45.94458,2892
7.68734,45.94458,2896
7.68777,45.94458,2900
7.68820,45.94458,2904
7.68863,45.94458,2910
7.68906,45.94458,2915
7.68949,45.94458,2922
7.68991,45.94458,2928
7.69034,45.94458,2933
7.66846,45.94429,2644
7.66889,45.94429,2647
7.66932,45.94429,2652
7.66974,45.94429,2655
7.67017,45.94429,2658
7.67060,45.94429,2662
7.67103,45.94429,2667
7.67146,45.94429,2672
7.67189,45.94429,2677
7.67232,45.94429,2683
7.67275,45.94429,2691
7.67318,45.94429,2698
7.67361,45.94429,2705
7.67404,45.94429,2712
7.67447,45.94429,2719
7.67489,45.94429,2726
7.67532,45.94429,2734
7.67575,45.94429,2742
7.67618,45.94429,2749
7.67661,45.94429,2756
7.67704,45.94429,2760
7.67747,45.94429,2765
7.67790,45.94429,2770
7.67833,45.94429,2775
7.67876,45.94429,2780
7.67919,45.94429,2786
7.67962,45.94429,2790
7.68004,45.94429,2794
7.68047,45.94429,2799
7.68090,45.94429,2804
7.68133,45.94429,2810
7.68176,45.94429,2818
7.68219,45.94429,2825
7.68262,45.94429,2832
7.68305,45.94429,2838
7.68348,45.94429,2845
7.68391,45.94429,2852
7.68434,45.94429,2858
7.68476,45.94429,2864
7.68519,45.94429,2870
7.68562,45.94429,2876
7.68605,45.94429,2881
7.68648,45.94429,2887
7.68691,45.94429,2891
7.68734,45.94429,2895
7.68777,45.94429,2899
7.68820,45.94429,2903
7.68863,45.94429,2908
7.68906,45.94429,2914
7.68949,45.94429,2921
7.68991,45.94429,2927
7.69034,45.94429,2933
7.66846,45.94399,2640
7.66889,45.94399,2644
7.66932,45.94399,2647
7.66974,45.94399,2651
7.67017,45.94399,2654
7.67060,45.94399,2659
7.67103,45.94399,2664
7.67146,45.94399,2670
7.67189,45.94399,2676
7.67232,45.94399,2683
7.67275,45.94399,2690
7.67318,45.94399,2697
7.67361,45.94399,2703
7.67404,45.94399,2710
7.67447,45.94399,2717
7.67489,45.94399,2725
7.67532,45.94399,2732
7.67575,45.94399,2740
7.67618,45.94399,2747
7.67661,45.94399,2754
7.67704,45.94399,2759
7.67747,45.94399,2764
7.67790,45.94399,2769
7.67833,45.94399,2775
7.67876,45.94399,2780
7.67919,45.94399,2785
7.67962,45.94399,2790
7.68004,45.94399,2794
7.68047,45.94399,2798
7.68090,45.94399,2804
7.68133,45.94399,2810
7.68176,45.94399,2817
7.68219,45.94399,2824
7.68262,45.94399,2830
7.68305,45.94399,2837
7.68348,45.94399,2843
7.68391,45.94399,2850
7.68434,45.94399,2856
7.68476,45.94399,2863
7.68519,45.94399,2870
7.68562,45.94399,2876
7.68605,45.94399,2882
7.68648,45.94399,2887
7.68691,45.94399,2891
7.68734,45.94399,2894
7.68777,45.94399,2898
7.68820,45.94399,2902
7.68863,45.94399,2907
7.68906,45.94399,2913
7.68949,45.94399,2919
7.68991,45.94399,2925
7.69034,45.94399,2930
7.66846,45.94369,2636
7.66889,45.94369,2640
7.66932,45.94369,2644
7.66974,45.94369,2648
7.67017,45.94369,2651
7.67060,45.94369,2657
7.67103,45.94369,2663
7.67146,45.94369,2669
7.67189,45.94369,2676
7.67232,45.94369,2683
7.67275,45.94369,2690
7.67318,45.94369,2697
7.67361,45.94369,2703
7.67404,45.94369,2710
7.67447,45.94369,2717
7.67489,45.94369,2724
7.67532,45.94369,2730
7.67575,45.94369,2736
7.67618,45.94369,2743
7.67661,45.94369,2749
7.67704,45.94369,2755
7.67747,45.94369,2761
7.67790,45.94369,2767
7.67833,45.94369,2774
7.67876,45.94369,2779
7.67919,45.94369,2785
7.67962,45.94369,2790
7.68004,45.94369,2794
7.68047,45.94369,2798
7.68090,45.94369,2803
7.68133,45.94369,2810
7.68176,45.94369,2816
7.68219,45.94369,2823
7.68262,45.94369,2829
7.68305,45.94369,2835
7.68348,45.94369,2841
7.68391,45.94369,2848
7.68434,45.94369,2855
7.68476,45.94369,2862
7.68519,45.94369,2869
7.68562,45.94369,2876
7.68605,45.94369,2882
7.68648,45.94369,2887
7.68691,45.94369,2891
7.68734,45.94369,2895
7.68777,45.94369,2899
7.68820,45.94369,2903
7.68863,45.94369,2907
7.68906,45.94369,2912
7.68949,45.94369,2916
7.68991,45.94369,2921
7.69034,45.94369,2926
7.66846,45.94339,2633
7.66889,45.94339,2638
7.66932,45.94339,2642
7.66974,45.94339,2645
7.67017,45.94339,2649
7.67060,45.94339,2656
7.67103,45.94339,2662
7.67146,45.94339,2669
7.67189,45.94339,2677
7.67232,45.94339,2684
7.67275,45.94339,2691
7.67318,45.94339,2697
7.67361,45.94339,2704
7.67404,45.94339,2710
7.67447,45.94339,2717
7.67489,45.94339,2723
7.67532,45.94339,2729
7.67575,45.94339,2733
7.67618,45.94339,2739
7.67661,45.94339,2744
7.67704,45.94339,2750
7.67747,45.94339,2757
7.67790,45.94339,2765
7.67833,45.94339,2771
7.67876,45.94339,2778
7.67919,45.94339,2784
7.67962,45.94339,2789
7.68004,45.94339,2794
7.68047,45.94339,2799
7.68090,45.94339,2804
7.68133,45.94339,2810
7.68176,45.94339,2815
7.68219,45.94339,2821
7.68262,45.94339,2828
7.68305,45.94339,2834
7.68348,45.94339,2840
7.68391,45.94339,2846
7.68434,45.94339,2854
7.68476,45.94339,2862
7.68519,45.94339,2869
7.68562,45.94339,2876
7.68605,45.94339,2882
7.68648,45.94339,2886
7.68691,45.94339,2891
7.68734,45.94339,2896
7.68777,45.94339,2900
7.68820,45.94339,2904
7.68863,45.94339,2907
7.68906,45.94339,2910
7.68949,45.94339,2913
7.68991,45.94339,2917
7.69034,45.94339,2922
7.66846,45.94309,2629
7.66889,45.94309,2635
7.66932,45.94309,2640
7.66974,45.94309,2643
7.67017,45.94309,2648
7.67060,45.94309,2655
7.67103,45.94309,2662
7.67146,45.94309,2669
7.67189,45.94309,2677
7.67232,45.94309,2685
7.67275,45.94309,2692
7.67318,45.94309,2699
7.67361,45.94309,2705
7.67404,45.94309,2711
7.67447,45.94309,2717
7.67489,45.94309,2723
7.67532,45.94309,2728
7.67575,45.94309,2732
7.67618,45.94309,2736
7.67661,45.94309,2741
7.67704,45.94309,2746
7.67747,45.94309,2753
7.67790,45.94309,2761
7.67833,45.94309,2769
7.67876,45.94309,2776
7.67919,45.94309,2782
7.67962,45.94309,2788
7.68004,45.94309,2793
7.68047,45.94309,2798
7.68090,45.94309,2803
7.68133,45.94309,2809
7.68176,45.94309,2814
7.68219,45.94309,2820
7.68262,45.94309,2827
7.68305,45.94309,2833
7.68348,45.94309,2839
7.68391,45.94309,2845
7.68434,45.94309,2853
7.68476,45.94309,2860
7.68519,45.94309,2867
7.68562,45.94309,2874
7.68605,45.94309,2880
7.68648,45.94309,2885
7.68691,45.94309,2892
7.68734,45.94309,2896
7.68777,45.94309,2901
7.68820,45.94309,2905
7.68863,45.94309,2907
7.68906,45.94309,2909
7.68949,45.94309,2912
7.68991,45.94309,2915
7.69034,45.94309,2918
7.66846,45.94279,2625
7.66889,45.94279,2631
7.66932,45.94279,2636
7.66974,45.94279,2641
7.67017,45.94279,2646
7.67060,45.94279,2653
7.67103,45.94279,2660
7.67146,45.94279,2668
7.67189,45.94279,2677
7.67232,45.94279,2685
7.67275,45.94279,2692
7.67318,45.94279,2699
7.67361,45.94279,2705
7.67404,45.94279,2711
7.67447,45.94279,2717
7.67489,45.94279,2722
7.67532,45.94279,2728
7.67575,45.94279,2731
7.67618,45.94279,2735
7.67661,45.94279,2739
7.67704,45.94279,2744
7.67747,45.94279,2750
7.67790,45.94279,2757
7.67833,45.94279,2765
7.67876,45.94279,2773
7.67919,45.94279,2780
7.67962,45.94279,2787
7.68004,45.94279,2792
7.68047,45.94279,2797
7.68090,45.94279,2803
7.68133,45.94279,2808
7.68176,45.94279,2814
7.68219,45.94279,2820
7.68262,45.94279,2826
7.68305,45.94279,2832
7.68348,45.94279,2838
7.68391,45.94279,2845
7.68434,45.94279,2852
7.68476,45.94279,2859
7.68519,45.94279,2865
7.68562,45.94279,2872
7.68605,45.94279,2878
7.68648,45.94279,2884
7.68691,45.94279,2890
7.68734,45.94279,2896
7.68777,45.94279,2901
7.68820,45.94279,2904
7.68863,45.94279,2907
7.68906,45.94279,2909
7.68949,45.94279,2911
7.68991,45.94279,2914
7.69034,45.94279,2917
7.66846,45.94250,2622
7.66889,45.94250,2628
7.66932,45.94250,2632
7.66974,45.94250,2637
7.67017,45.94250,2643
7.67060,45.94250,2649
7.67103,45.94250,2657
7.67146,45.94250,2666
7.67189,45.94250,2675
7.67232,45.94250,2683
7.67275,45.94250,2691
7.67318,45.94250,2699
7.67361,45.94250,2705
7.67404,45.94250,2712
7.67447,45.94250,2717
7.67489,45.94250,2722
7.67532,45.94250,2727
7.67575,45.94250,2732
7.67618,45.94250,2735
7.67661,45.94250,2739
7.67704,45.94250,2743
7.67747,45.94250,2749
7.67790,45.94250,2755
7.67833,45.94250,2763
7.67876,45.94250,2771
7.67919,45.94250,2779
7.67962,45.94250,2785
7.68004,45.94250,2792
7.68047,45.94250,2798
7.68090,45.94250,2803
7.68133,45.94250,2809
7.68176,45.94250,2814
7.68219,45.94250,2820
7.68262,45.94250,2825
7.68305,45.94250,2831
7.68348,45.94250,2836
7.68391,45.94250,2843
7.68434,45.94250,2849
7.68476,45.94250,2856
7.68519,45.94250,2862
7.68562,45.94250,2869
7.68605,45.94250,2875
7.68648,45.94250,2882
7.68691,45.94250,2889
7.68734,45.94250,2895
7.68777,45.94250,2899
7.68820,45.94250,2903
7.68863,45.94250,2906
7.68906,45.94250,2909
7.68949,45.94250,2912
7.68991,45.94250,2914
7.69034,45.94250,2917
7.66846,45.94220,2620
7.66889,45.94220,2624
7.66932,45.94220,2628
7.66974,45.94220,2632
7.67017,45.94220,2637
7.67060,45.94220,2644
7.67103,45.94220,2652
7.67146,45.94220,2661
7.67189,45.94220,2671
7.67232,45.94220,2681
7.67275,45.94220,2689
7.67318,45.94220,2697
7.67361,45.94220,2704
7.67404,45.94220,2711
7.67447,45.94220,2716
7.67489,45.94220,2722
7.67532,45.94220,2728
7.67575,45.94220,2733
7.67618,45.94220,2736
7.67661,45.94220,2740
7.67704,45.94220,2744
7.67747,45.94220,2749
7.67790,45.94220,2755
7.67833,45.94220,2762
7.67876,45.94220,2769
7.67919,45.94220,2777
7.67962,45.94220,2784
7.68004,45.94220,2791
7.68047,45.94220,2799
7.68090,45.94220,2804
7.68133,45.94220,2810
7.68176,45.94220,2815
7.68219,45.94220,2821
7.68262,45.94220,2825
7.68305,45.94220,2830
7.68348,45.94220,2835
7.68391,45.94220,2841
7.68434,45.94220,2847
7.68476,45.94220,2853
7.68519,45.94220,2859
7.68562,45.94220,2865
7.68605,45.94220,2872
7.68648,45.94220,2879
7.68691,45.94220,2886
7.68734,45.94220,2892
7.68777,45.94220,2897
7.68820,45.94220,2901
7.68863,45.94220,2904
7.68906,45.94220,2908
7.68949,45.94220,2911
7.68991,45.94220,2914
7.69034,45.94220,2916
7.66846,45.94190,2619
7.66889,45.94190,2622
7.66932,45.94190,2624
7.66974,45.94190,2628
7.67017,45.94190,2632
7.67060,45.94190,2638
7.67103,45.94190,2645
7.67146,45.94190,2655
7.67189,45.94190,2666
7.67232,45.94190,2677
7.67275,45.94190,2687
7.67318,45.94190,2696
7.67361,45.94190,2703
7.67404,45.94190,2710
7.67447,45.94190,2717
7.67489,45.94190,2722
7.67532,45.94190,2728
7.67575,45.94190,2733
7.67618,45.94190,2737
7.67661,45.94190,2741
7.67704,45.94190,2745
7.67747,45.94190,2750
7.67790,45.94190,2756
7.67833,45.94190,2762
7.67876,45.94190,2769
7.67919,45.94190,2776
7.67962,45.94190,2784
7.68004,45.94190,2791
7.68047,45.94190,2799
7.68090,45.94190,2804
7.68133,45.94190,2810
7.68176,45.94190,2815
7.68219,45.94190,2821
7.68262,45.94190,2825
7.68305,45.94190,2829
7.68348,45.94190,2833
7.68391,45.94190,2839
7.68434,45.94190,2844
7.68476,45.94190,2850
7.68519,45.94190,2856
7.68562,45.94190,2862
7.68605,45.94190,2868
7.68648,45.94190,2875
7.68691,45.94190,2882
7.68734,45.94190,2888
7.68777,45.94190,2893
7.68820,45.94190,2897
7.68863,45.94190,2901
7.68906,45.94190,2905
7.68949,45.94190,2909
7.68991,45.94190,2913
7.69034,45.94190,2916
7.66846,45.94160,2618
7.66889,45.94160,2621
7.66932,45.94160,2622
7.66974,45.94160,2625
7.67017,45.94160,2628
7.67060,45.94160,2633
7.67103,45.94160,2640
7.67146,45.94160,2650
7.67189,45.94160,2661
7.67232,45.94160,2673
7.67275,45.94160,2684
7.67318,45.94160,2693
7.67361,45.94160,2701
7.67404,45.94160,2709
7.67447,45.94160,2716
7.67489,45.94160,2721
7.67532,45.94160,2727
7.67575,45.94160,2733
7.67618,45.94160,2737
7.67661,45.94160,2742
7.67704,45.94160,2747
7.67747,45.94160,2751
7.67790,45.94160,2756
7.67833,45.94160,2762
7.67876,45.94160,2769
7.67919,45.94160,2776
7.67962,45.94160,2784
7.68004,45.94160,2791
7.68047,45.94160,2798
7.68090,45.94160,2804
7.68133,45.94160,2809
7.68176,45.94160,2815
7.68219,45.94160,2820
7.68262,45.94160,2824
7.68305,45.94160,2828
7.68348,45.94160,2832
7.68391,45.94160,2836
7.68434,45.94160,2842
7.68476,45.94160,2847
7.68519,45.94160,2853
7.68562,45.94160,2858
7.68605,45.94160,2864
7.68648,45.94160,2871
7.68691,45.94160,2877
7.68734,45.94160,2883
7.68777,45.94160,2887
7.68820,45.94160,2891
7.68863,45.94160,2895
7.68906,45.94160,2899
7.68949,45.94160,2904
7.68991,45.94160,2909
7.69034,45.94160,2913
7.66846,45.94130,2617
7.66889,45.94130,2620
7.66932,45.94130,2621
7.66974,45.94130,2622
7.67017,45.94130,2626
7.67060,45.94130,2629
7.67103,45.94130,2636
7.67146,45.94130,2645
7.67189,45.94130,2656
7.67232,45.94130,2669
7.67275,45.94130,2681
7.67318,45.94130,2691
7.67361,45.94130,2701
7.67404,45.94130,2708
7.67447,45.94130,2714
7.67489,45.94130,2720
7.67532,45.94130,2726
7.67575,45.94130,2732
7.67618,45.94130,2737
7.67661,45.94130,2741
7.67704,45.94130,2746
7.67747,45.94130,2751
7.67790,45.94130,2756
7.67833,45.94130,2762
7.67876,45.94130,2769
7.67919,45.94130,2776
7.67962,45.94130,2783
7.68004,45.94130,2791
7.68047,45.94130,2797
7.68090,45.94130,2802
7.68133,45.94130,2808
7.68176,45.94130,2813
7.68219,45.94130,2817
7.68262,45.94130,2822
7.68305,45.94130,2826
7.68348,45.94130,2830
7.68391,45.94130,2835
7.68434,45.94130,2840
7.68476,45.94130,2846
7.68519,45.94130,2851
7.68562,45.94130,2856
7.68605,45.94130,2861
7.68648,45.94130,2866
7.68691,45.94130,2871
7.68734,45.94130,2876
7.68777,45.94130,2880
7.68820,45.94130,2884
7.68863,45.94130,2887
7.68906,45.94130,2892
7.68949,45.94130,2897
7.68991,45.94130,2903
7.69034,45.94130,2908
7.66846,45.94100,2616
7.66889,45.94100,2618
7.66932,45.94100,2619
7.66974,45.94100,2621
7.67017,45.94100,2624
7.67060,45.94100,2628
7.67103,45.94100,2634
7.67146,45.94100,2642
7.67189,45.94100,2653
7.67232,45.94100,2666
7.67275,45.94100,2678
7.67318,45.94100,2689
7.67361,45.94100,2698
7.67404,45.94100,2705
7.67447,45.94100,2712
7.67489,45.94100,2718
7.67532,45.94100,2724
7.67575,45.94100,2730
7.67618,45.94100,2735
7.67661,45.94100,2740
7.67704,45.94100,2745
7.67747,45.94100,2750
7.67790,45.94100,2754
7.67833,45.94100,2760
7.67876,45.94100,2766
7.67919,45.94100,2774
7.67962,45.94100,2782
7.68004,45.94100,2788
7.68047,45.94100,2794
7.68090,45.94100,2799
7.68133,45.94100,2804
7.68176,45.94100,2810
7.68219,45.94100,2815
7.68262,45.94100,2819
7.68305,45.94100,2823
7.68348,45.94100,2827
7.68391,45.94100,2833
7.68434,45.94100,2838
7.68476,45.94100,2844
7.68519,45.94100,2849
7.68562,45.94100,2853
7.68605,45.94100,2857
7.68648,45.94100,2861
7.68691,45.94100,2865
7.68734,45.94100,2868
7.68777,45.94100,2872
7.68820,45.94100,2875
7.68863,45.94100,2879
7.68906,45.94100,2884
7.68949,45.94100,2891
7.68991,45.94100,2897
7.69034,45.94100,2903
7.66846,45.94071,2616
7.66889,45.94071,2617
7.66932,45.94071,2618
7.66974,45.94071,2618
7.67017,45.94071,2623
7.67060,45.94071,2627
7.67103,45.94071,2633
7.67146,45.94071,2641
7.67189,45.94071,2651
7.67232,45.94071,2662
7.67275,45.94071,2674
7.67318,45.94071,2685
7.67361,45.94071,2695
7.67404,45.94071,2702
7.67447,45.94071,2709
7.67489,45.94071,2715
7.67532,45.94071,2721
7.67575,45.94071,2727
7.67618,45.94071,2733
7.67661,45.94071,2738
7.67704,45.94071,2743
7.67747,45.94071,2747
7.67790,45.94071,2752
7.67833,45.94071,2756
7.67876,45.94071,2763
7.67919,45.94071,2769
7.67962,45.94071,2777
7.68004,45.94071,2783
7.68047,45.94071,2788
7.68090,45.94071,2793
7.68133,45.94071,2799
7.68176,45.94071,2804
7.68219,45.94071,2809
7.68262,45.94071,2814
7.68305,45.94071,2819
7.68348,45.94071,2824
7.68391,45.94071,2829
7.68434,45.94071,2835
7.68476,45.94071,2840
7.68519,45.94071,2845
7.68562,45.94071,2849
7.68605,45.94071,2852
7.68648,45.94071,2855
7.68691,45.94071,2858
7.68734,45.94071,2861
7.68777,45.94071,2864
7.68820,45.94071,2867
7.68863,45.94071,2872
7.68906,45.94071,2878
7.68949,45.94071,2884
7.68991,45.94071,2891
7.69034,45.94071,2898
7.66846,45.94041,2616
7.66889,45.94041,2618
7.66932,45.94041,2619
7.66974,45.94041,2620
7.67017,45.94041,2624
7.67060,45.94041,2628
7.67103,45.94041,2632
7.67146,45.94041,2640
7.67189,45.94041,2649
7.67232,45.94041,2659
7.67275,45.94041,2671
7.67318,45.94041,2682
7.67361,45.94041,2691
7.67404,45.94041,2698
7.67447,45.94041,2705
7.67489,45.94041,2711
7.67532,45.94041,2716
7.67575,45.94041,2722
7.67618,45.94041,2727
7.67661,45.94041,2733
7.67704,45.94041,2737
7.67747,45.94041,2741
7.67790,45.94041,2746
7.67833,45.94041,2750
7.67876,45.94041,2754
7.67919,45.94041,2760
7.67962,45.94041,2766
7.68004,45.94041,2773
7.68047,45.94041,2779
7.68090,45.94041,2785
7.68133,45.94041,2790
7.68176,45.94041,2796
7.68219,45.94041,2801
7.68262,45.94041,2807
7.68305,45.94041,2812
7.68348,45.94041,2819
7.68391,45.94041,2824
7.68434,45.94041,2830
7.68476,45.94041,2835
7.68519,45.94041,2840
7.68562,45.94041,2844
7.68605,45.94041,2847
7.68648,45.94041,2849
7.68691,45.94041,2851
7.68734,45.94041,2854
7.68777,45.94041,2857
7.68820,45.94041,2861
7.68863,45.94041,2867
7.68906,45.94041,2873
7.68949,45.94041,2880
7.68991,45.94041,2887
7.69034,45.94041,2894
7.66846,45.94011,2617
7.66889,45.94011,2620
7.66932,45.94011,2621
7.66974,45.94011,2624
7.67017,45.94011,2626
7.67060,45.94011,2629
7.67103,45.94011,2634
7.67146,45.94011,2641
7.67189,45.94011,2649
7.67232,45.94011,2658
7.67275,45.94011,2668
7.67318,45.94011,2678
7.67361,45.94011,2687
7.67404,45.94011,2694
7.67447,45.94011,2701
7.67489,45.94011,2706
7.67532,45.94011,2711
7.67575,45.94011,2716
7.67618,45.94011,2721
7.67661,45.94011,2725
7.67704,45.94011,2729
7.67747,45.94011,2733
7.67790,45.94011,2736
7.67833,45.94011,2739
7.67876,45.94011,2743
7.67919,45.94011,2748
7.67962,45.94011,2754
7.68004,45.94011,2760
7.68047,45.94011,2766
7.68090,45.94011,2772
7.68133,45.94011,2778
7.68176,45.94011,2784
7.68219,45.94011,2789
7.68262,45.94011,2796
7.68305,45.94011,2802
7.68348,45.94011,2810
7.68391,45.94011,2816
7.68434,45.94011,2823
7.68476,45.94011,2830
7.68519,45.94011,2835
7.68562,45.94011,2839
7.68605,45.94011,2842
7.68648,45.94011,2844
7.68691,45.94011,2846
7.68734,45.94011,2849
7.68777,45.94011,2853
7.68820,45.94011,2858
7.68863,45.94011,2864
7.68906,45.94011,2870
7.68949,45.94011,2877
7.68991,45.94011,2885
7.69034,45.94011,2892
7.66846,45.93981,2619
7.66889,45.93981,2622
7.66932,45.93981,2624
7.66974,45.93981,2627
7.67017,45.93981,2630
7.67060,45.93981,2633
7.67103,45.93981,2637
7.67146,45.93981,2643
7.67189,45.93981,2650
7.67232,45.93981,2658
7.67275,45.93981,2666
7.67318,45.93981,2675
7.67361,45.93981,2683
7.67404,45.93981,2690
7.67447,45.93981,2696
7.67489,45.93981,2701
7.67532,45.93981,2705
7.67575,45.93981,2708
7.67618,45.93981,2712
7.67661,45.93981,2715
7.67704,45.93981,2719
7.67747,45.93981,2721
7.67790,45.93981,2724
7.67833,45.93981,2727
7.67876,45.93981,2729
7.67919,45.93981,2734
7.67962,45.93981,2739
7.68004,45.93981,2744
7.68047,45.93981,2751
7.68090,45.93981,2758
7.68133,45.93981,2764
7.68176,45.93981,2769
7.68219,45.93981,2775
7.68262,45.93981,2783
7.68305,45.93981,2791
7.68348,45.93981,2800
7.68391,45.93981,2809
7.68434,45.93981,2818
7.68476,45.93981,2825
7.68519,45.93981,2831
7.68562,45.93981,2835
7.68605,45.93981,2838
7.68648,45.93981,2841
7.68691,45.93981,2844
7.68734,45.93981,2847
7.68777,45.93981,2851
7.68820,45.93981,2855
7.68863,45.93981,2862
7.68906,45.93981,2868
7.68949,45.93981,2875
7.68991,45.93981,2883
7.69034,45.93981,2892
7.66846,45.93951,2622
7.66889,45.93951,2624
7.66932,45.93951,2628
7.66974,45.93951,2631
7.67017,45.93951,2634
7.67060,45.93951,2638
7.67103,45.93951,2641
7.67146,45.93951,2646
7.67189,45.93951,2651
7.67232,45.93951,2657
7.67275,45.93951,2665
7.67318,45.93951,2672
7.67361,45.93951,2680
7.67404,45.93951,2687
7.67447,45.93951,2692
7.67489,45.93951,2696
7.67532,45.93951,2698
7.67575,45.93951,2701
7.67618,45.93951,2703
7.67661,45.93951,2705
7.67704,45.93951,2707
7.67747,45.93951,2708
7.67790,45.93951,2710
7.67833,45.93951,2713
7.67876,45.93951,2716
7.67919,45.93951,2720
7.67962,45.93951,2726
7.68004,45.93951,2732
7.68047,45.93951,2738
7.68090,45.93951,2744
7.68133,45.93951,2750
7.68176,45.93951,2756
7.68219,45.93951,2763
7.68262,45.93951,2773
7.68305,45.93951,2782
7.68348,45.93951,2794
7.68391,45.93951,2805
7.68434,45.93951,2815
7.68476,45.93951,2824
7.68519,45.93951,2830
7.68562,45.93951,2835
7.68605,45.93951,2838
7.68648,45.93951,2841
7.68691,45.93951,2844
7.68734,45.93951,2847
7.68777,45.93951,2850
7.68820,45.93951,2854
7.68863,45.93951,2860
7.68906,45.93951,2866
7.68949,45.93951,2873
7.68991,45.93951,2882
7.69034,45.93951,2891
7.66846,45.93921,2625
7.66889,45.93921,2628
7.66932,45.93921,2632
7.66974,45.93921,2636
7.67017,45.93921,2639
7.67060,45.93921,2642
7.67103,45.93921,2645
7.67146,45.93921,2649
7.67189,45.93921,2653
7.67232,45.93921,2658
7.67275,45.93921,2663
7.67318,45.93921,2670
7.67361,45.93921,2677
7.67404,45.93921,2683
7.67447,45.93921,2687
7.67489,45.93921,2691
7.67532,45.93921,2693
7.67575,45.93921,2693
7.67618,45.93921,2694
7.67661,45.93921,2694
7.67704,45.93921,2695
7.67747,45.93921,2695
7.67790,45.93921,2697
7.67833,45.93921,2699
7.67876,45.93921,2704
7.67919,45.93921,2709
7.67962,45.93921,2715
7.68004,45.93921,2721
7.68047,45.93921,2728
7.68090,45.93921,2735
7.68133,45.93921,2741
7.68176,45.93921,2748
7.68219,45.93921,2757
7.68262,45.93921,2768
7.68305,45.93921,2780
7.68348,45.93921,2793
7.68391,45.93921,2806
7.68434,45.93921,2817
7.68476,45.93921,2826
7.68519,45.93921,2833
7.68562,45.93921,2838
7.68605,45.93921,2842
7.68648,45.93921,2845
7.68691,45.93921,2847
7.68734,45.93921,2850
7.68777,45.93921,2852
7.68820,45.93921,2855
7.68863,45.93921,2859
7.68906,45.93921,2865
7.68949,45.93921,2871
7.68991,45.93921,2879
7.69034,45.93921,2888
7.66846,45.93891,2628
7.66889,45.93891,2631
7.66932,45.93891,2635
7.66974,45.93891,2638
7.67017,45.93891,2642
7.67060,45.93891,2644
7.67103,45.93891,2647
7.67146,45.93891,2650
7.67189,45.93891,2653
7.67232,45.93891,2657
7.67275,45.93891,2663
7.67318,45.93891,2668
7.67361,45.93891,2673
7.67404,45.93891,2678
7.67447,45.93891,2681
7.67489,45.93891,2685
7.67532,45.93891,2686
7.67575,45.93891,2685
7.67618,45.93891,2685
7.67661,45.93891,2684
7.67704,45.93891,2684
7.67747,45.93891,2684
7.67790,45.93891,2685
7.67833,45.93891,2688
7.67876,45.93891,2693
7.67919,45.93891,2700
7.67962,45.93891,2708
7.68004,45.93891,2716
7.68047,45.93891,2725
7.68090,45.93891,2733
7.68133,45.93891,2740
7.68176,45.93891,2749
7.68219,45.93891,2759
7.68262,45.93891,2772
7.68305,45.93891,2785
7.68348,45.93891,2798
7.68391,45.93891,2811
7.68434,45.93891,2821
7.68476,45.93891,2830
7.68519,45.93891,2838
7.68562,45.93891,2844
7.68605,45.93891,2849
7.68648,45.93891,2852
7.68691,45.93891,2854
7.68734,45.93891,2855
7.68777,45.93891,2855
7.68820,45.93891,2857
7.68863,45.93891,2859
7.68906,45.93891,2864
7.68949,45.93891,2870
7.68991,45.93891,2877
7.69034,45.93891,2885
7.66846,45.93862,2629
7.66889,45.93862,2632
7.66932,45.93862,2635
7.66974,45.93862,2639
7.67017,45.93862,2642
7.67060,45.93862,2645
7.67103,45.93862,2647
7.67146,45.93862,2648
7.67189,45.93862,2651
7.67232,45.93862,2655
7.67275,45.93862,2659
7.67318,45.93862,2664
7.67361,45.93862,2668
7.67404,45.93862,2671
7.67447,45.93862,2673
7.67489,45.93862,2675
7.67532,45.93862,2676
7.67575,45.93862,2676
7.67618,45.93862,2675
7.67661,45.93862,2674
7.67704,45.93862,2674
7.67747,45.93862,2675
7.67790,45.93862,2676
7.67833,45.93862,2679
7.67876,45.93862,2686
7.67919,45.93862,2694
7.67962,45.93862,2705
7.68004,45.93862,2717
7.68047,45.93862,2728
7.68090,45.93862,2737
7.68133,45.93862,2746
7.68176,45.93862,2756
7.68219,45.93862,2767
7.68262,45.93862,2780
7.68305,45.93862,2794
7.68348,45.93862,2807
7.68391,45.93862,2819
7.68434,45.93862,2829
7.68476,45.93862,2837
7.68519,45.93862,2845
7.68562,45.93862,2851
7.68605,45.93862,2856
7.68648,45.93862,2860
7.68691,45.93862,2862
7.68734,45.93862,2862
7.68777,45.93862,2861
7.68820,45.93862,2861
7.68863,45.93862,2862
7.68906,45.93862,2865
7.68949,45.93862,2870
7.68991,45.93862,2876
7.69034,45.93862,2882
7.66846,45.93832,2628
7.66889,45.93832,2631
7.66932,45.93832,2634
7.66974,45.93832,2638
7.67017,45.93832,2641
7.67060,45.93832,2642
7.67103,45.93832,2643
7.67146,45.93832,2644
7.67189,45.93832,2646
7.67232,45.93832,2649
7.67275,45.93832,2652
7.67318,45.93832,2656
7.67361,45.93832,2659
7.67404,45.93832,2661
7.67447,45.93832,2662
7.67489,45.93832,2663
7.67532,45.93832,2664
7.67575,45.93832,2664
7.67618,45.93832,2664
7.67661,45.93832,2665
7.67704,45.93832,2666
7.67747,45.93832,2668
7.67790,45.93832,2670
7.67833,45.93832,2674
7.67876,45.93832,2683
7.67919,45.93832,2693
7.67962,45.93832,2707
7.68004,45.93832,2721
7.68047,45.93832,2734
7.68090,45.93832,2746
7.68133,45.93832,2756
7.68176,45.93832,2768
7.68219,45.93832,2779
7.68262,45.93832,2792
7.68305,45.93832,2805
7.68348,45.93832,2817
7.68391,45.93832,2828
7.68434,45.93832,2836
7.68476,45.93832,2844
7.68519,45.93832,2852
7.68562,45.93832,2858
7.68605,45.93832,2864
7.68648,45.93832,2868
7.68691,45.93832,2870
7.68734,45.93832,2869
7.68777,45.93832,2868
7.68820,45.93832,2867
7.68863,45.93832,2867
7.68906,45.93832,2868
7.68949,45.93832,2871
7.68991,45.93832,2876
7.69034,45.93832,2881
7.66846,45.93802,2626
7.66889,45.93802,2628
7.66932,45.93802,2631
7.66974,45.93802,2633
7.67017,45.93802,2635
7.67060,45.93802,2636
7.67103,45.93802,2636
7.67146,45.93802,2635
7.67189,45.93802,2636
7.67232,45.93802,2638
7.67275,45.93802,2641
7.67318,45.93802,2644
7.67361,45.93802,2646
7.67404,45.93802,2647
7.67447,45.93802,2649
7.67489,45.93802,2650
7.67532,45.93802,2652
7.67575,45.93802,2654
7.67618,45.93802,2656
7.67661,45.93802,2659
7.67704,45.93802,2661
7.67747,45.93802,2663
7.67790,45.93802,2667
7.67833,45.93802,2674
7.67876,45.93802,2684
7.67919,45.93802,2697
7.67962,45.93802,2712
7.68004,45.93802,2728
7.68047,45.93802,2744
7.68090,45.93802,2757
7.68133,45.93802,2769
7.68176,45.93802,2780
7.68219,45.93802,2792
7.68262,45.93802,2804
7.68305,45.93802,2816
7.68348,45.93802,2826
7.68391,45.93802,2835
7.68434,45.93802,2842
7.68476,45.93802,2849
7.68519,45.93802,2857
7.68562,45.93802,2863
7.68605,45.93802,2869
7.68648,45.93802,2874
7.68691,45.93802,2876
7.68734,45.93802,2876
7.68777,45.93802,2875
7.68820,45.93802,2873
7.68863,45.93802,2872
7.68906,45.93802,2872
7.68949,45.93802,2874
7.68991,45.93802,2878
7.69034,45.93802,2882
7.66846,45.93772,2622
7.66889,45.93772,2624
7.66932,45.93772,2625
7.66974,45.93772,2626
7.67017,45.93772,2627
7.67060,45.93772,2626
7.67103,45.93772,2624
7.67146,45.93772,2623
7.67189,45.93772,2624
7.67232,45.93772,2626
7.67275,45.93772,2628
7.67318,45.93772,2630
7.67361,45.93772,2633
7.67404,45.93772,2635
7.67447,45.93772,2638
7.67489,45.93772,2640
7.67532,45.93772,2644
7.67575,45.93772,2648
7.67618,45.93772,2652
7.67661,45.93772,2656
7.67704,45.93772,2660
7.67747,45.93772,2663
7.67790,45.93772,2668
7.67833,45.93772,2676
7.67876,45.93772,2688
7.67919,45.93772,2702
7.67962,45.93772,2719
7.68004,45.93772,2736
7.68047,45.93772,2753
7.68090,45.93772,2767
7.68133,45.93772,2780
7.68176,45.93772,2792
7.68219,45.93772,2803
7.68262,45.93772,2814
7.68305,45.93772,2824
7.68348,45.93772,2833
7.68391,45.93772,2840
7.68434,45.93772,2847
7.68476,45.93772,2853
7.68519,45.93772,2860
7.68562,45.93772,2866
7.68605,45.93772,2872
7.68648,45.93772,2877
7.68691,45.93772,2880
7.68734,45.93772,2881
7.68777,45.93772,2880
7.68820,45.93772,2878
7.68863,45.93772,2877
7.68906,45.93772,2877
7.68949,45.93772,2879
7.68991,45.93772,2883
7.69034,45.93772,2885
7.66846,45.93742,2615
7.66889,45.93742,2616
7.66932,45.93742,2617
7.66974,45.93742,2616
7.67017,45.93742,2615
7.67060,45.93742,2614
7.67103,45.93742,2613
7.67146,45.93742,2612
7.67189,45.93742,2613
7.67232,45.93742,2615
7.67275,45.93742,2618
7.67318,45.93742,2621
7.67361,45.93742,2624
7.67404,45.93742,2627
7.67447,45.93742,2632
7.67489,45.93742,2636
7.67532,45.93742,2642
7.67575,45.93742,2647
7.67618,45.93742,2653
7.67661,45.93742,2659
7.67704,45.93742,2663
7.67747,45.93742,2667
7.67790,45.93742,2673
7.67833,45.93742,2681
7.67876,45.93742,2694
7.67919,45.93742,2709
7.67962,45.93742,2726
7.68004,45.93742,2745
7.68047,45.93742,2761
7.68090,45.93742,2776
7.68133,45.93742,2790
7.68176,45.93742,2801
7.68219,45.93742,2812
7.68262,45.93742,2821
7.68305,45.93742,2829
7.68348,45.93742,2836
7.68391,45.93742,2842
7.68434,45.93742,2848
7.68476,45.93742,2854
7.68519,45.93742,2859
7.68562,45.93742,2865
7.68605,45.93742,2870
7.68648,45.93742,2876
7.68691,45.93742,2879
7.68734,45.93742,2882
7.68777,45.93742,2881
7.68820,45.93742,2880
7.68863,45.93742,2879
7.68906,45.93742,2881
7.68949,45.93742,2884
7.68991,45.93742,2886
7.69034,45.93742,2890
7.66846,45.93712,2604
7.66889,45.93712,2605
7.66932,45.93712,2605
7.66974,45.93712,2605
7.67017,45.93712,2604
7.67060,45.93712,2604
7.67103,45.93712,2604
7.67146,45.93712,2605
7.67189,45.93712,2606
7.67232,45.93712,2608
7.67275,45.93712,2610
7.67318,45.93712,2614
7.67361,45.93712,2619
7.67404,45.93712,2624
7.67447,45.93712,2631
7.67489,45.93712,2637
7.67532,45.93712,2644
7.67575,45.93712,2651
7.67618,45.93712,2659
7.67661,45.93712,2665
7.67704,45.93712,2670
7.67747,45.93712,2675
7.67790,45.93712,2680
7.67833,45.93712,2688
7.67876,45.93712,2700
7.67919,45.93712,2715
7.67962,45.93712,2732
7.68004,45.93712,2750
7.68047,45.93712,2766
7.68090,45.93712,2781
7.68133,45.93712,2794
7.68176,45.93712,2805
7.68219,45.93712,2815
7.68262,45.93712,2823
7.68305,45.93712,2830
7.68348,45.93712,2837
7.68391,45.93712,2843
7.68434,45.93712,2848
7.68476,45.93712,2853
7.68519,45.93712,2858
7.68562,45.93712,2862
7.68605,45.93712,2868
7.68648,45.93712,2872
7.68691,45.93712,2876
7.68734,45.93712,2878
7.68777,45.93712,2878
7.68820,45.93712,2877
7.68863,45.93712,2879
7.68906,45.93712,2882
7.68949,45.93712,2885
7.68991,45.93712,2888
7.69034,45.93712,2890
7.66846,45.93683,2592
7.66889,45.93683,2593
7.66932,45.93683,2594
7.66974,45.93683,2597
7.67017,45.93683,2598
7.67060,45.93683,2599
7.67103,45.93683,2601
7.67146,45.93683,2602
7.67189,45.93683,2604
7.67232,45.93683,2605
7.67275,45.93683,2608
7.67318,45.93683,2613
7.67361,45.93683,2618
7.67404,45.93683,2625
7.67447,45.93683,2632
7.67489,45.93683,2640
7.67532,45.93683,2649
7.67575,45.93683,2659
7.67618,45.93683,2668
7.67661,45.93683,2675
7.67704,45.93683,2680
7.67747,45.93683,2684
7.67790,45.93683,2689
7.67833,45.93683,2696
7.67876,45.93683,2707
7.67919,45.93683,2720
7.67962,45.93683,2735
7.68004,45.93683,2751
7.68047,45.93683,2767
7.68090,45.93683,2781
7.68133,45.93683,2794
7.68176,45.93683,2805
7.68219,45.93683,2815
7.68262,45.93683,2822
7.68305,45.93683,2829
7.68348,45.93683,2836
7.68391,45.93683,2841
7.68434,45.93683,2847
7.68476,45.93683,2851
7.68519,45.93683,2856
7.68562,45.93683,2859
7.68605,45.93683,2864
7.68648,45.93683,2867
7.68691,45.93683,2870
7.68734,45.93683,2871
7.68777,45.93683,2871
7.68820,45.93683,2872
7.68863,45.93683,2874
7.68906,45.93683,2877
7.68949,45.93683,2882
7.68991,45.93683,2886
7.69034,45.93683,2888
7.66846,45.93653,2582
7.66889,45.93653,2585
7.66932,45.93653,2588
7.66974,45.93653,2592
7.67017,45.93653,2595
7.67060,45.93653,2598
7.67103,45.93653,2601
7.67146,45.93653,2602
7.67189,45.93653,2605
7.67232,45.93653,2606
7.67275,45.93653,2609
7.67318,45.93653,2615
7.67361,45.93653,2621
7.67404,45.93653,2628
7.67447,45.93653,2636
7.67489,45.93653,2645
7.67532,45.93653,2656
7.67575,45.93653,2667
7.67618,45.93653,2678
7.67661,45.93653,2686
7.67704,45.93653,2692
7.67747,45.93653,2695
7.67790,45.93653,2698
7.67833,45.93653,2704
7.67876,45.93653,2712
7.67919,45.93653,2722
7.67962,45.93653,2734
7.68004,45.93653,2749
7.68047,45.93653,2763
7.68090,45.93653,2778
7.68133,45.93653,2792
7.68176,45.93653,2803
7.68219,45.93653,2813
7.68262,45.93653,2820
7.68305,45.93653,2827
7.68348,45.93653,2833
7.68391,45.93653,2839
7.68434,45.93653,2845
7.68476,45.93653,2849
7.68519,45.93653,2852
7.68562,45.93653,2856
7.68605,45.93653,2858
7.68648,45.93653,2860
7.68691,45.93653,2861
7.68734,45.93653,2862
7.68777,45.93653,2862
7.68820,45.93653,2863
7.68863,45.93653,2866
7.68906,45.93653,2870
7.68949,45.93653,2876
7.68991,45.93653,2881
7.69034,45.93653,2884
7.66846,45.93623,2576
7.66889,45.93623,2579
7.66932,45.93623,2584
7.66974,45.93623,2589
7.67017,45.93623,2594
7.67060,45.93623,2599
7.67103,45.93623,2603
7.67146,45.93623,2605
7.67189,45.93623,2607
7.67232,45.93623,2609
7.67275,45.93623,2614
7.67318,45.93623,2618
7.67361,45.93623,2625
7.67404,45.93623,2632
7.67447,45.93623,2640
7.67489,45.93623,2651
7.67532,45.93623,2663
7.67575,45.93623,2677
7.67618,45.93623,2688
7.67661,45.93623,2698
7.67704,45.93623,2703
7.67747,45.93623,2705
7.67790,45.93623,2707
7.67833,45.93623,2710
7.67876,45.93623,2716
7.67919,45.93623,2724
7.67962,45.93623,2734
7.68004,45.93623,2746
7.68047,45.93623,2759
7.68090,45.93623,2773
7.68133,45.93623,2787
7.68176,45.93623,2799
7.68219,45.93623,2809
7.68262,45.93623,2818
7.68305,45.93623,2825
7.68348,45.93623,2831
7.68391,45.93623,2837
7.68434,45.93623,2842
7.68476,45.93623,2846
7.68519,45.93623,2848
7.68562,45.93623,2850
7.68605,45.93623,2851
7.68648,45.93623,2851
7.68691,45.93623,2851
7.68734,45.93623,2851
7.68777,45.93623,2851
7.68820,45.93623,2853
7.68863,45.93623,2856
7.68906,45.93623,2862
7.68949,45.93623,2867
7.68991,45.93623,2874
7.69034,45.93623,2879
7.66846,45.93593,2573
7.66889,45.93593,2577
7.66932,45.93593,2581
7.66974,45.93593,2588
7.67017,45.93593,2595
7.67060,45.93593,2601
7.67103,45.93593,2605
7.67146,45.93593,2608
7.67189,45.93593,2610
7.67232,45.93593,2613
7.67275,45.93593,2617
7.67318,45.93593,2622
7.67361,45.93593,2629
7.67404,45.93593,2636
7.67447,45.93593,2645
7.67489,45.93593,2656
7.67532,45.93593,2671
7.67575,45.93593,2685
7.67618,45.93593,2698
7.67661,45.93593,2707
7.67704,45.93593,2712
7.67747,45.93593,2714
7.67790,45.93593,2715
7.67833,45.93593,2716
7.67876,45.93593,2720
7.67919,45.93593,2725
7.67962,45.93593,2733
7.68004,45.93593,2743
7.68047,45.93593,2755
7.68090,45.93593,2768
7.68133,45.93593,2781
7.68176,45.93593,2795
7.68219,45.93593,2807
7.68262,45.93593,2816
7.68305,45.93593,2822
7.68348,45.93593,2828
7.68391,45.93593,2833
7.68434,45.93593,2838
7.68476,45.93593,2841
7.68519,45.93593,2843
7.68562,45.93593,2843
7.68605,45.93593,2843
7.68648,45.93593,2842
7.68691,45.93593,2841
7.68734,45.93593,2841
7.68777,45.93593,2842
7.68820,45.93593,2844
7.68863,45.93593,2848
7.68906,45.93593,2853
7.68949,45.93593,2860
7.68991,45.93593,2868
7.69034,45.93593,2874
