{"type":"FeatureCollection","features":[{"type":"Feature","geometry":{"type":"LineString","coordinates":[[103.862826,1.271437],[103.862099,1.270934],[103.861763,1.270709],[103.861702,1.270678],[103.861528,1.270614],[103.861198,1.270549],[103.860972,1.270499],[103.860698,1.270479],[103.860281,1.270527],[103.859954,1.27058],[103.859039,1.270937],[103.855946,1.273157],[103.855839,1.27325],[103.85546,1.273714],[103.855263,1.274013],[103.855096,1.274328],[103.854955,1.2747],[103.854854,1.27499],[103.854775,1.275356]]},"properties":{"line":"North South Line","code":"NS","color":"#DF2518","network":"mrt","year":2014,"from":"Marina South Pier","to":"Marina Bay","km":1.164}},{"type":"Feature","geometry":{"type":"LineString","coordinates":[[103.854775,1.275356],[103.854704,1.275686],[103.854298,1.277684],[103.854178,1.278127],[103.854044,1.278458],[103.853749,1.278988],[103.853182,1.279948],[103.852616,1.280864],[103.851969,1.281873],[103.851532,1.283164],[103.851563,1.282886],[103.85161,1.282654],[103.851532,1.283164],[103.851559,1.283493]]},"properties":{"line":"North South Line","code":"NS","color":"#DF2518","network":"mrt","year":1989,"from":"Marina Bay","to":"Raffles Place","km":1.104}},{"type":"Feature","geometry":{"type":"LineString","coordinates":[[103.851559,1.283493],[103.851631,1.284384],[103.851653,1.284638],[103.851704,1.285435],[103.85177,1.286014],[103.851928,1.286682],[103.852337,1.287661],[103.852543,1.288164],[103.853171,1.289281],[103.853418,1.290014],[103.853458,1.290696],[103.85339,1.291167],[103.853227,1.291662],[103.853032,1.292088],[103.85254,1.292901],[103.852496,1.292974]]},"properties":{"line":"North South Line","code":"NS","color":"#DF2518","network":"mrt","year":1987,"from":"Raffles Place","to":"City Hall","km":1.12}},{"type":"Feature","geometry":{"type":"LineString","coordinates":[[103.852496,1.292974],[103.852297,1.293308],[103.851985,1.29372],[103.851794,1.293963],[103.851149,1.29494],[103.850226,1.296333],[103.84968,1.296995],[103.849001,1.29759],[103.848201,1.298063],[103.848189,1.29807],[103.847069,1.298484],[103.846072,1.298816],[103.845377,1.29903]]},"properties":{"line":"North South Line","code":"NS","color":"#DF2518","network":"mrt","year":1987,"from":"City Hall","to":"Dhoby Ghaut","km":1.083}},{"type":"Feature","geometry":{"type":"LineString","coordinates":[[103.845377,1.29903],[103.845348,1.299039],[103.844712,1.299228],[103.840659,1.299985],[103.839133,1.300324]]},"properties":{"line":"North South Line","code":"NS","color":"#DF2518","network":"mrt","year":1987,"from":"Dhoby Ghaut","to":"Somerset","km":0.71}},{"type":"Feature","geometry":{"type":"LineString","coordinates":[[103.839133,1.300324],[103.839026,1.300347],[103.837247,1.300809],[103.836636,1.300869],[103.835596,1.3007],[103.834943,1.300635],[103.834325,1.300722],[103.833772,1.300931],[103.833278,1.301256],[103.83296,1.301566],[103.83263,1.302039],[103.832452,1.302434],[103.832305,1.303086],[103.832296,1.303194]]},"properties":{"line":"North South Line","code":"NS","color":"#DF2518","network":"mrt","year":1987,"from":"Somerset","to":"Orchard","km":0.925}},{"type":"Feature","geometry":{"type":"LineString","coordinates":[[103.832296,1.303194],[103.832245,1.303862],[103.832185,1.304638],[103.83219,1.305158],[103.832345,1.305776],[103.83362,1.308627],[103.834323,1.30968],[103.835272,1.310478],[103.837886,1.312327],[103.838197,1.312537]]},"properties":{"line":"North South Line","code":"NS","color":"#DF2518","network":"mrt","year":1987,"from":"Orchard","to":"Newton","km":1.315}},{"type":"Feature","geometry":{"type":"LineString","coordinates":[[103.838197,1.312537],[103.838579,1.312796],[103.840524,1.314291],[103.841436,1.316621],[103.841886,1.318127],[103.842283,1.318583],[103.843545,1.320067],[103.843908,1.320451],[103.843923,1.320468]]},"properties":{"line":"North South Line","code":"NS","color":"#DF2518","network":"mrt","year":1987,"from":"Newton","to":"Novena","km":1.123}},{"type":"Feature","geometry":{"type":"LineString","coordinates":[[103.843923,1.320468],[103.844449,1.321047],[103.845122,1.321785],[103.84561,1.322413],[103.846069,1.323193],[103.84644,1.324056],[103.846719,1.325062],[103.847202,1.327489],[103.847822,1.329365],[103.848009,1.330135],[103.848009,1.33091],[103.847867,1.331668],[103.847702,1.332365],[103.847619,1.332726]]},"properties":{"line":"North South Line","code":"NS","color":"#DF2518","network":"mrt","year":1987,"from":"Novena","to":"Toa Payoh","km":1.485}},{"type":"Feature","geometry":{"type":"LineString","coordinates":[[103.847619,1.332726],[103.847499,1.33325],[103.847394,1.333789],[103.847081,1.334557],[103.84656,1.335576],[103.84616,1.336639],[103.846111,1.337212],[103.846202,1.337926],[103.846662,1.338998],[103.846765,1.339413],[103.84681,1.340308]]},"properties":{"line":"North South Line","code":"NS","color":"#DF2518","network":"mrt","year":1987,"from":"Toa Payoh","to":"Braddell","km":0.888}},{"type":"Feature","geometry":{"type":"LineString","coordinates":[[103.84681,1.340308],[103.846825,1.3406],[103.846826,1.341197],[103.846885,1.344698],[103.847564,1.348314],[103.847639,1.348661],[103.847776,1.349167],[103.847973,1.349946],[103.848236,1.35107],[103.848254,1.351155]]},"properties":{"line":"North South Line","code":"NS","color":"#DF2518","network":"mrt","year":1987,"from":"Braddell","to":"Bishan","km":1.224}},{"type":"Feature","geometry":{"type":"LineString","coordinates":[[103.848254,1.351155],[103.848316,1.351446],[103.848371,1.351742],[103.84851,1.352378],[103.848826,1.3537],[103.848839,1.353748],[103.848901,1.35392],[103.848961,1.354057],[103.849015,1.354194],[103.849079,1.354326],[103.849456,1.355014],[103.849607,1.355275],[103.849867,1.355741],[103.849996,1.355953],[103.85012,1.356139],[103.850279,1.356355],[103.850453,1.356575],[103.850659,1.35683],[103.850863,1.357072],[103.851056,1.35731],[103.851227,1.357539],[103.851439,1.357848],[103.851625,1.358146],[103.851731,1.358332],[103.85183,1.35852],[103.851979,1.358838],[103.852158,1.359208],[103.852332,1.359576],[103.852509,1.35995],[103.852683,1.360323],[103.852855,1.360685],[103.852974,1.360946],[103.853093,1.361287],[103.853136,1.361449],[103.853183,1.361659],[103.853226,1.36194],[103.853256,1.362241],[103.853259,1.362518],[103.853223,1.362859],[103.853179,1.36311],[103.85313,1.36332],[103.853073,1.363525],[103.853025,1.363659],[103.852972,1.363788],[103.852854,1.364063],[103.852693,1.36436],[103.851113,1.367143],[103.850902,1.367513],[103.850714,1.36784],[103.85061,1.368048],[103.850563,1.368157],[103.850517,1.368261],[103.850393,1.368608],[103.850295,1.368889],[103.850241,1.369029],[103.850167,1.369181],[103.850112,1.369289],[103.849826,1.369794],[103.849637,1.370129],[103.84963,1.370141]]},"properties":{"line":"North South Line","code":"NS","color":"#DF2518","network":"mrt","year":1987,"from":"Bishan","to":"Ang Mo Kio","km":2.349}},{"type":"Feature","geometry":{"type":"LineString","coordinates":[[103.84963,1.370141],[103.849543,1.370295],[103.84905,1.371168],[103.848928,1.3714],[103.848812,1.371643],[103.848758,1.371782],[103.848696,1.371955],[103.848642,1.372132],[103.848585,1.372385],[103.848548,1.3726],[103.848491,1.373066],[103.848401,1.373712],[103.848156,1.37569],[103.847963,1.37725],[103.847898,1.377657],[103.84778,1.378162],[103.847679,1.378454],[103.847565,1.378785],[103.847391,1.379105],[103.846994,1.379699],[103.846615,1.380143],[103.846566,1.380195],[103.845707,1.381099],[103.844991,1.381839],[103.844989,1.381841]]},"properties":{"line":"North South Line","code":"NS","color":"#DF2518","network":"mrt","year":1987,"from":"Ang Mo Kio","to":"Yio Chu Kang","km":1.447}},{"type":"Feature","geometry":{"type":"LineString","coordinates":[[103.844989,1.381841],[103.844291,1.382561],[103.843952,1.382965],[103.843727,1.383326],[103.84358,1.383601],[103.843446,1.383891],[103.843026,1.384941],[103.842477,1.386343],[103.84208,1.387338],[103.84174,1.38821],[103.841532,1.388723],[103.84139,1.389018],[103.841246,1.38928],[103.841049,1.389588],[103.840826,1.389892],[103.840544,1.390227],[103.84023,1.390541],[103.839888,1.390822],[103.839514,1.391086],[103.838118,1.39198],[103.836057,1.393267],[103.831708,1.396017],[103.8312,1.396357],[103.830685,1.39676],[103.830129,1.397282],[103.82987,1.397566],[103.829625,1.397864],[103.829281,1.398311],[103.828946,1.398814],[103.828565,1.399516],[103.828329,1.400072],[103.828027,1.400964],[103.827856,1.401819],[103.827801,1.402294],[103.827779,1.402507],[103.827774,1.402751],[103.827793,1.403398],[103.827795,1.403696],[103.827816,1.404011],[103.827861,1.4044],[103.827935,1.40484],[103.828028,1.405189],[103.828142,1.405543],[103.828254,1.405793],[103.828415,1.406154],[103.828821,1.407067],[103.828917,1.407304],[103.829011,1.407607],[103.829065,1.407848],[103.829111,1.408138],[103.829131,1.408409],[103.829134,1.408723],[103.82914,1.409303],[103.829145,1.409554],[103.829162,1.409768],[103.829192,1.409981],[103.829273,1.410291],[103.82936,1.410551],[103.829477,1.410817],[103.829652,1.411158],[103.829932,1.411587],[103.830274,1.412027],[103.830624,1.412522],[103.830829,1.412861],[103.831168,1.413498],[103.831734,1.414615],[103.832285,1.415706],[103.832483,1.416115],[103.832791,1.416729],[103.833089,1.417325]]},"properties":{"line":"North South Line","code":"NS","color":"#DF2518","network":"mrt","year":1988,"from":"Yio Chu Kang","to":"Khatib","km":4.908}},{"type":"Feature","geometry":{"type":"LineString","coordinates":[[103.833089,1.417325],[103.833095,1.417336],[103.833389,1.417925],[103.833842,1.418856],[103.834052,1.419287],[103.834359,1.419888],[103.834519,1.420287],[103.834612,1.420644],[103.834685,1.420987],[103.83472,1.421342],[103.834762,1.422062],[103.834789,1.42279],[103.834914,1.425258],[103.835037,1.427454],[103.835049,1.427898],[103.835053,1.428316],[103.835078,1.428794],[103.835106,1.429379],[103.835106,1.42938]]},"properties":{"line":"North South Line","code":"NS","color":"#DF2518","network":"mrt","year":1988,"from":"Khatib","to":"Yishun","km":1.382}},{"type":"Feature","geometry":{"type":"LineString","coordinates":[[103.835106,1.42938],[103.835139,1.4301],[103.835153,1.430719],[103.835136,1.431188],[103.835099,1.431559],[103.835049,1.43187],[103.834989,1.432173],[103.834723,1.433383],[103.834539,1.434096],[103.834333,1.434894],[103.834248,1.43523],[103.834141,1.435557],[103.834002,1.435919],[103.833805,1.436319],[103.833215,1.437328],[103.833135,1.437463],[103.832629,1.438374],[103.832,1.439372],[103.830656,1.441543],[103.829634,1.443215]]},"properties":{"line":"North South Line","code":"NS","color":"#DF2518","network":"mrt","year":2019,"from":"Yishun","to":"Canberra","km":1.691}},{"type":"Feature","geometry":{"type":"LineString","coordinates":[[103.829634,1.443215],[103.829608,1.443259],[103.828997,1.444258],[103.828571,1.444957],[103.82816,1.44563],[103.827923,1.446019],[103.827684,1.446373],[103.827359,1.446783],[103.82713,1.447039],[103.826903,1.447268],[103.826138,1.447957],[103.825902,1.448184],[103.82565,1.448405],[103.825323,1.448663],[103.824859,1.448969],[103.824585,1.449111],[103.824297,1.449234],[103.823777,1.449414],[103.823388,1.449508],[103.823021,1.449547],[103.822509,1.449539],[103.822093,1.449517],[103.821807,1.449493],[103.821441,1.449463],[103.821155,1.449418],[103.820749,1.44933],[103.82004,1.449168],[103.820038,1.449167]]},"properties":{"line":"North South Line","code":"NS","color":"#DF2518","network":"mrt","year":2019,"from":"Canberra","to":"Sembawang","km":1.394}},{"type":"Feature","geometry":{"type":"LineString","coordinates":[[103.820038,1.449167],[103.819335,1.449008],[103.819073,1.448944],[103.81848,1.448803],[103.818204,1.448735],[103.815696,1.448136],[103.81297,1.447514],[103.811191,1.447078],[103.810765,1.446946],[103.810392,1.44679],[103.809767,1.446484],[103.809368,1.446256],[103.808973,1.445982],[103.808356,1.44545],[103.807899,1.444913],[103.807556,1.444577],[103.807111,1.444185],[103.806679,1.443774],[103.806312,1.443428],[103.806048,1.443199],[103.805847,1.44304],[103.805473,1.442789],[103.805087,1.442569],[103.804107,1.442091],[103.803085,1.441646],[103.801608,1.440997],[103.800933,1.440694]]},"properties":{"line":"North South Line","code":"NS","color":"#DF2518","network":"mrt","year":1996,"from":"Sembawang","to":"Admiralty","km":2.374}},{"type":"Feature","geometry":{"type":"LineString","coordinates":[[103.800933,1.440694],[103.800928,1.440692],[103.800273,1.440397],[103.798703,1.439702],[103.798343,1.439526],[103.797885,1.439319],[103.797413,1.439169],[103.797081,1.439083],[103.796641,1.439019],[103.796115,1.438983],[103.792336,1.438793],[103.791881,1.438758],[103.791455,1.438703],[103.79104,1.438614],[103.790628,1.438492],[103.790135,1.438318],[103.789548,1.438102],[103.789304,1.438022],[103.789107,1.437965],[103.788539,1.437816],[103.788294,1.43774],[103.788029,1.437655],[103.787501,1.437455],[103.786971,1.437263]]},"properties":{"line":"North South Line","code":"NS","color":"#DF2518","network":"mrt","year":1996,"from":"Admiralty","to":"Woodlands","km":1.618}},{"type":"Feature","geometry":{"type":"LineString","coordinates":[[103.786971,1.437263],[103.786935,1.43725],[103.78641,1.437057],[103.785771,1.436822],[103.785561,1.436742],[103.7845,1.436341],[103.784268,1.436258],[103.784,1.436151],[103.783817,1.436059],[103.783618,1.435951],[103.78342,1.435824],[103.783244,1.435704],[103.783074,1.435574],[103.782925,1.43545],[103.782768,1.435306],[103.782564,1.435113],[103.782319,1.434885],[103.782061,1.434634],[103.781678,1.434268],[103.781607,1.434201],[103.781226,1.433835],[103.781051,1.433674],[103.780874,1.433522],[103.78071,1.433393],[103.780538,1.433274],[103.780351,1.433152],[103.780142,1.43303],[103.779917,1.432923],[103.779692,1.432827],[103.779486,1.432748],[103.77928,1.432682],[103.779079,1.432627],[103.778801,1.432568],[103.778551,1.432528],[103.77829,1.432506],[103.777976,1.432486],[103.776619,1.432492],[103.776141,1.432561],[103.776022,1.43257],[103.7754,1.43262],[103.774869,1.432628],[103.774124,1.432631]]},"properties":{"line":"North South Line","code":"NS","color":"#DF2518","network":"mrt","year":1996,"from":"Woodlands","to":"Marsiling","km":1.588}},{"type":"Feature","geometry":{"type":"LineString","coordinates":[[103.774124,1.432631],[103.77412,1.432631],[103.773369,1.432634],[103.77263,1.432644],[103.772148,1.432597],[103.771668,1.432508],[103.769566,1.432018],[103.769183,1.431895],[103.769021,1.431833],[103.768675,1.431685],[103.768366,1.431515],[103.768169,1.431398],[103.767914,1.431212],[103.767601,1.430945],[103.767344,1.430706],[103.767131,1.430446],[103.766821,1.430019],[103.766283,1.429039],[103.765418,1.427769],[103.765243,1.427589],[103.765065,1.427428],[103.764644,1.427111],[103.764146,1.426769],[103.762559,1.42569],[103.761959,1.425261]]},"properties":{"line":"North South Line","code":"NS","color":"#DF2518","network":"mrt","year":1996,"from":"Marsiling","to":"Kranji","km":1.673}},{"type":"Feature","geometry":{"type":"LineString","coordinates":[[103.761959,1.425261],[103.761954,1.425257],[103.761369,1.42484],[103.76066,1.424365],[103.760329,1.424165],[103.760026,1.424007],[103.759328,1.423731],[103.759134,1.423663],[103.758319,1.423363],[103.757764,1.423224],[103.75697,1.423056],[103.756222,1.422905],[103.754475,1.422538],[103.752088,1.422025],[103.751721,1.421927],[103.751376,1.421798],[103.751103,1.421686],[103.750663,1.421454],[103.750377,1.421271],[103.750116,1.421085],[103.749812,1.420819],[103.749539,1.420546],[103.749284,1.420265],[103.749111,1.420018],[103.748828,1.419571],[103.748612,1.419122],[103.748422,1.418638],[103.748302,1.418168],[103.748214,1.417661],[103.748181,1.417232],[103.74819,1.416761],[103.748243,1.416288],[103.748532,1.414563],[103.748741,1.413402],[103.748915,1.412434],[103.749636,1.408379],[103.749685,1.408073],[103.749724,1.40772],[103.749746,1.407366],[103.749759,1.407054],[103.749761,1.406667],[103.749722,1.406277],[103.749652,1.405813],[103.749557,1.405283],[103.749452,1.404822],[103.74912,1.403549],[103.748704,1.402071],[103.748339,1.400785],[103.748124,1.399991],[103.747978,1.399536],[103.747777,1.399],[103.747536,1.398223],[103.747336,1.397478]]},"properties":{"line":"North South Line","code":"NS","color":"#DF2518","network":"mrt","year":1996,"from":"Kranji","to":"Yew Tee","km":4.159}},{"type":"Feature","geometry":{"type":"LineString","coordinates":[[103.747336,1.397478],[103.747333,1.397468],[103.747157,1.396814],[103.747064,1.396464],[103.746971,1.396091],[103.746868,1.395746],[103.746603,1.395147],[103.746178,1.39447],[103.745606,1.393594],[103.745199,1.392969],[103.744908,1.392489],[103.744653,1.391992],[103.744428,1.391439],[103.744237,1.390781],[103.744164,1.390396],[103.74411,1.389999],[103.744087,1.389591],[103.744084,1.389183],[103.744202,1.387284],[103.744186,1.386636],[103.744212,1.386147],[103.744255,1.385306],[103.744285,1.384736]]},"properties":{"line":"North South Line","code":"NS","color":"#DF2518","network":"mrt","year":1996,"from":"Yew Tee","to":"Choa Chu Kang","km":1.503}},{"type":"Feature","geometry":{"type":"LineString","coordinates":[[103.744285,1.384736],[103.744297,1.384493],[103.744327,1.38379],[103.744323,1.383501],[103.744303,1.383086],[103.744256,1.382693],[103.744197,1.382302],[103.743892,1.380752],[103.743653,1.379332],[103.743567,1.378756],[103.743524,1.378364],[103.743512,1.37812],[103.743515,1.377767],[103.743525,1.377515],[103.74356,1.377172],[103.743607,1.376726],[103.743691,1.376188],[103.743753,1.37591],[103.74387,1.375428],[103.744037,1.374832],[103.744158,1.374481],[103.744351,1.374022],[103.744548,1.37361],[103.744785,1.373179],[103.745122,1.372651],[103.745621,1.371994],[103.745992,1.371581],[103.746564,1.371024],[103.747972,1.369782],[103.748781,1.369047],[103.749422,1.368499],[103.750055,1.367939],[103.750547,1.367482],[103.750928,1.367004],[103.751217,1.366463],[103.751335,1.366117],[103.751432,1.365763],[103.751484,1.365332],[103.751516,1.364886],[103.751572,1.363747],[103.751625,1.361957],[103.75166,1.361107],[103.751717,1.359551],[103.751742,1.35889]]},"properties":{"line":"North South Line","code":"NS","color":"#DF2518","network":"mrt","year":1990,"from":"Choa Chu Kang","to":"Bukit Gombak","km":3.208}},{"type":"Feature","geometry":{"type":"LineString","coordinates":[[103.751742,1.35889],[103.751742,1.358888],[103.751771,1.358156],[103.751796,1.357754],[103.751869,1.356983],[103.751895,1.356378],[103.751952,1.355082],[103.75196,1.354754],[103.751983,1.353687],[103.751969,1.353249],[103.751951,1.353099],[103.751877,1.352707],[103.751832,1.352473],[103.751754,1.352235],[103.751683,1.352061],[103.751543,1.351798],[103.751117,1.351156],[103.751236,1.351318],[103.751347,1.351478],[103.751117,1.351156],[103.750765,1.350687],[103.750566,1.350426],[103.750293,1.350102],[103.750038,1.349774],[103.749915,1.349613],[103.749535,1.349098]]},"properties":{"line":"North South Line","code":"NS","color":"#DF2518","network":"mrt","year":1990,"from":"Bukit Gombak","to":"Bukit Batok","km":1.261}},{"type":"Feature","geometry":{"type":"LineString","coordinates":[[103.749535,1.349098],[103.74953,1.349091],[103.749071,1.348469],[103.748791,1.348092],[103.748544,1.347714],[103.748206,1.347266],[103.747513,1.346305],[103.747037,1.345674],[103.7466,1.345082],[103.745104,1.34313],[103.743841,1.341429],[103.743674,1.341205],[103.743268,1.340661],[103.741986,1.338887],[103.741664,1.338483],[103.741321,1.338046],[103.741231,1.337914],[103.74116,1.337801],[103.741081,1.337666],[103.74101,1.33751],[103.740949,1.337346],[103.740896,1.337186],[103.740848,1.336972],[103.740824,1.33684],[103.740805,1.33666],[103.740796,1.336497],[103.740801,1.336286],[103.740809,1.336105],[103.740833,1.335916],[103.740876,1.335721],[103.740933,1.335535],[103.741002,1.335343],[103.741074,1.335172],[103.741156,1.335025],[103.741293,1.334779],[103.741729,1.333997],[103.742232,1.333074]]},"properties":{"line":"North South Line","code":"NS","color":"#DF2518","network":"mrt","year":1990,"from":"Bukit Batok","to":"Jurong East","km":2.137}},{"type":"Feature","geometry":{"type":"LineString","coordinates":[[103.948885,1.371477],[103.948861,1.371403],[103.948688,1.370737],[103.948283,1.36926],[103.948154,1.368735],[103.948008,1.368206],[103.947768,1.367558],[103.947384,1.366694],[103.946965,1.365914],[103.946474,1.365086],[103.946047,1.364386],[103.94581,1.363956],[103.945547,1.363404],[103.945296,1.362856],[103.945106,1.362323],[103.944648,1.361005],[103.943955,1.358708],[103.943756,1.358123],[103.943604,1.357528],[103.94355,1.35725],[103.943527,1.356949],[103.943524,1.35665],[103.943524,1.356571],[103.943553,1.356181],[103.943574,1.35608],[103.943669,1.355619],[103.943821,1.355266],[103.944023,1.354863],[103.944227,1.354567],[103.944336,1.354432]]},"properties":{"line":"East West Line","code":"EW","color":"#009D57","network":"mrt","year":1989,"from":"Pasir Ris","to":"Tampines","km":2.035}},{"type":"Feature","geometry":{"type":"LineString","coordinates":[[103.944336,1.354432],[103.944499,1.354228],[103.944757,1.353927],[103.945592,1.352881],[103.945865,1.35254],[103.946231,1.352033],[103.946524,1.351686],[103.950778,1.346469],[103.95194,1.345043],[103.952169,1.34475],[103.952416,1.344469],[103.952861,1.34394],[103.953439,1.343244]]},"properties":{"line":"East West Line","code":"EW","color":"#009D57","network":"mrt","year":1989,"from":"Tampines","to":"Simei","km":1.606}},{"type":"Feature","geometry":{"type":"LineString","coordinates":[[103.953439,1.343244],[103.95345,1.343231],[103.953901,1.342689],[103.95426,1.342207],[103.954544,1.341843],[103.954797,1.341544],[103.955097,1.34116],[103.955372,1.340782],[103.955629,1.3403],[103.955834,1.339845],[103.955994,1.339359],[103.956156,1.338648],[103.956182,1.338535],[103.956301,1.338046],[103.95645,1.337298],[103.956537,1.337023],[103.956613,1.336602],[103.956656,1.335924],[103.956646,1.335597],[103.9566,1.335097],[103.956536,1.33472],[103.956427,1.334241],[103.956316,1.333854],[103.956209,1.333485],[103.956064,1.333039],[103.955853,1.332528],[103.955642,1.332158],[103.955377,1.331778],[103.955071,1.331422],[103.954715,1.331068],[103.954369,1.330732],[103.954014,1.330438],[103.953786,1.330272],[103.953507,1.330101],[103.953268,1.329976],[103.952925,1.329826],[103.952508,1.32967],[103.952069,1.329492],[103.951695,1.329331],[103.951256,1.329095],[103.950483,1.328659],[103.950195,1.328517],[103.949958,1.328411],[103.94975,1.328317],[103.948676,1.327879],[103.948312,1.32775],[103.947985,1.327652],[103.947596,1.327501],[103.947207,1.327365],[103.946553,1.327126],[103.946511,1.327111]]},"properties":{"line":"East West Line","code":"EW","color":"#009D57","network":"mrt","year":1989,"from":"Simei","to":"Tanah Merah","km":2.531}},{"type":"Feature","geometry":{"type":"LineString","coordinates":[[103.946511,1.327111],[103.945771,1.326841],[103.945213,1.326659],[103.944243,1.326371],[103.942549,1.325807],[103.941632,1.325516],[103.940591,1.325278],[103.93732,1.324829],[103.935815,1.324623],[103.932947,1.324275],[103.932576,1.32423],[103.931966,1.324157],[103.931564,1.324109],[103.930907,1.324031],[103.930222,1.323934]]},"properties":{"line":"East West Line","code":"EW","color":"#009D57","network":"mrt","year":1989,"from":"Tanah Merah","to":"Bedok","km":1.854}},{"type":"Feature","geometry":{"type":"LineString","coordinates":[[103.930222,1.323934],[103.930216,1.323934],[103.929528,1.323837],[103.928789,1.323725],[103.927951,1.323594],[103.927466,1.323502],[103.926642,1.323382],[103.92525,1.323142],[103.924607,1.323015],[103.924031,1.322872],[103.923207,1.322621],[103.921007,1.321875],[103.919555,1.321358],[103.919105,1.321284],[103.918659,1.321241],[103.918051,1.32128],[103.917325,1.32135],[103.91661,1.321454],[103.915954,1.321463],[103.91538,1.321435],[103.914477,1.321274],[103.913686,1.321112],[103.912944,1.320951]]},"properties":{"line":"East West Line","code":"EW","color":"#009D57","network":"mrt","year":1989,"from":"Bedok","to":"Kembangan","km":1.969}},{"type":"Feature","geometry":{"type":"LineString","coordinates":[[103.912944,1.320951],[103.912943,1.320951],[103.912213,1.320793],[103.911517,1.320649],[103.910827,1.320494],[103.910028,1.320328],[103.909117,1.320132],[103.908174,1.319929],[103.907787,1.319864],[103.907444,1.31984],[103.907019,1.319837],[103.906392,1.319921],[103.905326,1.320001],[103.904329,1.319893],[103.903585,1.319792],[103.902902,1.319704]]},"properties":{"line":"East West Line","code":"EW","color":"#009D57","network":"mrt","year":1989,"from":"Kembangan","to":"Eunos","km":1.133}},{"type":"Feature","geometry":{"type":"LineString","coordinates":[[103.902902,1.319704],[103.902901,1.319704],[103.90218,1.319611],[103.901476,1.319516],[103.900888,1.319419],[103.900328,1.319307],[103.898003,1.318851],[103.896207,1.318496],[103.895755,1.318398],[103.894989,1.318291],[103.894098,1.318183],[103.893498,1.318109],[103.893287,1.318083],[103.893034,1.318053],[103.892596,1.317999]]},"properties":{"line":"East West Line","code":"EW","color":"#009D57","network":"mrt","year":1989,"from":"Eunos","to":"Paya Lebar","km":1.163}},{"type":"Feature","geometry":{"type":"LineString","coordinates":[[103.892596,1.317999],[103.892203,1.317951],[103.891385,1.31788],[103.890614,1.317792],[103.886994,1.317152],[103.884904,1.316765],[103.884335,1.31663],[103.883778,1.316515],[103.883633,1.31649],[103.882926,1.316367],[103.882924,1.316367]]},"properties":{"line":"East West Line","code":"EW","color":"#009D57","network":"mrt","year":1989,"from":"Paya Lebar","to":"Aljunied","km":1.092}},{"type":"Feature","geometry":{"type":"LineString","coordinates":[[103.882924,1.316367],[103.88228,1.316253],[103.88174,1.316159],[103.88144,1.31612],[103.880861,1.316045],[103.879545,1.315816],[103.878428,1.315612],[103.878088,1.315535],[103.877801,1.315449],[103.877547,1.315357],[103.877303,1.315249],[103.877023,1.315097],[103.876737,1.314926],[103.876214,1.314572],[103.875646,1.314189],[103.874782,1.313586],[103.874198,1.31318],[103.873863,1.312962],[103.873321,1.312618],[103.872487,1.312102],[103.871951,1.311759],[103.871379,1.311409],[103.871378,1.311408]]},"properties":{"line":"East West Line","code":"EW","color":"#009D57","network":"mrt","year":1989,"from":"Aljunied","to":"Kallang","km":1.426}},{"type":"Feature","geometry":{"type":"LineString","coordinates":[[103.871378,1.311408],[103.870808,1.311036],[103.870539,1.310875],[103.870278,1.31073],[103.869967,1.310583],[103.869691,1.310481],[103.869426,1.3104],[103.869111,1.310319],[103.868737,1.310218],[103.868014,1.310032],[103.867064,1.309784],[103.86641,1.309609],[103.865799,1.309456],[103.865283,1.309275],[103.86484,1.309072],[103.864395,1.308828],[103.864001,1.30853],[103.863083,1.307643],[103.862802,1.307368],[103.862784,1.307351]]},"properties":{"line":"East West Line","code":"EW","color":"#009D57","network":"mrt","year":1989,"from":"Kallang","to":"Lavender","km":1.078}},{"type":"Feature","geometry":{"type":"LineString","coordinates":[[103.862784,1.307351],[103.862484,1.307057],[103.860831,1.305549],[103.860376,1.305164],[103.859155,1.304158],[103.858377,1.30344],[103.857745,1.30279],[103.856044,1.300827],[103.855706,1.300425]]},"properties":{"line":"East West Line","code":"EW","color":"#009D57","network":"mrt","year":1989,"from":"Lavender","to":"Bugis","km":1.105}},{"type":"Feature","geometry":{"type":"LineString","coordinates":[[103.855706,1.300425],[103.85207,1.296105],[103.851885,1.295488],[103.851838,1.294869],[103.85197,1.294188],[103.852118,1.293816],[103.852154,1.293747],[103.852367,1.293443],[103.852654,1.293076]]},"properties":{"line":"East West Line","code":"EW","color":"#009D57","network":"mrt","year":1989,"from":"Bugis","to":"City Hall","km":0.993}},{"type":"Feature","geometry":{"type":"LineString","coordinates":[[103.852654,1.293076],[103.852733,1.292976],[103.853146,1.292253],[103.8533,1.291993],[103.85342,1.291732],[103.853604,1.291165],[103.85363,1.29045],[103.853599,1.289969],[103.853296,1.289187],[103.852362,1.288001],[103.851787,1.286665],[103.851662,1.286066],[103.851579,1.285439],[103.851524,1.284635],[103.851501,1.284391],[103.851427,1.283505]]},"properties":{"line":"East West Line","code":"EW","color":"#009D57","network":"mrt","year":1987,"from":"City Hall","to":"Raffles Place","km":1.15}},{"type":"Feature","geometry":{"type":"LineString","coordinates":[[103.851427,1.283505],[103.851401,1.283191],[103.851356,1.28291],[103.851288,1.282678],[103.851067,1.282238],[103.850808,1.281822],[103.849747,1.280391],[103.848045,1.277525],[103.847734,1.277187],[103.84748,1.276965],[103.847203,1.276803],[103.846887,1.276655],[103.846406,1.276528],[103.845785,1.276463],[103.845728,1.276457]]},"properties":{"line":"East West Line","code":"EW","color":"#009D57","network":"mrt","year":1987,"from":"Raffles Place","to":"Tanjong Pagar","km":1.067}},{"type":"Feature","geometry":{"type":"LineString","coordinates":[[103.845728,1.276457],[103.844804,1.276359],[103.8441,1.276323],[103.843662,1.276381],[103.843218,1.276535],[103.842798,1.276774],[103.842366,1.277135],[103.841963,1.27764],[103.841223,1.279338],[103.840834,1.279988],[103.840583,1.280267],[103.840401,1.280468],[103.840192,1.280617]]},"properties":{"line":"East West Line","code":"EW","color":"#009D57","network":"mrt","year":1987,"from":"Tanjong Pagar","to":"Outram Park","km":0.863}},{"type":"Feature","geometry":{"type":"LineString","coordinates":[[103.840192,1.280617],[103.839822,1.280883],[103.839295,1.281234],[103.838398,1.281818],[103.838135,1.281996],[103.836423,1.283118],[103.835804,1.283526],[103.835199,1.28392],[103.834937,1.284088],[103.834714,1.284257],[103.834433,1.284522],[103.833826,1.285229],[103.83353,1.28547],[103.83316,1.285728],[103.83287,1.285857],[103.832549,1.285957],[103.832251,1.285981],[103.831937,1.285971],[103.829493,1.285825],[103.828397,1.285862],[103.827165,1.286083],[103.826956,1.286133]]},"properties":{"line":"East West Line","code":"EW","color":"#009D57","network":"mrt","year":1988,"from":"Outram Park","to":"Tiong Bahru","km":1.67}},{"type":"Feature","geometry":{"type":"LineString","coordinates":[[103.826956,1.286133],[103.825863,1.286395],[103.8252,1.286606],[103.824567,1.286957],[103.822983,1.288193],[103.82237,1.288509],[103.822041,1.288591],[103.821661,1.288656],[103.821055,1.288691],[103.820481,1.288728],[103.81997,1.28875],[103.819721,1.288757],[103.81958,1.288762],[103.81901,1.288783],[103.818731,1.288806],[103.818353,1.288875],[103.81798,1.288977],[103.817717,1.289095],[103.817357,1.289269],[103.81674,1.289586],[103.816736,1.289588]]},"properties":{"line":"East West Line","code":"EW","color":"#009D57","network":"mrt","year":1988,"from":"Tiong Bahru","to":"Redhill","km":1.231}},{"type":"Feature","geometry":{"type":"LineString","coordinates":[[103.816736,1.289588],[103.81605,1.289951],[103.815505,1.290207],[103.814899,1.290385],[103.810499,1.290992],[103.810064,1.291083],[103.809875,1.291136],[103.809607,1.291233],[103.809387,1.291304],[103.809182,1.291382],[103.808952,1.291491],[103.808669,1.291657],[103.808391,1.291901],[103.807448,1.292738],[103.807033,1.29312],[103.806817,1.293347],[103.806613,1.293602],[103.806321,1.294021],[103.805969,1.29458]]},"properties":{"line":"East West Line","code":"EW","color":"#009D57","network":"mrt","year":1988,"from":"Redhill","to":"Queenstown","km":1.382}},{"type":"Feature","geometry":{"type":"LineString","coordinates":[[103.805969,1.29458],[103.805964,1.294587],[103.805614,1.295141],[103.805432,1.295423],[103.805355,1.295573],[103.80495,1.296323],[103.80459,1.296793],[103.804302,1.297091],[103.803487,1.297814],[103.801545,1.29952],[103.800992,1.300035],[103.799876,1.301022],[103.799473,1.301368],[103.799102,1.301668],[103.799056,1.301706],[103.798754,1.301955],[103.798266,1.302386],[103.798262,1.30239]]},"properties":{"line":"East West Line","code":"EW","color":"#009D57","network":"mrt","year":1988,"from":"Queenstown","to":"Commonwealth","km":1.231}},{"type":"Feature","geometry":{"type":"LineString","coordinates":[[103.798262,1.30239],[103.797735,1.302855],[103.797492,1.30306],[103.79724,1.303327],[103.797016,1.303539],[103.796299,1.304181],[103.794701,1.305611],[103.794305,1.30597],[103.794057,1.30617],[103.793807,1.306361],[103.793594,1.3065],[103.793253,1.306669],[103.792767,1.306849],[103.792372,1.306943],[103.791978,1.306996],[103.791394,1.307061],[103.790707,1.307118],[103.790398,1.307149]]},"properties":{"line":"East West Line","code":"EW","color":"#009D57","network":"mrt","year":1988,"from":"Commonwealth","to":"Buona Vista","km":1.059}},{"type":"Feature","geometry":{"type":"LineString","coordinates":[[103.790398,1.307149],[103.789854,1.307203],[103.789331,1.307256],[103.788799,1.30733],[103.788302,1.307425],[103.787834,1.307503],[103.7876,1.307525],[103.786173,1.307665],[103.785528,1.307778],[103.78431,1.307968],[103.784028,1.308086],[103.783746,1.308224],[103.783437,1.308409],[103.783048,1.308648],[103.779408,1.310896],[103.7786,1.311395],[103.778599,1.311396]]},"properties":{"line":"East West Line","code":"EW","color":"#009D57","network":"mrt","year":2001,"from":"Buona Vista","to":"Dover","km":1.426}},{"type":"Feature","geometry":{"type":"LineString","coordinates":[[103.778599,1.311396],[103.777979,1.311781],[103.777609,1.311991],[103.777233,1.312183],[103.7768,1.312344],[103.776302,1.312454],[103.775763,1.312498],[103.774975,1.312426],[103.773996,1.312316],[103.772594,1.312136],[103.770077,1.311882],[103.769271,1.311805],[103.768976,1.311809],[103.768692,1.311833],[103.768455,1.311865],[103.768219,1.31192],[103.767975,1.311985],[103.767647,1.312113],[103.767331,1.31225],[103.766989,1.312477],[103.766527,1.312862],[103.766133,1.313295],[103.765806,1.313734],[103.765523,1.314233],[103.765155,1.315068],[103.764869,1.315718],[103.764854,1.31576]]},"properties":{"line":"East West Line","code":"EW","color":"#009D57","network":"mrt","year":2001,"from":"Dover","to":"Clementi","km":1.783}},{"type":"Feature","geometry":{"type":"LineString","coordinates":[[103.764854,1.31576],[103.764603,1.316465],[103.764398,1.316953],[103.764034,1.317512],[103.763243,1.318687],[103.762466,1.319843],[103.761846,1.320774],[103.761557,1.321211],[103.761378,1.321521],[103.761256,1.321759],[103.761103,1.322078],[103.760786,1.322767],[103.760629,1.323109],[103.760427,1.323554],[103.760008,1.324497],[103.759773,1.324971],[103.759654,1.325174],[103.759442,1.325489],[103.759097,1.32587],[103.758987,1.325967],[103.758872,1.326058],[103.758751,1.326141],[103.758624,1.326216],[103.758189,1.326442],[103.757795,1.326596],[103.757511,1.326686],[103.755466,1.327122],[103.754935,1.327241],[103.754351,1.327412],[103.753752,1.327567],[103.753325,1.327701],[103.752355,1.328082],[103.751893,1.328179],[103.751401,1.328251],[103.75092,1.328274],[103.749933,1.328234],[103.74945,1.328274],[103.748811,1.328401],[103.748357,1.328576],[103.74774,1.328878],[103.747318,1.329086],[103.74648,1.329515],[103.746121,1.329698],[103.745898,1.329812],[103.74553,1.329995],[103.745369,1.330075],[103.74464,1.330438],[103.744239,1.330637],[103.743993,1.330767],[103.743788,1.330885],[103.743626,1.330999],[103.743464,1.331128],[103.743291,1.331275],[103.7431,1.33146],[103.74297,1.331602],[103.742834,1.331775],[103.742711,1.331956],[103.742502,1.332326],[103.742117,1.333004],[103.742116,1.333007]]},"properties":{"line":"East West Line","code":"EW","color":"#009D57","network":"mrt","year":1988,"from":"Clementi","to":"Jurong East","km":3.423}},{"type":"Feature","geometry":{"type":"LineString","coordinates":[[103.742116,1.333007],[103.741765,1.333624],[103.741631,1.333881],[103.741298,1.334449],[103.740792,1.335417],[103.740389,1.336157],[103.740334,1.336251],[103.740275,1.336343],[103.740213,1.336433],[103.740151,1.336516],[103.740023,1.336682],[103.739944,1.336776],[103.739897,1.336826],[103.739848,1.336873],[103.739757,1.336953],[103.73921,1.337393],[103.73835,1.338072],[103.737515,1.338734],[103.736346,1.339598],[103.735446,1.340279],[103.734212,1.341174],[103.733272,1.341767],[103.732591,1.342296],[103.732506,1.342355]]},"properties":{"line":"East West Line","code":"EW","color":"#009D57","network":"mrt","year":1988,"from":"Jurong East","to":"Chinese Garden","km":1.521}},{"type":"Feature","geometry":{"type":"LineString","coordinates":[[103.732506,1.342355],[103.732499,1.342361],[103.731968,1.342745],[103.731858,1.342825],[103.731324,1.343214],[103.730791,1.343522],[103.730202,1.343811],[103.729811,1.343924],[103.729367,1.344011],[103.728922,1.344059],[103.727529,1.344072],[103.727206,1.34408],[103.726955,1.344105],[103.726774,1.344133],[103.726597,1.344174],[103.725048,1.34458],[103.724614,1.344684],[103.724315,1.344729],[103.723862,1.344777],[103.723345,1.344772],[103.722834,1.344705],[103.722397,1.344603],[103.72144,1.344359],[103.720711,1.344178]]},"properties":{"line":"East West Line","code":"EW","color":"#009D57","network":"mrt","year":1988,"from":"Chinese Garden","to":"Lakeside","km":1.38}},{"type":"Feature","geometry":{"type":"LineString","coordinates":[[103.720711,1.344178],[103.72071,1.344178],[103.719534,1.343884],[103.718779,1.34368],[103.717405,1.343226],[103.715849,1.342612],[103.710561,1.340688],[103.709947,1.340423],[103.707908,1.339411],[103.707315,1.339088],[103.706693,1.338803],[103.705844,1.338479],[103.70584,1.338477]]},"properties":{"line":"East West Line","code":"EW","color":"#009D57","network":"mrt","year":1990,"from":"Lakeside","to":"Boon Lay","km":1.776}},{"type":"Feature","geometry":{"type":"LineString","coordinates":[[103.70584,1.338477],[103.705106,1.338198],[103.703968,1.337842],[103.703311,1.337676],[103.702721,1.337591],[103.701756,1.337572],[103.699656,1.337565],[103.698371,1.337517],[103.697413,1.337516],[103.69741,1.337516]]},"properties":{"line":"East West Line","code":"EW","color":"#009D57","network":"mrt","year":2009,"from":"Boon Lay","to":"Pioneer","km":0.953}},{"type":"Feature","geometry":{"type":"LineString","coordinates":[[103.69741,1.337516],[103.696811,1.337515],[103.696161,1.337514],[103.695454,1.337487],[103.694506,1.337324],[103.69397,1.337184],[103.693719,1.337085],[103.69345,1.33696],[103.693109,1.33675],[103.692903,1.336598],[103.692679,1.336403],[103.692315,1.336032],[103.692031,1.335687],[103.691502,1.335056],[103.691062,1.334519],[103.689008,1.331808],[103.688837,1.331567],[103.688686,1.331314],[103.688554,1.331087],[103.688443,1.330837],[103.688199,1.330071],[103.688009,1.329563],[103.687773,1.329133],[103.687519,1.328802],[103.687255,1.328542],[103.686927,1.328285],[103.686624,1.328106],[103.686426,1.328005],[103.686223,1.327921],[103.686014,1.327854],[103.685792,1.327796],[103.685565,1.327756],[103.685391,1.327738],[103.685217,1.327728],[103.684549,1.327728],[103.682881,1.327727],[103.682032,1.327728],[103.681482,1.327729],[103.68091,1.327729],[103.680281,1.327723],[103.679967,1.327704],[103.679655,1.327686],[103.679357,1.327677],[103.678956,1.327677],[103.678246,1.327675],[103.678222,1.327675]]},"properties":{"line":"East West Line","code":"EW","color":"#009D57","network":"mrt","year":2009,"from":"Pioneer","to":"Joo Koon","km":2.656}},{"type":"Feature","geometry":{"type":"LineString","coordinates":[[103.678222,1.327675],[103.677597,1.327676],[103.677497,1.327674],[103.67699,1.327682],[103.676618,1.327696],[103.676289,1.327696],[103.675886,1.327685],[103.675236,1.327639],[103.673306,1.327499],[103.673037,1.327476],[103.672711,1.327439],[103.672422,1.327415],[103.67195,1.327377],[103.670773,1.327293],[103.669818,1.327224],[103.668445,1.327123],[103.668147,1.327102],[103.667774,1.327076],[103.667402,1.327036],[103.667118,1.326986],[103.666869,1.326916],[103.66662,1.326825],[103.666378,1.326716],[103.666168,1.326591],[103.665975,1.326463],[103.665831,1.326348],[103.665683,1.32622],[103.665516,1.326059],[103.665403,1.325925],[103.665009,1.325372],[103.664456,1.324508],[103.663908,1.323707],[103.663468,1.323048],[103.663056,1.322482],[103.662222,1.321406],[103.662055,1.321205],[103.661883,1.321015],[103.661271,1.32037],[103.66061,1.319677]]},"properties":{"line":"East West Line","code":"EW","color":"#009D57","network":"mrt","year":2017,"from":"Joo Koon","to":"Gul Circle","km":2.346}},{"type":"Feature","geometry":{"type":"LineString","coordinates":[[103.66061,1.319677],[103.660586,1.319651],[103.659914,1.318948],[103.659097,1.31809],[103.658002,1.316948],[103.657766,1.316714],[103.657531,1.316536],[103.65735,1.316411],[103.657106,1.316278],[103.65684,1.316159],[103.656616,1.316077],[103.656326,1.316004],[103.656086,1.315962],[103.655833,1.31594],[103.655625,1.315935],[103.655343,1.315953],[103.655056,1.315995],[103.654802,1.316056],[103.654488,1.316169],[103.654274,1.316261],[103.653958,1.316443],[103.653685,1.316644],[103.653476,1.316823],[103.651861,1.318353],[103.65048,1.319668],[103.649963,1.320111],[103.649705,1.320333],[103.648856,1.321103]]},"properties":{"line":"East West Line","code":"EW","color":"#009D57","network":"mrt","year":2017,"from":"Gul Circle","to":"Tuas Crescent","km":1.682}},{"type":"Feature","geometry":{"type":"LineString","coordinates":[[103.648856,1.321103],[103.64885,1.321108],[103.648207,1.321716],[103.647983,1.321943],[103.647449,1.322492],[103.647154,1.322777],[103.646221,1.323708],[103.642449,1.32729],[103.641166,1.328507],[103.640598,1.328988],[103.640206,1.329342],[103.639519,1.33]]},"properties":{"line":"East West Line","code":"EW","color":"#009D57","network":"mrt","year":2017,"from":"Tuas Crescent","to":"Tuas West Road","km":1.436}},{"type":"Feature","geometry":{"type":"LineString","coordinates":[[103.639519,1.33],[103.639512,1.330008],[103.638924,1.330571],[103.637796,1.331637],[103.637429,1.331955],[103.637007,1.332368],[103.636107,1.333178],[103.63596,1.333334],[103.635796,1.333533],[103.635665,1.333724],[103.635562,1.333897],[103.635437,1.334142],[103.635365,1.334328],[103.63529,1.334551],[103.63524,1.334758],[103.635198,1.334993],[103.635176,1.335184],[103.635168,1.335389],[103.635173,1.335583],[103.63519,1.335796],[103.635223,1.336029],[103.635268,1.336234],[103.635325,1.336413],[103.635407,1.336665],[103.635582,1.33716],[103.63631,1.339205],[103.636375,1.339367],[103.636708,1.340316]]},"properties":{"line":"East West Line","code":"EW","color":"#009D57","network":"mrt","year":2017,"from":"Tuas West Road","to":"Tuas Link","km":1.37}},{"type":"Feature","geometry":{"type":"LineString","coordinates":[[103.946468,1.327228],[103.946509,1.327243],[103.947232,1.327511],[103.947607,1.32765],[103.948263,1.327881],[103.949608,1.328376],[103.949992,1.328528],[103.950321,1.328682],[103.950602,1.328836],[103.950922,1.329018],[103.951241,1.329198],[103.951448,1.329313],[103.95164,1.32942],[103.951916,1.329594],[103.952134,1.329749],[103.952472,1.330017],[103.952732,1.330194],[103.953018,1.330373],[103.953242,1.330491],[103.953543,1.330631],[103.953868,1.330761],[103.954159,1.330846],[103.954553,1.330941],[103.954972,1.331041],[103.955372,1.331139],[103.95591,1.331268],[103.956283,1.331359],[103.956756,1.331468],[103.957186,1.331574],[103.957717,1.331706],[103.958228,1.331832],[103.958547,1.331924],[103.958866,1.332036],[103.959131,1.332156],[103.959409,1.3323],[103.959672,1.332461],[103.959928,1.332651],[103.960138,1.332822],[103.96038,1.333049],[103.960639,1.333334],[103.960885,1.333694],[103.960967,1.33381],[103.961053,1.333936],[103.961661,1.334862],[103.961938,1.335302],[103.962031,1.335456]]},"properties":{"line":"Changi Airport Branch","code":"CG","color":"#009D57","network":"mrt","year":2002,"from":"Tanah Merah","to":"Expo","km":2.021}},{"type":"Feature","geometry":{"type":"LineString","coordinates":[[103.962031,1.335456],[103.962085,1.335544],[103.962936,1.33692],[103.964265,1.339004],[103.964504,1.339376],[103.964543,1.339441],[103.965203,1.340477],[103.965665,1.340995],[103.966102,1.341361],[103.966465,1.341578],[103.966821,1.341748],[103.967276,1.341902],[103.969625,1.342452],[103.970079,1.342588],[103.970578,1.342807],[103.970964,1.343028],[103.971323,1.343281],[103.971711,1.343632],[103.972016,1.343976],[103.972325,1.344414],[103.972597,1.34488],[103.974025,1.34831],[103.975855,1.352588],[103.977432,1.356353],[103.977783,1.356963],[103.978251,1.357625],[103.9788,1.358139],[103.97924,1.358504],[103.979981,1.358948],[103.980804,1.359247],[103.981493,1.35944],[103.982045,1.359509],[103.982575,1.359527],[103.983214,1.359475],[103.98398,1.359263],[103.98502,1.358839],[103.985203,1.35877],[103.985624,1.35861],[103.988476,1.357436]]},"properties":{"line":"Changi Airport Branch","code":"CG","color":"#009D57","network":"mrt","year":2002,"from":"Expo","to":"Changi Airport","km":4.452}},{"type":"Feature","geometry":{"type":"LineString","coordinates":[[103.821545,1.265513],[103.822672,1.265567],[103.823815,1.265668],[103.824254,1.265761],[103.824703,1.265911],[103.825135,1.266034],[103.825685,1.266307],[103.826323,1.266819],[103.827369,1.267847],[103.828214,1.268955],[103.828954,1.269681],[103.830135,1.270859],[103.831784,1.272544],[103.83313,1.274111],[103.834917,1.276048],[103.835317,1.276472],[103.835717,1.276837],[103.836139,1.277134],[103.836977,1.277643],[103.837424,1.277922],[103.837663,1.278108],[103.838179,1.278584],[103.838691,1.279035],[103.83907,1.279366],[103.839663,1.279983],[103.840312,1.280599],[103.84032,1.280607]]},"properties":{"line":"North East Line","code":"NE","color":"#851197","network":"mrt","year":2003,"from":"HarbourFront","to":"Outram Park","km":2.761}},{"type":"Feature","geometry":{"type":"LineString","coordinates":[[103.84032,1.280607],[103.840675,1.280968],[103.841074,1.281454],[103.841598,1.282207],[103.842009,1.282718],[103.84248,1.283278],[103.843524,1.284514],[103.843856,1.284917]]},"properties":{"line":"North East Line","code":"NE","color":"#851197","network":"mrt","year":2003,"from":"Outram Park","to":"Chinatown","km":0.621}},{"type":"Feature","geometry":{"type":"LineString","coordinates":[[103.843856,1.284917],[103.844366,1.285536],[103.844916,1.286088],[103.845321,1.286416],[103.845838,1.286978],[103.846411,1.287881],[103.846541,1.288279]]},"properties":{"line":"North East Line","code":"NE","color":"#851197","network":"mrt","year":2003,"from":"Chinatown","to":"Clarke Quay","km":0.485}},{"type":"Feature","geometry":{"type":"LineString","coordinates":[[103.846541,1.288279],[103.846698,1.288758],[103.84692,1.289764],[103.847054,1.290585],[103.847029,1.291179],[103.84693,1.291778],[103.846602,1.292523],[103.844661,1.295778],[103.844533,1.296088],[103.844426,1.296486],[103.844382,1.296747],[103.844355,1.297582],[103.84439,1.297888],[103.844439,1.298148],[103.844546,1.298493],[103.844653,1.298763],[103.844831,1.299132],[103.845211,1.299798]]},"properties":{"line":"North East Line","code":"NE","color":"#851197","network":"mrt","year":2003,"from":"Clarke Quay","to":"Dhoby Ghaut","km":1.383}},{"type":"Feature","geometry":{"type":"LineString","coordinates":[[103.845211,1.299798],[103.845364,1.300066],[103.845819,1.300936],[103.846366,1.301948],[103.847179,1.303425],[103.847809,1.304529],[103.848109,1.305056],[103.848375,1.305427],[103.84872,1.305873],[103.84937,1.306667],[103.8494,1.306706]]},"properties":{"line":"North East Line","code":"NE","color":"#851197","network":"mrt","year":2003,"from":"Dhoby Ghaut","to":"Little India","km":0.902}},{"type":"Feature","geometry":{"type":"LineString","coordinates":[[103.8494,1.306706],[103.850526,1.308179],[103.851069,1.308901],[103.851892,1.309956],[103.852575,1.310844],[103.853089,1.31147],[103.853372,1.31173],[103.85417,1.312494],[103.854253,1.312575]]},"properties":{"line":"North East Line","code":"NE","color":"#851197","network":"mrt","year":2003,"from":"Little India","to":"Farrer Park","km":0.849}},{"type":"Feature","geometry":{"type":"LineString","coordinates":[[103.854253,1.312575],[103.855039,1.313344],[103.855555,1.313819],[103.856254,1.314435],[103.856833,1.31499],[103.857514,1.315649],[103.857893,1.315961],[103.858585,1.316386],[103.85903,1.316707],[103.859297,1.316946],[103.859682,1.317334],[103.860595,1.318255],[103.860761,1.318435],[103.861435,1.319234]]},"properties":{"line":"North East Line","code":"NE","color":"#851197","network":"mrt","year":2003,"from":"Farrer Park","to":"Boon Keng","km":1.094}},{"type":"Feature","geometry":{"type":"LineString","coordinates":[[103.861435,1.319234],[103.861702,1.31955],[103.862452,1.320452],[103.863478,1.32179],[103.86384,1.322371],[103.864223,1.322899],[103.865182,1.324165],[103.865638,1.324645],[103.866237,1.325162],[103.866641,1.325575],[103.86698,1.325982],[103.867721,1.326892],[103.867933,1.327271],[103.868188,1.327851],[103.868561,1.329192],[103.868821,1.330235],[103.869086,1.331318],[103.869109,1.331416]]},"properties":{"line":"North East Line","code":"NE","color":"#851197","network":"mrt","year":2003,"from":"Boon Keng","to":"Potong Pasir","km":1.634}},{"type":"Feature","geometry":{"type":"LineString","coordinates":[[103.869109,1.331416],[103.869561,1.333335],[103.86972,1.334067],[103.87011,1.335368],[103.870218,1.335748],[103.870522,1.336971],[103.870609,1.337561],[103.870671,1.33821],[103.870683,1.339203]]},"properties":{"line":"North East Line","code":"NE","color":"#851197","network":"mrt","year":2011,"from":"Potong Pasir","to":"Woodleigh","km":0.888}},{"type":"Feature","geometry":{"type":"LineString","coordinates":[[103.870683,1.339203],[103.870684,1.339298],[103.870694,1.340146],[103.870692,1.340555],[103.870647,1.341498],[103.870604,1.342326],[103.870559,1.343409],[103.870591,1.343961],[103.870677,1.344466],[103.870846,1.345014],[103.871036,1.345472],[103.871441,1.346339],[103.871844,1.347204],[103.87219,1.347879],[103.872385,1.3482],[103.87261,1.348518],[103.872868,1.348846],[103.873262,1.349318]]},"properties":{"line":"North East Line","code":"NE","color":"#851197","network":"mrt","year":2011,"from":"Woodleigh","to":"Serangoon","km":1.203}},{"type":"Feature","geometry":{"type":"LineString","coordinates":[[103.873262,1.349318],[103.873669,1.349805],[103.873886,1.350065],[103.874089,1.350301],[103.874451,1.350663],[103.875874,1.352013],[103.87736,1.353382],[103.878034,1.353988],[103.879108,1.354855],[103.880388,1.355888],[103.881022,1.356469],[103.881611,1.357004],[103.882341,1.357672],[103.882946,1.358225],[103.884675,1.35981],[103.884859,1.359986],[103.885045,1.360162]]},"properties":{"line":"North East Line","code":"NE","color":"#851197","network":"mrt","year":2003,"from":"Serangoon","to":"Kovan","km":1.784}},{"type":"Feature","geometry":{"type":"LineString","coordinates":[[103.885045,1.360162],[103.886082,1.361137],[103.888421,1.363355],[103.88963,1.364496],[103.89043,1.365281],[103.890894,1.365853],[103.891201,1.366298],[103.891426,1.366681],[103.89162,1.367063],[103.891835,1.367555],[103.892025,1.368111],[103.892129,1.368496],[103.892267,1.369228],[103.892325,1.369986],[103.892312,1.371662],[103.892314,1.371909]]},"properties":{"line":"North East Line","code":"NE","color":"#851197","network":"mrt","year":2003,"from":"Kovan","to":"Hougang","km":1.617}},{"type":"Feature","geometry":{"type":"LineString","coordinates":[[103.892314,1.371909],[103.892318,1.372272],[103.892334,1.372658],[103.892389,1.373288],[103.89246,1.376758],[103.892539,1.37819],[103.892613,1.379697],[103.892661,1.380111],[103.892753,1.380812],[103.89284,1.38148],[103.892978,1.382988]]},"properties":{"line":"North East Line","code":"NE","color":"#851197","network":"mrt","year":2006,"from":"Hougang","to":"Buangkok","km":1.236}},{"type":"Feature","geometry":{"type":"LineString","coordinates":[[103.892978,1.382988],[103.892985,1.383064],[103.89309,1.384319],[103.893151,1.384592],[103.893216,1.384867],[103.893427,1.385603],[103.893755,1.386754],[103.893981,1.387392],[103.894524,1.388863],[103.894975,1.390452],[103.89512,1.390877],[103.895322,1.391465],[103.895411,1.391724]]},"properties":{"line":"North East Line","code":"NE","color":"#851197","network":"mrt","year":2006,"from":"Buangkok","to":"Sengkang","km":1.013}},{"type":"Feature","geometry":{"type":"LineString","coordinates":[[103.895411,1.391724],[103.895753,1.392718],[103.895904,1.393137],[103.897009,1.395315],[103.897157,1.395595],[103.898082,1.397315],[103.898879,1.398765],[103.899423,1.399753],[103.9003,1.401361],[103.900743,1.402157],[103.901299,1.4033],[103.901577,1.403838],[103.902353,1.405239],[103.90248,1.405471]]},"properties":{"line":"North East Line","code":"NE","color":"#851197","network":"mrt","year":2003,"from":"Sengkang","to":"Punggol","km":1.723}},{"type":"Feature","geometry":{"type":"LineString","coordinates":[[103.90248,1.405471],[103.902926,1.406281],[103.903565,1.407444],[103.903726,1.407753],[103.903864,1.408079],[103.903971,1.408429],[103.904036,1.408739],[103.90408,1.409122],[103.904189,1.410598],[103.904324,1.411378],[103.904533,1.41195],[103.904737,1.412331],[103.904886,1.412568],[103.905214,1.412978],[103.90559,1.413332],[103.906022,1.413642],[103.906528,1.413908],[103.907029,1.414096],[103.909062,1.414654],[103.909506,1.41477],[103.910123,1.414944]]},"properties":{"line":"North East Line","code":"NE","color":"#851197","network":"mrt","year":2024,"from":"Punggol","to":"Punggol Coast","km":1.503}},{"type":"Feature","geometry":{"type":"LineString","coordinates":[[103.859633,1.282634],[103.859191,1.281962],[103.858981,1.281634],[103.858121,1.280269],[103.857573,1.279421],[103.856742,1.278052],[103.856152,1.277082],[103.856055,1.276931],[103.855832,1.276592],[103.855169,1.275562]]},"properties":{"line":"Circle Line","code":"CC","color":"#F79F07","network":"mrt","year":2012,"from":"Bayfront","to":"Marina Bay","km":0.931}},{"type":"Feature","geometry":{"type":"LineString","coordinates":[[103.855169,1.275562],[103.85507,1.27541],[103.854882,1.275116],[103.854654,1.274785],[103.854499,1.274598],[103.854208,1.274321],[103.853987,1.274154],[103.853779,1.274024],[103.853583,1.273925],[103.853329,1.273831],[103.853115,1.27378],[103.852849,1.273743],[103.852619,1.273738],[103.852351,1.273764],[103.85216,1.273799],[103.852034,1.273832],[103.851226,1.27408],[103.851055,1.27412],[103.850875,1.27415],[103.850685,1.274171],[103.850511,1.274177],[103.850338,1.274168],[103.850149,1.27414],[103.849939,1.274092],[103.849067,1.273805],[103.847219,1.273245],[103.847125,1.273212]]},"properties":{"line":"Circle Line","code":"CC","color":"#F79F07","network":"mrt","year":2026,"from":"Marina Bay","to":"Prince Edward Road","km":1.002}},{"type":"Feature","geometry":{"type":"LineString","coordinates":[[103.847125,1.273212],[103.846243,1.272904],[103.846126,1.272877],[103.845958,1.272855],[103.845662,1.272839],[103.840734,1.272652],[103.840137,1.272642],[103.839666,1.272655],[103.838815,1.272796],[103.838106,1.27291],[103.837069,1.27288]]},"properties":{"line":"Circle Line","code":"CC","color":"#F79F07","network":"mrt","year":2026,"from":"Prince Edward Road","to":"Cantonment","km":1.128}},{"type":"Feature","geometry":{"type":"LineString","coordinates":[[103.837069,1.27288],[103.836961,1.272877],[103.834669,1.272811],[103.834234,1.272781],[103.833956,1.272725],[103.833732,1.272661],[103.833483,1.272562],[103.833296,1.272469],[103.833051,1.272328],[103.832838,1.272164],[103.832542,1.271903],[103.832249,1.271624],[103.830796,1.27036]]},"properties":{"line":"Circle Line","code":"CC","color":"#F79F07","network":"mrt","year":2026,"from":"Cantonment","to":"Keppel","km":0.791}},{"type":"Feature","geometry":{"type":"LineString","coordinates":[[103.830796,1.27036],[103.830557,1.270152],[103.829581,1.269303],[103.829151,1.268916],[103.828462,1.268144],[103.827688,1.267384],[103.827336,1.267024],[103.826997,1.266562],[103.826717,1.266183],[103.826382,1.265857],[103.826148,1.265681],[103.825803,1.265501],[103.825479,1.265385],[103.825111,1.265314],[103.824707,1.265279],[103.824141,1.2653],[103.823779,1.265332],[103.823496,1.265337],[103.822701,1.265316],[103.82156,1.265297],[103.82155,1.265297]]},"properties":{"line":"Circle Line","code":"CC","color":"#F79F07","network":"mrt","year":2026,"from":"Keppel","to":"HarbourFront","km":1.257}},{"type":"Feature","geometry":{"type":"LineString","coordinates":[[103.82155,1.265297],[103.820373,1.265334],[103.820156,1.265338],[103.819889,1.265362],[103.819607,1.265412],[103.819451,1.265473],[103.819261,1.265524],[103.818776,1.265811],[103.818406,1.266066],[103.817604,1.266821],[103.816696,1.267372],[103.81502,1.2682],[103.811845,1.270118],[103.811408,1.270273],[103.81104,1.27036],[103.809848,1.270469],[103.809836,1.27047]]},"properties":{"line":"Circle Line","code":"CC","color":"#F79F07","network":"mrt","year":2011,"from":"HarbourFront","to":"Telok Blangah","km":1.46}},{"type":"Feature","geometry":{"type":"LineString","coordinates":[[103.809836,1.27047],[103.807935,1.270643],[103.807372,1.270784],[103.806955,1.270917],[103.806387,1.27118],[103.805219,1.271885],[103.804873,1.27204],[103.804521,1.272145],[103.803802,1.272242],[103.803157,1.272283],[103.802999,1.272298]]},"properties":{"line":"Circle Line","code":"CC","color":"#F79F07","network":"mrt","year":2011,"from":"Telok Blangah","to":"Labrador Park","km":0.801}},{"type":"Feature","geometry":{"type":"LineString","coordinates":[[103.802999,1.272298],[103.802786,1.272318],[103.802071,1.272384],[103.801568,1.272431],[103.799409,1.273418],[103.794008,1.27534],[103.793744,1.275434],[103.793061,1.27567],[103.792382,1.275828],[103.791346,1.276176]]},"properties":{"line":"Circle Line","code":"CC","color":"#F79F07","network":"mrt","year":2011,"from":"Labrador Park","to":"Pasir Panjang","km":1.373}},{"type":"Feature","geometry":{"type":"LineString","coordinates":[[103.791346,1.276176],[103.791329,1.276182],[103.790397,1.276494],[103.785236,1.278228],[103.784788,1.278427],[103.784161,1.278852],[103.783739,1.279303],[103.783445,1.279767],[103.782332,1.281543],[103.78169,1.282577]]},"properties":{"line":"Circle Line","code":"CC","color":"#F79F07","network":"mrt","year":2011,"from":"Pasir Panjang","to":"Haw Par Villa","km":1.355}},{"type":"Feature","geometry":{"type":"LineString","coordinates":[[103.78169,1.282577],[103.781683,1.282588],[103.781347,1.283129],[103.781126,1.283521],[103.781027,1.283814],[103.780964,1.284163],[103.78091,1.284818],[103.780852,1.286392],[103.780886,1.287048],[103.781037,1.287655],[103.78125,1.288213],[103.781563,1.288909],[103.782002,1.289556],[103.783495,1.29083],[103.78391,1.291405],[103.784164,1.29195],[103.784274,1.292606],[103.784307,1.293243],[103.784309,1.293279]]},"properties":{"line":"Circle Line","code":"CC","color":"#F79F07","network":"mrt","year":2011,"from":"Haw Par Villa","to":"Kent Ridge","km":1.339}},{"type":"Feature","geometry":{"type":"LineString","coordinates":[[103.784309,1.293279],[103.784324,1.293585],[103.78438,1.294664],[103.784493,1.295214],[103.784623,1.295546],[103.785523,1.297341],[103.785687,1.2976],[103.785908,1.297908],[103.7865,1.298614],[103.786845,1.299025],[103.787249,1.299632],[103.7873,1.299708]]},"properties":{"line":"Circle Line","code":"CC","color":"#F79F07","network":"mrt","year":2011,"from":"Kent Ridge","to":"one-north","km":0.81}},{"type":"Feature","geometry":{"type":"LineString","coordinates":[[103.7873,1.299708],[103.788336,1.30126],[103.788632,1.301907],[103.788995,1.302682],[103.789761,1.305027],[103.789981,1.305542],[103.790423,1.306344],[103.790525,1.306526]]},"properties":{"line":"Circle Line","code":"CC","color":"#F79F07","network":"mrt","year":2011,"from":"one-north","to":"Buona Vista","km":0.844}},{"type":"Feature","geometry":{"type":"LineString","coordinates":[[103.790525,1.306526],[103.790795,1.30701],[103.790942,1.307283],[103.791398,1.307991],[103.791656,1.308344],[103.792115,1.308895],[103.793801,1.310676],[103.794064,1.31091],[103.794533,1.311227],[103.795774,1.31196],[103.796142,1.312179]]},"properties":{"line":"Circle Line","code":"CC","color":"#F79F07","network":"mrt","year":2011,"from":"Buona Vista","to":"Holland Village","km":0.902}},{"type":"Feature","geometry":{"type":"LineString","coordinates":[[103.796142,1.312179],[103.796338,1.312296],[103.797232,1.312831],[103.797567,1.313111],[103.798287,1.313864],[103.79868,1.314165],[103.798971,1.314328],[103.799362,1.314505],[103.800216,1.314714],[103.801374,1.314978],[103.801914,1.315094],[103.802776,1.31517],[103.80381,1.315146],[103.804236,1.315159],[103.804821,1.315268],[103.805549,1.315642],[103.806569,1.316698],[103.807429,1.3175],[103.807439,1.317509]]},"properties":{"line":"Circle Line","code":"CC","color":"#F79F07","network":"mrt","year":2011,"from":"Holland Village","to":"Farrer Road","km":1.449}},{"type":"Feature","geometry":{"type":"LineString","coordinates":[[103.807439,1.317509],[103.808529,1.318525],[103.809008,1.318952],[103.809382,1.319196],[103.809739,1.319342],[103.81001,1.31944],[103.810374,1.319492],[103.810883,1.319517],[103.811814,1.319553],[103.812343,1.319614],[103.812845,1.319779],[103.81314,1.319929],[103.813399,1.320096],[103.813586,1.320271],[103.815137,1.322272],[103.815268,1.322425]]},"properties":{"line":"Circle Line","code":"CC","color":"#F79F07","network":"mrt","year":2015,"from":"Farrer Road","to":"Botanic Gardens","km":1.085}},{"type":"Feature","geometry":{"type":"LineString","coordinates":[[103.815268,1.322425],[103.815466,1.322658],[103.816316,1.323486],[103.816725,1.323938],[103.816975,1.324349],[103.817185,1.325373],[103.817492,1.327868],[103.817657,1.329267],[103.81773,1.329791],[103.817836,1.330264],[103.818042,1.33078],[103.818217,1.331074],[103.818482,1.331405],[103.818801,1.3317],[103.819021,1.331856],[103.819373,1.332069],[103.819936,1.332315],[103.823691,1.33359],[103.824276,1.333726],[103.824897,1.333796],[103.830676,1.333791],[103.832319,1.333797],[103.833244,1.333797],[103.833938,1.333726],[103.834584,1.333611],[103.835103,1.333542],[103.835516,1.333514],[103.835978,1.333545],[103.837483,1.333823],[103.837905,1.333959],[103.838287,1.334149],[103.838644,1.334401],[103.838957,1.334726],[103.839244,1.335114],[103.839445,1.335567],[103.839533,1.335924],[103.839605,1.336432],[103.839585,1.336956],[103.839549,1.337342]]},"properties":{"line":"Circle Line","code":"CC","color":"#F79F07","network":"mrt","year":2015,"from":"Botanic Gardens","to":"Caldecott","km":3.781}},{"type":"Feature","geometry":{"type":"LineString","coordinates":[[103.839549,1.337342],[103.839526,1.337579],[103.839456,1.338356],[103.8392,1.340862],[103.839099,1.342325],[103.838886,1.343182],[103.838804,1.344132],[103.838815,1.344596],[103.838848,1.345153],[103.839024,1.346682],[103.839275,1.348144],[103.839357,1.34866]]},"properties":{"line":"Circle Line","code":"CC","color":"#F79F07","network":"mrt","year":2011,"from":"Caldecott","to":"Marymount","km":1.27}},{"type":"Feature","geometry":{"type":"LineString","coordinates":[[103.839357,1.34866],[103.839359,1.348671],[103.839448,1.349361],[103.83953,1.350038],[103.839655,1.350931],[103.839783,1.351716],[103.839901,1.352053],[103.840137,1.352503],[103.840438,1.352856],[103.840759,1.353127],[103.841116,1.35337],[103.841602,1.353563],[103.841967,1.35366],[103.842406,1.35368],[103.842878,1.353616],[103.843412,1.353463],[103.843978,1.353157],[103.844444,1.352779],[103.844772,1.352496],[103.845199,1.352282],[103.845606,1.352121],[103.845966,1.35205],[103.846379,1.352038],[103.846892,1.351983],[103.848303,1.351637],[103.849142,1.35145]]},"properties":{"line":"Circle Line","code":"CC","color":"#F79F07","network":"mrt","year":2009,"from":"Marymount","to":"Bishan","km":1.54}},{"type":"Feature","geometry":{"type":"LineString","coordinates":[[103.849142,1.35145],[103.850463,1.351156],[103.850933,1.351105],[103.851663,1.35101],[103.853276,1.350496],[103.854193,1.350173],[103.855832,1.349773],[103.857192,1.349466],[103.85797,1.349425],[103.858626,1.349516],[103.859251,1.349689],[103.861301,1.350603],[103.862491,1.35129],[103.862897,1.35143],[103.863377,1.351479],[103.863551,1.351492],[103.863957,1.351518]]},"properties":{"line":"Circle Line","code":"CC","color":"#F79F07","network":"mrt","year":2009,"from":"Bishan","to":"Lorong Chuan","km":1.726}},{"type":"Feature","geometry":{"type":"LineString","coordinates":[[103.863957,1.351518],[103.864659,1.351563],[103.865906,1.351892],[103.866748,1.352062],[103.867778,1.352088],[103.868464,1.352062],[103.868862,1.351933],[103.869423,1.351738],[103.871172,1.351106],[103.872257,1.350752],[103.872939,1.350419],[103.873072,1.350316]]},"properties":{"line":"Circle Line","code":"CC","color":"#F79F07","network":"mrt","year":2009,"from":"Lorong Chuan","to":"Serangoon","km":1.058}},{"type":"Feature","geometry":{"type":"LineString","coordinates":[[103.873072,1.350316],[103.873695,1.349835],[103.874,1.349599],[103.874678,1.348976],[103.874776,1.348646],[103.874869,1.348076],[103.87494,1.347169],[103.875035,1.346582],[103.875214,1.346121],[103.875345,1.345814],[103.875795,1.345182],[103.87646,1.344538],[103.877757,1.343869],[103.879039,1.343207],[103.879688,1.342885],[103.879692,1.342883]]},"properties":{"line":"Circle Line","code":"CC","color":"#F79F07","network":"mrt","year":2009,"from":"Serangoon","to":"Bartley","km":1.189}},{"type":"Feature","geometry":{"type":"LineString","coordinates":[[103.879692,1.342883],[103.879829,1.342814],[103.882059,1.341707],[103.883072,1.341303],[103.883455,1.34115],[103.8849,1.340606],[103.885939,1.339858],[103.886887,1.338476],[103.88777,1.336579],[103.888294,1.335475],[103.888307,1.335447]]},"properties":{"line":"Circle Line","code":"CC","color":"#F79F07","network":"mrt","year":2010,"from":"Bartley","to":"Tai Seng","km":1.335}},{"type":"Feature","geometry":{"type":"LineString","coordinates":[[103.888307,1.335447],[103.888634,1.334758],[103.888811,1.334227],[103.889006,1.333327],[103.889178,1.33204],[103.889676,1.329655],[103.890258,1.326622],[103.890308,1.326397]]},"properties":{"line":"Circle Line","code":"CC","color":"#F79F07","network":"mrt","year":2010,"from":"Tai Seng","to":"MacPherson","km":1.035}},{"type":"Feature","geometry":{"type":"LineString","coordinates":[[103.890308,1.326397],[103.890367,1.326128],[103.890608,1.324844],[103.891229,1.321434],[103.891858,1.31884],[103.892058,1.318014],[103.892192,1.317397]]},"properties":{"line":"Circle Line","code":"CC","color":"#F79F07","network":"mrt","year":2010,"from":"MacPherson","to":"Paya Lebar","km":1.024}},{"type":"Feature","geometry":{"type":"LineString","coordinates":[[103.892192,1.317397],[103.892333,1.31675],[103.892383,1.316406],[103.892391,1.316059],[103.892194,1.315042],[103.892057,1.314238],[103.892032,1.314026],[103.89201,1.313399],[103.892103,1.31122],[103.892093,1.310788],[103.89207,1.310546],[103.892022,1.310304],[103.891952,1.310039],[103.891909,1.309918],[103.891856,1.309803],[103.891793,1.309693],[103.891728,1.309596],[103.891655,1.309503],[103.891573,1.309416],[103.891487,1.309334],[103.891389,1.309251],[103.891188,1.309113],[103.890994,1.309009],[103.890778,1.308917],[103.890569,1.308846],[103.89035,1.308782],[103.889887,1.308654],[103.889253,1.308505],[103.889233,1.308501],[103.888627,1.308377]]},"properties":{"line":"Circle Line","code":"CC","color":"#F79F07","network":"mrt","year":2010,"from":"Paya Lebar","to":"Dakota","km":1.261}},{"type":"Feature","geometry":{"type":"LineString","coordinates":[[103.888627,1.308377],[103.888194,1.308288],[103.887796,1.308211],[103.886774,1.308007],[103.886087,1.307899],[103.885382,1.307637],[103.884652,1.307236],[103.883634,1.306768],[103.88252,1.306232]]},"properties":{"line":"Circle Line","code":"CC","color":"#F79F07","network":"mrt","year":2010,"from":"Dakota","to":"Mountbatten","km":0.726}},{"type":"Feature","geometry":{"type":"LineString","coordinates":[[103.88252,1.306232],[103.88251,1.306227],[103.882332,1.306141],[103.877809,1.304097],[103.87632,1.303334],[103.875477,1.302899],[103.875362,1.302848]]},"properties":{"line":"Circle Line","code":"CC","color":"#F79F07","network":"mrt","year":2010,"from":"Mountbatten","to":"Stadium","km":0.881}},{"type":"Feature","geometry":{"type":"LineString","coordinates":[[103.875362,1.302848],[103.874348,1.302399],[103.873192,1.301947],[103.872241,1.301722],[103.870767,1.301644],[103.87031,1.301574],[103.867753,1.300788],[103.865282,1.300329],[103.864657,1.300093],[103.863891,1.299778]]},"properties":{"line":"Circle Line","code":"CC","color":"#F79F07","network":"mrt","year":2010,"from":"Stadium","to":"Nicoll Highway","km":1.33}},{"type":"Feature","geometry":{"type":"LineString","coordinates":[[103.863891,1.299778],[103.863713,1.299705],[103.862488,1.299202],[103.862156,1.299023],[103.861883,1.298848],[103.861502,1.298446],[103.861331,1.298209],[103.8612,1.298039],[103.861029,1.29765],[103.860942,1.297333],[103.860856,1.296935],[103.860855,1.296631],[103.860861,1.296404],[103.860918,1.296065],[103.861075,1.295126],[103.861158,1.294617],[103.861174,1.293869],[103.861168,1.293109]]},"properties":{"line":"Circle Line","code":"CC","color":"#F79F07","network":"mrt","year":2010,"from":"Nicoll Highway","to":"Promenade","km":0.923}},{"type":"Feature","geometry":{"type":"LineString","coordinates":[[103.861168,1.293109],[103.861166,1.292871],[103.861168,1.292339],[103.861168,1.292339],[103.861097,1.291266],[103.861068,1.290788],[103.861062,1.289783],[103.861263,1.288502],[103.861393,1.287534],[103.861355,1.286417],[103.861312,1.286101],[103.861278,1.285832],[103.861108,1.285214],[103.860765,1.284481],[103.860405,1.283819],[103.860167,1.283448],[103.859633,1.282634]]},"properties":{"line":"Circle Line","code":"CC","color":"#F79F07","network":"mrt","year":2012,"from":"Promenade","to":"Bayfront","km":1.217}},{"type":"Feature","geometry":{"type":"LineString","coordinates":[[103.845409,1.299187],[103.846181,1.298918],[103.847143,1.298582],[103.847614,1.298419],[103.848062,1.298264],[103.849183,1.297878],[103.849688,1.297665],[103.850005,1.297465],[103.850645,1.296929],[103.850732,1.296856]]},"properties":{"line":"Circle Line","code":"CC","color":"#F79F07","network":"mrt","year":2010,"from":"Dhoby Ghaut","to":"Bras Basah","km":0.653}},{"type":"Feature","geometry":{"type":"LineString","coordinates":[[103.850732,1.296856],[103.851788,1.29597],[103.854729,1.29389],[103.855495,1.293391]]},"properties":{"line":"Circle Line","code":"CC","color":"#F79F07","network":"mrt","year":2010,"from":"Bras Basah","to":"Esplanade","km":0.656}},{"type":"Feature","geometry":{"type":"LineString","coordinates":[[103.855495,1.293391],[103.85551,1.293381],[103.855897,1.293132],[103.856219,1.292923],[103.858131,1.29179],[103.859087,1.291447],[103.859769,1.291353],[103.860287,1.291425],[103.860546,1.29157],[103.860906,1.291891],[103.861047,1.292097],[103.861153,1.292339],[103.861156,1.292871],[103.861156,1.293114]]},"properties":{"line":"Circle Line","code":"CC","color":"#F79F07","network":"mrt","year":2010,"from":"Esplanade","to":"Promenade","km":0.821}},{"type":"Feature","geometry":{"type":"LineString","coordinates":[[103.860938,1.293098],[103.860929,1.292881],[103.860856,1.291312],[103.860957,1.289564],[103.861121,1.288479],[103.861262,1.287621],[103.861264,1.286633],[103.861175,1.28603],[103.861005,1.285413],[103.86055,1.284409],[103.860295,1.283957],[103.860031,1.283493],[103.859523,1.282703]]},"properties":{"line":"Downtown Line","code":"DT","color":"#03529F","network":"mrt","year":2013,"from":"Promenade","to":"Bayfront","km":1.206}},{"type":"Feature","geometry":{"type":"LineString","coordinates":[[103.856434,1.300099],[103.855624,1.300941],[103.855355,1.301222],[103.854711,1.301904],[103.854548,1.302111],[103.854175,1.302653],[103.853873,1.303152],[103.853389,1.303613],[103.852612,1.303984],[103.852519,1.304037]]},"properties":{"line":"Downtown Line","code":"DT","color":"#03529F","network":"mrt","year":2015,"from":"Bugis","to":"Rochor","km":0.627}},{"type":"Feature","geometry":{"type":"LineString","coordinates":[[103.852519,1.304037],[103.851775,1.304464],[103.850948,1.305001],[103.84961,1.306258],[103.84922,1.306592],[103.849052,1.306736]]},"properties":{"line":"Downtown Line","code":"DT","color":"#03529F","network":"mrt","year":2015,"from":"Rochor","to":"Little India","km":0.491}},{"type":"Feature","geometry":{"type":"LineString","coordinates":[[103.849052,1.306736],[103.847501,1.308065],[103.846751,1.308874],[103.845784,1.309905],[103.844771,1.310455],[103.844327,1.310644],[103.843377,1.311023],[103.841853,1.311641],[103.840918,1.311907],[103.839631,1.312386],[103.839157,1.312683],[103.838637,1.313116],[103.838392,1.313357],[103.838291,1.313469]]},"properties":{"line":"Downtown Line","code":"DT","color":"#03529F","network":"mrt","year":2013,"from":"Little India","to":"Newton","km":1.44}},{"type":"Feature","geometry":{"type":"LineString","coordinates":[[103.838291,1.313469],[103.838077,1.313707],[103.837442,1.314414],[103.836602,1.315754],[103.835897,1.316591],[103.835308,1.317239],[103.834505,1.317677],[103.829343,1.319392],[103.828209,1.319683],[103.826575,1.319942],[103.82588,1.32017],[103.825832,1.320186]]},"properties":{"line":"Downtown Line","code":"DT","color":"#03529F","network":"mrt","year":2015,"from":"Newton","to":"Stevens","km":1.645}},{"type":"Feature","geometry":{"type":"LineString","coordinates":[[103.825832,1.320186],[103.825319,1.320355],[103.823773,1.321174],[103.820734,1.322059],[103.819457,1.322345],[103.8182,1.322489],[103.816785,1.322534],[103.816204,1.322591],[103.815838,1.322626],[103.815734,1.322643]]},"properties":{"line":"Downtown Line","code":"DT","color":"#03529F","network":"mrt","year":2015,"from":"Stevens","to":"Botanic Gardens","km":1.169}},{"type":"Feature","geometry":{"type":"LineString","coordinates":[[103.815734,1.322643],[103.814244,1.322884],[103.812971,1.323107],[103.811699,1.3234],[103.810961,1.323721],[103.809413,1.324799],[103.808284,1.325366],[103.80731,1.325982]]},"properties":{"line":"Downtown Line","code":"DT","color":"#03529F","network":"mrt","year":2015,"from":"Botanic Gardens","to":"Tan Kah Kee","km":1.025}},{"type":"Feature","geometry":{"type":"LineString","coordinates":[[103.80731,1.325982],[103.807038,1.326155],[103.806347,1.326593],[103.805326,1.327221],[103.804798,1.327668],[103.804236,1.328452],[103.803637,1.328998],[103.8009,1.330086],[103.79994,1.330281],[103.798702,1.33048],[103.797304,1.330944],[103.797207,1.330976]]},"properties":{"line":"Downtown Line","code":"DT","color":"#03529F","network":"mrt","year":2015,"from":"Tan Kah Kee","to":"Sixth Avenue","km":1.287}},{"type":"Feature","geometry":{"type":"LineString","coordinates":[[103.797207,1.330976],[103.796638,1.331164],[103.792875,1.332492],[103.786485,1.334746],[103.784868,1.335317],[103.783842,1.335705]]},"properties":{"line":"Downtown Line","code":"DT","color":"#03529F","network":"mrt","year":2015,"from":"Sixth Avenue","to":"King Albert Park","km":1.578}},{"type":"Feature","geometry":{"type":"LineString","coordinates":[[103.783842,1.335705],[103.783836,1.335708],[103.782866,1.336075],[103.780718,1.336989],[103.779355,1.337578],[103.778566,1.337905],[103.778041,1.338185],[103.777866,1.338337],[103.777506,1.338662],[103.777345,1.338812],[103.777028,1.339173],[103.77683,1.339404],[103.776487,1.339861],[103.776328,1.34013],[103.776171,1.340385],[103.77602,1.340808],[103.77596,1.341107]]},"properties":{"line":"Downtown Line","code":"DT","color":"#03529F","network":"mrt","year":2015,"from":"King Albert Park","to":"Beauty World","km":1.11}},{"type":"Feature","geometry":{"type":"LineString","coordinates":[[103.77596,1.341107],[103.77595,1.341158],[103.775741,1.342202],[103.775543,1.343109],[103.775202,1.343981],[103.774991,1.344293],[103.774835,1.344521],[103.774524,1.344843],[103.774099,1.345221],[103.77257,1.346155],[103.77196,1.346722],[103.771772,1.346981],[103.771368,1.347549],[103.770549,1.348696],[103.770362,1.349119],[103.770024,1.352178],[103.769505,1.353919],[103.769336,1.354489],[103.769325,1.354528]]},"properties":{"line":"Downtown Line","code":"DT","color":"#03529F","network":"mrt","year":2025,"from":"Beauty World","to":"Hume","km":1.747}},{"type":"Feature","geometry":{"type":"LineString","coordinates":[[103.769325,1.354528],[103.769259,1.35475],[103.76902,1.355376],[103.768835,1.355706],[103.768645,1.355969],[103.767795,1.357155],[103.767672,1.357384],[103.767602,1.357904],[103.767513,1.358526],[103.767447,1.359015],[103.767199,1.361423],[103.767258,1.361669],[103.767437,1.362277],[103.767459,1.36235]]},"properties":{"line":"Downtown Line","code":"DT","color":"#03529F","network":"mrt","year":2025,"from":"Hume","to":"Hillview","km":0.93}},{"type":"Feature","geometry":{"type":"LineString","coordinates":[[103.767459,1.36235],[103.767665,1.363053],[103.76773,1.363269],[103.767785,1.363713],[103.767766,1.364021],[103.767652,1.364554],[103.767211,1.365492],[103.765275,1.368516],[103.764738,1.369362],[103.764736,1.369364]]},"properties":{"line":"Downtown Line","code":"DT","color":"#03529F","network":"mrt","year":2015,"from":"Hillview","to":"Cashew","km":0.878}},{"type":"Feature","geometry":{"type":"LineString","coordinates":[[103.764736,1.369364],[103.764311,1.370034],[103.763891,1.370655],[103.76328,1.371442],[103.763157,1.37178],[103.763083,1.372144],[103.762986,1.373158],[103.762937,1.373684],[103.762821,1.37491],[103.762639,1.37679],[103.762596,1.377099],[103.76249,1.377535],[103.762434,1.377706],[103.762255,1.378091],[103.762065,1.378497],[103.761957,1.378728],[103.761793,1.379037],[103.761704,1.379196]]},"properties":{"line":"Downtown Line","code":"DT","color":"#03529F","network":"mrt","year":2015,"from":"Cashew","to":"Bukit Panjang","km":1.173}},{"type":"Feature","geometry":{"type":"LineString","coordinates":[[103.85277,1.279479],[103.852129,1.279903],[103.851702,1.280224],[103.851521,1.280384],[103.851077,1.280722],[103.849039,1.281943],[103.848349,1.282346],[103.84829,1.282381]]},"properties":{"line":"Downtown Line","code":"DT","color":"#03529F","network":"mrt","year":2013,"from":"Downtown","to":"Telok Ayer","km":0.595}},{"type":"Feature","geometry":{"type":"LineString","coordinates":[[103.84829,1.282381],[103.846222,1.283589],[103.845105,1.284232],[103.844179,1.284764]]},"properties":{"line":"Downtown Line","code":"DT","color":"#03529F","network":"mrt","year":2013,"from":"Telok Ayer","to":"Chinatown","km":0.529}},{"type":"Feature","geometry":{"type":"LineString","coordinates":[[103.844179,1.284764],[103.844097,1.284812],[103.843074,1.285635],[103.842849,1.285856],[103.842654,1.286116],[103.842532,1.286344],[103.842427,1.286694],[103.842422,1.28693],[103.842419,1.287162],[103.842465,1.287495],[103.842636,1.288078],[103.84294,1.288884],[103.843031,1.289248],[103.843073,1.289579],[103.843127,1.289985],[103.843175,1.29029],[103.843245,1.290581],[103.843372,1.290924],[103.843752,1.291617],[103.844285,1.292524]]},"properties":{"line":"Downtown Line","code":"DT","color":"#03529F","network":"mrt","year":2017,"from":"Chinatown","to":"Fort Canning","km":0.988}},{"type":"Feature","geometry":{"type":"LineString","coordinates":[[103.844285,1.292524],[103.844303,1.292554],[103.844808,1.293414],[103.845196,1.294037],[103.845391,1.294297],[103.845943,1.294866],[103.846226,1.295087],[103.847408,1.295957],[103.848058,1.296479],[103.848871,1.297207],[103.850086,1.29868]]},"properties":{"line":"Downtown Line","code":"DT","color":"#03529F","network":"mrt","year":2017,"from":"Fort Canning","to":"Bencoolen","km":0.951}},{"type":"Feature","geometry":{"type":"LineString","coordinates":[[103.850086,1.29868],[103.850348,1.298996],[103.850756,1.299491],[103.853907,1.303322],[103.854134,1.303655],[103.855367,1.305462],[103.855383,1.305488]]},"properties":{"line":"Downtown Line","code":"DT","color":"#03529F","network":"mrt","year":2017,"from":"Bencoolen","to":"Jalan Besar","km":0.961}},{"type":"Feature","geometry":{"type":"LineString","coordinates":[[103.855383,1.305488],[103.856314,1.30696],[103.857828,1.309303],[103.859317,1.311569],[103.859633,1.311984],[103.860073,1.312418],[103.860491,1.312684],[103.860736,1.312823],[103.861302,1.313072],[103.862254,1.313518],[103.862606,1.313685],[103.862684,1.313722]]},"properties":{"line":"Downtown Line","code":"DT","color":"#03529F","network":"mrt","year":2017,"from":"Jalan Besar","to":"Bendemeer","km":1.258}},{"type":"Feature","geometry":{"type":"LineString","coordinates":[[103.862684,1.313722],[103.863552,1.314135],[103.86392,1.314422],[103.864231,1.314765],[103.864725,1.315588],[103.865288,1.31654],[103.866573,1.318189],[103.86691,1.318536],[103.867446,1.318955],[103.867958,1.319105],[103.87146,1.321273],[103.871923,1.321562]]},"properties":{"line":"Downtown Line","code":"DT","color":"#03529F","network":"mrt","year":2017,"from":"Bendemeer","to":"Geylang Bahru","km":1.381}},{"type":"Feature","geometry":{"type":"LineString","coordinates":[[103.871923,1.321562],[103.872013,1.321618],[103.87247,1.321904],[103.873037,1.322222],[103.875107,1.323268],[103.876782,1.323898],[103.877087,1.324056],[103.877395,1.32426],[103.877771,1.32462],[103.877967,1.324872],[103.878978,1.326451],[103.879276,1.326815],[103.879571,1.327076],[103.879753,1.327205],[103.880019,1.32736],[103.880256,1.327459],[103.880715,1.327592],[103.881162,1.327622],[103.882006,1.327537],[103.88232,1.327414],[103.882634,1.327255],[103.883348,1.326904],[103.883364,1.326896]]},"properties":{"line":"Downtown Line","code":"DT","color":"#03529F","network":"mrt","year":2017,"from":"Geylang Bahru","to":"Mattar","km":1.532}},{"type":"Feature","geometry":{"type":"LineString","coordinates":[[103.883364,1.326896],[103.883926,1.32662],[103.884763,1.326205],[103.885099,1.326062],[103.885431,1.32597],[103.885841,1.325923],[103.886225,1.325948],[103.886595,1.325989],[103.887003,1.326032],[103.887372,1.326013],[103.888011,1.325949],[103.88842,1.325958],[103.88859,1.325976],[103.889524,1.326327]]},"properties":{"line":"Downtown Line","code":"DT","color":"#03529F","network":"mrt","year":2017,"from":"Mattar","to":"MacPherson","km":0.717}},{"type":"Feature","geometry":{"type":"LineString","coordinates":[[103.889524,1.326327],[103.88967,1.326381],[103.890876,1.326835],[103.891718,1.327183],[103.892878,1.327534],[103.89734,1.329184],[103.898577,1.329711],[103.899204,1.330029]]},"properties":{"line":"Downtown Line","code":"DT","color":"#03529F","network":"mrt","year":2017,"from":"MacPherson","to":"Ubi","km":1.154}},{"type":"Feature","geometry":{"type":"LineString","coordinates":[[103.899204,1.330029],[103.899319,1.330088],[103.899894,1.33036],[103.900782,1.33083],[103.901383,1.331187],[103.902267,1.331911],[103.904063,1.333462],[103.904769,1.333968],[103.905092,1.334155],[103.905532,1.334369],[103.906115,1.334582],[103.908384,1.335004]]},"properties":{"line":"Downtown Line","code":"DT","color":"#03529F","network":"mrt","year":2017,"from":"Ubi","to":"Kaki Bukit ","km":1.185}},{"type":"Feature","geometry":{"type":"LineString","coordinates":[[103.908384,1.335004],[103.908646,1.335053],[103.909932,1.335292],[103.91081,1.335692],[103.912044,1.336298],[103.91237,1.336396],[103.912537,1.33643],[103.912922,1.336493],[103.913449,1.336485],[103.913818,1.336416],[103.914024,1.336376],[103.914232,1.336299],[103.914545,1.336189],[103.916881,1.335204],[103.918008,1.334734],[103.918315,1.334607]]},"properties":{"line":"Downtown Line","code":"DT","color":"#03529F","network":"mrt","year":2017,"from":"Kaki Bukit ","to":"Bedok North","km":1.176}},{"type":"Feature","geometry":{"type":"LineString","coordinates":[[103.918315,1.334607],[103.919412,1.33415],[103.919827,1.334029],[103.920145,1.33397],[103.920509,1.333924],[103.921214,1.333919],[103.921714,1.333995],[103.922116,1.334078],[103.922661,1.334277],[103.926453,1.335911],[103.92695,1.336088],[103.928006,1.336377],[103.929841,1.336713],[103.930593,1.336798],[103.931205,1.336814],[103.932137,1.336779],[103.93247,1.336768]]},"properties":{"line":"Downtown Line","code":"DT","color":"#03529F","network":"mrt","year":2017,"from":"Bedok North","to":"Bedok Reservoir","km":1.643}},{"type":"Feature","geometry":{"type":"LineString","coordinates":[[103.93247,1.336768],[103.933029,1.336749],[103.933704,1.336735],[103.936793,1.337014],[103.937583,1.337102],[103.938107,1.337247],[103.938725,1.337593],[103.939231,1.338094],[103.93948,1.338466],[103.939586,1.338707],[103.939647,1.338849],[103.939705,1.339026],[103.939793,1.339374],[103.939819,1.339816],[103.939771,1.340297],[103.939525,1.341055],[103.93866,1.343103],[103.93847,1.343538],[103.93834,1.343946],[103.938292,1.344368],[103.938284,1.344854],[103.938294,1.345416],[103.938299,1.345707]]},"properties":{"line":"Downtown Line","code":"DT","color":"#03529F","network":"mrt","year":2017,"from":"Bedok Reservoir","to":"Tampines West","km":1.683}},{"type":"Feature","geometry":{"type":"LineString","coordinates":[[103.938299,1.345707],[103.938312,1.346459],[103.938314,1.347161],[103.93826,1.347647],[103.938207,1.34821],[103.938176,1.348433],[103.938137,1.348854],[103.938107,1.349658],[103.93813,1.349964],[103.938167,1.350118],[103.938221,1.350352],[103.93826,1.35051],[103.938362,1.350749],[103.93852,1.351116],[103.938856,1.351628],[103.93923,1.352014],[103.939982,1.352837],[103.941181,1.353803],[103.942042,1.354388],[103.942391,1.354728],[103.942937,1.355308]]},"properties":{"line":"Downtown Line","code":"DT","color":"#03529F","network":"mrt","year":2017,"from":"Tampines West","to":"Tampines","km":1.293}},{"type":"Feature","geometry":{"type":"LineString","coordinates":[[103.942937,1.355308],[103.942961,1.355334],[103.943346,1.355742],[103.943804,1.356205],[103.944181,1.35648],[103.944837,1.356768],[103.945322,1.356867],[103.945837,1.356872],[103.946945,1.356787],[103.949166,1.356827],[103.949812,1.356793],[103.952735,1.356387],[103.953599,1.356342],[103.954741,1.356304]]},"properties":{"line":"Downtown Line","code":"DT","color":"#03529F","network":"mrt","year":2017,"from":"Tampines","to":"Tampines East","km":1.378}},{"type":"Feature","geometry":{"type":"LineString","coordinates":[[103.954741,1.356304],[103.955005,1.356295],[103.955743,1.356266],[103.956063,1.356259],[103.956446,1.356308],[103.956757,1.356381],[103.957052,1.356517],[103.957354,1.35666],[103.957851,1.356977],[103.958205,1.35721],[103.958527,1.357366],[103.958651,1.357413],[103.958968,1.357502],[103.959228,1.357541],[103.959592,1.357551],[103.959906,1.357547],[103.961092,1.357329],[103.961421,1.357248],[103.961818,1.357095],[103.962445,1.356671],[103.962774,1.356327],[103.963031,1.35591],[103.963076,1.355797],[103.963325,1.355201],[103.963549,1.354052],[103.96369,1.353395],[103.963721,1.353022],[103.963715,1.352785],[103.963693,1.351927],[103.963653,1.350849],[103.963631,1.349925],[103.963542,1.348843],[103.963339,1.347732],[103.962942,1.34632],[103.961996,1.343186],[103.961579,1.341868]]},"properties":{"line":"Downtown Line","code":"DT","color":"#03529F","network":"mrt","year":2017,"from":"Tampines East","to":"Upper Changi","km":2.624}},{"type":"Feature","geometry":{"type":"LineString","coordinates":[[103.961579,1.341868],[103.961501,1.341621],[103.96117,1.340514],[103.9611,1.340265],[103.960689,1.338924],[103.960587,1.338366],[103.960583,1.337881],[103.960648,1.337586],[103.960761,1.337142],[103.960965,1.336731],[103.961237,1.336363],[103.961453,1.336142],[103.96218,1.335553],[103.962234,1.335508]]},"properties":{"line":"Downtown Line","code":"DT","color":"#03529F","network":"mrt","year":2017,"from":"Upper Changi","to":"Expo","km":0.793}},{"type":"Feature","geometry":{"type":"LineString","coordinates":[[103.856275,1.299946],[103.860565,1.293114]]},"properties":{"line":"Downtown Line","code":"DT","color":"#03529F","network":"mrt","year":2013,"from":"Bugis","to":"Promenade","km":0.898}},{"type":"Feature","geometry":{"type":"LineString","coordinates":[[103.859681,1.282602],[103.852791,1.279511]]},"properties":{"line":"Downtown Line","code":"DT","color":"#03529F","network":"mrt","year":2013,"from":"Bayfront","to":"Downtown","km":0.84}},{"type":"Feature","geometry":{"type":"LineString","coordinates":[[103.785855,1.448365],[103.786441,1.447276],[103.787003,1.446185],[103.787217,1.445788],[103.788012,1.444142],[103.788625,1.443143],[103.788986,1.442456],[103.789137,1.441868],[103.789169,1.44134],[103.78908,1.440696],[103.788955,1.440357],[103.788788,1.440013],[103.788267,1.439213],[103.788049,1.438696],[103.787961,1.438284],[103.787939,1.437859],[103.787968,1.437494],[103.788004,1.437206],[103.788123,1.436255],[103.788155,1.435996]]},"properties":{"line":"Thomson-East Coast Line","code":"TE","color":"#9D5B25","network":"mrt","year":2020,"from":"Woodlands North","to":"Woodlands","km":1.498}},{"type":"Feature","geometry":{"type":"LineString","coordinates":[[103.788155,1.435996],[103.788229,1.435403],[103.788336,1.434543],[103.788348,1.43428],[103.78829,1.433795],[103.7882,1.433323],[103.788055,1.432784],[103.78795,1.432083],[103.787998,1.431477],[103.788085,1.431016],[103.788264,1.430499],[103.788429,1.430197],[103.78881,1.429665],[103.789226,1.429277],[103.78966,1.42899],[103.789868,1.428882],[103.79012,1.428751],[103.790946,1.428457],[103.791611,1.428219],[103.79296,1.427652],[103.79376,1.427368],[103.793986,1.427284]]},"properties":{"line":"Thomson-East Coast Line","code":"TE","color":"#9D5B25","network":"mrt","year":2020,"from":"Woodlands","to":"Woodlands South","km":1.372}},{"type":"Feature","geometry":{"type":"LineString","coordinates":[[103.793986,1.427284],[103.794462,1.427105],[103.794886,1.426894],[103.79522,1.42675],[103.795531,1.426596],[103.795869,1.42635],[103.796227,1.42606],[103.796705,1.425545],[103.797257,1.424758],[103.798552,1.422802],[103.800473,1.420217],[103.800534,1.420133],[103.801875,1.418299],[103.802111,1.418022],[103.802306,1.41781],[103.802536,1.417584],[103.80278,1.41735],[103.803681,1.416602],[103.804738,1.415659],[103.805442,1.414866],[103.805684,1.414558],[103.806201,1.413917],[103.806576,1.413412],[103.806797,1.413069],[103.806957,1.412695],[103.807036,1.412373],[103.807083,1.412022],[103.807134,1.411537],[103.807211,1.411026],[103.807316,1.410654],[103.808,1.408826],[103.80855,1.407528],[103.808806,1.407019],[103.809371,1.406143],[103.809911,1.405367],[103.810845,1.404215],[103.811244,1.403637],[103.811504,1.40331],[103.81179,1.403043],[103.812105,1.402838],[103.812562,1.402629],[103.813123,1.402457],[103.813551,1.402406],[103.813989,1.402396],[103.814639,1.402364],[103.815217,1.402283],[103.815572,1.40218],[103.815934,1.402015],[103.816344,1.401752],[103.816695,1.401427],[103.816988,1.401065],[103.817322,1.400453],[103.817737,1.399125],[103.818056,1.398238]]},"properties":{"line":"Thomson-East Coast Line","code":"TE","color":"#9D5B25","network":"mrt","year":2021,"from":"Woodlands South","to":"Springleaf","km":4.406}},{"type":"Feature","geometry":{"type":"LineString","coordinates":[[103.818056,1.398238],[103.818064,1.398217],[103.818403,1.397335],[103.818699,1.396604],[103.818983,1.396058],[103.819337,1.395643],[103.820855,1.39431],[103.822451,1.392708],[103.823848,1.391853],[103.825839,1.390992],[103.831755,1.388003],[103.834822,1.386481],[103.835348,1.386144],[103.835717,1.385793],[103.836192,1.385358],[103.83659,1.384982]]},"properties":{"line":"Thomson-East Coast Line","code":"TE","color":"#9D5B25","network":"mrt","year":2021,"from":"Springleaf","to":"Lentor","km":2.603}},{"type":"Feature","geometry":{"type":"LineString","coordinates":[[103.83659,1.384982],[103.836634,1.38494],[103.837323,1.384289],[103.837981,1.383458],[103.839254,1.381468],[103.839623,1.380783],[103.839827,1.380069],[103.839869,1.379468],[103.839808,1.378911],[103.839608,1.377131],[103.839485,1.376542],[103.839344,1.376142],[103.839094,1.375742],[103.838868,1.375462],[103.837953,1.37464],[103.837814,1.374491],[103.83758,1.374218],[103.837396,1.373936],[103.837278,1.373714],[103.837251,1.373644],[103.837154,1.373319],[103.837047,1.372906],[103.83694,1.37247],[103.836886,1.372234]]},"properties":{"line":"Thomson-East Coast Line","code":"TE","color":"#9D5B25","network":"mrt","year":2021,"from":"Lentor","to":"Mayflower","km":1.634}},{"type":"Feature","geometry":{"type":"LineString","coordinates":[[103.836886,1.372234],[103.83686,1.37212],[103.836756,1.37153],[103.836656,1.370821],[103.836558,1.37031],[103.836439,1.369663],[103.835874,1.36671],[103.83565,1.366046],[103.835479,1.365713],[103.835317,1.365479],[103.8351,1.365218],[103.8348,1.364906],[103.834268,1.364412],[103.833903,1.364086]]},"properties":{"line":"Thomson-East Coast Line","code":"TE","color":"#9D5B25","network":"mrt","year":2021,"from":"Mayflower","to":"Bright Hill","km":0.998}},{"type":"Feature","geometry":{"type":"LineString","coordinates":[[103.833903,1.364086],[103.833476,1.363705],[103.832182,1.362558],[103.831405,1.361886],[103.830666,1.36125],[103.829726,1.360439],[103.829385,1.359968],[103.829112,1.35956],[103.828905,1.359098],[103.828855,1.358885],[103.828821,1.358606],[103.828805,1.358299],[103.828827,1.358018],[103.828883,1.357754],[103.829026,1.357365],[103.829326,1.357003],[103.829833,1.356473],[103.830347,1.355987],[103.830625,1.355749],[103.831174,1.355407],[103.831378,1.355308],[103.832166,1.354905],[103.832681,1.354642],[103.832825,1.354566]]},"properties":{"line":"Thomson-East Coast Line","code":"TE","color":"#9D5B25","network":"mrt","year":2021,"from":"Bright Hill","to":"Upper Thomson","km":1.522}},{"type":"Feature","geometry":{"type":"LineString","coordinates":[[103.832825,1.354566],[103.833206,1.354363],[103.833593,1.35408],[103.833964,1.353722],[103.834523,1.353212],[103.835071,1.352714],[103.835326,1.352421],[103.835502,1.352145],[103.835636,1.35185],[103.835919,1.351038],[103.836113,1.350658],[103.836342,1.350334],[103.837084,1.349439],[103.837522,1.348818],[103.837931,1.348058],[103.83839,1.346959],[103.838637,1.346341],[103.838769,1.345991],[103.838881,1.345585],[103.839074,1.344621],[103.839297,1.342902],[103.83934,1.342118],[103.839354,1.341293],[103.83937,1.340792],[103.83941,1.340519],[103.839547,1.340013],[103.839706,1.339642],[103.839836,1.339406],[103.839995,1.339092],[103.840157,1.338669],[103.840213,1.338145],[103.840226,1.337587],[103.840231,1.337376]]},"properties":{"line":"Thomson-East Coast Line","code":"TE","color":"#9D5B25","network":"mrt","year":2021,"from":"Upper Thomson","to":"Caldecott","km":2.169}},{"type":"Feature","geometry":{"type":"LineString","coordinates":[[103.840231,1.337376],[103.840273,1.335518],[103.840346,1.333187],[103.840339,1.331852],[103.840276,1.331489],[103.840115,1.331061],[103.839903,1.330648],[103.839685,1.33035],[103.839362,1.329999],[103.838949,1.329698],[103.838519,1.329489],[103.838039,1.329323],[103.836614,1.328938],[103.835269,1.328521],[103.830868,1.327159],[103.829518,1.326745],[103.828846,1.326504],[103.8284,1.326261],[103.82805,1.325984],[103.827727,1.325651],[103.827521,1.325346],[103.827268,1.324927],[103.82629,1.323141],[103.825897,1.32229],[103.825622,1.321624],[103.825502,1.321098],[103.825485,1.320789],[103.825489,1.320529],[103.825517,1.320233],[103.825557,1.319947]]},"properties":{"line":"Thomson-East Coast Line","code":"TE","color":"#9D5B25","network":"mrt","year":2020,"from":"Caldecott","to":"Stevens","km":2.943}},{"type":"Feature","geometry":{"type":"LineString","coordinates":[[103.825557,1.319947],[103.825591,1.319702],[103.825616,1.319518],[103.825744,1.318601],[103.825756,1.318324],[103.825725,1.317929],[103.825609,1.317465],[103.825317,1.316881],[103.823054,1.313725],[103.822869,1.313441],[103.822465,1.312578],[103.822277,1.312202],[103.822087,1.31184],[103.821923,1.311627],[103.821722,1.311418],[103.82039,1.310524],[103.820045,1.310274],[103.819639,1.309907],[103.819414,1.3096],[103.819252,1.309304],[103.819119,1.308972],[103.818996,1.308658],[103.818904,1.30826],[103.818873,1.307958],[103.818879,1.307378],[103.818871,1.306802],[103.81887,1.306719]]},"properties":{"line":"Thomson-East Coast Line","code":"TE","color":"#9D5B25","network":"mrt","year":2022,"from":"Stevens","to":"Napier","km":1.744}},{"type":"Feature","geometry":{"type":"LineString","coordinates":[[103.81887,1.306719],[103.818858,1.305964],[103.818919,1.305365],[103.818997,1.304888],[103.819153,1.30444],[103.819413,1.303959],[103.819791,1.303487],[103.82029,1.303026],[103.820646,1.302785],[103.82104,1.302581],[103.82155,1.302423],[103.822108,1.302331],[103.822783,1.302354],[103.823392,1.302444],[103.823971,1.302565],[103.823996,1.30257]]},"properties":{"line":"Thomson-East Coast Line","code":"TE","color":"#9D5B25","network":"mrt","year":2022,"from":"Napier","to":"Orchard Boulevard","km":0.893}},{"type":"Feature","geometry":{"type":"LineString","coordinates":[[103.823996,1.30257],[103.824954,1.30277],[103.825421,1.30291],[103.825852,1.30313],[103.826291,1.303481],[103.826782,1.30401],[103.827194,1.3043],[103.827856,1.304625],[103.828278,1.304706],[103.82886,1.304736],[103.829331,1.304658],[103.82991,1.304442],[103.830317,1.304204],[103.830766,1.303764],[103.831326,1.303055]]},"properties":{"line":"Thomson-East Coast Line","code":"TE","color":"#9D5B25","network":"mrt","year":2022,"from":"Orchard Boulevard","to":"Orchard","km":0.956}},{"type":"Feature","geometry":{"type":"LineString","coordinates":[[103.831326,1.303055],[103.831396,1.302967],[103.83232,1.301889],[103.833415,1.300684],[103.833755,1.300184],[103.833914,1.299758],[103.833978,1.299462],[103.833992,1.29902],[103.833932,1.298346],[103.833804,1.297753],[103.833537,1.296837],[103.833478,1.296605],[103.833443,1.296386],[103.83341,1.29588],[103.83344,1.295509],[103.833563,1.294913],[103.833613,1.294671]]},"properties":{"line":"Thomson-East Coast Line","code":"TE","color":"#9D5B25","network":"mrt","year":2022,"from":"Orchard","to":"Great World","km":1.046}},{"type":"Feature","geometry":{"type":"LineString","coordinates":[[103.833613,1.294671],[103.833619,1.294645],[103.833884,1.29336],[103.83389,1.293004],[103.833875,1.292761],[103.833822,1.292161],[103.833671,1.290437],[103.833662,1.29001],[103.833637,1.288937],[103.833646,1.288548]]},"properties":{"line":"Thomson-East Coast Line","code":"TE","color":"#9D5B25","network":"mrt","year":2022,"from":"Great World","to":"Havelock","km":0.686}},{"type":"Feature","geometry":{"type":"LineString","coordinates":[[103.833646,1.288548],[103.833656,1.288094],[103.833661,1.287092],[103.833686,1.286506],[103.833777,1.286077],[103.833892,1.285695],[103.834043,1.285396],[103.834347,1.284987],[103.83499,1.284261],[103.83562,1.283714],[103.836022,1.283468],[103.836362,1.283296],[103.837374,1.282851],[103.838076,1.282479],[103.838975,1.281892],[103.839468,1.281577],[103.840201,1.281101],[103.840355,1.280993],[103.840426,1.280941]]},"properties":{"line":"Thomson-East Coast Line","code":"TE","color":"#9D5B25","network":"mrt","year":2022,"from":"Havelock","to":"Outram Park","km":1.234}},{"type":"Feature","geometry":{"type":"LineString","coordinates":[[103.840426,1.280941],[103.840941,1.280569],[103.841262,1.280395],[103.841646,1.280259],[103.841888,1.280205],[103.842123,1.280173],[103.842486,1.280161],[103.84281,1.280196],[103.843717,1.280423],[103.843919,1.280474]]},"properties":{"line":"Thomson-East Coast Line","code":"TE","color":"#9D5B25","network":"mrt","year":2022,"from":"Outram Park","to":"Maxwell","km":0.415}},{"type":"Feature","geometry":{"type":"LineString","coordinates":[[103.843919,1.280474],[103.844616,1.280648],[103.844867,1.280703],[103.845115,1.28073],[103.845331,1.280738],[103.845631,1.28072],[103.846008,1.280643],[103.846386,1.280498],[103.84672,1.280311],[103.846996,1.280092],[103.847324,1.279797],[103.847584,1.279576],[103.847728,1.279459],[103.848104,1.279186],[103.84902,1.27866],[103.849939,1.278067],[103.850465,1.277732],[103.850878,1.277469]]},"properties":{"line":"Thomson-East Coast Line","code":"TE","color":"#9D5B25","network":"mrt","year":2022,"from":"Maxwell","to":"Shenton Way","km":0.886}},{"type":"Feature","geometry":{"type":"LineString","coordinates":[[103.850878,1.277469],[103.852056,1.276719],[103.853063,1.276088],[103.854163,1.2754],[103.854956,1.274905]]},"properties":{"line":"Thomson-East Coast Line","code":"TE","color":"#9D5B25","network":"mrt","year":2022,"from":"Shenton Way","to":"Marina Bay","km":0.536}},{"type":"Feature","geometry":{"type":"LineString","coordinates":[[103.854956,1.274905],[103.855572,1.27452],[103.856236,1.274105],[103.858312,1.272813],[103.858567,1.272699],[103.858755,1.272618],[103.859157,1.272501],[103.859636,1.272447],[103.860005,1.272454],[103.860426,1.272517],[103.860908,1.272659],[103.861472,1.27297],[103.863146,1.274136],[103.864417,1.275022],[103.86472,1.275232],[103.86547,1.275751],[103.865688,1.275944],[103.865891,1.276149],[103.866144,1.276495],[103.866557,1.27711],[103.867015,1.277836],[103.867913,1.279252]]},"properties":{"line":"Thomson-East Coast Line","code":"TE","color":"#9D5B25","network":"mrt","year":2022,"from":"Marina Bay","to":"Gardens by the Bay","km":1.829}},{"type":"Feature","geometry":{"type":"LineString","coordinates":[[103.867913,1.279252],[103.868025,1.279429],[103.868473,1.280135],[103.868824,1.28067],[103.869586,1.28192],[103.870908,1.283933],[103.871151,1.284697],[103.871216,1.285553],[103.871112,1.286353],[103.870938,1.286955],[103.87067,1.287489],[103.868836,1.291188],[103.868048,1.292736],[103.867749,1.293451],[103.867662,1.293923],[103.867649,1.294391],[103.86769,1.294845],[103.867792,1.295212],[103.867912,1.295559],[103.868097,1.295945],[103.868412,1.296329],[103.868766,1.296628],[103.869193,1.296885],[103.869798,1.297113],[103.870296,1.297192],[103.870578,1.297199],[103.871049,1.297184],[103.872268,1.29717],[103.872789,1.297169],[103.873465,1.297197]]},"properties":{"line":"Thomson-East Coast Line","code":"TE","color":"#9D5B25","network":"mrt","year":2024,"from":"Gardens by the Bay","to":"Tanjong Rhu","km":2.699}},{"type":"Feature","geometry":{"type":"LineString","coordinates":[[103.873465,1.297197],[103.873544,1.2972],[103.874315,1.297231],[103.874537,1.297224],[103.874698,1.297211],[103.874845,1.297194],[103.874966,1.297171],[103.8751,1.297142],[103.875643,1.296987],[103.875877,1.296939],[103.876092,1.296913],[103.876321,1.296902],[103.876485,1.296908],[103.876665,1.296923],[103.877316,1.297051],[103.878506,1.297294],[103.8793,1.297458],[103.879778,1.297571],[103.880274,1.297695],[103.881124,1.297881],[103.882149,1.297988],[103.882934,1.298064],[103.883507,1.29808],[103.884093,1.298063],[103.885276,1.297974],[103.886215,1.297914]]},"properties":{"line":"Thomson-East Coast Line","code":"TE","color":"#9D5B25","network":"mrt","year":2024,"from":"Tanjong Rhu","to":"Katong Park","km":1.436}},{"type":"Feature","geometry":{"type":"LineString","coordinates":[[103.886215,1.297914],[103.886411,1.297901],[103.887294,1.297844],[103.88799,1.297749],[103.890302,1.297179],[103.890575,1.29713],[103.890866,1.297097],[103.891186,1.297112],[103.891523,1.297157],[103.891787,1.297225],[103.892063,1.297317],[103.894822,1.298202],[103.89521,1.298415],[103.895714,1.298714],[103.895998,1.298846],[103.89631,1.298958],[103.896838,1.299069],[103.897416,1.299166],[103.897449,1.299172]]},"properties":{"line":"Thomson-East Coast Line","code":"TE","color":"#9D5B25","network":"mrt","year":2024,"from":"Katong Park","to":"Tanjong Katong","km":1.301}},{"type":"Feature","geometry":{"type":"LineString","coordinates":[[103.897449,1.299172],[103.898599,1.299364],[103.899028,1.299472],[103.899404,1.299614],[103.899797,1.299823],[103.900773,1.300485],[103.901001,1.300574],[103.90133,1.300688],[103.902139,1.300851],[103.90258,1.300996],[103.902813,1.301109],[103.903033,1.301243],[103.903586,1.30164],[103.904408,1.302228],[103.905672,1.303097],[103.90668,1.30379],[103.906913,1.303947]]},"properties":{"line":"Thomson-East Coast Line","code":"TE","color":"#9D5B25","network":"mrt","year":2024,"from":"Tanjong Katong","to":"Marine Parade","km":1.198}},{"type":"Feature","geometry":{"type":"LineString","coordinates":[[103.906913,1.303947],[103.907567,1.304386],[103.908736,1.305013],[103.910142,1.305637],[103.910478,1.305758],[103.91087,1.30585],[103.911323,1.305946],[103.912441,1.306192],[103.913216,1.306382],[103.914579,1.306717],[103.915008,1.306822]]},"properties":{"line":"Thomson-East Coast Line","code":"TE","color":"#9D5B25","network":"mrt","year":2024,"from":"Marine Parade","to":"Marine Terrace","km":0.964}},{"type":"Feature","geometry":{"type":"LineString","coordinates":[[103.915008,1.306822],[103.91592,1.307044],[103.916927,1.307289],[103.917382,1.30738],[103.918284,1.307546],[103.919818,1.307777],[103.920447,1.3079],[103.921249,1.308083],[103.922463,1.308361],[103.922753,1.308413],[103.923003,1.308451],[103.924291,1.3086],[103.924686,1.308667],[103.924998,1.308738],[103.926404,1.309125],[103.926805,1.309202],[103.927194,1.309265],[103.928256,1.309452],[103.928697,1.309563],[103.929422,1.309781],[103.929923,1.309931]]},"properties":{"line":"Thomson-East Coast Line","code":"TE","color":"#9D5B25","network":"mrt","year":2024,"from":"Marine Terrace","to":"Siglap","km":1.698}},{"type":"Feature","geometry":{"type":"LineString","coordinates":[[103.929923,1.309931],[103.930568,1.310125],[103.931326,1.310353],[103.931636,1.310418],[103.931892,1.310423],[103.932107,1.310417],[103.932251,1.310417],[103.932512,1.310399],[103.933034,1.310364],[103.933476,1.310353],[103.93373,1.310365],[103.933979,1.310395],[103.934155,1.310421],[103.934376,1.310475],[103.934555,1.310525],[103.934732,1.310586],[103.934957,1.310678],[103.935196,1.310797],[103.93559,1.311006],[103.935806,1.311118],[103.936007,1.31121],[103.93639,1.311358],[103.936608,1.31143],[103.937199,1.311608],[103.937851,1.311807],[103.940651,1.31268],[103.941839,1.313046],[103.942209,1.313159]]},"properties":{"line":"Thomson-East Coast Line","code":"TE","color":"#9D5B25","network":"mrt","year":2024,"from":"Siglap","to":"Bayshore","km":1.428}},{"type":"Feature","geometry":{"type":"LineString","coordinates":[[103.942209,1.313159],[103.944388,1.31383],[103.946786,1.314469],[103.946945,1.314562],[103.947203,1.314746],[103.947439,1.314961],[103.949096,1.316389]]},"properties":{"line":"Thomson-East Coast Line","code":"TE","color":"#9D5B25","network":"mrt","year":2026,"from":"Bayshore","to":"Bedok South","km":0.865}},{"type":"Feature","geometry":{"type":"LineString","coordinates":[[103.949096,1.316389],[103.949455,1.316699],[103.950925,1.317963],[103.951063,1.318058],[103.951276,1.318136],[103.953278,1.318696],[103.953559,1.3188],[103.955065,1.319442],[103.956031,1.31984],[103.956205,1.31995],[103.9564,1.319992],[103.956205,1.31995],[103.956031,1.31984],[103.957262,1.320348],[103.957276,1.320354]]},"properties":{"line":"Thomson-East Coast Line","code":"TE","color":"#9D5B25","network":"mrt","year":2026,"from":"Bedok South","to":"Sungei Bedok","km":1.116}},{"type":"Feature","geometry":{"type":"LineString","coordinates":[[103.753647,1.37668],[103.753918,1.376682],[103.754064,1.376707],[103.754213,1.376756],[103.754709,1.376953],[103.754831,1.376993],[103.755181,1.377067],[103.755381,1.377107],[103.75561,1.377181],[103.755841,1.3773],[103.756365,1.377673],[103.756814,1.377959],[103.757188,1.378191],[103.757696,1.378506],[103.757805,1.378559],[103.757991,1.37862],[103.758005,1.378625]]},"properties":{"line":"Bukit Panjang LRT","code":"BP","color":"#748477","network":"lrt","year":1999,"from":"Teck Whye","to":"Phoenix","km":0.539}},{"type":"Feature","geometry":{"type":"LineString","coordinates":[[103.758005,1.378625],[103.758748,1.378869],[103.759542,1.37918],[103.760078,1.379397],[103.760191,1.379444],[103.760332,1.379491],[103.760405,1.379505],[103.760481,1.37951],[103.760571,1.379504],[103.760645,1.379489],[103.76072,1.379466],[103.760789,1.37943],[103.760863,1.379383],[103.760922,1.379321],[103.760976,1.37925],[103.761163,1.378902]]},"properties":{"line":"Bukit Panjang LRT","code":"BP","color":"#748477","network":"lrt","year":2015,"from":"Phoenix","to":"Bukit Panjang","km":0.402}},{"type":"Feature","geometry":{"type":"LineString","coordinates":[[103.761163,1.378902],[103.76117,1.378888],[103.761209,1.378818],[103.761598,1.37805],[103.761664,1.377941],[103.761722,1.377874],[103.761803,1.377807],[103.761899,1.377754],[103.762007,1.377722],[103.762123,1.37771],[103.762247,1.37772],[103.7627,1.377829],[103.763081,1.37794],[103.763222,1.377975],[103.763848,1.378121],[103.763914,1.378143],[103.763977,1.378167],[103.764068,1.378222],[103.764131,1.378277],[103.764187,1.378346],[103.764236,1.378428],[103.764262,1.3785],[103.764278,1.378583],[103.764281,1.378627],[103.764282,1.378685],[103.764271,1.378777],[103.764262,1.378816],[103.764217,1.37893],[103.764121,1.379132],[103.764033,1.379316],[103.763749,1.379865],[103.763587,1.380184],[103.76336,1.380652],[103.763278,1.380851],[103.763177,1.381094],[103.763018,1.381427],[103.762916,1.381639],[103.762768,1.38194],[103.762583,1.382247],[103.762544,1.382311],[103.762472,1.38244],[103.762368,1.382672]]},"properties":{"line":"Bukit Panjang LRT","code":"BP","color":"#748477","network":"lrt","year":2015,"from":"Bukit Panjang","to":"Senja","km":0.957}},{"type":"Feature","geometry":{"type":"LineString","coordinates":[[103.762368,1.382672],[103.762366,1.382676],[103.762263,1.382871],[103.762216,1.38299],[103.762176,1.383136],[103.762156,1.383252],[103.762146,1.383363],[103.762143,1.383446],[103.762147,1.383563],[103.762171,1.383708],[103.762204,1.383852],[103.762269,1.384105],[103.762325,1.384315],[103.762386,1.384509],[103.762467,1.384708],[103.76254,1.384849],[103.762681,1.385075],[103.762788,1.385216],[103.762881,1.385324],[103.762978,1.385428],[103.763143,1.385574],[103.763292,1.385687],[103.763539,1.385848],[103.763795,1.386018],[103.763933,1.38611],[103.764009,1.386171],[103.764047,1.386205],[103.764109,1.386262],[103.764163,1.38632],[103.764346,1.386531],[103.764498,1.386706],[103.764499,1.386707]]},"properties":{"line":"Bukit Panjang LRT","code":"BP","color":"#748477","network":"lrt","year":1999,"from":"Senja","to":"Jelapang","km":0.558}},{"type":"Feature","geometry":{"type":"LineString","coordinates":[[103.764499,1.386707],[103.764625,1.386853],[103.764732,1.386971],[103.764904,1.38715],[103.765016,1.387269],[103.765225,1.387519],[103.76579,1.388245],[103.765877,1.388351],[103.765963,1.388442],[103.766099,1.388562],[103.766238,1.388659],[103.766356,1.388725],[103.766462,1.388774],[103.766568,1.388811],[103.766664,1.38884],[103.766781,1.388867],[103.766936,1.388887],[103.767041,1.38889],[103.767131,1.388888],[103.767259,1.388877],[103.767393,1.388854],[103.767525,1.388818],[103.767668,1.388766],[103.767868,1.388667],[103.76809,1.388548],[103.76853,1.388315],[103.768749,1.388217],[103.769103,1.388076],[103.769188,1.388035],[103.769268,1.387994],[103.769414,1.387906],[103.769586,1.387803],[103.76959,1.387801]]},"properties":{"line":"Bukit Panjang LRT","code":"BP","color":"#748477","network":"lrt","year":1999,"from":"Jelapang","to":"Segar","km":0.697}},{"type":"Feature","geometry":{"type":"LineString","coordinates":[[103.76959,1.387801],[103.769867,1.387632],[103.769952,1.387588],[103.770037,1.387548],[103.770174,1.387485],[103.770257,1.387445],[103.770408,1.387363],[103.770757,1.387147],[103.770854,1.387082],[103.770927,1.387025],[103.770989,1.386972],[103.771071,1.386899],[103.771111,1.38686],[103.771147,1.386821],[103.771185,1.386777],[103.771226,1.386726],[103.771284,1.386649],[103.771356,1.386543],[103.771571,1.386208],[103.771589,1.386168],[103.771607,1.386129],[103.77162,1.386088],[103.771631,1.386048],[103.771636,1.386023],[103.77164,1.385999],[103.771645,1.385948],[103.771646,1.38592],[103.771644,1.385892],[103.771643,1.385864],[103.77164,1.385836],[103.771632,1.385792],[103.771619,1.385741],[103.771601,1.385691],[103.771587,1.38566],[103.771568,1.385621],[103.771546,1.38558],[103.771475,1.38546],[103.771395,1.385325],[103.771298,1.385161],[103.77117,1.384946],[103.771096,1.38483],[103.771007,1.384713],[103.770891,1.384586],[103.770887,1.384582]]},"properties":{"line":"Bukit Panjang LRT","code":"BP","color":"#748477","network":"lrt","year":1999,"from":"Segar","to":"Fajar","km":0.496}},{"type":"Feature","geometry":{"type":"LineString","coordinates":[[103.770887,1.384582],[103.770763,1.384451],[103.770684,1.384365],[103.770605,1.384286],[103.770523,1.384218],[103.770468,1.384173],[103.770382,1.384116],[103.770159,1.38397],[103.770111,1.383935],[103.770075,1.383906],[103.770025,1.383865],[103.769982,1.383824],[103.76994,1.383781],[103.769903,1.38374],[103.769847,1.383671],[103.769796,1.383601],[103.769769,1.383559],[103.769728,1.383494],[103.769655,1.383375],[103.769528,1.383167],[103.769492,1.383104],[103.769465,1.383052],[103.769418,1.382939],[103.769381,1.382813],[103.769358,1.382685],[103.769351,1.382588],[103.769347,1.382459],[103.769344,1.382343],[103.769344,1.382253],[103.769347,1.382208],[103.769352,1.382166],[103.769363,1.382119],[103.76937,1.382094],[103.769379,1.382069],[103.769408,1.38201],[103.769452,1.381949],[103.7695,1.381904],[103.769564,1.381862],[103.769646,1.381829],[103.769713,1.381815],[103.76978,1.38181],[103.769913,1.38181],[103.770396,1.381824],[103.77054,1.381827],[103.770954,1.381834],[103.771357,1.381836],[103.771927,1.381846],[103.77217,1.381847],[103.772265,1.381837],[103.772354,1.381812],[103.772411,1.381787],[103.772463,1.381761],[103.772522,1.38172],[103.772559,1.381686],[103.772596,1.381649],[103.772638,1.381594],[103.77268,1.381523],[103.772706,1.381457],[103.772724,1.381399],[103.772738,1.381313],[103.772739,1.381232],[103.772732,1.381129],[103.772707,1.380935],[103.772677,1.380659],[103.772672,1.380578],[103.772667,1.380462],[103.772667,1.380041]]},"properties":{"line":"Bukit Panjang LRT","code":"BP","color":"#748477","network":"lrt","year":1999,"from":"Fajar","to":"Bangkit","km":0.907}},{"type":"Feature","geometry":{"type":"LineString","coordinates":[[103.772667,1.380041],[103.772667,1.380037],[103.772667,1.379816],[103.772666,1.379504],[103.772666,1.379336],[103.772667,1.379149],[103.772661,1.379035],[103.772651,1.378913],[103.772638,1.378817],[103.772619,1.378709],[103.772595,1.378609],[103.772567,1.378509],[103.772528,1.378387],[103.772499,1.378312],[103.772359,1.377969],[103.772238,1.377716],[103.772132,1.377541],[103.771724,1.376914],[103.771299,1.376161]]},"properties":{"line":"Bukit Panjang LRT","code":"BP","color":"#748477","network":"lrt","year":1999,"from":"Bangkit","to":"Pending","km":0.47}},{"type":"Feature","geometry":{"type":"LineString","coordinates":[[103.771299,1.376161],[103.771288,1.376142],[103.771051,1.375768],[103.770938,1.375617],[103.77086,1.375543],[103.770763,1.375482],[103.770656,1.375447],[103.77055,1.37543],[103.770455,1.37543],[103.770367,1.375436],[103.770201,1.375485],[103.767236,1.377315],[103.767174,1.377359],[103.767102,1.377416],[103.766839,1.377615],[103.766621,1.377752]]},"properties":{"line":"Bukit Panjang LRT","code":"BP","color":"#748477","network":"lrt","year":1999,"from":"Pending","to":"Petir","km":0.633}},{"type":"Feature","geometry":{"type":"LineString","coordinates":[[103.766621,1.377752],[103.766621,1.377753],[103.766489,1.377834],[103.766131,1.378055],[103.766054,1.378098],[103.766002,1.378124],[103.765946,1.378151],[103.765875,1.378181],[103.7658,1.378209],[103.765738,1.37823],[103.765674,1.378248],[103.765557,1.378275],[103.765411,1.378298],[103.765333,1.378304],[103.765255,1.378308],[103.76512,1.378307],[103.765038,1.378305],[103.764943,1.378303],[103.764896,1.378299],[103.764848,1.378294],[103.764721,1.378273],[103.764496,1.378232],[103.76442,1.378214],[103.764346,1.378194],[103.763928,1.378057],[103.763415,1.377928],[103.763394,1.377924],[103.763366,1.377923],[103.763337,1.377924],[103.763312,1.377928],[103.763286,1.377931],[103.76326,1.37793],[103.763226,1.377926],[103.763098,1.377895],[103.762632,1.377779],[103.762255,1.377695],[103.762124,1.377685],[103.761993,1.377702],[103.761883,1.377735],[103.761776,1.377797],[103.761705,1.377852],[103.761637,1.377931],[103.761426,1.378331],[103.761228,1.378712],[103.761134,1.378899],[103.76097,1.379216],[103.760896,1.379311],[103.760835,1.379366],[103.760757,1.379418],[103.760679,1.37945],[103.760625,1.379467],[103.760547,1.379482],[103.760469,1.379481],[103.760382,1.379469],[103.760305,1.379451],[103.760141,1.379391],[103.759431,1.379105],[103.75876,1.378837],[103.757998,1.378598],[103.757817,1.378541],[103.757708,1.378486],[103.757193,1.378166],[103.756826,1.377944],[103.756381,1.377651],[103.755831,1.377263],[103.755619,1.377153],[103.755378,1.377085],[103.755177,1.377038],[103.754838,1.37697],[103.75471,1.376924],[103.754229,1.376729],[103.754075,1.376675],[103.753921,1.376651],[103.753635,1.376651],[103.753488,1.376651],[103.753383,1.37666],[103.75327,1.376689],[103.74995,1.378194],[103.749481,1.378379],[103.749034,1.378578],[103.749014,1.378587]]},"properties":{"line":"Bukit Panjang LRT","code":"BP","color":"#748477","network":"lrt","year":1999,"from":"Petir","to":"Keat Hong","km":2.207}},{"type":"Feature","geometry":{"type":"LineString","coordinates":[[103.749014,1.378587],[103.748741,1.378708],[103.748559,1.378777],[103.748266,1.378865],[103.747989,1.378963],[103.746661,1.37958],[103.745879,1.379951],[103.745588,1.380119],[103.745279,1.380263]]},"properties":{"line":"Bukit Panjang LRT","code":"BP","color":"#748477","network":"lrt","year":1999,"from":"Keat Hong","to":"South View","km":0.456}},{"type":"Feature","geometry":{"type":"LineString","coordinates":[[103.745279,1.380263],[103.745279,1.380263],[103.745134,1.380331],[103.744424,1.380669],[103.744291,1.380757],[103.744183,1.380883],[103.74412,1.38102],[103.744101,1.381183],[103.744118,1.381326],[103.744221,1.381908],[103.744339,1.382622],[103.744406,1.382964],[103.744516,1.38358],[103.744528,1.383681],[103.744535,1.383778],[103.744536,1.383882],[103.744536,1.383953],[103.744513,1.384514],[103.744501,1.384708],[103.744499,1.384747]]},"properties":{"line":"Bukit Panjang LRT","code":"BP","color":"#748477","network":"lrt","year":1999,"from":"South View","to":"Choa Chu Kang","km":0.578}},{"type":"Feature","geometry":{"type":"LineString","coordinates":[[103.744499,1.384747],[103.744494,1.384844],[103.744569,1.38485],[103.744577,1.38471],[103.744611,1.384292],[103.744614,1.384254],[103.744618,1.384076],[103.744616,1.38392],[103.744608,1.383832],[103.744592,1.383723],[103.744429,1.382961],[103.744368,1.382621],[103.744244,1.381905],[103.744137,1.381325],[103.744123,1.381177],[103.74415,1.381028],[103.7442,1.380903],[103.744303,1.380778],[103.744427,1.380693],[103.745139,1.380356],[103.74529,1.380289],[103.745603,1.380149],[103.745893,1.37998],[103.746677,1.379605],[103.747998,1.378999],[103.748276,1.378895],[103.748575,1.378806],[103.748758,1.378737],[103.749044,1.378613],[103.749499,1.378415],[103.749962,1.37822],[103.753277,1.376717],[103.753388,1.376689],[103.753487,1.376679],[103.753633,1.37668],[103.753647,1.37668]]},"properties":{"line":"Bukit Panjang LRT","code":"BP","color":"#748477","network":"lrt","year":1999,"from":"Choa Chu Kang","to":"Teck Whye","km":1.622}},{"type":"Feature","geometry":{"type":"LineString","coordinates":[[103.895374,1.391734],[103.89539,1.391786],[103.895791,1.392855],[103.895814,1.392902],[103.896127,1.393618],[103.896346,1.394047],[103.896534,1.39441],[103.896766,1.394898],[103.896896,1.395085],[103.89707,1.39522],[103.897248,1.395293],[103.897409,1.39533],[103.897601,1.395326],[103.897906,1.39526],[103.899215,1.394958],[103.899786,1.394805],[103.90025,1.394637],[103.900269,1.394631],[103.900286,1.394624],[103.900451,1.394563]]},"properties":{"line":"Sengkang LRT East Loop","code":"SE","color":"#748477","network":"lrt","year":2003,"from":"Sengkang","to":"Compassvale","km":0.825}},{"type":"Feature","geometry":{"type":"LineString","coordinates":[[103.900451,1.394563],[103.900452,1.394562],[103.900637,1.394494],[103.900848,1.394424],[103.90129,1.394238],[103.901745,1.394046],[103.903201,1.393507],[103.903507,1.393361],[103.90411,1.393046],[103.90462,1.392729],[103.905085,1.392385],[103.905539,1.392021],[103.906018,1.391518]]},"properties":{"line":"Sengkang LRT East Loop","code":"SE","color":"#748477","network":"lrt","year":2003,"from":"Compassvale","to":"Rumbia","km":0.715}},{"type":"Feature","geometry":{"type":"LineString","coordinates":[[103.906018,1.391518],[103.90603,1.391505],[103.906348,1.391171],[103.90666,1.390704],[103.906758,1.390496],[103.906827,1.390293],[103.906857,1.390072],[103.906849,1.389868],[103.906797,1.389635],[103.906703,1.389426],[103.906575,1.389209],[103.905388,1.38808],[103.905368,1.388061]]},"properties":{"line":"Sengkang LRT East Loop","code":"SE","color":"#748477","network":"lrt","year":2003,"from":"Rumbia","to":"Bakau","km":0.478}},{"type":"Feature","geometry":{"type":"LineString","coordinates":[[103.905368,1.388061],[103.904023,1.386781],[103.903747,1.386479],[103.90332,1.38593],[103.902961,1.385289],[103.90232,1.384058],[103.90225,1.383926],[103.902242,1.38391]]},"properties":{"line":"Sengkang LRT East Loop","code":"SE","color":"#748477","network":"lrt","year":2003,"from":"Bakau","to":"Kangkar","km":0.585}},{"type":"Feature","geometry":{"type":"LineString","coordinates":[[103.902242,1.38391],[103.902156,1.383748],[103.901998,1.383429],[103.901932,1.383245],[103.901893,1.383052],[103.901842,1.382499],[103.901767,1.382049],[103.901714,1.381892],[103.90162,1.381745],[103.901496,1.381611],[103.901374,1.381524],[103.901251,1.381473],[103.901115,1.381445],[103.900958,1.381441],[103.900785,1.38147],[103.900339,1.381595],[103.900046,1.381714],[103.899827,1.381834],[103.899617,1.381994],[103.898351,1.383074],[103.89792,1.383439],[103.897493,1.383859],[103.897334,1.384019]]},"properties":{"line":"Sengkang LRT East Loop","code":"SE","color":"#748477","network":"lrt","year":2003,"from":"Kangkar","to":"Ranggung","km":0.842}},{"type":"Feature","geometry":{"type":"LineString","coordinates":[[103.897334,1.384019],[103.89733,1.384022],[103.896983,1.38437],[103.896582,1.384853],[103.895799,1.385696],[103.89561,1.385868],[103.895388,1.386043],[103.895068,1.386236],[103.894708,1.386408],[103.894373,1.386554],[103.894215,1.386642],[103.894102,1.386746],[103.894017,1.386886],[103.893964,1.387051],[103.893954,1.387191],[103.893976,1.387334],[103.894041,1.38753],[103.894041,1.38753],[103.89441,1.388751],[103.894582,1.389268],[103.894799,1.389939],[103.895303,1.391512],[103.895374,1.391734]]},"properties":{"line":"Sengkang LRT East Loop","code":"SE","color":"#748477","network":"lrt","year":2003,"from":"Ranggung","to":"Sengkang","km":1.06}},{"type":"Feature","geometry":{"type":"LineString","coordinates":[[103.890519,1.386678],[103.890518,1.386678],[103.889785,1.386894],[103.889561,1.386981],[103.889224,1.387191],[103.88831,1.387779],[103.887868,1.38806],[103.887467,1.388341],[103.886773,1.388773],[103.886196,1.389112],[103.885803,1.389364],[103.8858,1.389366]]},"properties":{"line":"Sengkang LRT West Loop","code":"SW","color":"#748477","network":"lrt","year":2005,"from":"Renjong","to":"Tongkang","km":0.608}},{"type":"Feature","geometry":{"type":"LineString","coordinates":[[103.8858,1.389366],[103.885459,1.389586],[103.884887,1.389976],[103.883963,1.390554],[103.88367,1.390739],[103.883379,1.390923],[103.882452,1.391511],[103.882182,1.391665],[103.882149,1.391684],[103.881826,1.391825],[103.881191,1.392029],[103.880953,1.392076],[103.880767,1.392086],[103.880032,1.392073]]},"properties":{"line":"Sengkang LRT West Loop","code":"SW","color":"#748477","network":"lrt","year":2005,"from":"Tongkang","to":"Layar","km":0.724}},{"type":"Feature","geometry":{"type":"LineString","coordinates":[[103.880032,1.392073],[103.880009,1.392072],[103.879831,1.392069],[103.879621,1.392069],[103.879458,1.39205],[103.879261,1.392007],[103.879068,1.391937],[103.877598,1.391365],[103.877338,1.391271],[103.877195,1.391234],[103.877047,1.391225],[103.876903,1.391249],[103.87676,1.391306],[103.876661,1.391364],[103.876552,1.391467],[103.876468,1.391572],[103.876345,1.391773],[103.876266,1.391895]]},"properties":{"line":"Sengkang LRT West Loop","code":"SW","color":"#748477","network":"lrt","year":2005,"from":"Layar","to":"Fernvale","km":0.469}},{"type":"Feature","geometry":{"type":"LineString","coordinates":[[103.876266,1.391895],[103.876265,1.391897],[103.876021,1.392274],[103.875837,1.392616],[103.875788,1.392776],[103.87577,1.392958],[103.875789,1.393397],[103.875871,1.39423],[103.875862,1.394556],[103.8758,1.394908],[103.875722,1.395196],[103.875579,1.395712],[103.875534,1.39594],[103.875521,1.396065],[103.87551,1.396177],[103.87551,1.396385],[103.875548,1.396902],[103.875584,1.397337]]},"properties":{"line":"Sengkang LRT West Loop","code":"SW","color":"#748477","network":"lrt","year":2005,"from":"Fernvale","to":"Thanggam","km":0.625}},{"type":"Feature","geometry":{"type":"LineString","coordinates":[[103.875584,1.397337],[103.875585,1.397354],[103.875635,1.397956],[103.875664,1.398124],[103.875758,1.398368],[103.875882,1.398523],[103.876067,1.398632],[103.876301,1.398678],[103.876512,1.39867],[103.878532,1.398477],[103.879966,1.398347],[103.880777,1.398331],[103.881247,1.398281],[103.881254,1.398281]]},"properties":{"line":"Sengkang LRT West Loop","code":"SW","color":"#748477","network":"lrt","year":2005,"from":"Thanggam","to":"Kupang","km":0.743}},{"type":"Feature","geometry":{"type":"LineString","coordinates":[[103.881254,1.398281],[103.881909,1.398212],[103.882618,1.398081],[103.882643,1.398076],[103.884243,1.397883],[103.884339,1.397871],[103.884413,1.397862],[103.885036,1.397805],[103.8865,1.397597],[103.886991,1.397526],[103.888034,1.397376],[103.888779,1.397308],[103.889227,1.397246],[103.889231,1.397245]]},"properties":{"line":"Sengkang LRT West Loop","code":"SW","color":"#748477","network":"lrt","year":2005,"from":"Kupang","to":"Farmway","km":0.895}},{"type":"Feature","geometry":{"type":"LineString","coordinates":[[103.889231,1.397245],[103.890016,1.397135],[103.890588,1.397041],[103.891532,1.396927],[103.892112,1.396818],[103.892833,1.39663],[103.893135,1.396554],[103.893399,1.396486],[103.893804,1.396356],[103.89381,1.396354]]},"properties":{"line":"Sengkang LRT West Loop","code":"SW","color":"#748477","network":"lrt","year":2005,"from":"Farmway","to":"Cheng Lim","km":0.52}},{"type":"Feature","geometry":{"type":"LineString","coordinates":[[103.89381,1.396354],[103.894026,1.396285],[103.894329,1.396184],[103.895286,1.395895],[103.896309,1.395663],[103.896476,1.395608],[103.896615,1.395487],[103.896715,1.395353],[103.896785,1.395182],[103.896811,1.39504],[103.896799,1.394885],[103.896763,1.39473],[103.896601,1.394413],[103.896199,1.393583],[103.896118,1.393415],[103.895998,1.393236],[103.895998,1.393236],[103.895838,1.392869],[103.895509,1.391743],[103.895419,1.391476],[103.895192,1.3908],[103.894839,1.389916],[103.89457,1.38905],[103.894483,1.388764],[103.894456,1.388574],[103.894427,1.388418],[103.894273,1.387983],[103.894102,1.387439],[103.894053,1.387287],[103.893961,1.387083],[103.893885,1.386962],[103.8938,1.386873],[103.893668,1.386767],[103.893513,1.386705],[103.893385,1.386679],[103.893258,1.386672],[103.892951,1.386665],[103.892205,1.38658],[103.891595,1.386553],[103.891244,1.386546],[103.891054,1.386547],[103.890935,1.386561],[103.890519,1.386678]]},"properties":{"line":"Sengkang LRT West Loop","code":"SW","color":"#748477","network":"lrt","year":2005,"from":"Cheng Lim","to":"Renjong","km":1.732}},{"type":"Feature","geometry":{"type":"LineString","coordinates":[[103.902431,1.405499],[103.902491,1.405607],[103.902777,1.405971],[103.903008,1.40639],[103.903052,1.406548],[103.903102,1.406672],[103.903429,1.407259],[103.903581,1.407533],[103.90367,1.407704],[103.903769,1.407822],[103.903866,1.407922],[103.903961,1.407983],[103.904038,1.408028],[103.904153,1.408068],[103.904265,1.408084],[103.904337,1.408086],[103.904451,1.408074],[103.904541,1.408045],[103.904646,1.408003],[103.904773,1.407926],[103.906292,1.406864],[103.907509,1.406064],[103.90817,1.405614],[103.908644,1.405278]]},"properties":{"line":"Punggol LRT East Loop","code":"PE","color":"#748477","network":"lrt","year":2005,"from":"Punggol","to":"Damai","km":0.947}},{"type":"Feature","geometry":{"type":"LineString","coordinates":[[103.908644,1.405278],[103.908651,1.405273],[103.908817,1.405155],[103.910489,1.403928],[103.911266,1.403355],[103.911683,1.403058],[103.912093,1.402773],[103.912753,1.402317]]},"properties":{"line":"Punggol LRT East Loop","code":"PE","color":"#748477","network":"lrt","year":2005,"from":"Damai","to":"Oasis","km":0.564}},{"type":"Feature","geometry":{"type":"LineString","coordinates":[[103.912753,1.402317],[103.912764,1.40231],[103.913025,1.40213],[103.913274,1.401944],[103.913691,1.401615],[103.915218,1.40052],[103.915917,1.400033],[103.916535,1.399586]]},"properties":{"line":"Punggol LRT East Loop","code":"PE","color":"#748477","network":"lrt","year":2005,"from":"Oasis","to":"Kadaloor","km":0.519}},{"type":"Feature","geometry":{"type":"LineString","coordinates":[[103.916535,1.399586],[103.916537,1.399585],[103.916861,1.399351],[103.917282,1.399016],[103.917815,1.398627],[103.917947,1.398504],[103.918061,1.398374],[103.918148,1.398248],[103.918194,1.398135],[103.918222,1.398033],[103.918247,1.397919],[103.918252,1.397803],[103.918244,1.397696],[103.91822,1.397542],[103.918176,1.397396],[103.918052,1.397158],[103.916943,1.39561],[103.916547,1.395031],[103.916296,1.394647],[103.916195,1.394512]]},"properties":{"line":"Punggol LRT East Loop","code":"PE","color":"#748477","network":"lrt","year":2005,"from":"Kadaloor","to":"Riviera","km":0.722}},{"type":"Feature","geometry":{"type":"LineString","coordinates":[[103.916195,1.394512],[103.916188,1.394503],[103.915916,1.394137],[103.915697,1.393867],[103.915175,1.393158],[103.915114,1.393087],[103.915058,1.393029],[103.914961,1.392941],[103.914856,1.392867],[103.914694,1.392785],[103.914496,1.392735],[103.914322,1.392728],[103.914153,1.392751],[103.913997,1.392804],[103.913777,1.39292],[103.913657,1.393013],[103.913236,1.39336],[103.912931,1.393577],[103.91264,1.393817]]},"properties":{"line":"Punggol LRT East Loop","code":"PE","color":"#748477","network":"lrt","year":2005,"from":"Riviera","to":"Coral Edge","km":0.526}},{"type":"Feature","geometry":{"type":"LineString","coordinates":[[103.91264,1.393817],[103.912633,1.393822],[103.912257,1.394132],[103.910899,1.395244],[103.910066,1.395908],[103.908859,1.396908]]},"properties":{"line":"Punggol LRT East Loop","code":"PE","color":"#748477","network":"lrt","year":2005,"from":"Coral Edge","to":"Meridian","km":0.544}},{"type":"Feature","geometry":{"type":"LineString","coordinates":[[103.908859,1.396908],[103.908856,1.39691],[103.908373,1.39731],[103.908011,1.397623],[103.906883,1.398563],[103.906245,1.399066],[103.905766,1.399411]]},"properties":{"line":"Punggol LRT East Loop","code":"PE","color":"#748477","network":"lrt","year":2005,"from":"Meridian","to":"Cove","km":0.443}},{"type":"Feature","geometry":{"type":"LineString","coordinates":[[103.905766,1.399411],[103.905743,1.399428],[103.905241,1.39979],[103.90501,1.399955],[103.903826,1.400545],[103.902199,1.40136],[103.901848,1.401527],[103.901537,1.401678],[103.901319,1.401787],[103.901158,1.401916],[103.901071,1.402033],[103.901008,1.402151],[103.900972,1.402273],[103.900958,1.402403],[103.900963,1.402511],[103.900995,1.402662],[103.901036,1.402775],[103.901674,1.403942],[103.901911,1.404377],[103.901991,1.404577],[103.902101,1.404907],[103.902307,1.405277],[103.902307,1.405277],[103.902431,1.405499]]},"properties":{"line":"Punggol LRT East Loop","code":"PE","color":"#748477","network":"lrt","year":2005,"from":"Cove","to":"Punggol","km":1.029}},{"type":"Feature","geometry":{"type":"LineString","coordinates":[[103.897212,1.40535],[103.897343,1.405754],[103.897429,1.406028],[103.897631,1.406509],[103.897927,1.407224],[103.898079,1.407618],[103.898526,1.408481]]},"properties":{"line":"Punggol LRT West Loop","code":"PW","color":"#748477","network":"lrt","year":2014,"from":"Soo Teck","to":"Sumang","km":0.379}},{"type":"Feature","geometry":{"type":"LineString","coordinates":[[103.898526,1.408481],[103.898539,1.408506],[103.898663,1.408746],[103.899012,1.409317],[103.899756,1.410731],[103.899916,1.411123],[103.900317,1.41188]]},"properties":{"line":"Punggol LRT West Loop","code":"PW","color":"#748477","network":"lrt","year":2014,"from":"Sumang","to":"Nibong","km":0.428}},{"type":"Feature","geometry":{"type":"LineString","coordinates":[[103.900317,1.41188],[103.90033,1.411906],[103.900481,1.41219],[103.900691,1.412534],[103.900782,1.412724],[103.900839,1.412843],[103.901518,1.415063],[103.901593,1.415244],[103.901647,1.415345],[103.901728,1.415459],[103.902111,1.415914]]},"properties":{"line":"Punggol LRT West Loop","code":"PW","color":"#748477","network":"lrt","year":2017,"from":"Nibong","to":"Samudera","km":0.497}},{"type":"Feature","geometry":{"type":"LineString","coordinates":[[103.902111,1.415914],[103.902146,1.415955],[103.902422,1.41626],[103.902598,1.416421],[103.902729,1.416508],[103.903413,1.416947],[103.903815,1.417183],[103.904058,1.417311],[103.904304,1.417414],[103.904571,1.417479],[103.904857,1.417512],[103.905063,1.4175],[103.905322,1.417454],[103.905543,1.41739],[103.905763,1.417313],[103.906009,1.417217],[103.906124,1.417163],[103.906227,1.417113],[103.906408,1.41702],[103.906491,1.416986],[103.906671,1.41689]]},"properties":{"line":"Punggol LRT West Loop","code":"PW","color":"#748477","network":"lrt","year":2017,"from":"Samudera","to":"Punggol Point","km":0.576}},{"type":"Feature","geometry":{"type":"LineString","coordinates":[[103.906671,1.41689],[103.906679,1.416886],[103.906802,1.416821],[103.907058,1.416701],[103.907207,1.416582],[103.907414,1.416371],[103.907552,1.416204],[103.90767,1.416017],[103.907736,1.415838],[103.907774,1.415714],[103.907806,1.415495],[103.907808,1.415191],[103.907732,1.414917],[103.907593,1.414526],[103.906993,1.413442],[103.906687,1.412886],[103.906619,1.412765]]},"properties":{"line":"Punggol LRT West Loop","code":"PW","color":"#748477","network":"lrt","year":2016,"from":"Punggol Point","to":"Teck Lee","km":0.547}},{"type":"Feature","geometry":{"type":"LineString","coordinates":[[103.906619,1.412765],[103.906605,1.41274],[103.906389,1.412356],[103.905888,1.411445],[103.905031,1.409886],[103.904929,1.409702],[103.904925,1.409694]]},"properties":{"line":"Punggol LRT West Loop","code":"PW","color":"#748477","network":"lrt","year":2016,"from":"Teck Lee","to":"Sam Kee","km":0.39}},{"type":"Feature","geometry":{"type":"LineString","coordinates":[[103.904925,1.409694],[103.904613,1.409129],[103.903864,1.407769],[103.903429,1.406969],[103.902843,1.405902],[103.902715,1.405471],[103.902506,1.40509],[103.902506,1.40509],[103.90233,1.40477],[103.902107,1.404496],[103.901995,1.404334],[103.901753,1.403917],[103.901693,1.40369],[103.901652,1.403593],[103.901151,1.402691],[103.900889,1.402396],[103.900767,1.402277],[103.900621,1.402194],[103.900458,1.402144],[103.900341,1.402137],[103.900188,1.40215],[103.89999,1.402209],[103.899635,1.402342],[103.89857,1.402728],[103.897709,1.403025],[103.897361,1.403139],[103.897159,1.40325],[103.897016,1.403382],[103.896898,1.40357],[103.896846,1.403757],[103.896842,1.403946],[103.89687,1.40412],[103.897208,1.405336],[103.897212,1.40535]]},"properties":{"line":"Punggol LRT West Loop","code":"PW","color":"#748477","network":"lrt","year":2016,"from":"Sam Kee","to":"Soo Teck","km":1.629}}]}