yr,date,st,mag,inj,fat,lat,lon,len,wid
1950,1950-10-09,NC,3,3,0,34.17,-78.6,2.0,880
1950,1950-11-20,KY,2,0,0,37.37,-87.2,0.1,10
1950,1950-11-04,PA,3,1,0,40.2,-76.12,15.9,100
1950,1950-12-02,IL,2,3,1,38.97,-90.05,18.8,50
1950,1950-12-02,IL,3,25,2,38.75,-89.67,18.0,200
1950,1950-12-02,AR,3,0,0,36.12,-91.83,7.8,10
1950,1950-01-13,AR,3,1,1,34.4,-94.37,0.6,17
1950,1950-01-25,MO,2,5,0,37.6,-90.68,2.3,300
1950,1950-01-25,IL,2,0,0,41.17,-87.33,0.1,100
1950,1950-01-26,TX,2,2,0,26.88,-98.12,4.7,133
1950,1950-01-03,MO,3,3,0,38.77,-90.22,9.5,150
1950,1950-01-03,IL,3,3,0,39.1,-89.3,3.6,130
1950,1950-02-11,TX,2,0,0,29.42,-95.25,9.9,400
1950,1950-02-11,TX,3,12,1,29.67,-95.05,12.0,1000
1950,1950-02-11,TX,2,5,0,32.35,-95.2,4.6,100
1950,1950-02-11,TX,2,6,0,32.98,-94.63,4.5,67
1950,1950-02-12,TX,2,8,1,33.33,-94.42,8.0,833
1950,1950-02-12,TX,2,0,0,31.52,-96.55,3.4,100
1950,1950-02-12,MS,2,2,3,34.6,-89.12,0.1,10
1950,1950-02-12,TX,3,15,3,31.8,-94.2,1.9,50
1950,1950-02-12,AR,2,0,0,34.48,-92.4,0.1,100
1950,1950-02-12,LA,4,77,18,31.97,-94.0,82.6,100
1950,1950-02-12,LA,2,10,5,32.2,-93.58,58.4,100
1950,1950-02-12,LA,3,25,5,31.63,-93.65,74.5,100
1950,1950-02-12,AR,2,0,0,33.27,-92.95,5.7,100
1950,1950-02-13,TN,2,1,9,35.75,-89.48,0.2,10
1950,1950-02-27,OK,2,0,0,35.55,-97.6,2.0,50
1950,1950-03-16,FL,2,0,0,29.65,-81.22,1.5,150
1950,1950-03-19,LA,2,0,0,30.1,-91.0,1.0,50
1950,1950-03-26,AR,2,3,0,34.12,-93.07,17.4,150
1950,1950-03-26,AR,3,1,0,36.15,-91.83,5.7,200
1950,1950-03-26,AR,2,7,0,34.7,-92.35,10.4,600
1950,1950-03-26,AR,3,20,0,34.98,-91.73,14.9,1760
1950,1950-03-26,AR,2,2,0,35.1,-91.4,5.4,833
1950,1950-03-27,OK,2,0,0,34.85,-95.75,0.1,77
1950,1950-03-27,MS,2,2,1,33.17,-90.55,0.1,10
1950,1950-03-27,MS,2,0,0,33.13,-89.57,11.9,10
1950,1950-03-27,MS,2,7,0,32.28,-90.27,59.3,50
1950,1950-03-27,MS,2,6,0,32.28,-90.27,31.9,50
1950,1950-03-27,MS,2,0,0,33.67,-88.78,4.7,10
1950,1950-03-27,IL,2,0,0,40.57,-88.6,3.0,50
1950,1950-04-18,AL,3,15,0,30.67,-88.2,14.0,100
1950,1950-04-18,AL,2,0,0,30.7,-87.92,2.0,150
1950,1950-04-28,OK,3,1,1,34.88,-99.28,20.8,400
1950,1950-04-28,TX,4,5,5,32.42,-99.5,1.3,233
1950,1950-04-28,OK,4,32,5,35.08,-96.4,4.5,200
1950,1950-04-28,OK,2,0,0,34.55,-96.2,0.8,100
1950,1950-04-29,MS,2,0,0,31.27,-89.83,11.3,100
1950,1950-04-02,AR,3,8,1,35.75,-91.22,2.5,10
1950,1950-04-02,OK,2,0,0,35.82,-97.02,1.0,100
1950,1950-05-10,WY,2,0,0,41.18,-110.42,2.0,33
1950,1950-05-14,NC,2,5,0,35.0,-80.68,2.0,10
1950,1950-05-15,TX,2,0,0,29.78,-98.83,18.0,10
1950,1950-05-15,FL,2,0,0,28.5,-81.37,0.1,10
1950,1950-05-16,KS,2,0,0,37.55,-98.42,0.2,200
1950,1950-05-18,KS,3,2,0,38.12,-96.82,14.9,100
1950,1950-05-24,KS,2,1,0,37.27,-99.48,3.6,77
1950,1950-05-24,OK,2,2,0,36.45,-99.03,1.0,33
1950,1950-05-01,LA,2,7,0,31.55,-92.9,3.6,100
1950,1950-05-02,LA,2,5,1,31.55,-91.97,2.0,100
1950,1950-05-04,TX,2,13,1,36.4,-100.8,1.9,50
1950,1950-05-04,OK,2,0,0,35.25,-99.55,5.6,293
1950,1950-05-04,OK,2,0,0,36.57,-99.57,1.0,100
1950,1950-05-04,KS,4,1,0,38.03,-99.12,34.3,150
1950,1950-05-05,KS,3,12,0,39.62,-95.62,17.3,440
1950,1950-05-07,OK,2,3,0,36.12,-97.83,4.3,10
1950,1950-05-08,KS,2,0,0,39.35,-98.48,12.6,660
1950,1950-05-08,KS,2,1,0,39.57,-98.3,6.8,10
1950,1950-05-08,IA,2,0,0,41.03,-95.27,0.1,200
1950,1950-05-08,KS,2,2,0,39.23,-98.95,19.6,440
1950,1950-05-08,NE,2,1,0,40.38,-95.8,8.8,467
1950,1950-06-13,ND,3,0,0,46.8,-97.92,2.0,10
1950,1950-06-13,NE,2,101,0,42.6,-97.88,4.1,10
1950,1950-06-14,ND,3,0,0,48.92,-103.77,23.7,10
1950,1950-06-15,MN,2,4,0,46.58,-96.33,4.6,67
1950,1950-06-15,IA,3,5,0,41.98,-93.6,5.6,300
1950,1950-06-25,WI,2,0,0,45.57,-90.3,8.4,10
1950,1950-06-25,WI,2,0,1,44.83,-90.35,7.8,17
1950,1950-06-25,WI,4,12,2,45.58,-89.58,13.1,880
1950,1950-06-25,WI,3,0,0,43.95,-88.95,0.1,300
1950,1950-06-03,MS,3,1,2,33.08,-89.58,2.0,50
1950,1950-06-05,TX,3,6,0,30.18,-96.4,23.9,67
1950,1950-06-08,KS,4,5,1,38.33,-97.93,17.1,700
1950,1950-07-12,CT,2,0,0,41.57,-72.57,10.0,10
1950,1950-07-14,CT,2,3,0,41.27,-73.5,5.0,100
1950,1950-07-15,NE,4,33,0,41.8,-96.6,10.0,440
1950,1950-07-19,OH,2,0,0,40.8,-84.62,0.1,200
1950,1950-07-19,OH,3,30,0,40.72,-84.08,9.7,300
1950,1950-07-19,IN,2,0,0,41.07,-85.08,1.1,100
1950,1950-07-01,KS,2,0,0,38.7,-97.08,0.1,10
1950,1950-07-01,IA,2,0,0,42.45,-91.92,14.0,10
1950,1950-07-02,KS,2,0,0,38.47,-100.88,1.0,90
1950,1950-07-05,PA,2,2,0,40.58,-75.7,12.9,10
1950,1950-07-05,PA,2,0,0,40.6,-76.75,0.1,13
1950,1950-08-24,AR,2,7,0,34.4,-91.43,3.6,200
1950,1950-08-05,CO,2,1,0,40.73,-102.55,0.1,10
1950,1950-08-06,KS,2,0,0,37.97,-100.77,0.1,10
1950,1950-08-06,KS,2,0,0,39.13,-100.63,8.7,10
1950,1950-09-15,OK,2,6,0,35.0,-96.25,6.8,100
1951,1951-10-23,AR,2,4,0,35.0,-93.5,0.1,10
1951,1951-11-13,IL,2,0,0,40.2,-89.72,47.4,50
1951,1951-11-13,MO,3,1,0,36.62,-89.75,1.0,27
1951,1951-11-13,IL,2,7,0,37.9,-89.53,7.1,250
1951,1951-11-13,IN,2,0,0,41.6,-87.33,0.3,400
1951,1951-11-13,KY,3,11,1,37.02,-88.33,2.0,10
1951,1951-11-14,TN,2,0,0,35.22,-87.03,0.2,10
1951,1951-11-15,AL,2,2,0,34.2,-86.7,0.1,150
1951,1951-11-15,AL,2,6,0,34.83,-87.8,1.5,177
1951,1951-11-16,AL,2,1,0,34.08,-86.52,1.5,10
1951,1951-12-18,MA,2,0,0,41.37,-70.53,0.1,10
1951,1951-12-18,FL,2,0,0,27.75,-81.8,0.1,150
1951,1951-12-18,FL,2,0,0,27.78,-81.53,0.1,10
1951,1951-12-06,IL,3,1,1,41.33,-89.18,21.9,150
1951,1951-01-11,CA,2,0,0,37.37,-122.12,5.7,10
1951,1951-01-06,LA,3,11,0,31.3,-92.47,16.8,317
1951,1951-02-19,OK,2,5,0,35.27,-98.18,43.9,20
1951,1951-02-20,AR,2,3,0,34.6,-92.02,112.8,333
1951,1951-02-20,MS,3,1,1,33.45,-88.87,0.1,10
1951,1951-02-20,AL,2,2,0,33.67,-87.7,0.1,123
1951,1951-02-20,KY,2,0,0,38.27,-85.05,0.1,73
1951,1951-03-12,FL,2,0,0,27.1,-82.48,2.0,77
1951,1951-03-29,IN,2,2,0,39.78,-85.77,3.0,400
1951,1951-03-02,KS,3,0,0,39.43,-98.55,38.1,10
1951,1951-04-20,TX,2,0,0,33.92,-98.45,1.5,17
1951,1951-04-21,MS,3,16,2,31.68,-89.25,33.5,10
1951,1951-04-28,OH,2,5,0,41.0,-83.67,15.2,10
1951,1951-04-30,KS,3,0,0,37.63,-98.75,12.8,440
1951,1951-04-30,OK,3,0,0,35.43,-97.58,7.4,200
1951,1951-04-30,OK,2,0,0,35.5,-97.58,1.5,200
1951,1951-04-05,OK,2,0,0,35.32,-97.55,5.7,127
1951,1951-04-05,OK,2,2,0,35.23,-97.72,0.2,100
1951,1951-04-05,OK,2,2,0,36.53,-98.92,3.6,33
1951,1951-05-11,PA,2,1,0,40.12,-79.12,8.0,10
1951,1951-05-14,KS,2,0,0,39.37,-101.37,0.1,10
1951,1951-05-14,OK,2,0,0,36.9,-101.9,0.1,10
1951,1951-05-14,OK,2,0,0,36.87,-101.9,0.1,10
1951,1951-05-14,KS,2,0,0,37.0,-101.9,0.1,10
1951,1951-05-14,KS,3,4,0,39.78,-101.33,0.1,10
1951,1951-05-18,TX,4,100,2,33.42,-98.75,2.0,200
1951,1951-05-19,OK,2,0,0,36.0,-98.95,2.0,67
1951,1951-05-20,KS,3,0,0,37.9,-101.2,12.8,900
1951,1951-05-20,KS,2,0,0,37.97,-101.25,1.0,10
1951,1951-05-20,KS,3,0,0,39.78,-101.38,0.1,10
1951,1951-05-21,KS,2,0,0,39.03,-96.97,0.1,10
1951,1951-05-23,GA,2,0,0,31.3,-83.83,9.2,50
1951,1951-05-25,KS,3,0,1,39.27,-97.18,4.1,440
1951,1951-05-25,KS,2,0,0,39.93,-97.43,0.1,10
1951,1951-05-30,NE,2,7,0,41.9,-103.5,19.7,10
1951,1951-05-31,KS,2,0,0,39.37,-95.4,3.0,440
1951,1951-05-03,MI,2,0,0,42.7,-84.05,2.3,150
1951,1951-05-09,TX,2,0,0,33.93,-98.68,4.9,33
1951,1951-05-09,OK,2,1,0,34.0,-96.6,14.8,100
1951,1951-06-13,VA,2,12,0,37.55,-77.48,4.1,350
1951,1951-06-16,TX,2,0,0,32.45,-97.42,14.5,20
1951,1951-06-18,CO,2,0,0,38.15,-103.97,29.9,10
1951,1951-06-19,MN,4,20,1,44.88,-94.37,52.6,330
1951,1951-06-19,WI,2,0,0,43.62,-88.5,1.0,467
1951,1951-06-20,KS,2,0,0,38.47,-101.37,48.6,10
1951,1951-06-21,IN,3,4,0,41.12,-86.48,5.4,1760
1951,1951-06-21,KS,2,0,0,38.53,-99.32,0.1,10
1951,1951-06-22,OH,2,0,0,41.42,-81.85,1.0,100
1951,1951-06-23,KS,2,5,1,37.18,-101.35,0.1,10
1951,1951-06-25,MN,2,0,0,43.57,-94.77,14.2,10
1951,1951-06-25,NE,2,1,0,41.1,-103.05,10.4,57
1951,1951-06-25,IA,2,8,0,43.22,-93.8,0.8,500
1951,1951-06-27,KS,4,100,5,39.03,-99.88,0.8,300
1951,1951-06-27,IL,3,35,0,39.95,-89.17,9.6,300
1951,1951-06-27,IL,3,15,1,40.27,-89.47,18.2,200
1951,1951-06-27,PA,2,0,0,40.58,-79.25,19.7,10
1951,1951-06-01,IA,3,7,0,42.07,-92.92,1.5,880
1951,1951-06-05,OK,2,0,0,36.53,-101.8,0.1,10
1951,1951-06-06,CO,2,1,0,38.73,-103.58,4.7,217
1951,1951-06-06,KS,2,3,0,37.58,-101.33,0.1,10
1951,1951-06-06,KS,3,3,0,37.58,-101.37,44.8,10
1951,1951-06-06,TX,3,12,0,35.43,-101.18,10.4,100
1951,1951-06-06,TX,2,0,0,34.43,-100.2,3.6,1760
1951,1951-06-06,OK,2,0,0,34.7,-97.7,3.8,450
1951,1951-06-07,OK,2,0,0,34.5,-99.0,0.5,100
1951,1951-06-07,OK,2,1,0,35.57,-95.27,0.1,10
1951,1951-06-08,AL,2,2,0,34.97,-86.43,0.1,100
1951,1951-06-08,KS,2,0,0,38.88,-95.35,0.1,10
1951,1951-06-08,OK,3,0,0,35.38,-98.8,10.9,173
1951,1951-07-15,OK,2,0,0,34.8,-94.8,0.1,100
1951,1951-07-20,SD,2,4,0,44.9,-96.08,1.0,10
1951,1951-07-20,MN,3,40,5,44.93,-93.5,11.6,10
1951,1951-07-21,MI,2,0,0,42.15,-83.55,0.5,217
1951,1951-07-22,KS,2,0,0,39.48,-97.58,7.7,10
1951,1951-07-22,FL,2,0,0,27.73,-82.43,0.1,10
1951,1951-07-02,TX,2,0,0,34.18,-102.12,1.0,20
1951,1951-07-03,WI,2,0,0,43.48,-90.23,0.5,50
1951,1951-07-04,MO,2,1,0,37.15,-94.47,0.1,100
1951,1951-07-07,KS,2,0,0,39.25,-99.57,0.1,10
1951,1951-07-08,SD,2,1,0,45.37,-96.83,0.1,10
1951,1951-07-08,MO,2,0,0,39.22,-94.02,2.3,100
1951,1951-07-09,IN,2,0,0,40.48,-86.12,1.0,1760
1951,1951-08-15,MI,2,0,0,42.9,-84.88,28.5,333
1951,1951-08-20,CT,2,0,0,41.87,-72.25,0.1,50
1951,1951-08-21,MA,2,0,0,42.7,-71.13,9.3,100
1951,1951-08-21,NH,2,0,0,42.83,-71.13,4.9,67
1951,1951-08-21,CT,2,9,0,41.62,-73.42,43.9,100
1951,1951-08-21,CT,3,8,0,41.58,-72.5,0.1,10
1951,1951-08-24,KS,2,0,0,39.78,-100.92,3.3,100
1951,1951-08-09,NC,2,0,0,35.75,-81.33,0.5,100
1951,1951-09-12,WI,3,1,0,44.63,-92.08,24.4,200
1951,1951-09-26,WI,4,3,6,44.33,-89.3,26.4,100
1951,1951-09-26,WI,4,9,1,43.47,-89.25,9.0,100
1951,1951-09-26,MI,2,3,1,43.78,-85.87,2.3,440
1951,1951-09-27,LA,2,0,0,29.87,-90.13,1.0,20
1951,1951-09-09,MS,2,0,0,33.5,-88.43,0.1,100
1951,1951-09-09,OK,2,0,0,36.62,-95.02,2.0,67
1952,1952-11-16,MO,3,2,0,40.45,-95.07,21.6,600
1952,1952-11-17,AR,2,2,0,34.57,-94.4,39.2,100
1952,1952-11-19,NC,2,1,0,36.43,-78.72,1.0,50
1952,1952-12-03,TX,2,4,0,30.9,-95.3,13.3,100
1952,1952-12-09,KY,3,3,0,37.68,-87.3,35.0,880
1952,1952-01-17,PA,2,0,0,41.6,-80.3,0.5,400
1952,1952-01-22,GA,2,8,0,31.27,-84.02,8.7,350
1952,1952-01-28,GA,2,0,0,31.52,-83.78,1.0,100
1952,1952-01-28,FL,2,0,0,30.5,-84.23,1.5,33
1952,1952-02-13,AR,2,5,0,35.95,-90.15,0.3,10
1952,1952-02-13,TN,2,0,0,36.0,-88.12,0.3,300
1952,1952-02-13,MO,2,0,0,36.07,-89.93,6.8,100
1952,1952-02-13,AL,3,14,1,33.57,-87.67,5.6,100
1952,1952-02-13,AL,3,26,1,33.6,-86.93,0.1,200
1952,1952-02-13,TN,3,2,0,35.22,-86.6,7.4,350
1952,1952-02-13,TN,4,44,3,35.2,-86.3,12.7,100
1952,1952-02-13,TN,3,2,0,35.25,-85.83,5.1,400
1952,1952-02-19,LA,2,5,0,32.35,-94.0,0.5,200
1952,1952-02-20,FL,2,4,0,30.17,-85.7,1.5,73
1952,1952-02-29,TN,4,150,2,35.15,-86.58,2.0,300
1952,1952-02-29,TN,2,0,0,35.53,-85.85,1.0,400
1952,1952-02-29,AL,3,12,0,34.5,-85.7,3.3,400
1952,1952-02-29,TN,2,0,0,35.3,-84.67,15.3,587
1952,1952-02-29,GA,2,0,0,34.4,-83.33,7.8,77
1952,1952-02-29,GA,2,3,0,34.37,-83.58,9.4,300
1952,1952-02-29,GA,2,5,0,34.12,-83.67,0.2,17
1952,1952-02-01,TX,2,0,0,30.08,-93.77,1.0,67
1952,1952-03-10,LA,3,0,0,32.23,-93.65,50.9,650
1952,1952-03-18,MO,2,1,0,37.75,-90.5,18.4,100
1952,1952-03-18,IL,2,0,0,38.1,-89.93,4.9,100
1952,1952-03-18,MO,2,0,0,37.37,-89.78,6.2,500
1952,1952-03-21,AR,4,9,7,34.02,-94.02,13.0,833
1952,1952-03-21,AR,3,0,0,34.72,-92.82,17.7,440
1952,1952-03-21,AR,4,325,50,35.22,-91.7,14.6,1760
1952,1952-03-21,AR,2,6,0,34.95,-92.42,0.1,10
1952,1952-03-21,AR,4,6,2,34.9,-91.85,7.6,10
1952,1952-03-21,AR,3,9,9,34.53,-91.8,16.2,10
1952,1952-03-21,AR,2,15,5,34.8,-91.8,13.3,417
1952,1952-03-21,AR,3,0,0,35.13,-91.45,17.6,600
1952,1952-03-21,AR,4,180,29,35.0,-91.25,13.1,880
1952,1952-03-21,AR,3,6,0,35.47,-91.2,28.5,440
1952,1952-03-21,TN,4,10,2,36.02,-89.2,4.7,200
1952,1952-03-21,AR,4,5,4,35.42,-91.0,0.1,880
1952,1952-03-21,AR,3,96,3,35.6,-90.72,51.8,880
1952,1952-03-21,AR,3,5,1,35.53,-90.42,9.4,200
1952,1952-03-21,AR,3,57,1,35.67,-90.52,39.7,880
1952,1952-03-21,MO,4,100,17,36.05,-89.82,6.5,880
1952,1952-03-21,TN,3,30,10,35.95,-89.43,18.1,1000
1952,1952-03-21,TN,4,5,4,36.1,-89.27,2.0,200
1952,1952-03-21,MS,4,74,16,34.87,-89.68,29.6,427
1952,1952-03-21,TN,2,2,2,35.8,-88.78,0.1,150
1952,1952-03-21,TN,3,3,0,35.85,-88.67,0.1,100
1952,1952-03-21,TN,2,8,1,35.93,-88.5,0.1,150
1952,1952-03-21,TN,3,19,0,36.02,-88.27,5.1,177
1952,1952-03-21,TN,4,157,38,35.27,-88.98,46.8,177
1952,1952-03-21,TN,2,0,0,35.85,-87.68,0.3,500
1952,1952-03-22,KY,3,18,0,37.53,-85.72,2.7,10
1952,1952-03-22,TN,2,10,3,35.87,-87.58,0.5,40
1952,1952-03-22,AL,4,50,4,34.6,-87.0,21.6,100
1952,1952-03-03,AL,3,6,0,33.33,-87.9,3.3,440
1952,1952-03-03,GA,3,4,0,32.8,-83.68,4.3,400
1952,1952-04-21,TX,4,0,0,31.5,-97.45,2.3,200
1952,1952-04-30,OK,2,0,0,36.77,-99.08,13.7,200
1952,1952-04-30,TX,3,6,0,31.45,-100.47,0.5,100
1952,1952-04-03,TX,2,1,0,33.6,-96.7,4.9,200
1952,1952-04-04,LA,3,10,0,30.17,-92.87,36.7,100
1952,1952-04-04,LA,2,33,4,30.37,-92.13,20.4,67
1952,1952-04-04,LA,2,3,0,29.87,-91.62,6.4,20
1952,1952-04-05,NC,2,0,0,35.8,-78.88,6.9,300
1952,1952-04-05,VA,2,2,0,38.22,-78.83,1.0,150
1952,1952-04-05,VA,2,0,0,38.37,-78.73,4.9,10
1952,1952-04-05,PA,3,4,0,39.8,-76.98,17.5,10
1952,1952-05-10,NC,2,6,0,36.1,-77.25,0.1,10
1952,1952-05-10,SC,3,4,2,34.8,-82.25,22.7,83
1952,1952-05-11,GA,3,10,0,31.37,-83.25,4.3,200
1952,1952-05-15,CO,3,5,0,40.33,-104.57,7.4,150
1952,1952-05-20,NC,2,2,0,35.47,-76.38,1.5,33
1952,1952-05-21,KS,2,0,0,39.68,-97.87,0.2,100
1952,1952-05-22,KS,4,3,0,38.98,-95.22,26.9,440
1952,1952-05-22,MO,2,1,0,38.9,-94.27,1.3,440
1952,1952-05-23,OK,2,1,0,34.62,-98.42,0.3,150
1952,1952-05-23,OK,2,0,0,34.65,-98.43,0.1,200
1952,1952-05-23,IA,2,0,0,42.75,-92.97,0.1,17
1952,1952-05-30,FL,2,0,0,27.93,-82.82,0.1,10
1952,1952-05-06,NY,2,0,0,44.33,-74.0,4.9,200
1952,1952-05-08,CO,2,1,0,39.48,-102.6,2.5,200
1952,1952-06-10,ND,3,0,0,47.07,-104.0,8.8,300
1952,1952-06-10,ND,2,0,0,46.78,-103.02,10.1,10
1952,1952-06-15,ND,3,1,0,47.4,-99.55,1.7,10
1952,1952-06-19,KS,2,0,0,37.18,-97.42,3.3,60
1952,1952-06-21,KS,2,0,0,39.13,-95.15,24.9,10
1952,1952-06-23,MN,2,0,0,45.3,-95.5,8.4,220
1952,1952-06-23,IA,4,4,0,42.75,-95.85,24.1,400
1952,1952-06-23,MN,2,10,0,44.0,-95.28,104.8,220
1952,1952-06-23,WI,3,6,2,45.42,-92.63,18.2,100
1952,1952-06-24,MN,2,15,0,44.33,-93.85,70.9,267
1952,1952-06-26,KS,2,0,0,39.68,-99.45,12.0,10
1952,1952-06-26,CO,2,0,0,40.0,-103.6,7.0,10
1952,1952-06-26,NE,2,0,0,40.63,-96.93,2.7,10
1952,1952-06-27,KS,2,0,0,39.75,-100.12,1.9,100
1952,1952-06-29,OK,2,1,0,34.38,-99.0,0.1,10
1952,1952-06-02,IA,2,1,0,41.9,-95.4,2.3,100
1952,1952-06-04,AR,2,0,0,36.12,-90.93,0.1,10
1952,1952-07-16,AR,2,0,0,33.45,-93.97,1.1,50
1952,1952-07-16,AR,2,0,0,33.45,-93.97,1.1,50
1952,1952-07-16,MN,2,0,0,46.72,-96.53,9.4,333
1952,1952-07-19,PA,2,0,0,41.93,-79.75,5.6,27
1952,1952-07-19,MT,3,0,0,46.37,-104.28,55.5,10
1952,1952-07-19,MT,3,2,1,46.97,-104.25,16.4,10
1952,1952-07-23,NC,2,0,0,36.25,-77.75,0.1,10
1952,1952-07-23,PA,2,4,0,40.62,-77.57,0.1,10
1952,1952-07-24,ND,2,0,0,47.0,-98.67,7.3,10
1952,1952-07-27,MN,2,4,0,43.72,-93.48,1.5,133
1952,1952-07-01,ND,3,0,0,46.07,-96.95,0.5,10
1952,1952-07-01,ND,2,0,0,47.82,-103.55,9.7,10
1952,1952-07-01,ND,4,26,1,47.05,-100.5,48.0,150
1952,1952-07-06,KS,2,0,0,39.27,-101.85,0.1,10
1952,1952-07-09,ND,2,0,0,47.92,-97.17,0.1,10
1952,1952-08-13,NE,3,1,0,41.47,-97.28,44.4,1300
1952,1952-08-13,NE,4,20,0,41.22,-96.58,26.7,110
1952,1952-08-14,KS,2,0,0,38.68,-97.02,1.5,100
1952,1952-08-15,OK,2,0,0,35.8,-97.5,5.1,77
1952,1952-08-21,MO,2,13,1,38.68,-93.27,1.3,300
1952,1952-08-03,MS,2,0,0,34.37,-89.52,0.3,200
1952,1952-08-07,KS,3,0,0,39.0,-98.52,4.7,10
1952,1952-09-17,NC,3,0,0,35.95,-75.6,1.0,50
1953,1953-10-20,CO,2,0,0,38.5,-103.77,2.0,200
1953,1953-10-20,CO,3,0,0,38.13,-104.03,11.9,880
1953,1953-10-23,TX,2,0,0,27.83,-97.07,4.1,100
1953,1953-11-19,TX,2,0,0,31.77,-95.72,5.6,50
1953,1953-11-21,LA,2,2,0,30.1,-91.98,20.4,300
1953,1953-11-22,FL,2,22,0,30.4,-85.87,0.1,10
1953,1953-11-22,PA,2,2,0,41.92,-79.63,2.0,67
1953,1953-11-23,PA,2,0,0,40.1,-76.4,0.1,20
1953,1953-12-21,FL,2,0,0,30.2,-85.8,0.1,10
1953,1953-12-01,TX,3,10,0,29.5,-97.93,5.1,1760
1953,1953-12-02,TX,3,4,0,30.5,-96.97,3.3,100
1953,1953-12-02,TX,2,0,0,29.2,-96.03,1.5,200
1953,1953-12-02,TX,2,5,2,30.37,-96.18,0.1,50
1953,1953-12-02,TX,2,0,0,30.63,-96.48,0.2,67
1953,1953-12-03,LA,4,50,9,31.07,-93.05,85.5,300
1953,1953-12-03,LA,2,3,0,32.0,-93.7,1.0,100
1953,1953-12-03,MS,3,20,0,32.73,-91.07,18.8,300
1953,1953-12-04,GA,2,0,0,33.97,-84.42,1.0,100
1953,1953-12-05,LA,2,16,0,32.8,-92.67,9.7,33
1953,1953-12-05,LA,2,11,0,32.75,-92.13,58.3,880
1953,1953-12-05,MS,5,270,38,32.33,-90.9,9.0,500
1953,1953-12-05,MS,2,11,0,34.2,-90.73,8.2,30
1953,1953-12-06,AL,2,1,0,31.37,-85.27,2.0,10
1953,1953-12-06,FL,2,0,0,30.62,-84.28,8.4,10
1953,1953-01-20,AL,3,0,0,33.8,-87.23,1.5,50
1953,1953-01-20,TN,2,0,0,35.7,-85.85,0.5,500
1953,1953-01-22,MS,2,1,0,31.55,-90.88,45.2,100
1953,1953-01-23,AL,3,1,0,31.53,-88.0,6.5,300
1953,1953-01-07,AR,2,2,0,33.83,-92.17,4.5,100
1953,1953-01-08,AL,2,0,0,33.42,-86.12,3.0,867
1953,1953-01-08,SC,2,2,0,34.02,-79.77,9.6,150
1953,1953-01-09,FL,2,12,0,27.83,-82.17,9.2,100
1953,1953-02-20,MS,2,2,0,33.03,-91.02,1.0,100
1953,1953-02-20,MS,2,1,0,34.25,-89.05,14.2,880
1953,1953-02-20,AL,3,8,1,34.7,-87.7,0.1,20
1953,1953-02-20,AL,2,2,0,33.95,-87.8,0.5,300
1953,1953-02-20,AL,2,1,0,33.93,-87.37,0.7,100
1953,1953-02-20,AL,2,6,0,34.38,-87.07,7.1,220
1953,1953-02-06,LA,3,21,2,30.48,-90.7,15.6,400
1953,1953-03-12,TX,2,2,0,32.17,-94.33,2.0,80
1953,1953-03-13,TX,4,25,17,33.28,-99.95,13.9,50
1953,1953-03-13,OK,2,1,0,34.77,-97.95,23.6,100
1953,1953-03-13,OK,3,8,1,34.88,-97.7,1.0,100
1953,1953-03-13,OK,2,2,0,35.07,-97.48,2.0,100
1953,1953-03-13,OK,2,0,0,35.18,-97.25,1.3,250
1953,1953-03-13,OK,3,11,2,33.92,-97.27,45.3,200
1953,1953-03-13,OK,2,0,0,35.0,-94.53,0.1,100
1953,1953-03-14,AR,3,0,0,35.22,-93.95,40.1,880
1953,1953-03-14,AR,2,0,0,35.88,-92.23,36.2,333
1953,1953-03-14,AR,3,7,0,35.28,-93.28,12.2,880
1953,1953-03-14,MS,2,0,1,34.67,-88.43,3.3,10
1953,1953-03-14,TN,2,8,0,35.47,-89.45,24.8,33
1953,1953-03-14,TN,2,2,0,35.37,-88.78,24.0,100
1953,1953-03-14,TN,3,3,0,35.53,-88.97,24.7,100
1953,1953-03-14,IL,2,0,0,38.4,-89.47,42.3,200
1953,1953-03-14,TN,2,1,0,36.33,-88.77,0.3,600
1953,1953-03-15,NC,3,1,0,35.77,-78.1,30.1,27
1953,1953-03-18,AL,2,2,0,30.7,-88.12,0.1,10
1953,1953-03-18,IN,2,0,0,41.03,-85.13,1.9,33
1953,1953-03-21,IA,3,0,0,43.27,-94.63,31.8,400
1953,1953-03-21,MN,2,3,1,45.58,-94.08,0.1,10
1953,1953-03-21,IA,2,0,0,41.88,-92.62,11.7,100
1953,1953-03-22,LA,2,22,2,31.1,-93.22,234.7,200
1953,1953-03-22,TN,2,0,0,35.93,-89.65,30.1,100
1953,1953-03-22,AL,2,0,0,34.85,-87.62,1.0,200
1953,1953-04-12,FL,2,0,0,30.37,-85.45,0.1,10
1953,1953-04-14,OK,2,0,0,35.5,-97.83,16.2,440
1953,1953-04-14,OK,2,0,0,34.37,-96.2,0.3,23
1953,1953-04-16,NC,2,0,0,35.57,-77.18,2.0,100
1953,1953-04-18,AL,3,495,8,32.6,-85.58,39.8,400
1953,1953-04-18,GA,2,1,0,32.3,-84.02,1.0,200
1953,1953-04-18,GA,2,2,0,32.32,-84.52,0.2,700
1953,1953-04-23,OK,2,4,1,35.37,-96.08,1.5,300
1953,1953-04-23,AR,3,0,0,35.48,-94.22,0.1,880
1953,1953-04-23,OK,2,1,0,33.9,-94.83,1.0,200
1953,1953-04-23,OK,2,14,1,34.03,-94.57,0.8,17
1953,1953-04-24,AR,2,0,0,33.42,-94.0,1.0,100
1953,1953-04-24,MS,2,0,0,31.72,-91.07,96.7,30
1953,1953-04-27,CA,2,0,0,37.65,-121.0,0.1,10
1953,1953-04-28,TX,3,3,0,30.0,-97.17,0.5,200
1953,1953-04-28,TX,3,5,1,29.55,-98.53,4.9,200
1953,1953-04-28,TX,4,15,2,29.57,-98.7,1.0,1760
1953,1953-04-29,LA,2,0,0,32.48,-92.53,11.5,200
1953,1953-04-30,GA,2,3,0,32.33,-84.5,0.3,20
1953,1953-04-30,GA,4,300,18,32.6,-83.6,1.0,333
1953,1953-04-30,GA,2,3,1,32.78,-83.5,0.5,10
1953,1953-04-30,GA,3,2,1,32.7,-83.35,2.0,10
1953,1953-04-30,GA,2,0,0,32.63,-83.7,5.6,200
1953,1953-04-04,MS,2,0,0,30.85,-89.13,0.1,100
1953,1953-04-06,FL,2,0,0,30.17,-85.7,0.1,10
1953,1953-04-06,AL,3,12,0,33.32,-87.0,0.5,37
1953,1953-04-09,IL,2,3,0,40.12,-89.45,6.5,30
1953,1953-04-09,IL,3,22,3,40.18,-88.22,156.7,750
1953,1953-05-10,OK,2,0,0,36.98,-97.62,38.8,10
1953,1953-05-10,KS,3,0,0,38.35,-96.67,52.2,10
1953,1953-05-10,AR,2,0,0,35.27,-93.17,2.3,200
1953,1953-05-10,IA,4,0,0,40.87,-93.33,6.4,10
1953,1953-05-10,MN,2,0,0,45.42,-95.75,17.0,440
1953,1953-05-10,IA,4,3,0,43.07,-93.52,26.6,10
1953,1953-05-10,IA,2,0,0,41.88,-92.45,0.1,10
1953,1953-05-10,MN,2,3,6,43.75,-93.2,6.9,67
1953,1953-05-10,IA,4,24,2,43.45,-92.4,162.0,100
1953,1953-05-10,IA,3,0,0,42.95,-91.33,6.6,400
1953,1953-05-10,WI,2,27,4,44.83,-92.67,105.7,100
1953,1953-05-11,TX,4,159,13,31.53,-100.58,9.9,880
1953,1953-05-11,TX,5,597,114,31.55,-97.15,20.9,583
1953,1953-05-11,TX,2,0,0,31.32,-96.22,9.5,267
1953,1953-05-14,MS,2,1,0,33.6,-88.62,18.7,10
1953,1953-05-16,LA,2,3,0,30.4,-92.23,21.7,150
1953,1953-05-16,TX,3,8,1,31.23,-95.57,5.2,10
1953,1953-05-16,LA,2,0,0,31.98,-93.0,28.5,200
1953,1953-05-16,LA,2,2,0,32.3,-92.75,22.5,100
1953,1953-05-17,LA,3,17,0,32.47,-91.75,41.6,100
1953,1953-05-17,MI,2,0,0,41.78,-85.77,6.4,10
1953,1953-05-17,VA,2,0,0,37.2,-80.0,1.0,880
1953,1953-05-18,LA,2,1,0,30.75,-92.8,0.5,33
1953,1953-05-19,CA,2,0,0,39.75,-122.18,2.0,10
1953,1953-05-20,IA,3,0,1,42.15,-93.7,116.1,400
1953,1953-05-20,IA,3,7,0,41.98,-91.57,38.6,400
1953,1953-05-21,MI,4,68,2,42.92,-82.6,10.0,1760
1953,1953-05-24,MT,3,0,0,46.98,-104.18,9.3,400
1953,1953-05-27,KS,2,0,0,37.17,-101.3,0.1,10
1953,1953-05-28,WY,2,0,0,43.85,-104.32,38.2,433
1953,1953-05-29,KS,2,0,0,37.48,-99.92,0.1,10
1953,1953-05-29,SD,2,2,0,45.82,-100.82,0.5,33
1953,1953-05-29,ND,5,20,2,46.45,-100.67,14.8,600
1953,1953-05-29,ND,2,0,0,46.2,-97.13,0.1,10
1953,1953-05-29,SD,2,0,0,44.65,-97.62,1.9,10
1953,1953-05-29,ND,2,0,0,47.15,-96.93,3.6,100
1953,1953-05-30,ND,2,0,0,46.67,-98.68,5.4,10
1953,1953-05-30,PA,2,0,0,40.4,-79.2,1.9,10
1953,1953-05-01,AL,2,2,0,33.03,-86.75,1.5,100
1953,1953-05-01,AL,4,12,7,33.22,-85.93,12.1,440
1953,1953-05-01,AL,4,3,2,32.25,-88.38,0.1,100
1953,1953-05-02,TN,2,0,0,36.03,-84.07,0.8,100
1953,1953-05-02,TN,4,8,4,35.52,-84.78,4.2,33
1953,1953-05-02,VA,2,0,0,36.62,-77.63,2.0,100
1953,1953-05-04,MS,2,1,0,31.83,-89.43,1.5,200
1953,1953-05-04,MS,2,0,0,34.92,-88.52,8.8,20
1953,1953-05-04,MS,2,2,0,33.12,-88.57,9.6,100
1953,1953-05-09,KS,3,0,0,39.8,-97.9,13.5,10
1953,1953-05-09,NE,3,82,5,40.25,-97.57,46.9,880
1953,1953-05-09,NE,2,0,0,40.97,-99.47,1.5,10
1953,1953-06-12,WY,2,0,0,43.87,-105.27,2.0,33
1953,1953-06-13,OH,2,0,0,39.73,-84.63,0.1,10
1953,1953-06-13,ND,2,0,0,48.17,-103.38,0.1,10
1953,1953-06-14,SD,2,0,0,43.47,-101.5,27.7,440
1953,1953-06-15,SD,2,0,0,45.5,-97.98,7.6,10
1953,1953-06-17,CO,2,0,0,37.1,-106.1,1.0,1417
1953,1953-06-19,KS,2,0,0,38.6,-97.07,8.8,10
1953,1953-06-19,KS,2,0,0,39.6,-95.6,0.1,10
1953,1953-06-19,NE,2,1,0,42.22,-97.02,0.1,10
1953,1953-06-21,KS,2,3,0,37.75,-97.27,0.1,10
1953,1953-06-23,MT,2,0,0,47.23,-105.15,33.5,1320
1953,1953-06-27,ND,2,0,0,47.5,-97.08,0.1,10
1953,1953-06-27,IA,5,2,1,41.45,-94.7,0.1,100
1953,1953-06-27,IA,2,1,0,41.4,-92.6,7.8,100
1953,1953-06-02,NE,2,0,0,42.45,-102.2,80.0,10
1953,1953-06-02,NE,2,0,0,41.85,-101.52,15.0,10
1953,1953-06-02,SD,2,0,0,45.0,-101.23,5.9,10
1953,1953-06-05,MI,2,0,0,43.37,-83.87,5.6,10
1953,1953-06-05,NE,3,0,0,40.18,-101.67,9.8,10
1953,1953-06-05,OK,3,0,0,34.63,-97.17,16.9,10
1953,1953-06-05,OK,2,0,0,34.67,-96.75,0.1,10
1953,1953-06-07,KS,2,0,0,39.35,-99.85,0.1,10
1953,1953-06-07,NE,2,0,0,41.23,-99.27,6.6,100
1953,1953-06-07,NE,2,0,0,40.78,-98.17,6.6,10
1953,1953-06-07,NE,4,0,11,41.33,-99.13,15.0,440
1953,1953-06-07,NE,2,1,0,41.47,-98.63,20.1,10
1953,1953-06-07,NE,2,2,0,41.35,-97.07,6.9,10
1953,1953-06-07,NE,3,1,0,41.7,-98.02,8.0,250
1953,1953-06-07,NE,2,0,0,41.95,-97.67,16.6,10
1953,1953-06-07,NE,2,6,0,42.13,-97.6,31.0,10
1953,1953-06-07,IA,2,0,0,42.75,-96.6,11.3,200
1953,1953-06-07,NE,2,1,0,41.55,-96.25,4.1,10
1953,1953-06-07,IA,2,0,0,42.37,-95.48,49.2,833
1953,1953-06-07,IA,2,0,0,42.3,-94.3,49.0,200
1953,1953-06-07,IA,3,0,0,42.55,-94.7,30.7,200
1953,1953-06-07,IA,2,0,0,41.42,-93.92,116.0,200
1953,1953-06-08,MI,4,18,4,41.78,-83.57,5.4,200
1953,1953-06-08,OH,4,379,17,41.22,-83.9,118.0,100
1953,1953-06-08,MI,3,5,1,42.2,-84.0,11.3,70
1953,1953-06-08,MI,3,11,0,42.58,-83.7,9.1,200
1953,1953-06-08,MI,2,13,4,44.33,-83.63,16.6,833
1953,1953-06-08,MI,3,0,0,44.82,-83.47,1.8,100
1953,1953-06-08,MI,5,844,116,43.1,-83.85,18.9,833
1953,1953-06-08,MI,4,23,0,43.15,-83.18,33.8,833
1953,1953-06-09,MA,4,1228,94,42.47,-72.17,34.9,900
1953,1953-06-09,NH,3,5,0,42.97,-70.97,1.5,100
1953,1953-06-09,MA,3,17,0,42.17,-71.77,28.0,667
1953,1953-07-15,TX,2,0,0,31.9,-100.63,1.0,10
1953,1953-07-17,LA,2,2,0,29.95,-90.03,6.4,33
1953,1953-07-25,MN,2,1,0,44.17,-93.88,0.5,67
1953,1953-08-11,TX,2,0,0,33.93,-98.5,0.1,880
1953,1953-08-02,NE,2,0,0,40.08,-96.75,1.9,10
1953,1953-09-12,PA,2,0,0,40.67,-76.68,4.7,50
1954,1954-10-11,KS,3,0,0,38.93,-99.22,8.6,10
1954,1954-10-11,IN,3,0,2,39.45,-86.12,4.7,100
1954,1954-10-14,MI,2,0,0,43.18,-84.47,2.0,50
1954,1954-10-22,TX,2,0,0,30.92,-96.12,7.1,100
1954,1954-10-22,TX,3,25,0,28.15,-97.43,20.5,333
1954,1954-10-04,KS,2,0,0,37.68,-97.33,0.1,10
1954,1954-11-02,NC,2,0,0,34.37,-77.7,0.1,27
1954,1954-12-28,MS,3,25,0,31.63,-89.18,11.5,250
1954,1954-12-29,MS,2,9,0,32.9,-88.7,11.5,300
1954,1954-12-05,AL,3,7,0,32.68,-85.42,51.0,200
1954,1954-12-05,AL,3,26,0,33.78,-86.0,24.7,100
1954,1954-12-05,GA,2,2,0,31.38,-84.93,6.4,250
1954,1954-12-05,AL,2,35,1,31.93,-85.38,71.5,100
1954,1954-12-05,GA,2,7,0,32.3,-84.58,7.4,150
1954,1954-12-05,GA,2,0,0,34.08,-85.0,7.1,500
1954,1954-12-05,AL,2,0,0,32.45,-85.28,0.1,10
1954,1954-12-05,GA,2,0,0,31.83,-84.4,2.7,200
1954,1954-12-05,GA,2,0,0,31.23,-84.93,2.7,100
1954,1954-12-05,GA,2,40,1,33.7,-84.43,0.5,50
1954,1954-01-20,MS,2,2,0,33.3,-88.83,17.3,27
1954,1954-02-15,AR,3,24,0,35.48,-93.48,1.0,100
1954,1954-02-15,AR,2,0,0,34.1,-94.15,0.1,167
1954,1954-02-16,AR,3,4,1,35.52,-90.22,2.0,880
1954,1954-02-19,TX,2,2,0,32.22,-98.68,3.0,17
1954,1954-02-19,TX,2,7,0,30.32,-95.45,9.5,150
1954,1954-02-19,AR,2,1,0,34.18,-92.12,1.2,167
1954,1954-02-19,AR,2,0,0,35.22,-94.25,1.0,33
1954,1954-02-19,LA,2,4,1,30.9,-91.58,0.5,100
1954,1954-02-20,MS,2,10,0,31.28,-89.65,37.1,200
1954,1954-02-20,MS,2,10,0,32.43,-89.23,19.2,100
1954,1954-02-27,AR,2,0,0,34.52,-90.68,3.0,400
1954,1954-03-11,KS,2,0,0,39.45,-98.68,0.1,10
1954,1954-03-13,AL,3,20,2,32.33,-85.03,7.0,1480
1954,1954-03-13,GA,3,75,5,32.53,-84.37,49.5,300
1954,1954-03-18,KS,2,0,0,39.67,-95.52,0.1,10
1954,1954-03-18,KS,2,0,0,38.75,-96.12,0.1,10
1954,1954-03-18,KS,2,0,0,38.78,-95.55,0.1,10
1954,1954-03-19,IN,2,0,0,39.65,-85.13,0.1,10
1954,1954-03-24,OK,2,0,0,35.18,-98.55,4.3,77
1954,1954-03-24,OK,2,0,0,36.93,-97.1,2.7,200
1954,1954-03-24,KS,2,0,0,38.73,-95.05,0.1,10
1954,1954-03-24,KS,2,0,0,37.72,-95.52,22.2,880
1954,1954-03-24,OK,2,0,0,35.82,-95.68,1.0,10
1954,1954-03-24,OK,2,0,0,36.45,-95.15,5.6,50
1954,1954-03-24,AR,3,4,0,36.35,-94.28,20.6,400
1954,1954-03-24,MO,2,1,0,36.57,-94.52,26.1,50
1954,1954-03-24,MO,3,2,0,36.72,-93.67,1.0,300
1954,1954-03-25,MO,4,0,2,37.32,-92.23,12.1,100
1954,1954-03-25,MO,2,0,0,38.47,-90.75,3.0,60
1954,1954-03-25,MO,3,0,0,38.8,-90.8,21.6,20
1954,1954-03-28,IN,2,2,0,40.12,-85.68,1.5,53
1954,1954-03-29,AL,2,0,0,31.37,-85.28,2.5,100
1954,1954-03-31,GA,2,25,0,34.12,-83.23,17.5,200
1954,1954-04-10,AR,2,0,0,33.43,-92.17,13.9,100
1954,1954-04-10,KS,2,0,0,38.33,-95.52,0.1,10
1954,1954-04-15,TX,2,0,0,30.67,-93.85,1.3,200
1954,1954-04-15,WI,2,0,0,43.98,-89.18,5.9,33
1954,1954-04-15,MO,2,0,0,36.12,-90.15,1.0,50
1954,1954-04-16,AL,2,1,0,31.32,-85.82,17.3,100
1954,1954-04-16,FL,2,3,0,30.33,-85.67,2.0,10
1954,1954-04-17,PA,2,0,0,41.67,-75.65,2.0,10
1954,1954-04-20,NE,3,0,0,40.58,-100.13,5.9,1760
1954,1954-04-21,TX,2,0,0,31.03,-102.88,1.0,880
1954,1954-04-25,KS,2,0,0,38.62,-98.42,0.1,10
1954,1954-04-25,PA,2,0,0,39.83,-77.23,13.3,500
1954,1954-04-25,KS,2,0,0,39.05,-100.1,0.1,10
1954,1954-04-26,KS,2,0,0,38.07,-95.98,1.0,20
1954,1954-04-26,IA,2,0,0,43.05,-95.3,8.4,10
1954,1954-04-27,OH,2,1,0,40.22,-80.88,1.0,10
1954,1954-04-27,TX,2,0,0,31.73,-99.95,11.5,33
1954,1954-04-28,TN,2,4,0,35.18,-88.25,2.0,300
1954,1954-04-28,MS,2,2,0,34.37,-88.33,3.3,10
1954,1954-04-29,OK,2,0,0,35.8,-99.75,33.3,10
1954,1954-04-29,OK,2,2,0,35.93,-98.1,4.6,100
1954,1954-04-29,OK,2,0,0,35.5,-97.8,2.0,10
1954,1954-04-30,TX,3,6,0,30.42,-97.45,139.9,880
1954,1954-04-30,TX,2,2,0,30.1,-96.97,15.8,880
1954,1954-04-30,TX,2,0,0,30.63,-96.33,1.9,67
1954,1954-04-30,TX,2,25,0,31.07,-95.12,68.8,883
1954,1954-04-30,OK,3,12,0,34.0,-95.52,1.0,150
1954,1954-04-30,TX,3,1,0,32.92,-94.72,86.3,50
1954,1954-04-30,TX,3,2,0,33.4,-94.63,111.6,1760
1954,1954-04-30,AR,3,1,0,35.63,-94.4,40.7,440
1954,1954-04-30,LA,2,6,1,31.5,-93.6,16.7,100
1954,1954-04-30,MO,2,0,0,38.43,-92.83,3.6,400
1954,1954-04-30,IA,2,1,0,40.67,-91.5,85.2,200
1954,1954-04-30,AR,2,0,0,35.97,-91.27,38.8,100
1954,1954-04-30,MO,2,0,0,39.2,-92.33,89.6,100
1954,1954-04-30,LA,2,1,0,32.53,-92.15,1.0,67
1954,1954-04-30,IA,2,0,0,41.67,-92.0,65.8,200
1954,1954-04-30,IA,4,0,0,42.1,-91.75,80.4,200
1954,1954-04-30,IA,2,0,0,42.22,-91.2,16.6,50
1954,1954-04-30,IA,2,0,0,42.63,-91.63,1.0,200
1954,1954-04-05,MO,4,2,0,40.55,-95.38,6.3,900
1954,1954-04-05,IA,2,1,0,42.03,-94.53,5.1,880
1954,1954-04-05,IA,3,0,0,40.6,-95.23,5.2,667
1954,1954-04-05,IA,2,0,0,40.67,-94.88,11.5,333
1954,1954-04-05,KS,2,0,0,39.18,-96.92,10.4,10
1954,1954-04-06,IN,2,0,0,38.23,-86.85,3.3,10
1954,1954-04-07,WI,2,4,0,43.13,-90.38,6.4,400
1954,1954-04-07,WI,2,0,0,43.7,-88.53,1.9,33
1954,1954-04-07,IL,3,13,1,40.88,-88.42,42.6,400
1954,1954-04-07,MI,2,2,0,42.95,-83.83,0.1,33
1954,1954-05-10,CT,3,2,0,41.92,-72.47,0.3,33
1954,1954-05-10,CT,2,0,0,42.0,-72.88,0.8,17
1954,1954-05-17,NM,3,0,0,32.97,-103.37,0.1,10
1954,1954-05-23,IA,2,0,0,43.28,-92.8,0.1,50
1954,1954-05-23,IA,2,0,0,42.17,-91.67,0.1,100
1954,1954-05-24,OK,2,0,0,34.3,-96.7,0.1,10
1954,1954-05-25,OK,2,0,0,35.37,-95.27,0.1,10
1954,1954-05-26,KS,2,0,0,37.98,-101.77,0.5,100
1954,1954-05-27,SD,2,1,0,43.5,-98.1,1.0,137
1954,1954-05-27,SD,2,1,0,43.62,-97.78,2.3,100
1954,1954-05-27,SD,2,0,0,43.78,-97.55,9.0,90
1954,1954-05-27,MT,2,0,0,45.43,-105.38,0.1,23
1954,1954-05-27,IL,2,0,0,41.77,-88.33,7.9,200
1954,1954-05-27,IA,2,0,0,42.82,-96.08,2.3,200
1954,1954-05-28,MO,2,0,0,38.25,-93.13,1.0,100
1954,1954-05-28,MO,2,2,0,38.15,-92.87,6.8,100
1954,1954-05-29,TX,2,2,0,31.4,-102.6,0.1,33
1954,1954-05-30,NE,4,23,6,41.73,-97.73,29.9,400
1954,1954-05-31,MO,2,0,0,40.38,-95.42,21.0,440
1954,1954-05-31,IL,2,2,0,40.67,-88.1,24.2,400
1954,1954-05-31,KS,2,0,0,37.5,-95.52,48.6,210
1954,1954-05-31,KS,2,0,0,37.5,-95.52,48.6,210
1954,1954-05-31,MI,2,0,0,42.3,-86.2,9.3,10
1954,1954-05-31,MI,2,0,0,42.53,-85.77,0.3,110
1954,1954-05-31,KS,2,0,0,38.88,-94.72,2.0,10
1954,1954-05-31,IN,2,0,0,40.87,-86.03,0.1,10
1954,1954-05-01,TX,4,2,0,33.98,-99.72,68.6,440
1954,1954-05-01,OK,2,0,0,34.25,-99.1,0.1,10
1954,1954-05-01,OK,3,3,3,34.23,-98.62,12.3,10
1954,1954-05-01,OK,2,0,0,35.0,-98.48,11.6,300
1954,1954-05-01,OK,2,7,0,36.23,-96.92,7.8,10
1954,1954-05-01,OK,3,0,0,34.62,-98.0,6.2,100
1954,1954-05-01,OK,3,0,0,34.17,-98.25,8.0,300
1954,1954-05-01,OK,4,65,0,35.4,-97.37,59.2,10
1954,1954-05-01,OK,2,6,0,34.87,-96.58,39.2,10
1954,1954-05-01,KS,2,0,0,38.08,-98.0,0.3,300
1954,1954-05-01,OK,2,0,0,35.15,-96.68,19.7,100
1954,1954-05-01,KS,2,0,0,37.22,-95.67,5.6,33
1954,1954-05-01,KS,2,0,0,37.13,-95.23,5.1,10
1954,1954-05-01,OK,2,0,0,35.37,-96.5,5.7,220
1954,1954-05-01,OK,2,6,0,34.88,-95.87,37.2,10
1954,1954-05-01,TX,2,0,0,33.55,-98.15,1.3,67
1954,1954-05-02,TX,2,0,0,32.53,-94.95,0.1,20
1954,1954-05-02,AR,3,0,0,34.5,-91.55,0.4,50
1954,1954-05-02,TX,3,4,0,32.22,-95.67,0.1,10
1954,1954-05-03,TN,2,0,0,36.4,-89.07,3.6,300
1954,1954-06-10,FL,2,1,0,30.15,-82.95,2.0,10
1954,1954-06-10,KS,2,0,0,38.13,-101.27,0.1,10
1954,1954-06-10,KS,2,0,0,38.1,-100.3,7.0,150
1954,1954-06-10,PA,2,3,0,40.75,-80.25,7.3,10
1954,1954-06-10,SD,2,0,0,43.72,-99.18,1.0,30
1954,1954-06-12,IN,2,0,0,41.57,-86.18,0.1,10
1954,1954-06-12,PA,2,0,0,41.68,-78.18,0.2,67
1954,1954-06-13,AR,3,0,0,35.68,-90.1,2.5,833
1954,1954-06-13,ND,2,0,0,47.92,-101.67,0.1,10
1954,1954-06-13,TX,2,1,0,31.5,-103.5,25.0,133
1954,1954-06-15,WA,2,0,0,47.43,-117.38,0.5,100
1954,1954-06-16,NC,2,1,0,36.17,-79.8,6.1,100
1954,1954-06-17,IN,2,0,0,40.18,-85.37,0.1,10
1954,1954-06-17,NE,3,0,1,42.08,-97.05,23.6,163
1954,1954-06-18,SD,3,0,0,42.85,-97.88,10.6,10
1954,1954-06-18,SD,3,0,0,43.03,-97.5,0.1,30
1954,1954-06-18,SD,3,0,0,43.05,-97.32,12.8,33
1954,1954-06-18,SD,2,0,0,43.42,-97.27,2.7,10
1954,1954-06-18,WI,2,0,0,44.38,-91.03,10.2,900
1954,1954-06-19,SD,3,0,0,43.48,-96.72,0.1,43
1954,1954-06-19,IA,2,0,0,43.28,-96.3,2.3,880
1954,1954-06-20,WI,2,0,0,44.88,-89.62,6.1,67
1954,1954-06-20,WI,2,0,0,43.95,-88.3,0.5,33
1954,1954-06-25,MN,2,0,0,44.83,-92.92,2.7,1760
1954,1954-06-25,CA,2,0,0,34.63,-117.2,0.1,10
1954,1954-06-26,PA,2,4,0,40.25,-79.68,0.1,67
1954,1954-06-26,IN,2,0,0,39.52,-86.63,0.1,10
1954,1954-06-29,AR,2,0,0,36.05,-90.5,0.1,10
1954,1954-06-29,WI,2,0,0,44.62,-92.37,6.2,10
1954,1954-06-01,IN,2,0,0,40.7,-87.27,0.1,10
1954,1954-06-01,IN,2,0,0,41.25,-87.48,0.1,10
1954,1954-06-01,IN,2,0,0,41.23,-86.23,0.1,10
1954,1954-06-01,KY,2,0,0,37.28,-84.12,16.4,67
1954,1954-06-01,PA,2,3,0,41.3,-80.08,0.1,10
1954,1954-06-01,PA,2,0,0,40.92,-79.8,3.0,150
1954,1954-06-01,PA,2,0,0,41.23,-79.55,0.1,10
1954,1954-06-01,TX,2,0,0,30.9,-102.3,8.3,880
1954,1954-06-01,TX,3,14,1,34.02,-100.3,13.4,267
1954,1954-06-01,TX,2,0,0,33.63,-99.58,1.9,133
1954,1954-06-01,TX,3,4,1,33.95,-98.67,5.9,50
1954,1954-06-01,TX,3,3,0,34.1,-98.57,0.1,10
1954,1954-06-02,TX,2,8,1,33.4,-95.7,5.9,1000
1954,1954-06-03,MS,2,3,0,32.48,-89.17,7.6,300
1954,1954-06-06,NE,2,0,0,41.23,-103.65,19.9,10
1954,1954-06-09,IA,4,0,1,42.28,-94.72,9.9,440
1954,1954-07-12,TX,2,0,0,29.58,-98.33,1.0,33
1954,1954-07-18,TX,3,0,0,32.32,-94.52,0.8,880
1954,1954-07-20,IN,2,0,0,39.72,-86.4,0.1,10
1954,1954-07-21,IL,2,1,0,38.87,-89.22,26.1,200
1954,1954-07-22,KS,2,0,0,37.08,-95.18,11.2,440
1954,1954-07-23,OK,2,0,0,34.6,-96.33,0.3,440
1954,1954-07-23,OK,2,1,0,36.02,-96.9,0.2,100
1954,1954-07-29,SD,2,0,0,43.05,-98.33,4.1,10
1954,1954-07-30,NE,2,0,0,40.87,-97.62,1.5,880
1954,1954-07-30,WI,2,0,0,43.32,-89.58,25.2,100
1954,1954-07-01,DE,2,0,0,39.45,-75.73,1.0,50
1954,1954-07-06,ND,2,0,0,47.7,-99.87,2.0,880
1954,1954-07-06,TX,2,0,0,29.7,-96.9,4.5,50
1954,1954-07-07,ME,2,1,0,45.28,-67.2,7.6,10
1954,1954-08-11,ME,2,1,1,47.02,-68.02,1.0,27
1954,1954-08-15,MN,2,0,0,45.42,-95.5,7.9,10
1954,1954-08-15,WI,2,0,0,45.12,-92.58,3.0,100
1954,1954-08-16,LA,2,0,0,32.08,-93.83,4.5,100
1954,1954-08-17,NC,2,0,0,35.78,-79.55,2.1,110
1954,1954-08-18,NC,2,0,0,35.67,-81.2,5.4,50
1954,1954-08-24,MI,2,0,0,43.1,-83.85,1.3,17
1954,1954-08-26,MT,2,0,0,47.58,-105.6,20.9,880
1954,1954-08-29,AR,2,1,0,33.83,-94.12,8.4,33
1954,1954-08-01,IN,2,0,0,38.55,-86.47,0.1,10
1954,1954-08-01,SD,2,2,0,43.27,-99.47,14.2,10
1954,1954-08-02,KY,2,0,0,37.45,-85.33,15.1,10
1954,1954-08-05,KS,2,0,0,38.17,-97.12,19.6,10
1954,1954-08-05,KS,2,0,0,38.05,-97.95,0.1,10
1954,1954-08-08,KS,2,0,0,38.2,-96.97,10.8,50
1954,1954-09-18,FL,3,2,2,27.42,-80.33,0.1,10
1954,1954-09-19,PA,2,0,0,41.52,-76.67,12.8,50
1954,1954-09-19,NY,2,0,0,44.67,-74.72,0.1,10
1954,1954-09-19,PA,2,0,0,41.83,-76.18,1.0,50
1954,1954-09-20,NC,2,4,0,35.72,-77.9,0.5,100
1954,1954-09-20,OK,2,1,0,34.0,-96.38,4.5,10
1954,1954-09-22,FL,2,0,0,26.02,-80.15,0.1,33
1954,1954-09-29,OK,2,0,0,35.5,-97.58,0.1,100
1954,1954-09-30,OH,2,3,1,40.75,-81.15,0.1,50
1954,1954-09-30,PA,2,0,0,41.25,-80.47,0.1,10
1954,1954-09-07,OK,2,0,0,34.62,-96.58,4.5,200
1954,1954-09-09,KS,2,0,0,37.82,-97.47,0.1,10
1955,1955-10-16,NJ,2,0,0,40.3,-74.08,3.8,100
1955,1955-10-16,AL,2,0,0,31.32,-85.82,17.3,167
1955,1955-10-16,AL,2,5,0,31.32,-85.83,16.4,100
1955,1955-10-24,VT,2,0,0,43.37,-72.5,1.0,10
1955,1955-10-24,CT,2,0,0,41.5,-73.05,0.5,200
1955,1955-10-28,AR,2,0,0,33.53,-92.48,0.5,10
1955,1955-10-28,AR,3,1,0,33.8,-91.27,1.0,100
1955,1955-10-28,MS,2,1,0,34.2,-90.57,2.0,10
1955,1955-10-28,TN,2,0,0,35.05,-89.67,0.2,100
1955,1955-10-29,FL,2,0,0,27.4,-82.63,0.1,10
1955,1955-10-06,IL,2,0,0,39.27,-88.5,1.0,10
1955,1955-11-15,AR,3,4,1,35.48,-92.03,36.5,133
1955,1955-11-15,AR,2,0,0,35.03,-93.05,1.5,73
1955,1955-11-15,AR,3,0,0,35.43,-92.08,0.1,10
1955,1955-11-15,AR,3,9,0,35.9,-91.08,3.8,880
1955,1955-11-15,IN,3,9,0,37.97,-87.53,2.0,50
1955,1955-11-15,AR,2,1,0,36.05,-94.0,15.0,220
1955,1955-11-15,OH,3,8,0,40.1,-84.77,21.0,400
1955,1955-11-15,IN,2,2,0,39.77,-86.17,0.1,10
1955,1955-11-16,MO,2,2,0,36.67,-91.9,4.3,1000
1955,1955-11-16,IL,2,0,0,37.43,-89.27,4.5,150
1955,1955-11-02,AR,2,5,0,35.65,-92.83,29.9,67
1955,1955-12-03,IL,2,0,0,40.95,-88.95,32.0,10
1955,1955-12-04,SC,2,0,0,34.38,-79.6,0.8,100
1955,1955-02-28,OK,2,0,0,35.0,-95.85,2.0,10
1955,1955-02-01,TN,2,0,0,35.57,-86.43,9.4,1000
1955,1955-03-11,IN,2,0,0,40.3,-85.03,0.1,10
1955,1955-03-11,IN,2,2,0,40.2,-84.8,15.6,500
1955,1955-03-11,IN,2,3,0,39.67,-85.67,34.8,880
1955,1955-03-11,OH,2,0,0,40.88,-80.83,1.0,100
1955,1955-03-11,OH,2,1,0,40.28,-81.62,3.3,200
1955,1955-03-13,SC,2,10,2,33.85,-81.67,9.9,133
1955,1955-03-14,MO,3,1,0,39.65,-94.25,9.8,250
1955,1955-03-14,MO,2,0,0,39.3,-94.22,3.3,250
1955,1955-03-15,KY,2,9,0,37.25,-87.08,0.1,10
1955,1955-03-16,NC,2,1,1,35.6,-77.97,6.6,500
1955,1955-03-20,AR,2,0,0,35.28,-93.73,12.6,60
1955,1955-03-20,TX,2,0,0,32.08,-96.72,0.3,50
1955,1955-03-20,AR,2,1,0,35.72,-90.85,89.4,250
1955,1955-03-20,MO,3,17,0,36.75,-89.37,3.6,250
1955,1955-03-21,MS,2,0,0,34.27,-88.72,0.3,33
1955,1955-03-21,AL,2,1,0,34.7,-88.1,5.4,200
1955,1955-03-21,TX,2,0,0,31.17,-97.33,3.6,17
1955,1955-03-22,PA,3,0,1,39.97,-75.62,9.6,600
1955,1955-03-22,VT,2,0,0,43.0,-73.2,0.1,30
1955,1955-03-25,TN,2,0,0,36.02,-84.42,16.3,1760
1955,1955-03-31,TX,2,0,0,33.63,-97.17,1.1,10
1955,1955-03-01,IN,2,0,0,38.83,-86.48,1.5,300
1955,1955-03-01,OH,3,6,1,41.27,-80.67,2.5,40
1955,1955-03-04,KY,3,2,0,37.72,-84.45,8.9,10
1955,1955-03-04,TN,2,4,0,36.62,-86.6,3.8,1000
1955,1955-03-05,TN,2,0,0,36.0,-86.17,0.1,10
1955,1955-03-05,TN,2,6,0,36.47,-82.87,4.3,300
1955,1955-04-10,FL,2,0,0,30.5,-87.25,0.1,167
1955,1955-04-12,OK,2,0,0,34.23,-95.62,6.1,10
1955,1955-04-12,TX,3,7,0,32.05,-95.52,5.6,300
1955,1955-04-12,TX,2,0,0,31.77,-95.12,0.1,50
1955,1955-04-12,MS,2,0,0,31.92,-89.98,57.6,10
1955,1955-04-12,MS,2,0,0,31.53,-89.42,112.8,10
1955,1955-04-18,WI,2,0,0,42.83,-90.13,17.3,67
1955,1955-04-18,WI,2,0,0,42.88,-89.58,9.2,100
1955,1955-04-18,IL,2,0,0,42.17,-89.92,9.0,77
1955,1955-04-18,TX,3,0,0,35.4,-100.1,8.9,100
1955,1955-04-18,WI,2,1,0,42.75,-88.67,3.3,10
1955,1955-04-19,SD,2,0,0,45.05,-101.17,0.1,30
1955,1955-04-19,SD,2,0,0,45.93,-99.83,2.3,100
1955,1955-04-19,SD,2,0,0,45.02,-99.93,10.8,67
1955,1955-04-19,SD,2,0,0,45.02,-100.12,18.2,27
1955,1955-04-19,IA,2,0,0,42.27,-90.68,15.9,50
1955,1955-04-19,SD,2,0,0,45.5,-98.5,4.6,50
1955,1955-04-19,SD,2,0,0,45.25,-99.17,8.2,100
1955,1955-04-19,MN,2,0,0,44.28,-96.15,9.2,80
1955,1955-04-21,AR,2,2,1,34.27,-92.08,0.5,83
1955,1955-04-21,AL,2,1,0,32.38,-87.02,1.5,50
1955,1955-04-22,MO,3,0,0,36.67,-89.52,12.4,10
1955,1955-04-22,MO,2,1,0,37.22,-89.83,4.1,50
1955,1955-04-22,AR,2,0,0,36.35,-90.82,1.0,200
1955,1955-04-22,MO,2,0,0,36.87,-89.57,0.2,10
1955,1955-04-22,OK,2,0,0,36.43,-97.3,0.1,10
1955,1955-04-23,IL,2,0,0,40.05,-90.93,14.8,10
1955,1955-04-23,IA,2,0,0,40.63,-95.23,1.5,30
1955,1955-04-23,MO,2,1,0,40.52,-94.53,3.0,100
1955,1955-04-23,MO,2,0,0,40.43,-95.3,2.3,100
1955,1955-04-23,IA,3,0,0,40.72,-94.35,5.4,440
1955,1955-04-23,MO,2,0,0,38.97,-91.55,11.0,100
1955,1955-04-24,TN,2,0,0,36.42,-86.5,11.5,10
1955,1955-04-24,AL,4,20,5,34.35,-87.05,8.6,200
1955,1955-04-26,OK,2,0,0,35.08,-98.6,0.1,10
1955,1955-04-26,OK,2,0,0,35.2,-98.25,2.0,10
1955,1955-04-27,KS,2,0,0,38.38,-97.62,8.7,100
1955,1955-04-27,KS,2,0,0,38.03,-97.68,2.0,10
1955,1955-04-02,GA,2,0,0,31.53,-83.52,3.8,880
1955,1955-04-04,IA,2,0,0,41.77,-93.98,11.6,440
1955,1955-04-04,AR,2,0,0,36.33,-93.6,10.2,50
1955,1955-04-05,TX,2,6,0,32.93,-99.8,43.7,67
1955,1955-04-05,TX,2,0,0,33.82,-98.18,0.1,10
1955,1955-04-06,TX,3,27,1,33.63,-96.6,30.2,67
1955,1955-04-06,TX,3,0,0,33.43,-98.4,21.7,10
1955,1955-04-06,TX,3,0,0,33.57,-97.22,15.1,10
1955,1955-04-06,TX,2,1,0,33.37,-97.18,37.9,10
1955,1955-04-06,TX,2,0,0,33.57,-96.9,5.2,10
1955,1955-04-06,TX,2,0,0,33.33,-95.37,9.8,10
1955,1955-05-10,AR,2,0,0,35.92,-89.93,4.7,440
1955,1955-05-11,TX,2,0,0,32.1,-96.5,0.1,10
1955,1955-05-11,KS,2,0,0,37.45,-94.77,0.1,10
1955,1955-05-18,TX,2,0,0,28.7,-96.23,2.5,10
1955,1955-05-18,TX,2,0,0,29.57,-97.17,20.7,300
1955,1955-05-19,TX,2,0,0,29.45,-96.95,2.0,50
1955,1955-05-19,TX,2,0,0,31.18,-94.8,0.5,67
1955,1955-05-22,TX,2,0,0,33.8,-101.58,0.1,10
1955,1955-05-22,TX,2,0,0,33.83,-101.83,20.7,400
1955,1955-05-23,TX,2,0,0,29.32,-96.08,0.5,10
1955,1955-05-23,LA,2,0,0,32.25,-93.0,4.1,400
1955,1955-05-25,TX,4,18,2,35.0,-100.22,45.1,1100
1955,1955-05-25,OK,2,1,0,36.02,-99.3,5.1,300
1955,1955-05-25,OK,3,1,0,36.7,-97.62,13.3,440
1955,1955-05-25,OK,2,0,0,36.7,-97.3,2.7,500
1955,1955-05-25,OK,5,280,20,36.72,-97.28,28.4,500
1955,1955-05-25,OK,5,273,80,36.88,-97.15,56.4,1320
1955,1955-05-25,TX,2,0,0,33.42,-99.97,11.9,300
1955,1955-05-26,KS,2,0,0,38.63,-95.78,66.2,10
1955,1955-05-26,TX,2,0,0,33.92,-98.5,1.3,33
1955,1955-05-26,IL,2,0,0,40.03,-91.15,1.5,500
1955,1955-05-26,IL,2,1,0,40.55,-89.62,1.5,100
1955,1955-05-26,AR,3,3,0,34.7,-93.07,28.8,1000
1955,1955-05-26,AR,2,0,0,34.95,-92.63,4.5,880
1955,1955-05-26,NE,2,0,0,42.23,-97.0,6.5,167
1955,1955-05-26,KS,2,1,0,39.68,-94.98,7.8,220
1955,1955-05-26,MO,2,2,0,40.43,-92.68,11.7,27
1955,1955-05-26,AR,2,7,0,35.38,-91.33,7.5,10
1955,1955-05-27,KS,2,0,0,38.22,-95.13,27.0,10
1955,1955-05-28,MI,2,1,0,42.12,-85.63,64.6,100
1955,1955-05-28,IN,2,3,0,40.53,-85.98,6.8,100
1955,1955-05-30,TX,2,0,0,31.83,-103.08,2.0,600
1955,1955-05-02,NE,2,0,0,41.38,-99.63,0.1,10
1955,1955-05-03,WI,3,2,0,45.33,-89.72,6.8,10
1955,1955-05-05,TX,2,1,0,31.42,-103.53,0.1,10
1955,1955-05-06,IA,2,0,0,41.65,-95.32,15.5,200
1955,1955-05-06,TX,2,1,1,31.1,-97.35,10.1,33
1955,1955-05-06,TX,2,0,0,30.78,-97.27,4.9,100
1955,1955-06-11,NC,2,0,0,35.77,-77.52,19.4,200
1955,1955-06-14,OK,2,0,0,34.67,-98.95,17.6,500
1955,1955-06-15,OK,2,0,0,36.1,-99.75,5.9,500
1955,1955-06-16,UT,2,0,0,39.23,-111.83,2.7,333
1955,1955-06-16,TX,2,0,0,30.72,-101.22,3.0,333
1955,1955-06-16,TX,2,0,0,35.0,-101.07,1.0,20
1955,1955-06-17,NE,2,0,0,42.25,-97.1,10.6,40
1955,1955-06-17,KS,2,0,0,37.33,-100.02,0.1,10
1955,1955-06-17,KS,2,0,0,37.25,-100.37,0.1,10
1955,1955-06-17,OK,2,0,0,36.75,-98.7,3.6,500
1955,1955-06-17,TX,3,0,0,34.85,-100.22,16.2,67
1955,1955-06-17,OK,2,0,0,36.5,-98.45,1.0,100
1955,1955-06-17,OK,2,0,0,34.5,-98.98,0.8,440
1955,1955-06-18,CO,2,1,0,40.65,-102.65,4.9,83
1955,1955-06-18,OK,2,0,0,36.78,-99.08,3.6,100
1955,1955-06-22,MS,2,0,0,34.15,-90.42,34.6,10
1955,1955-06-26,WY,3,0,0,41.97,-104.32,2.0,27
1955,1955-06-26,WY,2,0,0,42.37,-104.73,2.3,20
1955,1955-06-27,WY,3,3,0,41.88,-105.02,2.0,100
1955,1955-06-27,NE,4,29,2,41.93,-103.8,26.0,10
1955,1955-06-28,SD,2,0,0,45.3,-98.17,5.4,50
1955,1955-06-30,ND,2,0,0,48.08,-97.17,4.1,77
1955,1955-06-30,MN,2,8,0,47.9,-97.0,0.1,440
1955,1955-06-02,NE,2,0,0,40.47,-98.9,6.5,10
1955,1955-06-04,KS,4,0,0,39.52,-98.53,61.9,500
1955,1955-06-04,TX,2,0,0,32.05,-99.13,2.0,100
1955,1955-06-04,KS,4,0,0,37.48,-100.03,72.2,100
1955,1955-06-04,KS,3,0,0,38.07,-98.6,6.8,400
1955,1955-06-04,OK,2,0,0,35.5,-98.5,0.1,300
1955,1955-06-04,KS,3,0,0,38.25,-98.42,5.9,200
1955,1955-06-05,TX,2,0,0,28.03,-99.35,3.6,10
1955,1955-06-05,TX,2,0,0,29.7,-96.78,0.1,10
1955,1955-06-07,MI,2,0,0,43.83,-84.48,3.8,100
1955,1955-07-10,CO,2,0,0,37.45,-105.87,0.1,10
1955,1955-07-10,CO,2,0,0,40.52,-104.7,4.3,10
1955,1955-07-12,MA,2,0,0,42.1,-73.37,0.5,33
1955,1955-07-12,NE,2,0,0,40.78,-99.02,5.2,10
1955,1955-07-13,KS,2,0,0,37.82,-100.33,0.3,10
1955,1955-07-31,CO,3,0,0,37.43,-105.43,0.5,100
1955,1955-07-31,WI,2,0,0,43.97,-89.5,2.7,50
1955,1955-07-01,PA,2,0,0,41.75,-80.37,0.1,10
1955,1955-07-01,ND,3,0,0,46.38,-100.3,1.3,40
1955,1955-07-02,ND,4,19,2,46.5,-97.0,9.1,150
1955,1955-07-02,MN,3,2,0,46.52,-96.7,18.7,440
1955,1955-07-05,MA,2,0,0,42.43,-72.57,0.1,10
1955,1955-07-05,ND,4,0,0,48.43,-102.33,28.0,100
1955,1955-07-06,MI,2,0,0,41.92,-85.48,0.1,27
1955,1955-07-07,MN,4,13,1,44.48,-96.2,30.0,10
1955,1955-07-08,NE,2,13,1,41.28,-99.22,31.2,10
1955,1955-07-08,CO,2,0,0,40.25,-103.75,0.1,33
1955,1955-08-10,SC,2,0,0,34.37,-79.43,8.8,77
1955,1955-08-12,DE,2,1,0,38.53,-75.07,2.7,133
1955,1955-08-19,PA,2,0,0,40.4,-77.38,0.1,10
1955,1955-08-28,SD,2,0,0,45.12,-96.58,1.5,10
1955,1955-08-29,IL,2,2,0,39.62,-90.4,11.5,100
1955,1955-08-30,NY,3,0,0,42.33,-76.92,1.0,200
1955,1955-08-03,ND,2,0,0,47.33,-101.0,0.1,10
1955,1955-08-03,ND,2,0,0,47.0,-98.0,1.5,10
1955,1955-08-06,MI,2,1,0,42.65,-85.28,0.5,100
1955,1955-08-06,MI,2,0,0,42.1,-84.33,7.9,300
1955,1955-09-20,SD,2,0,0,44.72,-103.42,1.3,177
1955,1955-09-20,NE,2,0,0,41.65,-99.38,8.5,10
1955,1955-09-21,KS,2,0,0,38.3,-95.55,0.3,33
1955,1955-09-25,TX,2,0,0,33.43,-98.77,1.0,50
1956,1956-10-18,TX,2,0,0,28.68,-99.82,1.0,27
1956,1956-10-20,TX,2,0,0,28.45,-98.1,1.5,33
1956,1956-10-20,TX,2,1,0,29.58,-97.97,1.0,33
1956,1956-10-29,KS,2,0,0,39.28,-100.87,7.6,50
1956,1956-10-29,KS,2,0,0,39.32,-100.87,7.7,50
1956,1956-10-29,NE,4,2,0,40.7,-101.22,147.7,440
1956,1956-10-29,NE,3,0,0,40.12,-100.12,65.5,10
1956,1956-10-29,KS,3,0,0,38.1,-99.48,14.9,440
1956,1956-10-29,KS,3,2,0,38.85,-98.62,28.7,200
1956,1956-10-29,MN,2,0,0,45.52,-96.67,0.1,10
1956,1956-10-29,KS,3,1,0,38.37,-98.77,0.6,147
1956,1956-11-20,OK,2,0,0,35.7,-95.2,3.6,150
1956,1956-11-21,MA,2,0,0,42.4,-71.7,0.1,17
1956,1956-11-21,MA,2,0,0,42.8,-71.0,0.8,17
1956,1956-11-21,MA,2,0,0,42.17,-71.17,0.1,17
1956,1956-11-05,TX,2,0,0,29.9,-94.0,0.2,17
1956,1956-12-23,AL,2,1,0,31.42,-87.35,121.7,100
1956,1956-12-04,MO,2,2,0,38.27,-93.93,9.1,33
1956,1956-12-04,MO,2,2,0,38.33,-94.23,4.5,200
1956,1956-12-04,MO,2,0,0,39.12,-93.13,9.0,33
1956,1956-12-04,MO,2,0,0,39.12,-92.17,11.1,400
1956,1956-01-28,AR,3,12,0,35.2,-92.45,23.0,150
1956,1956-02-10,FL,2,0,0,27.45,-82.53,0.1,10
1956,1956-02-14,TX,2,0,0,29.98,-93.95,16.2,33
1956,1956-02-14,AR,2,2,0,36.08,-91.6,0.5,200
1956,1956-02-14,AR,3,5,1,35.17,-93.0,33.0,300
1956,1956-02-14,AR,2,0,0,36.07,-91.9,4.1,10
1956,1956-02-14,AR,2,0,0,35.3,-92.75,2.0,500
1956,1956-02-15,AR,2,0,0,35.4,-91.4,1.0,100
1956,1956-02-15,AR,2,0,0,35.57,-92.27,0.1,10
1956,1956-02-16,MS,3,55,1,33.8,-88.67,8.0,200
1956,1956-02-17,TN,3,0,0,35.15,-87.3,10.4,1760
1956,1956-02-18,GA,2,0,0,34.7,-85.28,22.9,100
1956,1956-02-24,MO,4,36,6,38.45,-90.92,77.6,500
1956,1956-02-25,IL,2,2,0,38.73,-88.08,23.4,450
1956,1956-02-25,IN,2,0,0,40.05,-86.47,1.0,70
1956,1956-02-25,IN,2,1,0,38.77,-87.38,21.0,900
1956,1956-02-25,MO,2,0,0,36.67,-89.55,6.4,100
1956,1956-02-25,OH,2,0,0,39.27,-84.82,0.5,100
1956,1956-02-25,OH,2,5,0,39.33,-84.57,1.0,500
1956,1956-02-25,IN,2,0,0,39.52,-86.17,0.1,10
1956,1956-02-25,IN,2,3,0,39.43,-86.43,2.0,60
1956,1956-02-25,OH,2,0,0,39.73,-83.8,0.3,30
1956,1956-02-25,IN,2,0,0,39.48,-85.8,2.0,300
1956,1956-02-27,TN,3,4,0,36.47,-86.65,15.0,100
1956,1956-03-18,NC,2,0,0,35.87,-78.8,0.3,100
1956,1956-03-21,TX,2,0,0,30.95,-96.98,1.0,33
1956,1956-03-21,TX,2,0,0,31.28,-97.73,0.8,33
1956,1956-03-27,OK,2,0,0,34.75,-95.05,1.0,500
1956,1956-03-06,MI,2,0,0,42.95,-86.12,8.0,100
1956,1956-03-06,IL,2,0,0,40.63,-88.77,2.3,200
1956,1956-03-06,IL,3,6,0,40.63,-88.0,9.4,500
1956,1956-03-06,IN,2,3,0,40.57,-87.48,0.4,250
1956,1956-03-06,IN,2,0,0,40.58,-86.68,0.1,10
1956,1956-03-06,IN,2,1,0,40.58,-86.27,2.0,30
1956,1956-03-06,IN,2,0,0,40.58,-85.9,0.1,10
1956,1956-03-06,IN,2,0,0,40.37,-85.97,0.1,10
1956,1956-03-06,IN,4,31,1,40.57,-85.57,1.9,47
1956,1956-03-07,IN,2,0,0,38.58,-86.12,1.0,10
1956,1956-03-07,OH,2,0,0,38.95,-83.07,1.9,440
1956,1956-03-07,WV,2,1,0,39.05,-80.57,1.0,60
1956,1956-03-07,TN,2,0,0,36.38,-85.38,4.3,50
1956,1956-04-10,FL,3,20,0,26.0,-80.23,7.8,200
1956,1956-04-15,AL,4,200,25,33.5,-86.97,21.3,200
1956,1956-04-15,GA,2,0,0,33.9,-84.87,46.8,67
1956,1956-04-26,IL,2,0,0,41.48,-90.37,10.9,10
1956,1956-04-26,IA,2,0,0,42.0,-92.33,2.3,440
1956,1956-04-27,IL,2,0,0,39.98,-90.78,4.9,900
1956,1956-04-28,NE,3,1,0,40.25,-97.38,39.3,10
1956,1956-04-28,OK,2,0,0,34.17,-97.85,0.1,10
1956,1956-04-28,OK,2,0,0,34.13,-96.07,27.9,300
1956,1956-04-29,AR,3,0,0,34.55,-90.77,3.3,50
1956,1956-04-02,KS,3,0,0,38.53,-98.55,5.4,10
1956,1956-04-02,OK,3,2,0,36.68,-98.67,20.0,400
1956,1956-04-02,OK,2,4,0,36.55,-97.88,18.4,100
1956,1956-04-02,KS,3,1,0,38.35,-98.57,20.1,350
1956,1956-04-02,OK,2,0,0,36.65,-97.45,0.1,10
1956,1956-04-02,KS,3,4,0,38.25,-96.87,127.0,790
1956,1956-04-02,OK,2,1,0,36.38,-96.7,12.6,100
1956,1956-04-02,OK,4,29,2,36.82,-96.97,108.3,880
1956,1956-04-02,OK,3,68,5,35.5,-97.0,42.6,300
1956,1956-04-02,NE,2,0,0,40.37,-95.83,2.3,100
1956,1956-04-03,OK,3,3,0,34.15,-95.22,2.0,100
1956,1956-04-03,OK,4,59,0,36.77,-94.97,41.8,400
1956,1956-04-03,WI,2,0,0,43.1,-90.25,3.0,200
1956,1956-04-03,AR,2,0,0,33.3,-91.58,2.1,207
1956,1956-04-03,WI,2,2,2,44.25,-89.52,18.2,100
1956,1956-04-03,AR,2,0,0,33.25,-91.43,1.0,20
1956,1956-04-03,WI,4,50,7,43.93,-88.97,11.5,440
1956,1956-04-03,MS,2,6,0,33.55,-90.6,124.9,10
1956,1956-04-03,IL,2,0,0,38.73,-87.68,3.3,10
1956,1956-04-03,KY,3,2,1,37.52,-87.67,22.9,223
1956,1956-04-03,IL,2,0,0,40.92,-88.2,2.0,50
1956,1956-04-03,IL,2,0,0,40.1,-88.78,9.5,40
1956,1956-04-03,MI,5,292,17,42.65,-86.22,58.8,400
1956,1956-04-03,TN,4,60,3,35.58,-88.47,11.6,100
1956,1956-04-03,IN,2,0,0,39.42,-86.97,0.1,10
1956,1956-04-03,MI,4,25,1,44.38,-86.26,50.3,400
1956,1956-04-03,IN,2,12,0,38.6,-86.12,0.1,10
1956,1956-04-03,MI,3,12,0,42.27,-86.13,60.6,200
1956,1956-04-03,IN,3,0,0,40.98,-85.97,1.5,70
1956,1956-04-03,MS,2,2,0,33.58,-88.83,5.1,100
1956,1956-04-03,IN,2,0,0,41.12,-86.38,4.1,50
1956,1956-04-03,IN,2,0,0,41.63,-85.48,0.1,10
1956,1956-04-03,IN,2,0,0,39.73,-84.88,0.1,10
1956,1956-04-05,TX,3,0,0,30.68,-96.37,5.2,67
1956,1956-04-06,SC,2,1,0,34.13,-82.38,5.4,100
1956,1956-04-06,NC,2,0,0,35.5,-79.07,14.4,100
1956,1956-04-08,OK,3,4,0,36.38,-97.9,7.3,400
1956,1956-04-08,OK,3,0,0,36.25,-97.67,7.7,400
1956,1956-04-08,OK,2,0,0,36.27,-98.5,14.2,10
1956,1956-05-10,SD,2,2,0,42.98,-97.87,5.6,100
1956,1956-05-10,NE,2,0,0,40.58,-98.5,12.3,10
1956,1956-05-10,SD,2,0,0,43.42,-97.25,1.3,100
1956,1956-05-10,MN,2,0,0,43.62,-95.8,6.5,880
1956,1956-05-12,MI,2,0,0,43.43,-85.12,9.1,10
1956,1956-05-12,MI,2,4,1,43.3,-84.55,3.8,800
1956,1956-05-12,MI,2,3,0,43.1,-84.85,10.7,10
1956,1956-05-12,MI,2,0,0,43.3,-84.13,3.8,100
1956,1956-05-12,MI,2,5,0,42.55,-83.77,7.4,100
1956,1956-05-12,MI,2,5,0,42.55,-83.75,7.8,100
1956,1956-05-12,MI,4,116,3,43.0,-83.68,6.6,100
1956,1956-05-12,MI,4,22,0,42.25,-83.22,6.8,400
1956,1956-05-12,PA,2,0,0,40.62,-80.28,0.1,10
1956,1956-05-13,PA,2,5,0,40.37,-79.87,0.7,200
1956,1956-05-13,PA,2,1,0,40.25,-78.83,0.1,10
1956,1956-05-21,IL,2,0,0,40.72,-88.02,2.0,70
1956,1956-05-29,NE,2,0,0,40.07,-96.87,2.3,10
1956,1956-05-29,IA,2,0,0,41.35,-94.95,3.3,50
1956,1956-05-31,OK,2,0,0,35.27,-96.72,1.5,77
1956,1956-05-03,AL,3,2,0,31.6,-86.55,3.8,83
1956,1956-05-03,GA,2,1,0,33.03,-84.2,8.2,33
1956,1956-05-05,FL,3,1,0,30.43,-87.23,1.0,50
1956,1956-05-06,NJ,2,0,0,39.25,-74.83,0.2,40
1956,1956-05-08,TX,2,0,0,34.02,-100.28,1.0,67
1956,1956-05-09,MI,2,0,0,42.2,-86.17,1.0,10
1956,1956-06-13,PA,2,2,0,39.95,-76.72,0.1,10
1956,1956-06-17,TX,3,0,0,33.82,-102.18,1.0,20
1956,1956-06-17,ND,2,0,0,47.0,-100.75,37.1,50
1956,1956-06-18,KS,2,0,0,39.25,-94.9,0.8,27
1956,1956-06-18,ND,3,1,0,47.3,-101.8,10.6,100
1956,1956-06-19,CO,2,0,0,40.27,-103.83,0.1,10
1956,1956-06-19,IL,2,0,0,39.7,-91.03,14.0,10
1956,1956-06-21,SD,2,0,0,45.17,-98.47,0.1,10
1956,1956-06-24,IN,2,0,0,40.83,-85.12,2.3,10
1956,1956-06-25,NE,2,0,0,40.22,-100.03,16.2,20
1956,1956-06-26,MI,2,0,0,41.82,-86.27,0.1,17
1956,1956-06-26,MI,2,2,0,43.18,-84.68,9.2,10
1956,1956-06-29,SD,2,1,0,44.0,-96.97,18.6,10
1956,1956-06-29,MN,2,0,0,43.73,-96.27,0.1,10
1956,1956-06-01,CO,2,0,0,40.42,-103.63,0.1,10
1956,1956-06-03,OK,2,0,0,35.38,-97.75,0.1,10
1956,1956-06-05,ND,3,0,0,47.58,-101.2,0.1,10
1956,1956-06-05,NE,2,0,0,42.93,-100.13,0.1,10
1956,1956-06-06,NE,4,0,0,40.97,-99.1,2.0,500
1956,1956-06-06,NE,2,3,0,40.55,-97.67,16.2,10
1956,1956-06-06,NE,2,1,0,40.73,-96.88,1.3,10
1956,1956-06-08,OK,2,0,0,35.28,-96.62,7.4,150
1956,1956-06-08,OK,2,0,0,35.28,-96.62,12.4,150
1956,1956-07-12,CO,2,0,0,38.05,-103.23,5.0,10
1956,1956-07-12,KS,2,0,1,38.48,-101.2,20.0,10
1956,1956-07-13,KY,2,12,0,38.83,-84.63,1.0,433
1956,1956-07-13,IN,2,0,0,39.08,-85.25,0.2,100
1956,1956-07-15,KS,3,0,0,39.2,-98.1,7.1,880
1956,1956-07-17,IA,2,1,0,43.07,-92.27,2.3,200
1956,1956-07-19,KY,2,0,0,38.7,-84.27,21.4,10
1956,1956-07-20,KS,3,0,0,38.18,-95.48,69.5,880
1956,1956-07-21,KS,2,0,0,38.02,-97.35,0.1,10
1956,1956-07-01,WI,2,0,0,44.73,-87.38,10.6,50
1956,1956-07-01,KS,2,0,0,37.82,-97.6,0.1,10
1956,1956-07-02,OK,2,0,0,35.97,-98.35,0.1,10
1956,1956-07-02,KS,2,0,0,38.8,-95.18,3.0,10
1956,1956-07-02,OK,2,0,0,35.4,-98.15,16.2,400
1956,1956-07-05,KS,2,0,0,39.8,-101.22,0.1,10
1956,1956-07-05,KS,2,0,0,39.8,-101.15,0.1,10
1956,1956-07-08,AL,2,0,0,31.62,-87.9,31.1,10
1956,1956-07-08,OH,2,0,0,41.6,-80.95,23.9,880
1956,1956-08-12,IA,3,8,0,41.53,-92.75,5.1,200
1956,1956-08-12,IN,3,1,0,41.23,-86.25,23.4,800
1956,1956-08-13,IL,3,0,0,40.7,-89.5,3.8,27
1956,1956-08-13,PA,2,0,0,40.25,-75.3,1.3,333
1956,1956-08-14,TX,2,0,0,32.55,-97.07,3.8,33
1956,1956-08-18,IA,2,0,0,41.38,-92.6,11.5,10
1956,1956-08-23,IL,2,0,0,42.03,-88.28,0.1,40
1956,1956-08-23,IL,2,3,0,41.58,-87.78,0.1,40
1956,1956-08-30,ND,3,8,0,46.9,-96.8,5.1,60
1956,1956-08-30,IL,2,0,0,41.8,-89.5,0.1,17
1956,1956-08-05,OH,3,0,2,41.15,-80.7,0.1,10
1956,1956-08-06,SD,3,0,0,43.42,-102.18,28.3,100
1956,1956-08-08,SD,2,0,0,43.55,-96.77,0.1,10
1956,1956-08-08,TX,2,0,0,34.07,-98.22,2.0,50
1956,1956-09-15,IL,2,0,0,38.45,-90.1,1.0,400
1956,1956-09-24,FL,2,0,0,30.1,-85.22,0.1,10
1956,1956-09-24,FL,2,0,0,30.28,-83.75,5.0,10
1956,1956-09-24,FL,2,0,0,29.9,-82.8,0.1,50
1956,1956-09-04,TX,2,0,0,30.63,-97.65,56.6,250
1956,1956-09-06,NJ,2,0,0,41.05,-74.1,0.1,10
1956,1956-09-07,TX,2,0,0,26.9,-99.28,0.1,50
1957,1957-10-12,NM,3,0,0,32.63,-108.17,8.2,50
1957,1957-10-14,TX,2,0,0,30.1,-96.1,1.0,33
1957,1957-10-14,TX,2,0,0,30.05,-95.92,0.5,17
1957,1957-10-14,TX,3,0,0,30.12,-96.0,1.0,10
1957,1957-10-14,TX,2,0,0,30.2,-94.9,0.5,200
1957,1957-10-15,LA,3,29,1,30.47,-92.08,37.9,100
1957,1957-10-15,MS,3,0,0,32.22,-90.77,17.5,77
1957,1957-10-22,TX,3,1,0,30.25,-94.97,4.3,100
1957,1957-10-23,LA,2,1,1,31.1,-92.3,18.3,100
1957,1957-10-23,LA,2,0,0,29.93,-91.1,11.0,100
1957,1957-10-07,TX,2,0,0,33.62,-99.42,2.0,10
1957,1957-11-13,LA,2,0,0,31.15,-92.25,1.0,33
1957,1957-11-13,LA,2,0,0,28.95,-92.5,0.5,33
1957,1957-11-14,FL,2,0,0,30.6,-84.58,0.7,10
1957,1957-11-14,MS,3,0,0,33.45,-89.57,7.8,100
1957,1957-11-16,LA,3,1,0,31.57,-93.4,1.0,100
1957,1957-11-17,MS,2,2,2,33.12,-88.65,14.8,70
1957,1957-11-17,AL,4,15,4,33.9,-87.18,7.2,200
1957,1957-11-17,TX,2,2,0,32.72,-97.37,2.0,50
1957,1957-11-18,MS,2,2,0,34.67,-88.33,17.9,50
1957,1957-11-18,MS,2,2,0,31.73,-89.08,6.2,50
1957,1957-11-18,AL,2,0,0,34.48,-87.87,7.4,10
1957,1957-11-18,MS,3,0,0,31.97,-88.78,9.0,77
1957,1957-11-18,MS,2,2,0,31.05,-89.88,25.3,77
1957,1957-11-18,AL,2,35,1,33.6,-86.8,8.2,100
1957,1957-11-18,TN,2,2,0,36.27,-84.87,13.9,220
1957,1957-11-18,GA,2,0,0,34.47,-85.27,14.5,500
1957,1957-11-18,AL,4,12,3,33.98,-86.52,26.1,100
1957,1957-11-18,AL,2,0,0,33.27,-85.85,0.1,10
1957,1957-11-19,PA,2,0,0,40.3,-76.58,2.0,13
1957,1957-11-20,MI,3,12,1,42.4,-83.1,1.5,100
1957,1957-11-29,GA,2,6,0,31.47,-82.35,1.0,300
1957,1957-11-07,LA,2,0,0,32.4,-93.7,13.4,100
1957,1957-11-07,LA,3,5,0,30.97,-91.7,3.6,50
1957,1957-11-07,LA,3,16,3,31.38,-92.67,13.3,67
1957,1957-11-07,TX,3,59,2,29.95,-93.93,3.6,200
1957,1957-11-07,TX,3,1,0,29.9,-94.0,1.5,10
1957,1957-11-07,MS,3,1,2,33.28,-90.23,31.2,300
1957,1957-11-07,TX,4,81,1,30.1,-93.73,12.9,200
1957,1957-11-07,LA,3,10,4,30.35,-92.2,9.2,200
1957,1957-11-08,TN,2,0,0,35.2,-87.02,4.7,133
1957,1957-11-08,NC,3,5,0,35.7,-77.75,46.9,150
1957,1957-12-18,MO,2,1,1,37.68,-90.35,2.7,33
1957,1957-12-18,IL,3,0,0,37.97,-89.82,20.2,10
1957,1957-12-18,MO,2,0,0,37.83,-89.83,0.5,50
1957,1957-12-18,IL,3,0,0,37.9,-89.8,17.7,10
1957,1957-12-18,IL,2,1,0,38.85,-90.08,1.0,10
1957,1957-12-18,IL,3,1,0,38.08,-89.55,2.5,10
1957,1957-12-18,IL,2,2,0,38.42,-89.02,4.5,10
1957,1957-12-18,IL,4,45,1,38.28,-89.08,16.8,250
1957,1957-12-18,IL,2,0,0,37.9,-89.5,5.4,10
1957,1957-12-18,IL,3,0,0,37.83,-89.75,5.7,10
1957,1957-12-18,IL,2,0,0,38.33,-89.02,11.6,200
1957,1957-12-18,IL,5,6,1,38.08,-89.25,5.4,200
1957,1957-12-18,IL,4,200,11,37.7,-89.48,28.3,300
1957,1957-12-18,MO,2,1,0,37.4,-89.87,15.8,700
1957,1957-12-18,IL,3,1,0,38.5,-88.63,19.6,200
1957,1957-12-18,MO,2,0,0,37.68,-89.58,1.0,10
1957,1957-12-18,MO,2,1,3,37.18,-89.67,0.5,33
1957,1957-12-18,IL,2,5,0,37.7,-89.22,1.5,10
1957,1957-12-18,IL,3,0,0,38.93,-88.05,4.5,10
1957,1957-12-18,IL,3,3,0,38.2,-88.7,2.5,150
1957,1957-12-18,IL,3,4,0,38.17,-88.42,19.8,10
1957,1957-12-18,IL,2,0,0,37.3,-88.92,0.1,10
1957,1957-12-19,AR,4,9,2,33.35,-93.25,17.7,10
1957,1957-12-19,AR,3,0,0,34.38,-91.95,3.8,100
1957,1957-12-19,MO,2,0,0,37.37,-94.07,6.6,100
1957,1957-12-19,IL,2,0,0,38.2,-89.05,1.0,67
1957,1957-12-19,IL,2,0,0,37.7,-88.53,0.5,100
1957,1957-12-19,TN,2,0,0,35.82,-88.92,0.5,10
1957,1957-12-19,AL,2,7,0,34.6,-87.67,0.1,10
1957,1957-01-22,OK,2,0,0,35.07,-96.87,63.7,440
1957,1957-01-22,OK,2,0,0,35.25,-95.3,6.1,50
1957,1957-01-22,AR,2,0,0,35.55,-93.67,7.4,10
1957,1957-01-22,OK,4,20,10,35.4,-94.68,0.1,880
1957,1957-01-22,AR,2,0,0,34.32,-93.17,3.4,880
1957,1957-01-22,LA,3,9,3,32.6,-93.5,1.7,167
1957,1957-01-22,AR,2,0,0,35.8,-90.2,0.1,10
1957,1957-01-22,AR,2,0,0,33.13,-92.03,3.8,10
1957,1957-01-22,TN,2,4,0,36.1,-86.87,15.0,100
1957,1957-01-22,TN,2,0,0,36.25,-86.35,0.4,13
1957,1957-01-22,TN,2,0,0,35.57,-85.98,4.7,30
1957,1957-02-01,MS,2,0,0,32.78,-89.83,1.0,100
1957,1957-03-14,IL,2,0,0,40.1,-90.58,2.3,10
1957,1957-03-14,IL,2,0,0,40.2,-89.7,0.1,100
1957,1957-03-14,IL,2,0,0,39.97,-89.17,0.1,10
1957,1957-03-14,IN,2,0,0,41.65,-86.73,0.1,10
1957,1957-03-17,TX,2,4,0,29.38,-95.13,11.6,67
1957,1957-03-17,TX,2,0,0,29.48,-94.93,0.1,10
1957,1957-03-17,TX,2,7,1,29.4,-94.92,0.1,10
1957,1957-03-17,TX,2,4,0,29.42,-94.82,7.1,67
1957,1957-03-17,TX,2,0,0,29.95,-93.95,0.9,100
1957,1957-03-20,TX,3,2,0,30.27,-96.83,7.2,10
1957,1957-03-20,TX,3,2,0,30.32,-96.92,16.9,1760
1957,1957-03-21,LA,3,2,0,29.5,-90.6,2.0,100
1957,1957-03-31,TX,2,0,0,29.82,-98.75,1.5,880
1957,1957-03-31,TX,2,0,0,30.38,-97.72,0.5,100
1957,1957-03-31,TX,2,0,0,30.5,-97.63,0.1,10
1957,1957-03-31,TX,2,2,0,30.72,-95.55,2.0,100
1957,1957-03-31,LA,2,0,0,30.05,-92.8,10.6,267
1957,1957-04-18,TX,3,0,0,33.7,-96.73,1.0,17
1957,1957-04-18,SD,2,0,0,43.25,-99.73,3.8,10
1957,1957-04-19,TX,2,0,0,32.4,-98.83,0.3,17
1957,1957-04-19,WI,2,0,0,43.97,-91.17,0.1,150
1957,1957-04-19,WI,4,0,1,43.87,-90.18,21.1,300
1957,1957-04-19,WI,2,1,0,44.07,-89.4,22.8,50
1957,1957-04-19,WI,2,2,0,42.65,-88.33,2.7,50
1957,1957-04-19,WI,3,0,0,43.73,-90.43,9.0,400
1957,1957-04-20,TX,2,0,0,33.8,-100.42,0.4,100
1957,1957-04-21,NM,2,0,0,33.9,-103.1,0.3,40
1957,1957-04-21,TX,4,7,0,33.6,-102.3,29.2,880
1957,1957-04-21,TX,4,6,0,33.43,-101.63,15.5,100
1957,1957-04-21,TX,2,0,0,33.7,-102.0,30.6,100
1957,1957-04-21,TX,2,0,0,33.7,-102.0,30.6,10
1957,1957-04-21,TX,2,0,0,33.58,-101.83,12.6,880
1957,1957-04-22,CO,2,0,0,39.3,-102.3,0.3,10
1957,1957-04-22,TX,2,0,0,34.68,-100.83,9.2,200
1957,1957-04-22,KS,2,0,0,37.5,-98.6,0.1,10
1957,1957-04-22,KS,2,0,0,37.55,-98.65,7.3,100
1957,1957-04-22,OK,2,0,0,34.57,-99.58,0.1,10
1957,1957-04-22,ND,2,0,0,46.73,-103.2,0.5,800
1957,1957-04-22,OK,2,0,0,34.87,-99.33,0.1,10
1957,1957-04-22,OK,3,1,0,35.1,-98.6,1.0,200
1957,1957-04-22,OK,2,0,0,35.3,-98.5,30.9,10
1957,1957-04-22,OK,2,0,0,35.87,-97.93,3.6,200
1957,1957-04-24,TX,3,1,0,30.27,-97.37,14.7,880
1957,1957-04-24,TX,2,0,0,31.95,-96.68,6.1,100
1957,1957-04-24,TX,2,0,0,31.63,-96.27,4.1,100
1957,1957-04-25,IL,2,0,0,38.45,-89.97,2.0,300
1957,1957-04-25,NE,4,8,1,40.58,-97.57,89.8,333
1957,1957-04-25,NE,3,0,0,40.37,-97.95,34.7,220
1957,1957-04-25,OK,2,0,0,35.08,-96.38,2.0,200
1957,1957-04-25,AR,3,0,0,35.8,-90.7,0.5,313
1957,1957-04-26,TX,2,0,0,29.68,-97.65,0.1,10
1957,1957-04-26,TX,2,0,0,30.02,-97.17,40.5,10
1957,1957-04-26,TX,3,0,0,32.38,-94.9,1.0,10
1957,1957-04-26,TX,2,6,0,32.35,-95.32,6.1,100
1957,1957-04-26,TX,3,0,0,32.48,-94.72,14.2,50
1957,1957-04-26,TX,2,0,0,32.45,-94.73,0.2,50
1957,1957-04-26,TX,2,0,0,32.73,-94.95,11.9,67
1957,1957-04-26,IN,2,0,0,39.78,-85.77,0.1,10
1957,1957-04-27,LA,2,0,0,30.17,-93.37,1.0,200
1957,1957-04-30,WA,2,0,0,46.6,-120.5,1.0,23
1957,1957-04-01,TN,2,0,0,35.45,-88.87,0.1,10
1957,1957-04-02,TX,2,2,0,33.47,-96.58,0.1,10
1957,1957-04-02,TX,2,1,0,33.93,-97.72,2.0,33
1957,1957-04-02,TX,3,4,0,33.28,-96.62,10.7,33
1957,1957-04-02,TX,3,200,10,32.85,-96.83,17.2,100
1957,1957-04-02,OK,2,1,0,34.55,-96.92,11.7,400
1957,1957-04-02,OK,2,2,1,34.4,-97.13,2.0,600
1957,1957-04-02,OK,4,6,2,34.0,-96.65,5.2,200
1957,1957-04-02,OK,4,3,3,33.93,-96.43,7.9,200
1957,1957-04-02,TX,2,2,1,33.48,-95.77,6.5,100
1957,1957-04-02,TX,2,0,0,35.45,-100.27,0.3,33
1957,1957-04-02,TX,3,1,0,33.03,-97.55,0.1,10
1957,1957-04-02,OK,2,1,0,34.63,-99.27,43.7,150
1957,1957-04-02,TX,2,0,0,33.5,-95.8,0.1,10
1957,1957-04-02,TX,2,2,1,33.55,-95.77,0.1,10
1957,1957-04-02,OK,2,2,0,34.83,-95.1,23.3,880
1957,1957-04-02,OK,2,0,0,34.85,-95.57,11.7,440
1957,1957-04-03,TX,2,0,0,32.88,-94.72,0.1,10
1957,1957-04-03,TX,2,0,0,32.62,-94.38,0.1,10
1957,1957-04-03,AR,2,0,0,36.07,-90.42,0.1,10
1957,1957-04-03,AR,3,0,0,35.8,-90.92,22.6,100
1957,1957-04-03,TX,2,0,0,31.62,-94.05,2.0,10
1957,1957-04-03,IL,2,5,0,37.0,-89.2,6.8,10
1957,1957-04-04,MS,2,4,0,33.0,-88.92,40.7,200
1957,1957-04-04,MS,3,75,1,31.88,-89.77,40.2,167
1957,1957-04-04,TN,2,0,0,35.53,-88.48,0.1,10
1957,1957-04-04,TN,3,11,0,35.05,-88.6,7.3,50
1957,1957-04-05,GA,2,5,2,32.2,-84.35,75.0,400
1957,1957-04-05,GA,2,0,0,33.47,-82.5,23.3,400
1957,1957-04-05,SC,2,1,0,33.83,-81.53,21.3,40
1957,1957-04-05,IN,2,0,0,40.18,-85.38,0.1,10
1957,1957-04-05,IN,2,0,0,38.98,-86.43,0.1,10
1957,1957-04-05,IN,2,0,0,40.37,-85.13,0.1,10
1957,1957-04-05,IN,2,1,0,40.05,-85.52,0.1,10
1957,1957-04-07,AR,2,0,0,34.9,-94.1,4.7,300
1957,1957-04-07,AL,2,0,0,34.45,-88.13,0.1,10
1957,1957-04-08,MS,2,0,0,34.1,-88.82,9.0,200
1957,1957-04-08,TN,2,0,0,36.1,-85.1,2.7,10
1957,1957-04-08,AL,3,0,0,34.12,-87.98,51.4,100
1957,1957-04-08,AL,3,90,2,34.32,-86.98,38.8,200
1957,1957-04-08,AL,3,0,0,34.3,-86.6,16.3,10
1957,1957-04-08,GA,2,5,0,34.43,-85.0,10.3,200
1957,1957-04-08,SC,2,2,0,34.63,-81.78,15.2,100
1957,1957-04-08,GA,3,3,1,31.85,-83.08,14.7,400
1957,1957-04-08,TN,2,0,0,36.28,-82.58,3.0,440
1957,1957-04-08,SC,4,70,4,34.63,-80.58,121.4,150
1957,1957-04-08,GA,2,1,0,31.87,-84.7,5.2,200
1957,1957-04-08,NE,2,0,0,42.37,-102.35,9.8,880
1957,1957-04-08,NC,4,21,0,34.68,-79.2,0.8,150
1957,1957-04-08,NC,3,29,0,34.83,-78.08,8.0,150
1957,1957-05-10,NM,2,0,0,36.68,-108.22,0.1,10
1957,1957-05-11,AR,2,0,0,35.32,-93.52,0.1,10
1957,1957-05-12,TX,2,0,0,31.6,-97.47,1.0,30
1957,1957-05-13,AR,2,1,0,33.67,-94.12,1.0,77
1957,1957-05-13,AR,2,1,0,33.88,-93.92,2.0,200
1957,1957-05-13,AR,2,0,0,34.03,-93.52,0.1,50
1957,1957-05-13,AR,3,0,0,34.22,-93.0,14.7,880
1957,1957-05-13,AR,3,18,1,35.07,-92.47,17.5,63
1957,1957-05-13,AR,2,1,0,36.2,-91.92,2.0,400
1957,1957-05-14,OH,2,3,0,40.8,-81.9,0.1,10
1957,1957-05-15,TX,3,1,0,35.02,-101.05,10.2,50
1957,1957-05-15,TX,3,0,0,34.65,-101.5,1.0,10
1957,1957-05-15,TX,2,0,0,33.18,-102.83,2.0,10
1957,1957-05-15,TX,4,80,21,34.47,-101.3,17.0,300
1957,1957-05-15,TX,2,0,0,34.18,-101.7,2.0,17
1957,1957-05-16,KS,2,0,0,37.23,-95.98,39.3,200
1957,1957-05-16,TX,2,0,0,35.83,-100.8,0.1,10
1957,1957-05-19,NE,2,0,0,41.75,-103.12,5.1,67
1957,1957-05-20,KS,4,0,0,39.38,-97.73,44.6,400
1957,1957-05-20,KS,2,0,0,39.47,-97.63,0.1,10
1957,1957-05-20,KS,2,0,0,39.52,-97.63,0.1,10
1957,1957-05-20,KS,2,0,0,39.52,-97.63,0.1,10
1957,1957-05-20,KS,3,0,0,39.57,-97.57,6.1,10
1957,1957-05-20,NE,2,0,0,40.07,-97.5,75.3,10
1957,1957-05-20,MO,2,0,0,39.85,-94.35,9.8,200
1957,1957-05-20,NE,2,0,0,40.77,-98.37,18.2,10
1957,1957-05-20,NE,2,0,0,40.68,-97.25,23.9,10
1957,1957-05-20,OK,2,0,0,36.42,-96.38,0.1,10
1957,1957-05-20,OK,2,0,0,35.5,-96.7,0.1,10
1957,1957-05-20,KS,5,207,44,38.45,-95.5,69.4,440
1957,1957-05-20,MO,2,0,0,39.2,-94.2,12.8,33
1957,1957-05-20,KS,3,0,0,38.5,-95.43,5.6,10
1957,1957-05-20,OK,3,1,0,35.35,-95.08,20.4,200
1957,1957-05-21,MN,4,2,0,45.58,-92.87,9.2,100
1957,1957-05-21,MO,3,2,0,37.55,-91.5,10.2,440
1957,1957-05-21,MO,2,0,0,36.8,-92.8,14.5,500
1957,1957-05-21,MO,3,50,8,37.77,-90.92,22.2,400
1957,1957-05-21,IL,2,0,0,38.42,-90.2,19.7,150
1957,1957-05-21,MO,4,75,7,36.95,-91.17,9.1,500
1957,1957-05-21,IA,2,0,0,41.55,-91.0,8.9,100
1957,1957-05-21,IL,2,0,0,38.7,-87.98,3.6,150
1957,1957-05-21,MO,2,0,0,37.38,-89.83,5.1,500
1957,1957-05-21,MO,2,2,0,40.08,-91.78,7.4,400
1957,1957-05-21,IL,3,0,0,37.57,-89.32,8.5,200
1957,1957-05-21,IL,3,0,0,40.5,-90.8,13.7,120
1957,1957-05-21,IN,2,2,0,37.97,-87.28,0.1,10
1957,1957-05-22,KY,2,0,0,38.62,-85.2,0.8,440
1957,1957-05-22,OK,2,0,0,35.1,-98.75,14.7,10
1957,1957-05-22,OK,2,0,0,35.65,-97.22,2.0,50
1957,1957-05-22,TX,3,4,0,31.9,-96.98,4.1,200
1957,1957-05-22,MO,2,0,0,36.65,-89.2,0.4,33
1957,1957-05-23,AR,2,0,0,33.35,-93.22,4.6,880
1957,1957-05-23,AR,3,0,0,33.62,-91.83,5.2,27
1957,1957-05-24,NM,2,0,0,34.43,-103.55,36.5,37
1957,1957-05-24,TX,2,0,0,34.43,-102.88,70.1,33
1957,1957-05-24,TX,3,3,0,34.18,-102.85,1.9,200
1957,1957-05-24,TX,3,1,0,33.17,-101.78,37.3,200
1957,1957-05-24,TX,3,1,0,32.32,-101.87,1.5,83
1957,1957-05-24,OK,4,5,4,34.27,-98.5,21.6,880
1957,1957-05-24,OK,2,0,0,34.62,-97.18,30.8,440
1957,1957-05-24,TX,2,0,0,32.15,-102.13,2.0,10
1957,1957-05-24,OK,2,0,0,34.65,-98.0,0.1,10
1957,1957-05-24,OK,2,0,0,34.47,-97.97,2.5,10
1957,1957-05-25,OK,2,0,0,34.27,-96.42,1.0,200
1957,1957-05-25,WI,2,0,0,42.9,-90.92,15.6,400
1957,1957-05-27,VA,2,0,0,37.12,-78.83,9.3,800
1957,1957-05-30,CO,2,0,0,40.47,-104.93,9.1,10
1957,1957-05-30,CO,2,1,0,40.5,-104.93,1.3,10
1957,1957-05-06,WA,2,0,0,47.48,-117.2,1.5,23
1957,1957-05-09,MO,2,0,0,38.8,-90.38,9.3,150
1957,1957-05-09,NE,2,0,0,40.53,-96.3,9.9,120
1957,1957-06-10,SD,2,0,0,43.85,-97.08,0.1,10
1957,1957-06-10,TX,2,0,0,36.33,-100.92,0.1,10
1957,1957-06-10,IL,2,0,0,39.6,-90.8,42.3,10
1957,1957-06-11,OH,2,0,0,40.3,-82.7,0.5,100
1957,1957-06-11,KS,2,0,0,38.87,-95.23,1.9,10
1957,1957-06-11,IN,2,0,0,39.1,-87.32,0.2,70
1957,1957-06-12,TX,3,0,0,32.68,-96.88,0.1,10
1957,1957-06-13,AR,2,0,0,35.37,-92.4,1.0,27
1957,1957-06-13,AR,2,0,0,35.32,-92.43,4.5,440
1957,1957-06-14,IL,2,1,0,39.55,-91.0,18.5,10
1957,1957-06-14,IL,2,5,0,39.73,-90.22,1.9,10
1957,1957-06-14,IL,4,50,2,39.75,-89.7,4.3,220
1957,1957-06-14,IN,3,0,0,41.07,-86.3,0.1,10
1957,1957-06-14,IN,2,0,0,41.22,-85.68,0.1,10
1957,1957-06-15,KS,3,0,0,39.7,-99.07,14.3,10
1957,1957-06-15,KS,3,0,0,39.77,-98.93,2.0,10
1957,1957-06-15,NE,2,0,0,40.78,-97.23,13.2,10
1957,1957-06-16,IA,2,0,0,42.5,-95.4,47.6,10
1957,1957-06-18,VT,2,0,0,45.0,-72.87,3.0,500
1957,1957-06-19,NH,2,1,0,43.1,-70.8,0.2,77
1957,1957-06-20,ND,2,0,0,46.1,-98.1,2.0,30
1957,1957-06-20,ND,5,103,10,46.9,-97.35,52.4,500
1957,1957-06-20,SD,2,0,1,45.02,-98.63,0.1,10
1957,1957-06-21,NE,3,0,0,40.9,-97.47,5.4,10
1957,1957-06-22,MO,2,0,0,39.0,-94.58,19.8,10
1957,1957-06-22,MI,2,0,0,42.87,-85.87,0.1,10
1957,1957-06-22,MI,2,0,0,43.58,-83.92,0.1,10
1957,1957-06-27,MS,2,9,0,32.77,-89.12,4.7,50
1957,1957-06-28,MS,3,10,1,33.22,-88.58,5.4,50
1957,1957-06-28,MS,2,0,0,31.58,-88.68,10.0,50
1957,1957-06-28,AL,2,0,0,31.92,-87.08,2.0,100
1957,1957-06-28,AL,2,0,0,32.15,-86.58,12.8,117
1957,1957-06-28,AL,2,0,0,31.4,-86.9,23.2,440
1957,1957-06-28,AL,2,4,0,31.42,-87.4,12.1,100
1957,1957-06-28,AL,2,0,0,31.77,-86.72,12.3,133
1957,1957-06-28,AL,2,0,0,31.42,-87.05,14.5,133
1957,1957-06-28,AL,2,2,0,31.43,-86.7,11.5,200
1957,1957-06-28,AL,2,1,0,31.8,-85.67,16.5,100
1957,1957-06-30,SD,2,0,0,43.37,-99.75,0.1,10
1957,1957-06-08,FL,2,0,0,29.63,-82.62,0.1,33
1957,1957-06-08,FL,2,0,0,30.1,-81.77,6.4,27
1957,1957-06-08,FL,2,0,0,30.3,-81.73,0.9,33
1957,1957-06-08,FL,2,0,0,30.23,-81.68,0.1,23
1957,1957-06-09,SD,3,0,0,45.03,-99.13,1.0,10
1957,1957-07-12,IN,2,0,0,40.07,-86.63,0.1,10
1957,1957-07-12,IN,2,0,0,41.38,-87.45,0.1,27
1957,1957-07-16,ND,2,0,0,47.17,-100.28,0.1,10
1957,1957-07-16,ND,3,0,0,47.25,-98.2,0.1,10
1957,1957-07-19,NE,3,0,0,40.78,-98.07,13.8,10
1957,1957-07-20,OK,2,0,0,34.23,-97.48,0.1,10
1957,1957-07-01,OK,2,0,0,36.08,-95.95,0.1,10
1957,1957-07-01,OK,2,0,0,36.02,-96.45,0.1,10
1957,1957-07-02,NE,2,0,0,40.52,-100.6,0.1,880
1957,1957-07-04,WI,2,4,0,45.6,-91.77,1.3,150
1957,1957-07-04,MI,2,0,0,45.23,-83.95,4.9,100
1957,1957-07-04,IN,2,0,0,39.45,-85.9,0.1,10
1957,1957-07-04,OH,2,0,0,41.47,-84.57,2.7,10
1957,1957-07-04,MI,4,6,0,42.52,-83.73,29.9,50
1957,1957-07-04,TN,2,0,0,36.32,-88.85,2.0,200
1957,1957-07-04,TN,2,0,0,36.33,-88.85,2.0,200
1957,1957-07-05,MA,2,0,0,42.53,-71.75,0.5,20
1957,1957-07-07,NE,2,1,0,40.13,-101.98,34.2,10
1957,1957-08-12,TX,2,0,0,33.43,-99.4,0.4,100
1957,1957-08-12,TX,2,0,0,32.58,-99.68,0.5,10
1957,1957-08-12,ND,2,0,0,46.4,-97.8,0.5,33
1957,1957-08-17,TX,2,0,0,32.1,-96.47,4.1,1333
1957,1957-08-04,AZ,3,0,0,32.85,-113.2,12.0,10
1957,1957-09-14,OK,4,6,2,34.95,-97.25,67.5,440
1957,1957-09-14,OK,2,3,0,35.33,-97.02,0.5,43
1957,1957-09-16,ME,2,0,0,45.8,-68.3,2.7,50
1957,1957-09-21,MI,2,0,0,43.0,-84.18,21.9,33
1957,1957-09-30,FL,2,0,0,29.83,-83.58,0.1,10
1958,1958-10-19,FL,3,24,1,26.82,-80.67,20.2,440
1958,1958-10-31,FL,3,4,0,27.53,-82.63,3.6,200
1958,1958-10-08,MO,3,7,2,40.42,-94.63,23.1,300
1958,1958-10-08,IL,2,0,1,42.42,-89.47,81.0,10
1958,1958-10-09,WI,2,0,0,45.02,-92.73,0.1,50
1958,1958-11-14,LA,2,0,0,30.47,-91.15,2.0,17
1958,1958-11-14,LA,2,1,0,32.65,-93.4,5.6,30
1958,1958-11-14,MS,2,0,0,31.2,-90.28,3.0,30
1958,1958-11-17,KS,2,0,0,37.52,-94.65,0.1,10
1958,1958-11-17,OK,2,0,0,36.85,-95.6,0.1,10
1958,1958-11-17,TX,2,7,0,33.32,-99.67,1.0,33
1958,1958-11-17,OK,2,0,0,34.48,-99.65,14.8,100
1958,1958-11-17,TX,2,1,0,33.38,-98.77,7.6,133
1958,1958-11-17,OK,2,0,0,34.87,-98.43,5.4,10
1958,1958-11-17,TX,2,0,0,33.9,-98.6,4.9,200
1958,1958-11-17,OK,3,4,0,34.28,-99.4,65.8,50
1958,1958-11-17,OK,3,0,0,36.35,-97.72,39.2,10
1958,1958-11-17,OK,2,0,0,34.48,-97.17,3.6,300
1958,1958-11-17,OK,2,0,0,34.8,-96.95,8.8,500
1958,1958-11-17,OK,3,15,0,35.15,-96.67,18.3,300
1958,1958-11-17,OK,2,0,0,34.57,-99.5,1.0,10
1958,1958-11-17,KS,3,0,0,37.32,-96.52,8.5,880
1958,1958-11-17,KS,2,0,0,39.18,-95.03,0.1,10
1958,1958-11-17,KS,2,0,0,38.5,-95.62,0.1,10
1958,1958-11-17,KS,2,0,0,38.62,-95.42,0.1,10
1958,1958-11-17,MO,3,1,0,37.63,-94.57,30.2,400
1958,1958-11-17,MO,2,0,0,37.45,-93.05,12.8,127
1958,1958-11-17,MO,2,0,0,40.05,-93.45,14.9,50
1958,1958-11-17,MO,2,0,0,40.2,-93.93,4.1,100
1958,1958-11-17,AR,2,0,0,34.32,-93.3,8.6,10
1958,1958-11-28,GA,2,0,0,31.97,-83.65,0.6,33
1958,1958-11-28,GA,2,1,0,32.1,-83.07,0.2,33
1958,1958-01-14,TX,2,0,0,33.13,-96.1,0.3,33
1958,1958-01-24,GA,2,16,0,32.38,-83.37,1.5,200
1958,1958-01-26,FL,2,0,0,27.22,-81.87,0.1,10
1958,1958-01-31,AL,2,0,0,34.48,-87.87,3.0,440
1958,1958-01-31,GA,2,0,0,32.82,-83.65,0.3,33
1958,1958-02-26,LA,2,2,0,32.87,-93.88,0.3,50
1958,1958-02-26,MS,3,26,8,31.98,-90.53,69.7,60
1958,1958-02-26,MS,3,34,1,31.97,-90.1,71.0,60
1958,1958-02-26,MS,2,9,0,30.8,-89.65,23.1,50
1958,1958-02-26,LA,2,0,0,32.9,-91.2,5.7,50
1958,1958-02-26,MS,2,1,0,30.42,-88.87,28.4,30
1958,1958-02-26,MS,3,20,4,31.33,-88.9,29.1,100
1958,1958-02-26,AL,2,0,0,31.78,-88.45,20.9,67
1958,1958-02-26,TN,3,0,0,35.23,-88.25,0.1,10
1958,1958-02-06,AL,2,0,0,31.72,-86.12,11.3,200
1958,1958-03-18,FL,2,0,0,26.47,-80.17,0.1,10
1958,1958-03-29,CA,2,0,0,40.95,-124.1,2.0,200
1958,1958-03-06,FL,2,0,0,30.7,-86.75,8.2,10
1958,1958-04-15,FL,4,7,0,27.67,-82.62,0.1,300
1958,1958-04-15,FL,3,9,0,29.87,-81.3,3.6,73
1958,1958-04-15,FL,3,20,0,27.5,-80.57,14.8,10
1958,1958-04-21,TX,2,18,0,32.47,-96.98,15.9,440
1958,1958-04-22,SC,2,1,1,33.58,-80.65,17.7,100
1958,1958-04-24,KY,2,0,0,37.2,-87.9,0.5,10
1958,1958-04-24,LA,2,0,0,32.77,-91.37,58.7,30
1958,1958-04-24,MS,2,0,0,32.95,-90.83,12.6,30
1958,1958-04-27,TX,2,0,0,33.2,-96.58,15.4,50
1958,1958-04-27,KS,2,0,0,39.85,-101.23,4.7,200
1958,1958-04-28,TX,3,0,0,31.9,-98.6,4.9,880
1958,1958-04-29,AL,2,0,0,33.63,-86.82,0.5,100
1958,1958-04-29,TX,2,4,0,31.98,-95.1,2.3,50
1958,1958-04-01,IA,2,0,0,42.73,-95.7,8.3,200
1958,1958-04-02,TX,3,14,1,33.9,-98.5,16.4,333
1958,1958-04-02,TX,3,1,0,33.65,-97.9,18.2,300
1958,1958-04-03,AR,2,0,0,35.9,-92.6,0.1,10
1958,1958-04-05,IL,3,8,1,38.3,-89.87,60.5,100
1958,1958-04-05,IL,3,11,0,37.9,-89.33,20.6,100
1958,1958-04-05,AL,2,1,1,34.67,-87.53,19.2,100
1958,1958-04-05,AL,2,0,0,34.7,-87.4,25.6,100
1958,1958-04-05,AL,2,0,0,34.8,-87.0,10.5,50
1958,1958-04-05,AL,2,0,0,34.3,-86.9,6.6,10
1958,1958-04-06,AL,3,1,0,34.27,-86.22,25.7,100
1958,1958-04-09,FL,2,0,0,29.95,-85.42,0.1,10
1958,1958-05-17,WI,2,0,0,45.35,-88.0,4.7,83
1958,1958-05-22,OH,2,3,0,39.58,-82.97,9.0,30
1958,1958-05-24,MN,3,12,0,45.15,-92.95,59.4,50
1958,1958-05-24,OK,2,0,0,35.4,-97.6,1.0,10
1958,1958-05-25,AL,2,1,0,34.63,-87.0,0.1,50
1958,1958-05-28,TX,2,0,0,33.12,-94.15,2.0,100
1958,1958-05-30,ND,3,0,0,47.93,-99.8,10.7,10
1958,1958-05-31,WI,2,0,0,42.72,-90.15,1.3,10
1958,1958-05-31,KS,2,0,0,38.67,-95.18,1.0,60
1958,1958-05-31,KS,2,0,0,38.73,-95.22,4.3,10
1958,1958-05-31,IN,2,2,0,41.67,-86.6,1.0,10
1958,1958-05-31,IN,2,0,0,41.72,-86.88,0.1,10
1958,1958-05-31,KS,3,0,0,37.25,-95.2,0.3,100
1958,1958-05-31,MO,2,0,0,37.95,-94.53,6.4,367
1958,1958-05-31,MO,2,0,0,36.88,-94.2,0.5,20
1958,1958-05-02,TX,2,0,0,29.28,-98.85,20.8,200
1958,1958-05-02,OK,2,0,0,35.27,-94.5,0.3,100
1958,1958-05-03,TX,3,0,0,32.35,-95.22,59.2,440
1958,1958-05-03,TX,2,0,0,33.0,-94.65,29.0,133
1958,1958-05-03,TX,2,0,0,29.72,-98.68,21.0,67
1958,1958-05-03,TX,2,0,0,32.62,-94.23,5.4,440
1958,1958-05-03,IL,2,1,0,38.67,-90.0,4.7,10
1958,1958-05-03,IL,2,0,0,39.55,-87.65,7.8,200
1958,1958-06-10,KS,4,5,15,37.85,-97.02,9.0,300
1958,1958-06-10,MO,2,0,0,38.8,-90.7,0.5,33
1958,1958-06-11,KS,2,6,0,37.77,-97.33,0.1,10
1958,1958-06-11,KS,2,4,0,37.72,-97.13,0.1,10
1958,1958-06-12,KS,2,0,0,38.18,-96.17,0.1,10
1958,1958-06-12,KS,2,0,0,39.03,-96.0,4.3,200
1958,1958-06-12,KS,2,3,0,37.98,-99.1,0.1,10
1958,1958-06-12,KY,3,3,0,37.08,-89.0,0.1,10
1958,1958-06-12,WY,2,0,0,43.88,-104.33,1.0,200
1958,1958-06-13,IN,2,0,0,40.77,-86.37,0.1,10
1958,1958-06-13,IN,2,0,0,40.75,-86.72,8.4,50
1958,1958-06-13,IN,2,1,0,39.97,-85.6,0.1,10
1958,1958-06-13,IN,2,0,0,40.05,-86.83,0.1,10
1958,1958-06-13,OH,2,0,0,40.1,-83.83,5.1,10
1958,1958-06-13,NJ,2,1,0,40.15,-74.7,0.1,150
1958,1958-06-13,MO,2,0,0,38.98,-93.6,4.1,440
1958,1958-06-15,CO,2,0,0,40.13,-102.7,0.1,10
1958,1958-06-21,OK,3,0,0,36.3,-99.75,0.5,67
1958,1958-06-21,KS,2,0,0,37.27,-100.58,12.2,30
1958,1958-06-24,IN,2,0,0,41.75,-86.12,7.3,10
1958,1958-06-25,OK,2,1,0,35.13,-94.53,0.5,200
1958,1958-06-26,WA,2,0,0,46.07,-118.93,0.3,50
1958,1958-06-30,ND,2,2,0,48.0,-102.1,0.1,10
1958,1958-06-30,WI,2,0,0,45.3,-89.52,2.0,50
1958,1958-06-30,NE,2,0,0,40.23,-100.3,3.0,10
1958,1958-06-01,IL,2,0,0,38.67,-90.0,0.5,100
1958,1958-06-01,CA,2,0,0,38.28,-122.98,15.0,50
1958,1958-06-01,NE,2,0,0,41.77,-102.98,0.1,10
1958,1958-06-03,WY,2,0,0,44.53,-107.78,0.2,17
1958,1958-06-04,MN,2,2,0,45.6,-94.58,13.3,400
1958,1958-06-04,WI,5,74,21,44.9,-92.33,33.7,880
1958,1958-06-04,WI,4,50,3,44.93,-91.47,11.1,600
1958,1958-06-04,WI,3,3,0,44.95,-91.17,4.3,300
1958,1958-06-04,WI,4,3,4,44.77,-91.27,59.2,880
1958,1958-06-04,WI,2,0,0,45.58,-91.1,13.8,200
1958,1958-06-06,TX,3,0,0,33.08,-96.08,1.0,50
1958,1958-06-07,KS,3,1,0,37.65,-97.27,5.0,1760
1958,1958-06-08,IA,2,0,0,40.92,-92.2,0.1,50
1958,1958-06-08,CO,2,0,0,40.07,-104.7,7.1,10
1958,1958-06-08,IN,2,0,0,40.93,-87.15,0.1,10
1958,1958-06-08,IN,2,0,0,39.75,-85.37,0.1,10
1958,1958-06-08,IN,2,1,0,40.35,-86.22,0.1,10
1958,1958-07-11,KS,2,0,0,39.0,-95.57,0.1,10
1958,1958-07-11,KS,2,0,0,38.92,-95.85,0.1,10
1958,1958-07-11,IL,2,1,0,38.55,-88.43,32.9,50
1958,1958-07-11,MA,2,0,0,42.58,-72.5,1.0,100
1958,1958-07-11,MA,2,0,0,42.5,-71.3,1.5,17
1958,1958-07-11,OH,2,8,0,39.1,-84.55,0.1,10
1958,1958-07-11,IL,3,3,0,39.48,-88.08,4.7,30
1958,1958-07-13,ND,2,0,0,46.1,-97.7,0.1,10
1958,1958-07-14,WI,2,0,0,45.27,-91.98,1.0,67
1958,1958-07-14,PA,2,0,0,39.93,-75.13,9.8,27
1958,1958-07-14,WI,2,0,0,46.17,-90.07,1.5,50
1958,1958-07-14,IA,3,1,0,41.07,-94.6,14.8,100
1958,1958-07-14,IA,2,0,0,42.2,-92.5,0.1,200
1958,1958-07-17,MO,2,0,0,39.33,-94.02,2.0,33
1958,1958-07-18,NE,2,2,0,40.42,-99.37,6.0,533
1958,1958-07-18,NE,3,0,0,40.78,-98.75,3.0,10
1958,1958-07-20,KS,3,4,0,38.87,-101.93,3.3,700
1958,1958-07-20,CO,2,0,0,40.22,-103.07,0.1,10
1958,1958-07-20,CO,2,5,0,38.83,-102.27,0.1,10
1958,1958-07-22,OH,2,0,0,40.08,-82.42,8.6,200
1958,1958-07-22,OH,2,3,0,40.07,-82.25,12.6,10
1958,1958-07-22,OH,2,3,0,40.23,-81.57,9.5,200
1958,1958-07-26,KS,2,0,0,38.03,-99.43,1.0,100
1958,1958-07-29,IA,2,0,0,42.33,-91.08,14.5,200
1958,1958-07-29,IN,2,0,0,41.38,-86.58,0.1,10
1958,1958-07-31,IN,3,0,0,39.52,-85.77,0.1,10
1958,1958-07-01,NE,2,0,0,41.15,-102.63,15.2,10
1958,1958-07-02,MT,2,2,0,45.8,-108.48,0.5,50
1958,1958-07-03,NE,2,2,0,40.15,-96.85,32.1,10
1958,1958-07-06,TX,2,0,0,32.35,-95.32,1.0,33
1958,1958-08-11,ND,3,2,0,47.9,-97.2,0.1,10
1958,1958-08-12,TX,2,0,0,32.92,-96.63,3.0,300
1958,1958-08-14,MA,2,0,0,42.32,-72.63,1.0,67
1958,1958-08-15,IL,2,0,0,41.77,-89.47,74.5,100
1958,1958-08-15,ME,2,0,0,47.0,-68.6,17.0,33
1958,1958-08-20,OK,2,0,0,36.25,-95.9,0.1,33
1958,1958-08-20,TX,2,1,0,33.63,-99.57,1.0,50
1958,1958-08-25,MA,2,0,0,42.53,-71.0,1.0,50
1958,1958-08-30,IL,2,0,0,42.32,-89.05,0.1,10
1958,1958-08-05,IA,2,0,0,42.75,-95.17,27.1,60
1958,1958-08-06,IL,2,0,0,41.73,-88.37,2.0,70
1958,1958-08-07,WI,2,4,0,43.12,-88.0,1.0,100
1958,1958-09-16,MO,2,0,0,37.8,-93.98,2.3,50
1958,1958-09-21,MS,2,2,0,34.42,-89.05,6.4,100
1958,1958-09-06,ND,3,0,0,46.9,-98.0,2.9,10
1958,1958-09-07,CT,2,2,0,41.9,-72.3,1.3,100
1959,1959-10-10,IL,2,0,0,38.95,-90.15,48.7,33
1959,1959-10-04,TX,3,5,0,32.77,-96.58,27.6,67
1959,1959-10-04,OK,2,2,0,33.8,-96.2,4.3,200
1959,1959-10-06,OH,2,0,0,41.35,-81.22,10.5,100
1959,1959-10-08,IL,2,1,0,42.33,-88.23,2.0,90
1959,1959-10-08,WI,2,0,0,43.2,-88.52,1.0,10
1959,1959-10-08,WI,2,2,0,42.77,-88.07,2.2,33
1959,1959-10-09,VA,2,0,0,36.75,-75.98,1.0,300
1959,1959-11-03,TX,2,0,0,33.08,-97.23,1.2,300
1959,1959-11-03,TX,2,0,0,29.95,-99.03,9.1,1760
1959,1959-11-03,TX,2,0,0,33.57,-97.85,0.5,33
1959,1959-11-04,TX,3,3,0,32.03,-95.85,25.1,67
1959,1959-11-04,TX,3,0,0,32.43,-94.43,15.5,67
1959,1959-12-26,KS,2,0,0,39.03,-97.32,2.0,10
1959,1959-01-21,AL,2,0,0,34.25,-86.7,1.0,10
1959,1959-01-21,MS,2,0,0,32.82,-90.93,31.9,100
1959,1959-01-21,MS,2,1,0,34.52,-88.2,5.7,20
1959,1959-01-21,MS,3,1,0,34.35,-89.03,33.8,10
1959,1959-01-21,MS,2,0,0,32.2,-89.92,23.8,10
1959,1959-01-21,TN,2,3,0,35.23,-88.4,4.1,500
1959,1959-01-21,MS,3,0,0,32.62,-89.7,26.1,10
1959,1959-01-21,KY,3,0,3,37.4,-86.62,6.6,10
1959,1959-02-10,MO,4,345,21,38.53,-90.6,23.9,200
1959,1959-02-10,IN,2,0,0,38.57,-85.52,0.1,10
1959,1959-02-10,IN,3,0,0,38.75,-87.4,3.3,100
1959,1959-02-10,IN,2,0,0,39.68,-86.15,0.4,50
1959,1959-02-10,IN,2,0,0,38.73,-86.5,0.1,10
1959,1959-02-10,KY,3,6,0,38.63,-85.0,1.5,440
1959,1959-02-10,OH,3,6,0,39.08,-83.7,10.5,400
1959,1959-03-11,MS,2,0,0,32.08,-89.77,18.9,50
1959,1959-03-14,AR,2,0,0,35.77,-91.57,9.1,833
1959,1959-03-14,AR,2,7,1,34.57,-92.82,11.9,417
1959,1959-03-14,AR,2,15,1,36.47,-91.85,11.0,417
1959,1959-03-14,AR,3,3,1,35.05,-92.22,18.0,33
1959,1959-03-14,IL,2,1,0,38.05,-90.0,2.3,120
1959,1959-03-15,IL,2,2,0,39.1,-88.7,2.0,10
1959,1959-03-20,TX,2,0,0,33.43,-96.35,10.7,67
1959,1959-03-20,TX,2,0,0,33.43,-96.35,10.7,67
1959,1959-03-20,TX,2,0,0,31.9,-94.23,5.4,880
1959,1959-03-21,AL,2,0,0,31.33,-85.87,2.7,150
1959,1959-03-25,OK,2,0,0,34.18,-97.13,3.8,50
1959,1959-03-25,OK,2,0,0,35.55,-98.72,12.3,77
1959,1959-03-25,OK,2,0,0,35.5,-95.25,0.1,10
1959,1959-03-26,IL,2,0,0,39.9,-90.63,3.0,200
1959,1959-03-26,TN,3,0,0,36.25,-85.98,19.5,440
1959,1959-03-31,OK,2,0,0,36.3,-97.03,2.7,10
1959,1959-03-31,OK,3,3,0,36.1,-96.5,3.8,100
1959,1959-03-31,TX,3,16,0,33.7,-97.13,6.8,1760
1959,1959-03-31,OK,3,10,0,33.88,-96.8,13.2,600
1959,1959-03-31,TX,4,31,6,31.85,-97.22,10.4,1760
1959,1959-03-31,AR,3,0,0,35.3,-93.75,2.0,300
1959,1959-03-04,OK,2,0,0,33.88,-94.83,0.8,50
1959,1959-04-19,GA,2,2,0,32.8,-83.5,6.6,120
1959,1959-04-19,LA,2,0,0,31.9,-92.87,20.7,100
1959,1959-04-02,FL,2,12,0,28.35,-82.2,0.1,10
1959,1959-04-02,FL,2,9,1,28.57,-81.27,0.1,100
1959,1959-04-02,FL,2,1,0,28.65,-80.85,1.0,100
1959,1959-04-08,TX,2,0,0,31.3,-94.02,0.2,50
1959,1959-05-10,IA,4,1,0,41.5,-94.63,41.1,400
1959,1959-05-10,IA,2,0,0,40.93,-95.05,1.0,200
1959,1959-05-10,OK,2,0,0,34.9,-96.75,2.0,300
1959,1959-05-10,TX,3,0,0,30.28,-97.72,11.0,667
1959,1959-05-10,MO,2,0,0,40.52,-95.17,0.2,17
1959,1959-05-10,TX,2,0,0,29.27,-98.33,1.0,33
1959,1959-05-10,TX,2,0,0,28.48,-98.43,13.8,150
1959,1959-05-10,IA,2,0,0,42.75,-93.33,6.5,300
1959,1959-05-10,TX,2,0,0,30.47,-96.87,22.2,10
1959,1959-05-10,IA,2,0,0,41.6,-93.6,0.3,50
1959,1959-05-10,OK,2,1,0,35.48,-94.77,1.5,50
1959,1959-05-10,TX,2,0,0,28.1,-98.1,4.9,250
1959,1959-05-10,TX,2,0,0,28.12,-98.12,4.3,167
1959,1959-05-10,TX,3,7,0,30.77,-96.6,15.8,333
1959,1959-05-10,WI,2,3,0,44.48,-88.05,4.3,33
1959,1959-05-11,IL,2,0,0,40.0,-88.6,0.1,30
1959,1959-05-12,AL,2,0,0,33.2,-87.0,4.9,100
1959,1959-05-12,AL,3,5,0,33.37,-86.95,8.6,440
1959,1959-05-12,CT,2,0,0,42.0,-73.4,0.5,100
1959,1959-05-17,OK,2,0,0,36.72,-97.82,4.7,10
1959,1959-05-17,KS,2,0,0,38.07,-98.02,2.0,400
1959,1959-05-17,OK,2,0,0,36.88,-97.92,2.0,200
1959,1959-05-18,IA,2,0,0,40.98,-94.73,1.0,200
1959,1959-05-18,KS,3,0,0,39.82,-95.62,0.5,100
1959,1959-05-18,KS,2,0,0,39.73,-95.42,1.0,880
1959,1959-05-18,KS,3,0,0,39.73,-95.33,6.5,400
1959,1959-05-19,FL,2,4,0,30.4,-87.32,1.5,10
1959,1959-05-19,WI,2,0,0,42.8,-90.8,4.9,200
1959,1959-05-20,IA,4,5,0,40.7,-93.15,17.2,440
1959,1959-05-20,KS,2,0,0,39.6,-99.0,0.1,10
1959,1959-05-20,NE,2,0,0,41.23,-96.62,12.0,10
1959,1959-05-21,TX,3,0,0,29.38,-94.77,4.3,67
1959,1959-05-22,OK,2,0,0,35.33,-98.02,0.1,10
1959,1959-05-22,OH,2,0,0,39.9,-84.2,0.1,10
1959,1959-05-25,TX,3,0,0,35.32,-100.68,0.1,10
1959,1959-05-25,OK,2,0,0,35.48,-99.67,3.8,440
1959,1959-05-25,OK,2,0,0,35.53,-99.05,8.8,150
1959,1959-05-25,SD,2,0,0,44.25,-98.77,0.1,10
1959,1959-05-26,IA,2,0,0,40.6,-95.63,15.9,400
1959,1959-05-26,WI,3,2,0,44.0,-91.42,34.3,67
1959,1959-05-26,WI,2,0,0,45.33,-91.3,2.2,33
1959,1959-05-26,OK,3,8,0,34.32,-97.45,3.3,60
1959,1959-05-27,WY,2,0,0,44.23,-105.6,10.6,33
1959,1959-05-28,IA,2,0,0,43.17,-94.9,2.3,100
1959,1959-05-28,IA,2,0,0,43.2,-95.02,1.0,150
1959,1959-05-28,NE,2,2,0,41.4,-99.22,6.4,250
1959,1959-05-28,KS,2,0,0,38.62,-99.65,2.3,100
1959,1959-05-29,CO,2,0,0,39.88,-104.3,2.0,33
1959,1959-05-29,KS,2,0,0,39.2,-100.1,5.6,77
1959,1959-05-29,KS,2,1,0,39.82,-96.78,0.1,10
1959,1959-05-30,NE,2,2,1,42.72,-97.62,26.8,10
1959,1959-05-30,SD,3,0,0,42.88,-97.28,0.1,10
1959,1959-05-31,IA,2,0,0,42.05,-93.43,17.0,440
1959,1959-05-01,TX,2,0,0,29.32,-99.47,5.7,33
1959,1959-05-02,TX,2,0,0,29.17,-99.65,4.6,1200
1959,1959-05-02,KS,2,0,0,39.85,-96.65,18.7,10
1959,1959-05-04,WI,2,0,0,44.32,-90.88,1.0,33
1959,1959-05-04,OK,2,0,0,35.55,-99.13,0.1,10
1959,1959-05-04,KS,2,0,0,37.73,-98.42,10.6,10
1959,1959-05-04,OK,2,0,0,36.53,-98.28,0.1,10
1959,1959-05-04,KS,2,0,0,37.22,-98.55,11.2,50
1959,1959-05-04,KS,2,0,0,39.25,-97.38,3.8,100
1959,1959-05-04,OK,2,1,0,35.2,-99.52,9.6,200
1959,1959-05-04,KS,2,0,0,39.92,-95.82,24.9,1760
1959,1959-05-04,OK,2,0,0,36.8,-97.32,5.7,300
1959,1959-05-04,IA,2,0,0,41.7,-94.92,4.1,100
1959,1959-05-04,IA,2,0,0,41.2,-94.4,4.5,100
1959,1959-05-04,IA,2,0,0,41.28,-94.5,5.1,100
1959,1959-05-04,IA,2,0,0,41.9,-94.33,14.2,150
1959,1959-05-06,WI,2,0,0,44.52,-88.87,7.2,1760
1959,1959-05-06,WI,2,0,0,44.47,-88.55,0.1,10
1959,1959-05-09,OK,3,3,0,36.43,-95.12,23.2,880
1959,1959-05-09,OK,2,0,0,36.42,-95.85,19.1,300
1959,1959-05-09,OK,3,0,0,36.4,-95.8,23.4,50
1959,1959-05-09,OK,2,0,0,36.53,-94.73,0.8,880
1959,1959-05-09,OK,2,0,0,34.85,-96.3,0.1,10
1959,1959-05-09,IA,3,0,0,41.2,-91.98,6.6,200
1959,1959-05-09,OK,4,12,7,34.62,-96.58,6.2,900
1959,1959-05-09,MO,2,0,0,36.68,-94.45,0.5,50
1959,1959-05-09,IA,3,1,0,40.87,-91.78,17.8,250
1959,1959-05-09,IA,2,0,0,42.1,-92.4,0.1,67
1959,1959-06-10,ND,2,0,0,46.9,-97.2,0.1,10
1959,1959-06-17,FL,3,77,0,25.73,-80.28,12.7,333
1959,1959-06-17,FL,2,0,0,26.92,-80.18,8.7,150
1959,1959-06-18,KS,2,0,0,37.53,-96.2,2.5,100
1959,1959-06-23,SD,2,0,0,44.45,-98.72,0.1,10
1959,1959-06-25,WY,2,0,0,44.27,-104.52,1.0,133
1959,1959-06-26,WY,2,1,1,44.5,-107.55,9.2,333
1959,1959-06-27,NE,2,0,0,41.08,-98.72,1.0,10
1959,1959-06-03,LA,2,0,0,30.45,-93.45,1.0,100
1959,1959-06-06,ND,2,0,0,48.7,-98.5,0.1,10
1959,1959-06-09,MN,2,0,0,46.72,-96.55,14.1,150
1959,1959-07-10,KS,2,0,0,37.63,-99.67,0.1,10
1959,1959-07-13,TX,2,0,0,33.8,-96.72,1.0,13
1959,1959-07-19,MD,2,0,0,39.52,-76.12,0.8,50
1959,1959-07-01,AL,2,3,0,32.42,-87.0,0.1,50
1959,1959-07-02,TX,2,0,0,29.9,-93.93,0.1,33
1959,1959-07-03,SD,2,0,0,45.5,-99.87,0.1,10
1959,1959-07-07,NE,2,0,0,40.93,-100.17,0.1,10
1959,1959-07-07,SD,2,0,0,45.05,-98.08,0.1,10
1959,1959-07-07,MN,2,0,0,46.5,-95.62,2.5,100
1959,1959-07-07,MN,2,0,0,45.67,-95.47,13.0,30
1959,1959-07-08,MN,2,0,0,46.07,-93.67,0.5,300
1959,1959-07-08,WI,2,0,0,43.88,-89.4,5.2,50
1959,1959-07-08,WI,2,3,0,45.78,-88.0,1.0,50
1959,1959-08-13,TX,2,0,0,29.5,-94.5,5.6,17
1959,1959-08-16,ME,2,0,0,45.05,-68.6,2.0,27
1959,1959-08-17,AZ,2,1,0,32.6,-114.1,0.1,200
1959,1959-08-24,ND,2,1,0,46.7,-99.3,0.1,10
1959,1959-08-25,ND,2,0,0,46.5,-100.1,1.0,10
1959,1959-08-26,IL,2,0,0,41.6,-90.28,5.6,50
1959,1959-08-30,NE,2,0,0,40.92,-96.87,4.0,10
1959,1959-08-30,OK,3,1,0,34.2,-98.58,2.0,100
1959,1959-08-30,OK,2,0,0,34.17,-98.45,0.1,10
1959,1959-08-31,SD,2,0,0,44.42,-101.92,0.1,10
1959,1959-08-04,IL,2,0,0,39.45,-89.78,26.7,10
1959,1959-09-17,KS,2,1,0,38.15,-99.93,0.1,10
1959,1959-09-26,MO,2,0,0,40.32,-93.75,5.4,50
1959,1959-09-26,IL,2,0,0,41.95,-90.1,3.3,40
1959,1959-09-26,MO,4,0,0,37.35,-92.67,7.8,100
1959,1959-09-26,IL,2,0,1,40.9,-90.63,4.9,300
1959,1959-09-26,IL,2,0,0,41.18,-90.37,12.9,10
1959,1959-09-26,IL,2,0,0,41.17,-89.65,1.9,40
1959,1959-09-26,IL,2,0,0,41.32,-89.13,5.1,10
1959,1959-09-26,IL,2,0,0,41.97,-87.97,9.3,10
1959,1959-09-26,ID,2,0,0,43.9,-111.9,1.0,10
1959,1959-09-26,AR,3,21,0,35.6,-90.3,35.2,667
1959,1959-09-26,WI,2,3,0,42.95,-87.97,1.5,33
1959,1959-09-27,KS,2,0,0,37.05,-95.2,7.2,440
1959,1959-09-27,OK,4,1,1,36.85,-95.25,20.4,440
1959,1959-09-27,MO,2,0,0,39.03,-92.67,6.4,50
1959,1959-09-27,IL,2,1,0,40.47,-90.6,9.4,200
1959,1959-09-28,IN,2,0,0,40.87,-86.5,0.1,10
1959,1959-09-30,VA,3,9,1,38.3,-78.43,2.0,100
1959,1959-09-30,VA,3,4,11,38.05,-78.62,0.8,200
1959,1959-09-30,VA,3,0,0,37.87,-78.3,6.5,880
1959,1959-09-03,TX,2,0,0,32.75,-98.02,0.3,200
1959,1959-09-03,KS,2,1,0,37.08,-94.7,1.0,200
1959,1959-09-06,MN,2,0,0,47.67,-93.03,30.3,1760
1960,1960-10-11,TX,3,1,0,34.63,-102.72,1.0,100
1960,1960-10-13,TX,2,0,0,31.88,-97.07,0.1,17
1960,1960-10-13,TX,2,1,0,31.78,-98.95,4.3,17
1960,1960-10-15,TX,2,0,0,28.9,-97.7,2.0,880
1960,1960-10-16,TX,2,11,0,27.98,-97.52,5.9,100
1960,1960-10-16,TX,2,1,0,27.77,-97.43,4.7,33
1960,1960-10-29,KS,2,1,0,37.82,-96.85,2.0,100
1960,1960-10-31,FL,2,0,1,26.45,-82.05,0.1,10
1960,1960-11-15,MO,2,0,0,38.22,-91.72,1.3,100
1960,1960-11-15,OK,2,0,0,35.8,-94.85,1.0,50
1960,1960-11-15,WI,2,0,0,44.63,-90.38,36.0,100
1960,1960-11-15,IA,2,0,0,42.47,-91.47,10.5,70
1960,1960-11-15,MO,2,3,0,37.55,-92.72,18.2,200
1960,1960-11-15,MO,2,0,0,38.07,-91.72,2.0,17
1960,1960-11-15,IA,2,0,0,42.27,-90.5,1.0,50
1960,1960-11-15,WI,2,0,0,42.78,-89.33,3.0,67
1960,1960-11-27,KS,2,0,0,37.4,-98.43,27.9,10
1960,1960-11-27,KS,2,0,0,38.38,-97.58,0.1,10
1960,1960-11-27,KS,3,2,0,39.55,-97.65,2.0,167
1960,1960-11-27,KS,2,0,0,37.32,-96.47,17.3,10
1960,1960-11-27,KS,2,2,0,37.42,-97.25,23.2,77
1960,1960-11-28,FL,2,0,0,30.62,-87.3,5.6,50
1960,1960-12-04,MO,2,0,0,39.25,-94.05,11.0,17
1960,1960-01-14,OK,2,0,0,34.7,-96.8,0.1,10
1960,1960-01-14,TX,2,1,0,33.13,-95.82,0.3,33
1960,1960-02-17,TX,2,3,0,29.77,-95.8,4.9,100
1960,1960-02-18,FL,2,0,0,30.17,-85.85,7.6,400
1960,1960-02-25,FL,2,2,0,30.47,-81.58,0.1,100
1960,1960-02-25,FL,3,0,0,30.2,-82.63,0.8,100
1960,1960-02-03,LA,2,8,0,29.8,-90.8,4.3,100
1960,1960-02-09,MO,2,0,0,37.7,-90.55,9.3,100
1960,1960-02-09,AR,3,10,0,35.35,-91.32,3.8,100
1960,1960-02-09,IL,2,1,0,37.97,-89.0,24.0,77
1960,1960-03-28,OK,2,0,0,36.3,-99.9,24.2,200
1960,1960-03-29,AL,2,0,0,31.6,-87.3,5.7,50
1960,1960-03-29,IA,2,0,0,40.67,-91.33,6.6,200
1960,1960-03-29,IL,2,0,0,39.35,-90.0,0.1,10
1960,1960-03-29,IL,2,0,0,38.17,-90.0,22.3,130
1960,1960-03-30,TN,2,1,0,35.45,-86.78,8.2,10
1960,1960-03-30,FL,2,0,0,30.85,-86.27,0.1,10
1960,1960-03-30,IN,2,0,0,39.9,-85.85,0.1,50
1960,1960-03-30,SC,2,0,0,34.42,-82.0,9.8,50
1960,1960-03-30,SC,2,0,0,34.25,-81.45,5.9,57
1960,1960-03-03,FL,2,6,0,28.55,-81.88,0.1,10
1960,1960-04-10,FL,2,0,0,30.47,-84.3,0.1,77
1960,1960-04-12,OK,2,3,0,36.7,-99.88,0.1,10
1960,1960-04-12,TX,2,3,0,34.63,-102.72,1.0,67
1960,1960-04-12,TX,3,32,3,34.35,-102.3,5.2,100
1960,1960-04-13,KS,2,0,0,38.9,-97.53,1.0,150
1960,1960-04-14,AR,3,3,0,35.47,-94.28,13.6,833
1960,1960-04-14,AR,3,0,0,35.47,-93.4,2.0,100
1960,1960-04-15,KS,3,2,0,38.58,-94.65,8.4,500
1960,1960-04-16,IA,3,5,1,42.33,-92.58,29.8,800
1960,1960-04-16,MO,3,4,0,40.3,-94.43,27.0,300
1960,1960-04-16,IA,2,0,0,40.8,-93.3,9.5,200
1960,1960-04-16,MO,2,0,0,40.47,-93.42,29.6,100
1960,1960-04-16,KS,2,1,0,37.8,-96.83,0.1,10
1960,1960-04-16,KS,3,0,0,38.48,-95.28,9.2,77
1960,1960-04-16,KS,2,1,0,37.6,-97.13,9.3,10
1960,1960-04-16,OK,2,0,0,36.28,-97.98,0.1,50
1960,1960-04-16,OK,2,2,0,36.6,-95.2,3.8,200
1960,1960-04-17,IL,2,0,0,38.92,-88.67,21.9,200
1960,1960-04-21,TX,2,0,0,30.82,-102.93,0.3,67
1960,1960-04-23,WY,3,1,0,41.03,-105.22,17.2,33
1960,1960-04-26,TX,2,0,0,31.13,-102.22,10.9,200
1960,1960-04-28,OK,3,0,0,35.25,-98.33,3.3,100
1960,1960-04-28,KS,3,6,0,37.7,-97.58,7.1,440
1960,1960-04-28,OK,2,1,0,35.17,-97.95,3.6,200
1960,1960-04-28,OK,2,0,0,35.18,-97.85,3.3,200
1960,1960-04-28,OK,3,2,0,35.22,-97.95,3.6,200
1960,1960-04-28,OK,2,0,0,35.18,-97.95,2.0,300
1960,1960-04-28,OK,3,1,0,35.3,-97.83,1.5,200
1960,1960-04-28,OK,3,57,0,35.42,-97.55,11.7,333
1960,1960-04-28,OK,2,0,0,35.33,-97.62,7.8,500
1960,1960-04-28,OK,2,0,0,35.17,-97.18,0.1,10
1960,1960-04-28,OK,2,6,0,35.32,-97.55,3.8,400
1960,1960-04-28,OK,2,1,3,35.35,-96.53,6.1,800
1960,1960-04-29,LA,2,4,0,30.3,-92.8,13.8,1667
1960,1960-04-03,FL,2,0,0,30.18,-85.72,0.1,10
1960,1960-05-16,KS,2,0,0,39.2,-97.33,0.3,100
1960,1960-05-16,KS,3,0,0,39.77,-96.48,13.3,10
1960,1960-05-16,MO,2,0,0,40.2,-92.6,8.7,17
1960,1960-05-16,IL,2,0,0,40.6,-89.65,0.1,10
1960,1960-05-18,CO,2,0,0,39.8,-102.83,0.1,10
1960,1960-05-18,NE,2,1,0,40.55,-100.17,4.5,10
1960,1960-05-18,AR,2,0,0,35.53,-93.33,3.8,1760
1960,1960-05-19,OK,2,0,0,35.33,-97.5,0.1,10
1960,1960-05-19,IN,2,0,0,40.27,-87.25,0.1,10
1960,1960-05-19,KS,4,12,0,39.15,-96.33,20.6,10
1960,1960-05-19,KS,4,92,1,39.18,-95.95,27.5,880
1960,1960-05-19,KS,3,1,0,39.23,-95.43,11.5,10
1960,1960-05-19,OK,2,0,0,35.87,-95.53,0.1,10
1960,1960-05-19,KS,3,1,0,39.22,-95.22,13.3,10
1960,1960-05-19,KS,2,0,0,39.12,-95.67,4.1,10
1960,1960-05-20,TX,2,0,0,33.63,-96.58,2.7,67
1960,1960-05-20,TX,2,0,0,33.13,-96.07,1.9,17
1960,1960-05-21,IN,2,0,0,41.57,-86.77,0.1,10
1960,1960-05-22,KS,2,0,0,38.18,-100.63,0.1,10
1960,1960-05-23,OK,2,1,0,35.1,-98.57,0.1,10
1960,1960-05-23,OK,2,0,0,35.1,-98.55,0.1,10
1960,1960-05-23,OK,2,0,0,35.1,-98.53,0.1,10
1960,1960-05-23,KS,2,0,0,38.02,-100.55,0.1,10
1960,1960-05-24,TX,3,0,0,33.75,-100.85,3.3,17
1960,1960-05-24,KS,2,0,0,38.78,-99.1,0.3,100
1960,1960-05-24,KS,2,0,0,39.43,-98.28,0.1,10
1960,1960-05-25,IL,2,0,0,40.65,-89.55,0.1,10
1960,1960-05-27,NC,2,1,0,35.4,-76.1,0.1,10
1960,1960-05-27,OK,2,0,0,35.9,-97.87,0.1,10
1960,1960-05-31,ND,2,0,0,46.87,-96.9,0.1,10
1960,1960-05-04,KS,3,0,0,39.38,-101.55,7.1,10
1960,1960-05-04,KS,2,0,0,38.63,-100.07,6.1,1000
1960,1960-05-04,KS,2,0,0,38.63,-99.83,0.1,10
1960,1960-05-04,OK,2,0,0,34.37,-98.32,4.9,150
1960,1960-05-04,TX,2,0,0,32.08,-98.4,0.3,33
1960,1960-05-04,OK,3,0,0,34.63,-97.9,0.1,10
1960,1960-05-04,TX,3,12,0,32.8,-97.43,7.4,500
1960,1960-05-04,OK,2,0,0,35.13,-97.4,5.2,50
1960,1960-05-04,OK,3,6,0,34.82,-96.83,18.3,10
1960,1960-05-04,OK,3,4,0,35.52,-97.62,5.1,400
1960,1960-05-04,OK,4,0,0,34.95,-96.8,8.0,10
1960,1960-05-04,AR,2,0,0,35.55,-91.17,1.0,417
1960,1960-05-04,OK,4,3,0,34.02,-95.7,30.8,150
1960,1960-05-05,TX,2,0,0,32.55,-94.15,1.3,33
1960,1960-05-05,AR,2,0,0,35.2,-92.2,0.8,417
1960,1960-05-05,OK,3,0,0,34.77,-97.5,7.3,200
1960,1960-05-05,OK,3,0,0,34.95,-97.25,101.9,400
1960,1960-05-05,OK,5,81,5,35.28,-96.93,71.8,800
1960,1960-05-05,OK,2,0,0,34.92,-95.78,4.1,500
1960,1960-05-05,OK,3,15,2,35.48,-95.85,0.8,150
1960,1960-05-05,OK,2,0,0,35.75,-95.67,4.9,100
1960,1960-05-05,OK,2,2,0,36.65,-95.12,36.6,500
1960,1960-05-05,IA,2,0,0,41.97,-94.8,13.8,150
1960,1960-05-05,OK,2,0,0,34.63,-97.17,5.9,10
1960,1960-05-05,OK,4,106,16,34.88,-95.3,62.4,200
1960,1960-05-05,OK,2,6,2,35.3,-95.5,11.7,200
1960,1960-05-05,OK,2,0,0,35.93,-95.42,5.1,200
1960,1960-05-05,OK,3,0,1,35.38,-94.48,4.5,10
1960,1960-05-05,OK,4,13,5,35.38,-94.55,5.4,10
1960,1960-05-05,OK,2,0,0,35.28,-95.58,1.0,400
1960,1960-05-05,OK,2,0,0,36.5,-95.1,6.4,10
1960,1960-05-05,AR,2,1,0,35.82,-94.2,16.9,10
1960,1960-05-05,OK,3,0,1,35.18,-94.78,23.7,10
1960,1960-05-05,AR,2,1,0,36.12,-93.92,13.2,167
1960,1960-05-05,AR,2,2,0,35.35,-93.33,2.0,100
1960,1960-05-06,MO,2,0,0,36.93,-92.77,5.7,50
1960,1960-05-06,AR,3,30,1,35.1,-92.62,26.7,300
1960,1960-05-06,AR,2,4,0,35.45,-92.5,8.2,333
1960,1960-05-06,AR,2,0,0,34.55,-92.33,10.3,200
1960,1960-05-06,AR,2,2,0,33.8,-93.45,2.6,320
1960,1960-05-06,AR,2,0,0,33.87,-92.28,19.3,10
1960,1960-05-06,AR,2,3,0,35.13,-91.92,14.6,500
1960,1960-05-06,IL,2,0,0,39.5,-88.3,20.9,130
1960,1960-05-07,AL,2,0,0,30.5,-88.27,0.1,100
1960,1960-05-07,AL,2,0,0,30.5,-88.1,0.2,100
1960,1960-05-07,GA,2,0,0,32.1,-83.8,1.0,33
1960,1960-05-07,GA,2,0,0,31.37,-84.17,1.0,33
1960,1960-06-10,AR,2,0,0,33.52,-93.55,3.0,833
1960,1960-06-14,NE,2,0,0,42.3,-97.7,1.0,100
1960,1960-06-15,MI,2,0,0,42.25,-84.33,5.6,33
1960,1960-06-15,NE,2,0,0,42.28,-97.92,11.5,100
1960,1960-06-15,NE,2,0,0,41.7,-96.28,0.1,10
1960,1960-06-15,AL,2,0,0,31.62,-87.58,0.1,10
1960,1960-06-16,IA,2,0,0,42.5,-94.2,1.0,200
1960,1960-06-16,IA,2,0,0,41.38,-93.57,2.0,150
1960,1960-06-16,MI,2,0,0,41.83,-86.27,0.1,10
1960,1960-06-20,NE,2,0,0,41.05,-102.7,2.0,10
1960,1960-06-20,CO,2,0,0,40.98,-103.13,2.5,67
1960,1960-06-20,NE,2,3,0,40.52,-101.68,1.0,300
1960,1960-06-20,NE,3,0,0,41.38,-103.38,26.1,750
1960,1960-06-22,OH,2,0,0,39.1,-83.8,0.1,400
1960,1960-06-22,IL,2,0,0,39.17,-88.65,0.1,10
1960,1960-06-22,IN,3,0,0,39.53,-87.35,0.1,10
1960,1960-06-23,IL,2,1,0,39.95,-90.22,34.9,100
1960,1960-06-23,IL,2,0,0,39.98,-88.27,3.8,800
1960,1960-06-23,MN,2,0,0,43.65,-94.73,2.0,10
1960,1960-06-24,VT,2,0,0,44.63,-72.9,2.0,100
1960,1960-06-24,PA,2,0,0,40.4,-75.62,9.4,200
1960,1960-06-24,PA,2,0,0,40.2,-75.25,0.8,27
1960,1960-06-24,NJ,3,0,0,40.27,-74.77,12.9,200
1960,1960-06-24,NY,3,9,0,42.8,-73.88,16.0,440
1960,1960-06-26,TX,2,0,0,31.18,-94.77,0.7,100
1960,1960-06-27,NE,2,0,0,42.75,-103.1,0.1,10
1960,1960-06-27,NE,3,1,0,41.15,-102.75,15.2,10
1960,1960-06-27,CO,3,3,2,40.82,-102.43,6.5,10
1960,1960-06-28,WI,2,0,0,44.57,-91.58,12.2,67
1960,1960-06-28,KY,3,12,0,37.7,-87.92,14.2,10
1960,1960-06-29,MO,2,0,0,39.75,-94.85,25.1,100
1960,1960-06-30,IL,2,17,0,38.9,-90.2,16.9,10
1960,1960-06-30,IN,2,0,0,39.5,-84.9,0.1,10
1960,1960-06-04,FL,2,0,0,30.0,-81.68,0.1,10
1960,1960-06-04,IL,2,1,0,40.53,-89.08,56.2,20
1960,1960-06-05,IL,2,0,0,40.35,-88.52,9.6,10
1960,1960-06-07,OK,3,0,0,34.52,-99.42,0.8,100
1960,1960-06-08,TX,2,0,0,34.87,-100.87,0.1,10
1960,1960-07-10,ND,2,0,0,47.0,-97.2,6.9,10
1960,1960-07-11,IA,2,0,0,43.4,-95.1,1.0,300
1960,1960-07-14,NJ,2,6,0,39.72,-75.43,15.6,450
1960,1960-07-24,NM,2,0,0,32.97,-103.4,0.1,10
1960,1960-07-25,SD,2,0,0,43.92,-100.28,10.4,10
1960,1960-07-27,CO,2,0,0,40.77,-102.58,1.5,67
1960,1960-07-29,OK,2,0,0,36.35,-97.9,0.1,10
1960,1960-07-04,CO,2,0,0,38.03,-105.47,0.1,10
1960,1960-07-04,PA,2,0,0,41.33,-75.73,0.1,10
1960,1960-08-16,NE,2,0,0,41.4,-102.35,0.1,10
1960,1960-08-21,WY,2,0,0,42.05,-104.18,0.1,33
1960,1960-08-21,TX,2,2,0,33.12,-97.02,0.2,40
1960,1960-08-21,OH,2,0,0,40.5,-83.18,4.5,880
1960,1960-08-23,NE,2,0,0,40.52,-98.4,1.0,10
1960,1960-08-24,SD,2,1,0,44.37,-101.02,13.6,200
1960,1960-08-25,MN,2,0,0,46.7,-95.67,0.1,10
1960,1960-08-25,MN,2,0,0,47.7,-95.42,0.2,40
1960,1960-08-25,ND,2,0,0,46.3,-97.0,0.1,10
1960,1960-08-28,WI,2,0,0,44.07,-90.8,0.5,50
1960,1960-08-02,ND,2,0,0,46.9,-99.3,0.1,10
1960,1960-08-02,ND,2,0,0,46.3,-98.7,0.1,10
1960,1960-08-02,ND,2,1,0,48.3,-101.3,0.1,10
1960,1960-08-05,NE,3,2,1,41.7,-99.2,10.3,150
1960,1960-08-06,VA,2,0,0,38.47,-78.62,0.1,10
1960,1960-08-07,OK,3,0,0,36.97,-94.8,4.7,200
1960,1960-09-10,VA,2,0,0,37.32,-78.63,1.0,10
1960,1960-09-11,SC,3,10,0,32.78,-79.83,8.8,100
1960,1960-09-11,NC,2,8,0,34.92,-78.33,1.0,37
1960,1960-09-15,FL,2,0,0,30.15,-85.6,0.5,200
1960,1960-09-16,AL,2,2,0,33.18,-86.27,0.3,33
1960,1960-09-19,IN,3,0,0,39.63,-85.27,0.1,100
1960,1960-09-22,TX,2,0,0,31.18,-94.77,0.4,30
1961,1961-10-12,KS,2,0,0,39.32,-95.78,1.0,10
1961,1961-11-12,TX,2,0,0,29.9,-97.72,1.0,433
1961,1961-11-12,TX,2,0,0,29.87,-97.93,0.1,10
1961,1961-11-13,LA,2,1,0,30.6,-91.17,3.4,50
1961,1961-11-15,MS,2,1,0,32.33,-90.68,3.8,50
1961,1961-11-16,IN,2,0,0,39.45,-85.78,0.5,10
1961,1961-11-22,TX,2,0,0,32.37,-94.87,2.5,100
1961,1961-11-22,TX,3,0,0,29.38,-98.53,1.0,50
1961,1961-11-22,TX,3,10,1,31.73,-94.92,21.9,150
1961,1961-11-22,TX,3,1,0,29.4,-96.08,2.0,200
1961,1961-11-22,LA,2,0,0,29.45,-90.6,13.1,33
1961,1961-11-22,LA,2,3,0,30.08,-90.53,2.0,50
1961,1961-11-22,MS,2,1,0,31.6,-89.2,4.3,50
1961,1961-11-23,FL,2,1,0,29.73,-84.98,2.0,100
1961,1961-11-23,FL,2,0,0,30.48,-84.55,0.1,100
1961,1961-11-23,GA,2,0,0,31.4,-84.93,0.9,33
1961,1961-11-02,TX,2,0,0,32.23,-96.5,0.2,33
1961,1961-11-02,AR,2,0,0,35.3,-93.7,1.5,100
1961,1961-11-02,TX,2,0,0,32.43,-94.77,4.3,17
1961,1961-11-02,TX,2,0,0,28.62,-96.62,0.3,200
1961,1961-12-10,AL,3,1,0,31.12,-87.05,0.2,33
1961,1961-12-11,AL,3,0,0,33.8,-85.78,3.3,200
1961,1961-12-11,AL,2,0,0,32.78,-87.67,8.3,150
1961,1961-12-11,AL,3,2,0,32.63,-87.4,9.4,100
1961,1961-12-11,AL,2,0,0,33.03,-86.08,0.1,10
1961,1961-12-12,AL,2,0,0,32.4,-88.38,24.2,10
1961,1961-12-17,AL,2,1,0,32.6,-87.3,5.4,100
1961,1961-12-18,GA,2,0,0,30.8,-83.3,0.5,37
1961,1961-02-17,OK,3,7,0,35.52,-97.38,16.8,300
1961,1961-02-17,OK,3,11,0,34.8,-96.95,73.0,300
1961,1961-02-17,OK,2,1,0,35.33,-97.1,6.6,10
1961,1961-02-17,KS,2,0,0,37.15,-94.72,7.3,880
1961,1961-02-18,OH,2,0,0,41.1,-83.2,1.5,440
1961,1961-02-20,MS,2,8,0,31.33,-89.83,17.0,73
1961,1961-02-20,MS,2,4,0,31.6,-89.95,15.4,73
1961,1961-02-21,LA,2,9,0,30.95,-89.83,0.8,283
1961,1961-02-22,AL,2,0,0,33.2,-87.5,1.0,10
1961,1961-02-24,GA,2,0,0,32.2,-83.83,4.9,200
1961,1961-02-24,GA,2,0,0,32.8,-83.82,3.8,30
1961,1961-02-24,GA,2,0,0,32.6,-83.25,1.0,50
1961,1961-02-24,GA,2,0,0,32.08,-83.13,0.5,600
1961,1961-02-24,AL,2,4,0,32.23,-85.4,25.6,10
1961,1961-02-24,GA,2,0,0,32.55,-84.25,2.0,30
1961,1961-02-25,WV,2,0,0,37.98,-81.15,3.0,100
1961,1961-03-12,AR,2,0,0,34.58,-94.08,13.2,200
1961,1961-03-12,AR,2,14,0,36.48,-93.8,1.0,300
1961,1961-03-12,KS,2,0,0,37.92,-94.82,2.0,100
1961,1961-03-12,AR,2,18,1,35.45,-93.75,28.8,17
1961,1961-03-12,AR,3,0,0,34.6,-92.2,5.4,100
1961,1961-03-12,AR,2,4,0,36.27,-93.23,19.0,333
1961,1961-03-12,AR,2,0,0,34.87,-93.2,2.0,417
1961,1961-03-12,MO,2,0,0,36.62,-93.38,16.3,50
1961,1961-03-12,AR,2,0,0,34.87,-92.97,2.0,417
1961,1961-03-12,AR,2,12,0,34.92,-92.62,34.2,417
1961,1961-03-12,MO,2,6,0,36.95,-94.45,1.9,50
1961,1961-03-12,MO,2,11,1,36.62,-92.13,21.1,150
1961,1961-03-12,AR,2,2,0,35.75,-92.85,18.8,833
1961,1961-03-12,AR,3,12,0,35.28,-91.32,5.1,300
1961,1961-03-13,TN,3,0,0,35.6,-85.92,9.3,250
1961,1961-03-16,TX,2,0,0,32.4,-100.45,22.4,100
1961,1961-03-16,TX,2,0,0,32.33,-97.55,1.2,10
1961,1961-03-16,TX,2,0,0,29.95,-96.27,0.1,80
1961,1961-03-17,LA,2,0,0,30.42,-93.45,40.4,283
1961,1961-03-26,OK,2,0,0,35.58,-98.02,29.3,10
1961,1961-03-26,TX,2,1,0,31.32,-95.45,1.5,100
1961,1961-03-26,TX,2,0,0,33.07,-96.23,3.0,880
1961,1961-03-26,KS,2,1,0,38.02,-96.3,2.0,440
1961,1961-03-26,TX,3,0,0,32.48,-97.37,1.0,50
1961,1961-03-26,TX,2,1,0,32.55,-97.37,0.3,17
1961,1961-03-26,TX,2,0,0,33.33,-95.37,0.8,280
1961,1961-03-26,TX,2,0,0,31.68,-95.12,0.5,50
1961,1961-03-26,TX,3,2,0,33.17,-94.9,0.2,10
1961,1961-03-26,OK,2,26,0,36.55,-96.33,49.6,10
1961,1961-03-26,OK,3,1,0,35.27,-95.72,21.4,200
1961,1961-03-26,TX,2,0,0,33.03,-95.4,4.7,250
1961,1961-03-26,TX,2,1,0,33.02,-95.52,3.8,250
1961,1961-03-26,TX,3,1,0,33.13,-95.22,13.0,60
1961,1961-03-26,TX,3,4,0,32.18,-96.88,9.1,280
1961,1961-03-26,KS,2,0,0,37.5,-94.83,2.0,100
1961,1961-03-26,OK,3,0,0,36.77,-96.83,8.0,100
1961,1961-03-26,TX,3,9,0,33.23,-94.95,0.1,10
1961,1961-03-26,TX,2,0,0,33.37,-96.1,0.1,10
1961,1961-03-26,AR,2,6,0,34.48,-91.55,1.5,333
1961,1961-03-27,TX,3,4,2,31.72,-94.58,13.8,200
1961,1961-03-28,TX,2,0,0,32.72,-95.42,4.7,280
1961,1961-03-29,OK,2,0,0,35.1,-96.25,0.1,10
1961,1961-03-30,LA,2,1,0,30.95,-91.92,6.2,800
1961,1961-03-31,GA,2,0,0,32.23,-84.3,0.5,400
1961,1961-03-31,GA,3,14,1,32.25,-83.73,1.0,100
1961,1961-03-31,GA,2,0,0,32.0,-81.9,0.2,33
1961,1961-03-31,AL,3,7,0,32.43,-85.03,8.2,167
1961,1961-03-04,IL,2,115,1,41.9,-87.7,7.9,100
1961,1961-03-04,MI,2,0,0,41.77,-86.75,6.5,440
1961,1961-03-05,AR,2,0,0,35.4,-91.23,30.0,10
1961,1961-03-05,OK,2,1,0,34.73,-97.23,1.0,100
1961,1961-03-05,OK,2,0,0,34.0,-95.83,3.8,50
1961,1961-03-05,MO,2,0,0,38.27,-92.77,9.6,50
1961,1961-03-06,MO,2,0,0,37.87,-89.87,112.1,50
1961,1961-03-06,IL,2,2,0,37.8,-88.53,4.7,100
1961,1961-03-06,IL,3,3,0,39.1,-88.53,21.2,10
1961,1961-03-06,IL,2,2,0,39.8,-88.28,30.6,10
1961,1961-03-06,IN,2,0,0,40.38,-86.63,2.7,70
1961,1961-03-06,IN,2,2,0,40.13,-86.62,0.1,10
1961,1961-03-06,IN,3,3,1,40.47,-86.13,2.0,300
1961,1961-03-06,IN,3,0,0,40.47,-85.97,0.1,10
1961,1961-03-06,IN,2,3,0,38.75,-85.82,1.0,10
1961,1961-03-07,MS,2,0,0,33.45,-88.83,0.1,33
1961,1961-03-07,AL,3,1,0,33.82,-87.9,25.9,10
1961,1961-03-07,AL,3,8,0,34.25,-86.73,19.3,200
1961,1961-03-08,GA,2,0,0,34.9,-85.3,15.2,600
1961,1961-04-11,TX,2,3,0,32.97,-96.75,0.3,33
1961,1961-04-11,TX,2,0,0,31.97,-96.8,3.8,150
1961,1961-04-11,TX,2,0,0,32.02,-95.4,0.3,50
1961,1961-04-12,GA,2,2,0,31.5,-82.67,20.6,33
1961,1961-04-15,GA,2,0,0,32.0,-84.2,5.1,300
1961,1961-04-16,PA,3,0,0,40.05,-77.52,0.1,110
1961,1961-04-21,KS,2,0,0,38.08,-95.15,7.2,50
1961,1961-04-23,IA,2,2,0,40.72,-93.73,68.6,600
1961,1961-04-23,IA,3,12,1,42.03,-92.92,87.7,800
1961,1961-04-23,IL,3,4,0,41.35,-88.22,51.7,10
1961,1961-04-23,OK,2,0,0,34.68,-99.45,0.1,10
1961,1961-04-24,IL,3,3,0,39.7,-91.15,64.2,10
1961,1961-04-25,MO,2,0,0,37.33,-94.37,9.0,250
1961,1961-04-25,MO,2,0,0,37.4,-93.7,1.0,250
1961,1961-04-25,IN,4,7,0,39.58,-85.8,63.1,550
1961,1961-04-25,OH,2,4,2,39.3,-84.0,25.0,50
1961,1961-04-25,TN,2,2,0,36.43,-87.48,9.4,187
1961,1961-04-27,AL,2,2,0,31.67,-86.0,0.1,10
1961,1961-04-27,TX,2,0,0,32.75,-94.55,2.0,10
1961,1961-04-28,DE,3,0,0,39.67,-75.57,0.3,30
1961,1961-04-29,TX,2,0,0,27.8,-97.45,16.0,17
1961,1961-04-30,OK,2,0,0,35.65,-97.75,18.1,200
1961,1961-04-30,OK,2,0,0,36.4,-96.5,0.1,10
1961,1961-04-30,OK,2,0,0,35.5,-98.17,0.5,10
1961,1961-04-30,OK,3,2,0,35.33,-97.95,2.0,77
1961,1961-04-03,GA,2,0,0,31.8,-82.3,0.5,33
1961,1961-04-03,GA,2,1,0,31.58,-84.17,34.4,33
1961,1961-04-05,TX,2,0,0,27.28,-99.47,2.5,880
1961,1961-04-08,TX,3,1,0,33.6,-98.63,1.0,33
1961,1961-04-08,OK,2,0,0,35.5,-97.87,1.3,100
1961,1961-04-08,TX,2,2,0,33.95,-98.52,3.0,33
1961,1961-04-08,TX,2,1,0,31.03,-94.82,0.4,17
1961,1961-04-09,TX,2,0,0,30.67,-93.87,0.8,17
1961,1961-04-09,LA,2,0,0,30.7,-90.5,23.6,100
1961,1961-04-09,GA,2,0,0,32.05,-84.8,4.9,300
1961,1961-04-09,FL,2,2,0,29.78,-81.43,5.1,200
1961,1961-05-14,WI,2,0,0,43.8,-91.22,1.0,33
1961,1961-05-14,LA,2,0,0,32.22,-93.2,6.1,283
1961,1961-05-14,AR,2,0,0,34.5,-91.6,5.9,417
1961,1961-05-14,IL,3,8,0,39.72,-91.3,127.1,100
1961,1961-05-14,MN,2,1,0,43.97,-93.6,5.1,880
1961,1961-05-15,NY,3,0,0,42.1,-78.6,3.0,10
1961,1961-05-16,TX,2,0,0,35.32,-101.33,0.5,33
1961,1961-05-16,TX,2,0,0,30.9,-102.88,0.1,10
1961,1961-05-18,WY,2,0,0,44.4,-104.58,0.1,17
1961,1961-05-20,CO,2,2,0,39.4,-104.87,2.0,67
1961,1961-05-20,TX,2,0,0,33.32,-102.42,0.1,23
1961,1961-05-21,OK,2,0,0,35.88,-98.33,9.4,100
1961,1961-05-21,OK,2,0,0,35.95,-96.77,0.1,10
1961,1961-05-21,OK,2,0,0,35.97,-96.75,0.1,10
1961,1961-05-21,OK,3,0,0,35.97,-96.77,0.1,10
1961,1961-05-21,OK,3,0,0,35.95,-96.75,0.1,10
1961,1961-05-21,OK,2,0,0,36.73,-94.85,0.1,10
1961,1961-05-26,FL,2,2,0,26.08,-80.15,0.5,50
1961,1961-05-30,NE,4,0,0,41.62,-99.87,48.1,10
1961,1961-05-30,NE,3,0,0,41.62,-99.87,48.1,10
1961,1961-05-30,NE,3,0,0,41.62,-99.87,48.1,10
1961,1961-05-31,KS,2,0,0,39.82,-97.62,0.1,10
1961,1961-05-03,TX,2,0,0,33.95,-101.08,2.7,100
1961,1961-05-04,UT,2,0,0,38.98,-110.17,9.4,67
1961,1961-05-04,OK,2,0,0,35.6,-99.8,23.5,200
1961,1961-05-04,TX,2,0,0,33.47,-95.27,0.8,1000
1961,1961-05-04,OK,2,0,0,35.88,-99.33,1.0,400
1961,1961-05-04,OK,3,0,1,35.63,-98.35,9.5,10
1961,1961-05-04,OK,2,0,0,35.7,-98.2,9.0,10
1961,1961-05-04,TX,3,0,0,30.53,-102.37,1.1,10
1961,1961-05-04,OK,2,0,0,36.03,-99.8,0.1,10
1961,1961-05-05,FL,2,0,0,27.75,-82.63,0.5,50
1961,1961-05-05,OK,4,58,16,34.73,-95.03,26.4,400
1961,1961-05-05,OK,3,0,0,34.02,-95.5,0.1,10
1961,1961-05-05,OK,2,0,0,34.4,-94.8,9.5,400
1961,1961-05-05,AR,2,4,1,35.45,-93.13,1.0,50
1961,1961-05-05,AR,2,6,0,34.52,-93.13,2.0,300
1961,1961-05-06,IN,3,5,0,41.53,-85.42,33.4,800
1961,1961-05-06,AR,2,6,2,35.53,-91.58,1.5,300
1961,1961-05-06,AR,2,0,0,35.65,-91.43,5.6,200
1961,1961-05-07,AR,3,9,3,36.12,-92.78,14.2,1760
1961,1961-05-07,KS,2,0,0,37.1,-95.02,5.7,10
1961,1961-05-07,AR,2,0,0,36.07,-92.87,10.8,333
1961,1961-05-07,AR,3,10,0,36.2,-92.5,43.8,333
1961,1961-05-07,OK,2,0,0,35.9,-95.5,0.1,10
1961,1961-05-07,KY,2,0,0,36.7,-89.0,22.1,10
1961,1961-05-07,KS,2,0,0,39.97,-95.62,0.1,10
1961,1961-05-07,TX,3,0,0,32.93,-99.58,3.6,133
1961,1961-05-07,KY,3,3,0,37.33,-87.52,58.0,880
1961,1961-05-07,KS,4,12,0,39.17,-94.93,26.2,50
1961,1961-05-07,MO,2,2,0,39.3,-94.05,7.3,50
1961,1961-05-07,MO,2,0,0,39.38,-93.62,9.6,50
1961,1961-05-07,OK,2,0,0,36.5,-96.7,0.1,10
1961,1961-05-07,OK,3,1,0,36.8,-95.1,8.9,400
1961,1961-05-07,OK,2,0,0,36.45,-98.35,4.9,10
1961,1961-05-07,OK,2,0,0,36.55,-97.87,0.1,10
1961,1961-05-08,OK,2,0,0,36.25,-95.25,0.1,10
1961,1961-05-08,OK,2,0,0,35.8,-94.55,0.1,200
1961,1961-05-08,AR,2,0,0,36.03,-92.8,1.5,10
1961,1961-05-08,TN,2,0,0,35.33,-88.67,17.2,300
1961,1961-05-09,GA,2,0,0,32.93,-85.15,0.8,50
1961,1961-05-09,NY,2,4,0,41.8,-74.78,6.8,250
1961,1961-06-13,VT,2,0,0,44.93,-73.1,7.9,300
1961,1961-06-13,IN,2,0,0,41.35,-86.33,0.1,10
1961,1961-06-18,TX,2,0,0,27.67,-97.25,1.0,50
1961,1961-06-18,TX,3,5,0,29.32,-94.78,2.5,50
1961,1961-06-18,TX,2,2,0,32.62,-102.55,0.1,10
1961,1961-06-20,FL,2,0,0,30.58,-84.8,0.5,10
1961,1961-06-20,AL,2,0,0,31.13,-85.27,0.1,10
1961,1961-06-21,NC,2,0,0,34.95,-77.95,1.0,50
1961,1961-06-21,SC,2,1,0,34.18,-79.4,6.8,167
1961,1961-06-21,SD,3,7,1,45.47,-98.23,156.3,10
1961,1961-06-22,SD,2,0,0,43.52,-103.62,0.1,10
1961,1961-06-22,IN,2,0,0,40.87,-86.5,0.1,10
1961,1961-06-26,GA,2,0,0,32.4,-83.37,1.0,33
1961,1961-06-28,SD,2,0,0,45.62,-99.63,49.7,10
1961,1961-06-28,SD,2,0,0,45.25,-99.78,1.0,10
1961,1961-06-28,SD,2,0,0,45.6,-97.63,1.0,10
1961,1961-06-29,MT,4,1,0,47.1,-104.7,15.9,10
1961,1961-06-30,MN,2,0,0,46.02,-94.1,0.1,10
1961,1961-06-02,TX,2,0,0,35.35,-100.95,0.5,23
1961,1961-06-03,TX,2,0,0,33.88,-102.15,3.0,440
1961,1961-06-03,TX,3,0,0,34.12,-102.53,25.1,200
1961,1961-06-03,NM,2,1,0,35.2,-103.5,4.3,100
1961,1961-06-03,OK,2,0,0,36.9,-101.0,0.1,10
1961,1961-06-03,OK,2,0,0,36.63,-100.7,1.3,10
1961,1961-06-05,OK,2,1,0,36.7,-103.0,28.5,150
1961,1961-06-05,TX,2,0,0,33.22,-101.37,5.1,200
1961,1961-06-07,TX,2,0,0,33.52,-97.17,1.0,100
1961,1961-06-07,IA,2,1,0,41.7,-90.97,5.1,200
1961,1961-06-08,OH,2,0,0,40.18,-84.25,0.1,10
1961,1961-06-08,PA,2,1,0,40.2,-75.45,1.0,200
1961,1961-06-09,KY,2,0,0,37.2,-85.3,1.0,10
1961,1961-06-09,KY,3,63,1,37.67,-83.83,2.6,150
1961,1961-06-09,MD,3,0,0,39.2,-76.62,0.1,100
1961,1961-07-13,KS,2,0,0,38.03,-97.37,0.1,10
1961,1961-07-13,VA,2,1,0,39.32,-78.2,0.1,10
1961,1961-07-21,MA,2,0,0,42.37,-72.63,4.9,167
1961,1961-07-21,IL,2,0,0,40.27,-87.62,3.6,10
1961,1961-07-21,IN,3,0,0,40.18,-87.47,23.9,10
1961,1961-07-21,IN,2,0,0,39.52,-86.8,1.0,20
1961,1961-07-21,TX,2,0,0,31.92,-102.38,0.5,10
1961,1961-07-22,MO,2,0,0,38.97,-93.5,4.1,200
1961,1961-07-22,OK,2,0,0,36.75,-94.75,0.1,10
1961,1961-07-22,MO,2,0,0,38.83,-94.13,1.3,133
1961,1961-07-23,OK,2,0,0,33.95,-94.9,1.0,23
1961,1961-07-23,IN,3,3,0,41.33,-85.68,0.1,10
1961,1961-07-23,IN,2,0,0,38.57,-85.52,0.1,10
1961,1961-07-24,TX,2,0,0,31.33,-94.72,0.2,17
1961,1961-07-27,SD,2,0,0,43.32,-100.65,5.0,10
1961,1961-07-28,IN,2,0,0,40.75,-86.65,0.1,33
1961,1961-07-28,IN,2,2,0,40.35,-85.15,0.1,10
1961,1961-07-28,IN,3,2,0,40.18,-84.82,20.2,200
1961,1961-07-28,OH,3,22,0,40.27,-84.18,0.5,200
1961,1961-07-29,PA,2,2,0,39.97,-76.67,22.2,500
1961,1961-07-02,NH,2,0,0,43.1,-71.7,2.0,17
1961,1961-07-02,NH,2,1,0,42.83,-71.27,5.1,400
1961,1961-07-07,NY,2,0,0,43.0,-78.95,7.8,100
1961,1961-08-10,IN,2,0,0,40.32,-86.63,0.1,10
1961,1961-08-12,KS,2,0,0,39.47,-99.82,21.6,300
1961,1961-08-14,WI,2,0,0,46.0,-90.52,4.5,400
1961,1961-08-19,IN,2,0,0,39.93,-86.63,0.1,10
1961,1961-08-29,FL,2,0,0,29.05,-80.3,0.5,60
1961,1961-08-31,FL,2,0,0,27.6,-82.55,2.0,50
1961,1961-08-04,TX,2,3,0,29.7,-97.52,0.1,100
1961,1961-08-04,MN,2,2,0,43.67,-92.95,2.0,600
1961,1961-09-10,LA,3,55,1,30.0,-92.3,5.7,283
1961,1961-09-10,LA,2,16,0,29.7,-91.2,1.0,100
1961,1961-09-11,LA,2,2,0,30.33,-89.77,4.3,100
1961,1961-09-11,TX,2,0,0,29.0,-95.9,0.4,50
1961,1961-09-11,TX,3,3,0,31.92,-95.28,0.1,10
1961,1961-09-11,TX,3,22,0,29.77,-95.13,1.0,83
1961,1961-09-12,TX,4,200,8,29.32,-94.78,1.0,100
1961,1961-09-12,TX,3,0,0,29.27,-94.87,2.0,10
1961,1961-09-12,TX,3,0,0,30.15,-94.73,0.5,17
1961,1961-09-12,LA,3,37,5,32.23,-92.7,2.0,400
1961,1961-09-12,LA,2,0,0,32.97,-92.6,7.1,100
1961,1961-09-12,TX,3,0,0,33.57,-95.27,0.5,300
1961,1961-09-13,MI,2,0,0,44.77,-85.5,14.4,10
1961,1961-09-13,GA,2,0,0,32.07,-81.12,0.2,20
1961,1961-09-13,TX,2,2,0,32.37,-94.1,0.1,10
1961,1961-09-15,ME,2,1,0,44.5,-67.6,19.1,33
1961,1961-09-19,TX,2,0,0,31.45,-103.38,0.1,10
1961,1961-09-22,WI,2,1,0,42.77,-88.83,6.9,220
1961,1961-09-22,WI,2,0,0,43.65,-88.25,12.6,300
1961,1961-09-22,MI,2,1,0,43.03,-85.82,2.7,2000
1961,1961-09-24,IN,3,1,0,40.12,-85.55,38.6,10
1961,1961-09-24,IL,2,1,0,38.25,-89.73,5.0,10
1961,1961-09-01,IA,4,7,0,42.78,-93.0,26.6,27
1961,1961-09-01,IA,2,0,0,40.7,-92.68,1.0,30
1961,1961-09-02,IA,2,0,0,42.65,-92.12,1.0,40
1961,1961-09-03,WI,2,0,0,44.87,-90.02,2.0,10
1961,1961-09-03,TX,3,0,0,33.38,-99.85,0.7,30
1961,1961-09-04,TX,2,0,0,29.62,-98.07,1.9,10
1961,1961-09-04,ME,2,0,0,44.8,-69.7,0.5,17
1961,1961-09-07,SD,2,0,0,45.75,-98.73,0.1,10
1962,1962-10-12,MA,2,0,0,42.13,-71.97,4.1,133
1962,1962-11-11,MS,2,0,0,31.17,-90.47,0.1,10
1962,1962-11-21,FL,2,0,0,29.17,-81.87,3.6,70
1962,1962-01-05,FL,2,30,1,30.77,-86.6,2.5,100
1962,1962-01-05,FL,2,0,0,30.77,-86.6,2.5,100
1962,1962-01-05,AL,2,0,0,31.3,-86.5,0.1,10
1962,1962-01-05,FL,2,0,0,30.37,-86.5,0.1,77
1962,1962-01-05,AL,2,0,0,31.75,-86.0,2.0,10
1962,1962-01-06,GA,2,0,0,31.6,-82.4,5.4,300
1962,1962-01-06,VA,2,0,0,36.58,-78.73,0.1,10
1962,1962-02-22,GA,2,0,0,32.6,-84.12,0.8,33
1962,1962-02-22,MS,2,0,0,33.78,-88.92,0.1,10
1962,1962-02-22,SC,2,1,0,34.18,-79.4,8.7,100
1962,1962-02-23,TX,2,0,0,30.25,-96.78,2.0,50
1962,1962-02-23,MS,2,0,0,34.88,-88.9,5.6,100
1962,1962-02-23,MS,2,1,0,34.55,-89.63,0.1,10
1962,1962-02-08,MO,2,0,0,36.72,-89.32,0.1,30
1962,1962-03-11,IN,3,0,0,40.08,-86.48,3.0,10
1962,1962-03-20,AR,2,0,0,36.15,-93.88,7.8,417
1962,1962-03-20,AR,2,2,0,36.02,-93.35,0.5,300
1962,1962-03-21,AL,3,10,0,33.75,-85.82,2.3,250
1962,1962-03-21,AL,2,0,0,33.15,-86.27,0.5,10
1962,1962-03-21,GA,3,0,0,34.17,-84.42,10.0,33
1962,1962-03-22,CA,2,0,0,36.8,-119.8,0.5,10
1962,1962-03-24,TX,3,8,0,32.67,-95.5,0.5,100
1962,1962-03-24,TX,2,0,0,33.27,-95.73,2.0,300
1962,1962-03-24,TX,2,0,0,32.52,-95.38,1.0,50
1962,1962-03-31,MS,3,1,0,33.47,-88.3,3.0,880
1962,1962-03-31,AL,2,0,0,33.7,-87.9,0.1,10
1962,1962-03-31,FL,3,100,17,30.62,-87.1,6.9,440
1962,1962-03-31,AL,2,0,0,30.3,-87.7,11.9,100
1962,1962-04-10,MS,2,0,0,32.62,-90.05,4.9,1000
1962,1962-04-11,GA,2,0,0,34.23,-84.5,1.0,100
1962,1962-04-26,TX,2,0,0,32.87,-99.72,4.7,440
1962,1962-04-26,OK,3,0,0,35.33,-99.65,3.6,300
1962,1962-04-26,NE,2,0,0,41.72,-98.78,2.0,10
1962,1962-04-26,SD,2,0,0,43.72,-98.0,0.1,10
1962,1962-04-26,TX,3,13,0,33.98,-98.5,3.3,100
1962,1962-04-27,LA,2,0,0,32.33,-93.6,0.3,100
1962,1962-04-28,MS,2,6,1,34.43,-90.4,34.6,1760
1962,1962-04-30,IN,2,0,0,41.2,-87.2,0.1,10
1962,1962-04-30,IN,3,49,0,41.67,-86.52,36.5,10
1962,1962-04-30,IN,3,0,0,41.3,-87.03,0.1,10
1962,1962-04-30,IN,2,5,0,40.78,-87.47,0.1,10
1962,1962-04-30,MI,2,0,0,42.75,-84.75,0.8,50
1962,1962-04-30,MI,2,0,0,42.15,-83.55,0.1,33
1962,1962-04-30,OK,2,0,0,33.88,-94.83,0.1,10
1962,1962-04-30,AR,2,2,0,33.2,-93.03,2.0,417
1962,1962-04-30,IN,2,0,0,38.87,-87.45,26.2,10
1962,1962-05-10,FL,2,1,0,25.9,-81.9,0.3,33
1962,1962-05-12,SD,2,0,0,43.53,-96.98,10.1,880
1962,1962-05-14,NE,3,8,0,42.88,-99.92,53.8,1760
1962,1962-05-14,NE,2,0,0,42.32,-103.1,18.3,880
1962,1962-05-14,SD,3,2,0,43.4,-98.38,70.4,1760
1962,1962-05-15,SD,3,0,0,43.2,-99.4,0.1,10
1962,1962-05-15,NE,2,0,0,42.28,-100.62,0.1,10
1962,1962-05-15,SD,2,2,0,44.0,-97.7,4.1,10
1962,1962-05-16,SD,2,0,0,44.17,-97.65,0.1,10
1962,1962-05-16,SD,3,2,0,43.07,-98.95,0.1,33
1962,1962-05-17,TX,2,3,0,31.43,-103.48,2.0,67
1962,1962-05-17,NM,2,1,0,35.97,-104.23,10.8,10
1962,1962-05-17,KS,2,0,0,37.98,-101.78,12.6,250
1962,1962-05-18,NE,2,0,0,40.65,-100.65,14.2,10
1962,1962-05-18,MN,2,0,0,44.07,-94.8,42.4,50
1962,1962-05-19,MT,2,0,0,45.3,-112.7,2.0,17
1962,1962-05-20,VT,2,0,0,44.8,-72.8,1.8,100
1962,1962-05-20,TX,2,0,0,33.98,-99.27,1.0,50
1962,1962-05-20,KS,2,0,0,37.43,-99.08,25.3,10
1962,1962-05-20,NE,2,0,0,42.8,-102.47,3.6,10
1962,1962-05-20,OK,2,0,0,36.75,-98.35,0.3,100
1962,1962-05-21,NE,3,7,0,41.9,-97.9,71.7,500
1962,1962-05-21,NE,3,0,0,42.87,-98.72,11.0,10
1962,1962-05-21,SD,3,32,0,43.72,-98.05,1.0,167
1962,1962-05-21,SD,2,0,0,44.02,-98.28,10.4,10
1962,1962-05-22,MN,2,0,0,43.88,-92.48,0.5,10
1962,1962-05-22,IA,2,0,1,41.65,-91.53,4.1,800
1962,1962-05-24,PA,2,1,0,40.32,-74.95,16.6,300
1962,1962-05-24,CT,3,50,1,41.55,-73.12,11.6,120
1962,1962-05-24,KS,2,2,0,38.15,-98.1,0.1,10
1962,1962-05-24,KS,3,2,0,38.05,-98.18,0.1,10
1962,1962-05-24,OK,2,0,0,34.68,-99.37,0.1,10
1962,1962-05-24,OK,2,0,0,34.58,-99.37,0.1,10
1962,1962-05-24,KS,3,0,0,38.03,-97.67,18.8,10
1962,1962-05-25,OK,4,9,0,35.27,-99.2,7.2,250
1962,1962-05-25,TX,3,1,1,32.83,-100.0,4.1,67
1962,1962-05-25,OK,3,4,0,35.52,-98.72,1.5,10
1962,1962-05-26,IL,2,0,0,39.88,-89.85,0.1,10
1962,1962-05-26,IN,2,0,0,39.53,-86.27,0.1,10
1962,1962-05-26,OH,2,0,0,39.3,-82.9,0.1,10
1962,1962-05-26,KS,2,0,0,38.57,-96.18,2.0,200
1962,1962-05-26,KS,3,4,0,38.97,-95.7,2.0,10
1962,1962-05-26,OK,4,1,0,34.15,-98.45,10.1,400
1962,1962-05-26,TX,4,1,0,33.17,-99.77,10.7,133
1962,1962-05-26,TX,2,0,0,33.17,-99.77,1.0,67
1962,1962-05-26,OK,2,0,0,35.17,-97.45,6.8,100
1962,1962-05-27,KS,2,0,0,39.23,-95.0,0.1,10
1962,1962-05-27,TX,2,0,0,36.48,-100.53,0.1,10
1962,1962-05-27,TX,3,13,0,36.18,-100.88,4.5,200
1962,1962-05-27,TX,2,0,0,36.18,-100.88,1.0,83
1962,1962-05-28,TX,2,0,0,30.28,-98.85,5.1,100
1962,1962-05-28,OK,2,0,0,36.8,-98.42,0.1,10
1962,1962-05-28,KS,2,0,0,38.33,-96.12,3.6,300
1962,1962-05-28,KS,2,0,0,38.3,-98.97,1.5,10
1962,1962-05-28,KS,2,0,0,38.83,-95.9,0.9,200
1962,1962-05-28,IL,2,0,0,41.22,-90.33,0.1,10
1962,1962-05-28,IL,2,0,0,41.42,-90.15,0.1,10
1962,1962-05-28,IA,2,0,0,41.17,-93.2,11.7,200
1962,1962-05-28,IA,2,5,0,41.87,-92.78,0.1,200
1962,1962-05-28,OK,2,0,0,34.65,-95.1,9.3,200
1962,1962-05-29,OK,2,0,0,34.25,-96.55,0.1,10
1962,1962-05-29,NE,4,0,0,42.68,-98.45,24.2,300
1962,1962-05-31,KS,2,0,0,39.7,-95.6,6.9,13
1962,1962-05-31,TX,3,2,0,32.3,-99.55,2.0,33
1962,1962-05-31,TX,2,0,0,32.67,-100.37,1.0,20
1962,1962-05-07,IA,2,0,0,41.9,-93.3,0.1,150
1962,1962-05-07,IA,2,0,0,42.07,-93.9,4.9,880
1962,1962-05-07,NE,2,5,0,41.6,-96.5,1.0,10
1962,1962-05-07,IA,3,0,0,41.67,-90.72,10.0,300
1962,1962-05-07,IL,2,0,0,41.8,-89.65,7.2,10
1962,1962-05-07,IL,2,0,0,41.8,-89.65,7.2,10
1962,1962-05-08,ID,2,0,0,46.4,-116.8,9.1,10
1962,1962-05-08,VA,2,2,1,37.67,-77.8,0.1,10
1962,1962-06-10,FL,2,0,0,26.4,-81.83,0.1,10
1962,1962-06-11,WY,2,4,0,43.23,-106.35,52.0,100
1962,1962-06-12,NM,2,0,0,33.4,-104.5,0.1,10
1962,1962-06-12,WY,2,0,0,44.48,-108.4,0.5,33
1962,1962-06-13,NC,2,0,0,34.3,-78.0,0.1,30
1962,1962-06-14,PA,2,0,0,41.77,-78.02,0.2,10
1962,1962-06-14,TX,2,0,0,34.97,-101.92,1.4,67
1962,1962-06-14,MT,2,0,0,45.4,-113.4,0.1,10
1962,1962-06-14,ND,2,0,0,48.3,-102.5,0.1,10
1962,1962-06-15,NE,2,0,0,41.87,-102.87,21.3,10
1962,1962-06-15,NE,3,6,0,42.93,-101.12,0.1,10
1962,1962-06-16,WY,3,0,0,42.92,-108.73,0.5,67
1962,1962-06-16,KS,3,3,0,38.13,-100.72,34.6,50
1962,1962-06-16,KS,2,0,0,38.25,-100.72,12.2,50
1962,1962-06-16,TX,2,0,0,32.47,-102.23,0.8,20
1962,1962-06-16,TX,2,0,0,33.2,-101.53,11.9,33
1962,1962-06-17,WI,2,0,0,43.83,-88.83,1.0,10
1962,1962-06-18,CT,2,0,0,41.77,-73.08,0.1,67
1962,1962-06-18,TX,2,0,0,30.07,-95.93,0.1,10
1962,1962-06-18,IN,3,0,0,39.92,-85.35,0.1,10
1962,1962-06-23,WI,2,0,0,44.97,-90.83,2.3,10
1962,1962-06-23,IL,2,10,0,41.6,-87.72,0.5,100
1962,1962-06-24,TX,2,0,0,35.23,-102.0,1.5,27
1962,1962-06-24,KS,2,0,0,38.85,-97.62,0.5,27
1962,1962-06-28,TX,2,0,0,32.33,-97.33,1.0,27
1962,1962-06-29,CO,2,0,0,37.82,-103.23,0.1,10
1962,1962-06-01,TX,2,0,0,27.65,-98.08,1.0,50
1962,1962-06-01,TX,2,0,0,30.65,-97.02,0.5,50
1962,1962-06-01,TX,2,1,0,26.47,-97.78,1.0,50
1962,1962-06-01,TX,2,1,0,32.33,-99.37,0.1,10
1962,1962-06-02,KS,2,0,0,37.45,-94.75,0.1,10
1962,1962-06-03,VA,2,0,0,36.6,-82.2,0.1,10
1962,1962-06-05,SD,3,0,0,42.87,-97.9,9.5,1760
1962,1962-06-05,TX,2,0,0,34.15,-99.27,1.0,50
1962,1962-06-07,TX,2,0,0,34.47,-101.28,1.5,33
1962,1962-06-07,TX,2,0,0,34.47,-101.32,1.0,33
1962,1962-06-07,TX,2,0,0,32.9,-100.53,3.6,200
1962,1962-06-07,KS,2,0,0,39.0,-101.35,1.9,400
1962,1962-06-08,TX,2,0,0,32.45,-97.35,1.5,133
1962,1962-06-09,TX,2,0,0,29.82,-102.82,0.2,100
1962,1962-07-10,TX,2,0,0,31.4,-102.35,0.1,10
1962,1962-07-11,KS,2,0,0,39.03,-95.38,0.1,10
1962,1962-07-14,OK,2,0,0,34.63,-99.13,0.1,10
1962,1962-07-14,KS,2,0,0,39.78,-99.92,1.0,100
1962,1962-07-18,MT,2,0,0,46.58,-105.0,40.6,10
1962,1962-07-20,IN,2,0,0,41.53,-87.42,14.9,10
1962,1962-07-20,OK,2,0,0,34.65,-99.55,0.1,10
1962,1962-07-20,OK,2,0,0,34.77,-96.62,0.1,100
1962,1962-07-21,NE,3,1,0,41.1,-97.78,25.2,880
1962,1962-07-22,WI,2,0,0,43.0,-87.97,0.1,33
1962,1962-07-24,WI,2,0,0,45.2,-89.92,1.0,50
1962,1962-07-26,TX,2,0,0,32.7,-97.78,0.1,10
1962,1962-07-28,OK,2,1,0,34.47,-97.97,1.0,50
1962,1962-07-02,IL,2,0,0,40.18,-87.98,6.9,50
1962,1962-07-04,FL,2,0,0,30.62,-87.05,5.6,27
1962,1962-07-06,SD,2,0,0,45.93,-99.07,3.0,550
1962,1962-07-06,ND,2,0,0,46.02,-99.05,0.1,10
1962,1962-07-06,ND,2,0,0,46.03,-99.07,0.1,10
1962,1962-07-07,SD,2,0,0,44.4,-97.9,0.2,10
1962,1962-07-07,SD,2,0,0,44.7,-97.55,0.1,440
1962,1962-07-09,VT,2,0,0,43.3,-72.6,7.6,10
1962,1962-07-09,VT,2,0,0,43.27,-72.5,7.7,100
1962,1962-07-09,WY,2,0,0,44.37,-108.23,0.5,17
1962,1962-08-20,ME,2,0,0,45.03,-69.6,0.1,27
1962,1962-08-20,TX,2,0,0,28.08,-97.82,1.5,43
1962,1962-08-20,OH,2,20,4,41.4,-81.8,0.5,500
1962,1962-08-04,MT,2,0,0,48.7,-106.5,42.9,73
1962,1962-08-06,SD,2,0,0,45.05,-97.22,0.1,10
1962,1962-08-06,KS,4,3,0,39.52,-95.78,11.0,667
1962,1962-08-06,KS,2,0,0,39.18,-95.57,0.1,10
1962,1962-08-06,KS,2,0,0,39.17,-95.55,0.1,10
1962,1962-08-06,KS,3,0,0,38.78,-95.25,4.1,10
1962,1962-08-07,NJ,2,0,0,40.93,-74.07,2.5,250
1962,1962-08-07,MT,2,0,0,47.3,-108.4,2.0,10
1962,1962-08-09,VA,2,0,0,38.08,-78.0,22.2,10
1962,1962-09-13,IN,2,0,0,40.05,-86.13,1.0,27
1962,1962-09-16,MN,4,34,0,43.97,-92.45,0.5,33
1962,1962-09-16,MN,2,0,0,43.85,-92.42,3.0,33
1962,1962-09-07,TX,2,1,0,32.33,-97.42,2.0,167
1963,1963-10-20,OK,2,0,0,36.17,-97.72,5.9,10
1963,1963-11-10,FL,2,2,0,26.98,-82.0,1.0,27
1963,1963-11-10,FL,2,0,0,27.75,-80.45,2.0,10
1963,1963-11-19,OK,2,0,0,34.4,-96.97,1.0,440
1963,1963-11-21,KS,2,0,0,38.25,-101.73,25.7,100
1963,1963-11-29,VA,2,0,0,38.03,-79.02,0.1,10
1963,1963-11-08,TX,3,1,0,28.17,-97.42,1.0,50
1963,1963-01-10,TN,3,4,0,35.75,-86.93,4.0,400
1963,1963-01-11,GA,2,0,0,32.9,-84.33,5.2,40
1963,1963-01-11,IN,2,0,0,38.68,-85.85,5.1,150
1963,1963-01-13,GA,2,0,0,31.33,-81.8,1.0,300
1963,1963-01-19,AL,2,0,0,31.72,-87.78,3.3,10
1963,1963-01-20,GA,2,1,0,32.25,-84.3,16.4,400
1963,1963-01-20,GA,2,2,0,32.63,-83.3,0.5,30
1963,1963-01-20,GA,2,1,0,32.5,-83.73,7.9,33
1963,1963-01-20,GA,2,0,0,32.03,-82.5,2.0,10
1963,1963-02-19,FL,2,0,0,28.02,-82.13,0.1,10
1963,1963-02-19,FL,2,0,0,27.9,-81.58,0.2,10
1963,1963-02-24,GA,2,0,0,31.2,-81.4,1.0,33
1963,1963-03-11,TX,3,0,0,32.58,-96.3,2.0,33
1963,1963-03-11,AL,2,0,0,33.42,-88.1,0.1,440
1963,1963-03-11,AL,4,6,2,33.9,-86.9,28.0,880
1963,1963-03-11,TN,2,1,0,35.25,-87.43,10.3,300
1963,1963-03-11,TN,2,0,0,35.73,-86.53,2.0,100
1963,1963-03-11,TN,2,5,0,35.1,-87.73,29.1,100
1963,1963-03-11,MS,4,7,2,33.17,-89.65,45.2,440
1963,1963-03-11,AL,2,0,0,34.6,-88.1,0.1,10
1963,1963-03-11,AL,2,3,1,34.77,-87.17,47.2,10
1963,1963-03-11,TN,2,0,0,35.68,-85.77,5.2,100
1963,1963-03-11,TN,2,6,0,35.0,-85.72,14.7,200
1963,1963-03-11,MS,2,5,0,33.73,-88.43,2.0,23
1963,1963-03-11,AL,2,4,0,34.12,-88.02,32.2,333
1963,1963-03-11,TN,2,1,1,36.0,-83.12,6.2,200
1963,1963-03-16,IA,2,0,0,42.8,-96.2,2.0,200
1963,1963-03-16,AR,2,0,0,33.25,-93.6,5.4,440
1963,1963-03-16,IA,2,0,0,42.78,-95.43,2.0,250
1963,1963-03-16,IL,3,0,0,37.73,-88.35,0.3,30
1963,1963-03-16,IN,2,0,0,38.05,-87.17,1.0,100
1963,1963-03-16,IN,2,0,0,38.57,-86.05,1.0,800
1963,1963-03-17,AL,3,4,0,32.93,-87.15,2.7,100
1963,1963-03-18,OK,2,0,0,34.63,-96.42,0.1,10
1963,1963-03-19,TN,2,0,0,36.6,-86.63,14.0,1000
1963,1963-03-19,IN,2,0,0,38.4,-86.83,0.1,10
1963,1963-03-19,IN,2,0,0,40.05,-84.87,2.5,300
1963,1963-03-19,IN,2,0,0,39.58,-85.23,2.3,100
1963,1963-03-19,TN,2,3,0,35.18,-84.9,3.3,150
1963,1963-03-19,TN,2,1,0,35.45,-84.65,3.6,200
1963,1963-03-26,GA,2,0,0,30.8,-83.63,1.0,33
1963,1963-03-27,PA,2,0,0,40.0,-76.85,17.0,20
1963,1963-03-05,AL,4,35,0,33.37,-86.97,14.9,667
1963,1963-04-17,IL,4,70,1,41.18,-88.1,57.3,130
1963,1963-04-17,IN,2,0,0,40.98,-85.77,13.0,10
1963,1963-04-17,IN,2,0,0,40.97,-85.42,11.1,10
1963,1963-04-17,MI,3,1,0,41.92,-83.33,0.5,67
1963,1963-04-18,IA,2,0,0,41.17,-94.83,0.1,200
1963,1963-04-18,IA,2,0,0,41.33,-94.63,1.9,200
1963,1963-04-18,IL,2,0,0,41.03,-90.75,0.1,10
1963,1963-04-19,OH,2,0,0,39.82,-83.85,0.1,10
1963,1963-04-19,IL,2,22,0,38.55,-87.73,14.8,250
1963,1963-04-19,OH,2,0,0,41.08,-81.5,0.1,10
1963,1963-04-19,OH,2,0,0,41.03,-80.87,15.3,10
1963,1963-04-19,IN,2,0,0,38.85,-85.9,14.5,1300
1963,1963-04-19,IN,3,0,0,38.27,-86.6,85.3,1400
1963,1963-04-19,IL,2,0,0,42.3,-88.3,0.1,10
1963,1963-04-19,OH,2,0,0,41.8,-81.0,0.1,10
1963,1963-04-21,KY,2,3,0,38.08,-84.67,2.0,200
1963,1963-04-22,TX,2,0,0,33.13,-96.82,7.7,1760
1963,1963-04-22,IL,3,5,1,39.85,-89.85,42.9,10
1963,1963-04-22,IL,3,5,0,39.95,-88.75,31.8,200
1963,1963-04-22,IL,3,40,0,39.8,-88.27,38.6,1600
1963,1963-04-22,IN,2,0,0,40.38,-87.02,1.0,100
1963,1963-04-22,IN,3,20,0,39.85,-86.03,0.3,200
1963,1963-04-26,TX,2,0,0,32.73,-100.92,19.0,67
1963,1963-04-28,NE,3,8,1,40.38,-95.88,4.9,300
1963,1963-04-28,TX,2,0,0,32.98,-98.97,0.1,10
1963,1963-04-28,NE,2,0,0,41.58,-97.02,13.1,300
1963,1963-04-28,KS,2,0,0,39.8,-96.32,15.4,100
1963,1963-04-28,NE,2,0,0,40.08,-97.13,3.0,400
1963,1963-04-28,TX,2,3,0,31.12,-97.73,0.5,50
1963,1963-04-29,AL,2,0,0,33.28,-86.83,0.1,10
1963,1963-04-29,MS,3,10,5,34.42,-90.57,5.7,440
1963,1963-04-29,MO,2,3,1,37.08,-89.95,10.7,50
1963,1963-04-29,AL,2,4,0,33.5,-86.08,0.1,10
1963,1963-04-29,AL,2,0,0,32.48,-86.77,10.6,600
1963,1963-04-29,IN,3,0,0,39.62,-87.27,5.6,100
1963,1963-04-29,TN,3,6,3,35.82,-89.22,9.3,300
1963,1963-04-29,MS,4,20,3,34.12,-88.72,4.7,1000
1963,1963-04-29,AL,2,0,0,32.18,-86.52,9.8,400
1963,1963-04-29,IN,3,0,0,40.58,-86.68,23.1,10
1963,1963-04-29,IN,3,0,0,39.03,-87.47,23.9,50
1963,1963-04-29,KY,3,0,0,36.87,-87.67,13.7,200
1963,1963-04-29,AL,2,17,0,34.0,-88.13,15.5,10
1963,1963-04-29,KY,2,0,0,36.83,-86.92,0.1,300
1963,1963-04-29,KY,2,0,0,37.08,-86.17,0.1,10
1963,1963-04-29,TN,2,0,0,35.03,-87.22,5.1,50
1963,1963-04-30,AL,2,0,0,32.45,-85.2,11.7,10
1963,1963-04-30,FL,2,0,0,30.72,-86.05,61.0,10
1963,1963-04-03,KS,2,0,0,37.83,-94.7,0.3,77
1963,1963-04-05,TX,2,0,0,33.15,-99.73,1.0,33
1963,1963-04-06,GA,2,0,0,31.13,-84.18,0.8,37
1963,1963-04-06,GA,2,0,0,31.0,-83.57,8.0,300
1963,1963-05-12,NE,3,0,0,42.38,-97.47,12.8,10
1963,1963-05-12,IA,2,0,0,42.22,-96.2,15.2,50
1963,1963-05-14,NH,2,0,0,43.3,-71.0,8.7,50
1963,1963-05-16,MO,2,0,0,37.67,-90.35,4.9,50
1963,1963-05-17,NC,2,0,0,35.3,-80.2,1.0,50
1963,1963-05-17,NC,2,2,0,35.7,-77.0,8.9,50
1963,1963-05-20,MA,2,0,0,42.4,-72.6,0.1,17
1963,1963-05-20,NH,3,0,0,42.9,-72.1,14.0,100
1963,1963-05-20,MA,2,0,0,42.3,-72.2,3.8,17
1963,1963-05-20,MA,2,0,0,42.4,-71.7,1.5,33
1963,1963-05-20,MA,2,0,0,42.4,-71.6,0.3,50
1963,1963-05-21,TX,3,0,0,34.28,-103.05,5.9,50
1963,1963-05-25,KS,2,2,0,37.57,-97.12,0.1,10
1963,1963-05-26,OK,3,4,1,35.73,-97.43,34.3,10
1963,1963-05-26,OK,3,5,0,35.4,-97.32,0.1,10
1963,1963-05-26,OK,2,0,0,35.23,-96.88,2.5,10
1963,1963-05-26,OK,2,0,0,35.15,-96.82,0.1,10
1963,1963-05-26,OK,3,2,0,35.15,-96.67,0.1,10
1963,1963-05-26,KS,2,0,0,37.45,-94.97,19.6,27
1963,1963-05-27,AL,2,0,0,33.47,-86.83,0.1,10
1963,1963-05-27,OH,2,0,0,40.12,-84.67,1.0,10
1963,1963-05-29,FL,2,2,0,27.9,-81.63,0.1,30
1963,1963-05-29,TX,2,0,0,33.42,-102.48,1.0,1320
1963,1963-05-29,TX,2,1,0,33.35,-102.28,10.3,67
1963,1963-05-09,IA,2,0,0,43.22,-93.92,13.1,400
1963,1963-06-10,MO,2,2,0,37.87,-90.55,2.0,50
1963,1963-06-11,KS,2,0,0,39.77,-98.92,1.0,20
1963,1963-06-14,GA,2,2,0,31.72,-83.25,0.5,33
1963,1963-06-14,WY,2,0,0,41.8,-104.3,0.5,33
1963,1963-06-16,OK,2,0,0,35.38,-97.93,0.8,150
1963,1963-06-21,MS,2,0,0,31.22,-90.45,3.3,50
1963,1963-06-25,MN,2,0,0,48.72,-94.62,0.1,10
1963,1963-06-29,TX,2,0,0,28.23,-97.67,3.0,33
1963,1963-06-03,UT,2,0,0,40.88,-111.88,2.0,10
1963,1963-06-04,TX,2,0,0,33.72,-101.85,2.0,33
1963,1963-06-05,OH,2,0,0,39.77,-83.07,0.1,10
1963,1963-06-06,SD,3,0,0,43.13,-101.93,24.4,1167
1963,1963-06-08,WI,2,0,0,43.35,-88.6,4.1,33
1963,1963-06-08,TX,2,0,0,33.6,-102.37,2.0,50
1963,1963-06-08,NE,2,0,0,42.83,-99.75,0.3,33
1963,1963-06-09,NE,2,0,0,41.63,-98.92,4.1,10
1963,1963-06-09,NH,2,0,0,43.0,-71.5,10.0,77
1963,1963-06-09,NE,2,0,0,42.38,-97.33,34.1,10
1963,1963-06-09,IA,2,2,0,42.77,-96.62,2.0,10
1963,1963-06-09,MN,2,0,0,44.13,-93.72,9.3,150
1963,1963-06-09,MI,2,0,0,42.77,-85.82,2.0,10
1963,1963-07-11,FL,2,0,0,28.47,-80.73,0.1,10
1963,1963-07-12,NM,2,0,0,35.23,-103.7,0.1,10
1963,1963-07-12,KS,2,1,0,38.05,-97.32,0.1,10
1963,1963-07-14,NC,2,0,0,36.33,-76.2,1.0,30
1963,1963-07-15,OK,3,0,0,36.77,-100.62,0.1,10
1963,1963-07-15,OK,2,0,0,36.73,-100.6,0.1,10
1963,1963-07-16,MN,2,0,0,44.05,-94.77,5.2,1760
1963,1963-07-18,SD,3,0,0,44.98,-103.43,2.3,10
1963,1963-07-18,NH,2,0,0,43.6,-71.2,0.1,17
1963,1963-07-19,WI,3,0,0,42.58,-88.25,10.6,33
1963,1963-07-19,NC,2,0,0,34.6,-79.0,0.1,27
1963,1963-07-24,FL,2,0,0,30.42,-87.33,0.1,10
1963,1963-07-26,SD,2,0,0,44.95,-97.88,1.0,1000
1963,1963-07-28,FL,2,0,0,28.0,-82.5,0.8,100
1963,1963-07-31,MI,2,0,0,44.3,-85.4,19.6,50
1963,1963-07-04,VT,2,0,0,44.9,-73.2,5.9,500
1963,1963-08-13,NH,2,0,0,42.83,-72.2,2.0,17
1963,1963-08-13,FL,2,0,0,27.8,-82.78,5.1,100
1963,1963-08-16,WI,3,13,0,43.3,-89.72,9.6,10
1963,1963-08-16,WI,3,13,0,43.3,-89.72,9.6,10
1963,1963-08-16,WI,3,13,0,43.3,-89.72,9.6,10
1963,1963-08-21,FL,2,0,0,27.9,-82.8,0.3,27
1963,1963-08-27,NE,2,0,0,41.47,-99.07,7.3,10
1963,1963-08-30,TX,2,0,0,31.62,-97.17,1.0,17
1963,1963-08-03,PA,3,70,2,40.32,-79.88,0.1,10
1963,1963-08-09,OK,2,0,0,36.18,-97.08,0.1,10
1963,1963-09-28,FL,2,0,0,30.72,-86.05,5.6,150
1963,1963-09-28,GA,2,5,0,32.6,-82.37,52.8,100
1963,1963-09-28,SC,2,1,0,33.5,-81.28,0.5,100
1963,1963-09-29,SC,2,0,0,33.88,-80.22,5.4,100
1963,1963-09-29,SC,2,12,3,34.42,-79.37,85.8,100
1963,1963-09-29,NC,2,0,0,35.1,-79.1,11.0,200
1963,1963-09-29,NC,2,0,0,35.08,-76.9,6.6,30
1963,1963-09-02,WI,2,0,0,42.72,-89.98,9.9,100
1963,1963-09-02,WI,2,1,0,43.17,-89.88,22.5,10
1963,1963-09-03,PA,3,20,0,41.42,-78.73,8.4,100
1963,1963-09-06,TX,2,0,0,33.5,-97.72,0.1,17
1963,1963-09-06,TX,2,0,0,32.55,-97.32,1.5,50
1963,1963-09-07,TX,2,0,0,32.83,-97.1,0.4,50
1964,1964-10-14,FL,2,0,0,27.05,-80.12,0.1,10
1964,1964-10-14,FL,2,22,0,26.47,-80.07,0.1,100
1964,1964-10-14,FL,2,17,0,28.13,-80.63,0.1,10
1964,1964-10-14,FL,2,0,0,26.07,-80.2,0.1,10
1964,1964-10-03,LA,4,165,22,29.6,-90.37,1.5,67
1964,1964-10-03,LA,2,5,0,29.93,-90.22,14.2,83
1964,1964-10-03,LA,2,0,0,29.92,-91.1,1.5,100
1964,1964-10-03,MS,2,0,0,30.8,-89.65,3.3,10
1964,1964-10-04,LA,2,0,0,30.38,-90.13,1.0,183
1964,1964-10-04,NC,2,0,0,35.87,-77.07,54.1,50
1964,1964-10-04,AL,2,2,0,31.8,-85.2,0.1,10
1964,1964-10-04,NC,2,0,0,34.3,-78.9,54.6,50
1964,1964-11-14,KS,2,0,0,37.52,-98.67,11.3,300
1964,1964-11-15,KS,2,0,0,37.65,-96.07,0.8,400
1964,1964-11-19,AR,2,0,0,34.3,-90.85,21.5,100
1964,1964-11-19,MS,2,0,0,34.2,-90.3,17.3,440
1964,1964-11-19,MS,2,0,0,33.52,-90.77,11.9,10
1964,1964-11-27,LA,2,1,0,31.13,-92.0,6.9,100
1964,1964-12-24,AL,2,0,0,31.8,-86.88,4.9,10
1964,1964-12-24,GA,3,1,0,33.5,-84.92,75.4,400
1964,1964-12-24,AL,2,3,0,30.5,-87.8,2.0,100
1964,1964-12-25,FL,3,4,0,30.4,-86.58,12.8,67
1964,1964-12-25,GA,2,3,0,31.52,-83.73,21.2,300
1964,1964-12-25,GA,2,0,0,31.63,-83.8,2.0,300
1964,1964-12-25,GA,3,16,2,32.72,-84.0,0.1,600
1964,1964-12-26,AL,2,0,0,32.45,-85.18,0.1,10
1964,1964-01-12,FL,2,0,0,29.18,-82.2,0.1,10
1964,1964-01-24,AR,2,2,0,36.18,-90.38,8.1,300
1964,1964-01-24,AL,4,6,10,33.32,-86.43,3.3,100
1964,1964-01-24,AL,2,0,0,34.25,-86.02,0.1,10
1964,1964-02-04,TX,2,1,0,29.6,-96.33,3.8,880
1964,1964-03-14,KS,2,0,0,38.07,-94.77,0.5,100
1964,1964-03-19,TX,2,0,0,29.75,-95.0,2.5,200
1964,1964-03-19,TX,2,0,0,30.13,-94.4,0.2,17
1964,1964-03-25,MO,3,26,0,37.05,-91.02,46.0,300
1964,1964-03-25,IL,2,2,0,38.15,-88.7,11.5,50
1964,1964-03-25,AL,3,7,0,34.17,-87.27,5.4,267
1964,1964-03-25,KY,2,1,0,38.18,-85.72,38.4,10
1964,1964-03-04,AR,3,0,1,33.35,-93.4,9.1,600
1964,1964-03-04,MO,2,2,0,36.03,-90.33,11.5,100
1964,1964-03-04,TN,2,3,0,35.3,-89.7,7.6,200
1964,1964-03-04,TN,2,3,0,35.47,-89.67,6.8,200
1964,1964-03-04,TN,3,7,0,35.05,-88.27,27.6,300
1964,1964-03-04,KY,4,24,3,36.7,-88.45,18.5,250
1964,1964-03-04,KY,3,5,0,36.67,-88.9,7.2,880
1964,1964-03-08,IL,2,0,0,38.45,-89.63,13.1,40
1964,1964-03-09,AL,3,1,0,34.5,-87.67,10.4,10
1964,1964-03-09,AL,3,2,2,34.85,-87.38,5.2,10
1964,1964-04-12,KS,3,3,0,38.75,-95.48,33.8,880
1964,1964-04-12,KS,3,22,1,39.23,-95.02,14.0,440
1964,1964-04-12,KS,4,9,3,38.12,-95.3,19.4,880
1964,1964-04-12,IA,4,28,1,40.67,-95.23,13.1,400
1964,1964-04-12,IA,2,0,0,40.9,-95.05,2.0,150
1964,1964-04-12,OK,2,0,0,36.07,-96.05,0.2,50
1964,1964-04-12,IA,2,0,0,40.92,-94.47,9.4,10
1964,1964-04-12,MO,3,10,1,38.7,-94.4,19.5,100
1964,1964-04-12,MO,2,3,1,38.57,-93.77,10.7,100
1964,1964-04-12,MO,2,0,0,40.28,-94.98,10.8,80
1964,1964-04-13,MN,2,0,0,43.95,-92.47,3.4,50
1964,1964-04-16,TX,2,0,0,29.52,-100.95,2.0,33
1964,1964-04-17,TX,2,2,1,29.92,-95.38,21.9,27
1964,1964-04-19,KS,2,0,0,38.27,-100.13,0.1,10
1964,1964-04-20,NE,2,0,0,42.23,-97.02,0.1,10
1964,1964-04-20,KS,2,0,0,39.45,-97.08,12.4,50
1964,1964-04-20,IA,2,0,0,40.75,-95.47,2.7,300
1964,1964-04-20,KS,2,0,0,38.7,-94.78,0.1,10
1964,1964-04-20,IA,2,1,0,40.9,-95.38,0.1,350
1964,1964-04-20,IA,3,1,0,41.4,-95.05,6.1,350
1964,1964-04-20,KS,2,0,0,37.73,-95.3,5.7,10
1964,1964-04-21,IL,3,0,0,40.42,-90.73,14.1,17
1964,1964-04-22,KS,3,2,0,37.95,-98.88,59.7,880
1964,1964-04-22,OK,2,1,0,36.32,-97.82,54.0,733
1964,1964-04-22,KS,2,0,0,38.28,-97.48,0.1,10
1964,1964-04-22,KS,2,0,0,38.28,-96.72,0.1,10
1964,1964-04-22,KS,2,0,0,38.32,-96.68,0.1,10
1964,1964-04-22,KS,2,1,0,38.55,-95.28,0.1,10
1964,1964-04-22,TX,3,2,0,33.43,-95.85,5.9,50
1964,1964-04-23,TX,2,0,0,33.65,-95.62,6.6,100
1964,1964-04-23,TX,2,0,0,33.65,-95.62,2.0,23
1964,1964-04-24,LA,3,2,0,32.43,-94.03,20.6,500
1964,1964-04-25,FL,2,2,0,30.03,-84.38,0.5,10
1964,1964-04-25,MT,2,1,0,45.4,-105.4,6.0,40
1964,1964-04-25,NE,2,0,0,40.02,-97.92,44.2,10
1964,1964-04-26,TX,2,0,0,30.55,-97.7,1.0,17
1964,1964-04-26,TX,2,0,0,31.8,-94.17,1.9,33
1964,1964-04-26,NE,2,0,0,40.93,-98.9,9.5,10
1964,1964-04-26,NE,2,0,0,41.95,-98.17,26.4,10
1964,1964-04-26,IA,2,0,0,40.9,-94.27,14.8,300
1964,1964-04-26,IA,2,0,0,40.6,-91.75,2.0,200
1964,1964-04-26,IA,2,0,0,42.6,-93.73,4.7,300
1964,1964-04-27,FL,2,0,0,30.72,-87.33,0.1,10
1964,1964-04-28,FL,2,0,0,28.73,-81.62,0.1,10
1964,1964-04-28,IN,2,2,0,41.43,-85.98,4.5,100
1964,1964-04-28,IN,2,0,0,40.28,-85.85,0.1,50
1964,1964-04-28,AL,3,1,0,33.6,-86.12,0.1,10
1964,1964-04-28,AL,2,0,0,33.77,-85.92,4.3,10
1964,1964-04-28,AL,3,10,0,33.73,-85.42,15.7,33
1964,1964-04-28,AL,2,0,0,32.05,-86.48,6.8,10
1964,1964-04-02,IL,2,0,0,39.67,-89.53,4.5,77
1964,1964-04-02,IL,2,4,0,39.42,-89.58,4.9,20
1964,1964-04-03,OK,3,1,0,33.95,-96.68,16.7,200
1964,1964-04-03,OK,2,0,0,34.88,-94.85,0.1,10
1964,1964-04-03,TX,5,111,7,33.9,-98.5,4.7,500
1964,1964-04-03,KS,2,0,0,37.55,-97.3,0.1,10
1964,1964-04-03,OK,2,0,0,34.05,-96.8,0.5,123
1964,1964-04-03,OK,2,0,0,34.1,-96.65,0.1,10
1964,1964-04-05,TX,2,0,0,32.67,-95.48,2.7,1760
1964,1964-04-05,LA,2,0,0,32.47,-92.78,5.4,83
1964,1964-04-07,AL,2,0,0,34.25,-86.75,5.1,50
1964,1964-04-07,AL,2,1,0,34.32,-86.08,3.3,10
1964,1964-04-08,GA,2,0,0,31.37,-82.92,5.0,150
1964,1964-05-10,OK,2,1,0,35.2,-98.5,11.7,10
1964,1964-05-10,OK,2,0,0,35.73,-95.95,0.1,10
1964,1964-05-10,OK,3,0,0,35.87,-94.95,2.0,440
1964,1964-05-23,WI,2,0,0,44.45,-91.33,21.9,100
1964,1964-05-23,NE,2,0,0,40.83,-97.22,7.9,60
1964,1964-05-26,KS,2,0,0,38.27,-95.73,0.1,10
1964,1964-05-29,NM,3,8,1,36.53,-104.58,3.0,10
1964,1964-05-01,TX,2,0,0,30.3,-96.2,5.6,880
1964,1964-05-02,SD,2,0,0,43.82,-101.7,14.8,10
1964,1964-05-04,WI,2,2,0,44.12,-90.95,9.7,200
1964,1964-05-04,IA,2,1,0,42.12,-91.47,2.3,200
1964,1964-05-04,IA,2,0,0,43.22,-91.2,9.2,200
1964,1964-05-04,WI,2,2,0,43.25,-91.07,12.6,200
1964,1964-05-04,IA,2,2,0,42.33,-91.25,4.7,200
1964,1964-05-04,WI,2,0,0,43.85,-90.28,7.7,100
1964,1964-05-05,KS,2,0,0,38.57,-98.6,10.6,1320
1964,1964-05-05,NE,4,11,0,41.4,-98.38,51.2,10
1964,1964-05-05,NE,2,7,0,41.12,-98.55,71.5,10
1964,1964-05-05,SD,2,0,0,45.8,-96.87,4.5,100
1964,1964-05-05,ND,3,11,0,46.05,-96.6,5.2,440
1964,1964-05-05,KS,2,0,0,37.5,-98.68,0.1,10
1964,1964-05-05,IA,3,7,0,42.52,-96.42,67.0,300
1964,1964-05-05,NE,5,50,4,40.55,-98.37,79.7,880
1964,1964-05-05,MN,2,13,0,46.6,-95.98,0.1,880
1964,1964-05-05,MN,3,0,0,45.58,-94.78,4.3,300
1964,1964-05-05,KS,3,0,0,37.9,-98.8,20.4,880
1964,1964-05-05,KS,3,0,0,37.08,-98.58,33.0,660
1964,1964-05-05,SD,2,0,0,45.92,-100.1,16.0,880
1964,1964-05-05,OK,2,0,0,35.5,-99.8,3.6,440
1964,1964-05-05,ND,2,0,0,46.02,-100.03,47.5,10
1964,1964-05-05,OK,2,0,0,35.7,-99.55,11.6,440
1964,1964-05-05,KS,2,0,0,38.55,-100.73,7.6,10
1964,1964-05-06,OK,2,0,0,36.75,-98.02,0.1,10
1964,1964-05-06,NE,2,0,0,41.32,-96.8,2.3,10
1964,1964-05-06,MI,2,0,0,46.38,-87.02,0.1,10
1964,1964-05-07,WI,2,1,0,44.23,-90.22,3.3,30
1964,1964-05-07,IA,2,0,0,42.1,-93.9,0.1,67
1964,1964-05-07,IA,3,1,0,42.6,-91.9,2.3,200
1964,1964-05-07,IA,2,0,0,42.67,-91.88,2.0,250
1964,1964-05-07,IA,2,27,0,42.52,-92.33,7.1,200
1964,1964-05-07,WI,2,14,0,44.4,-89.83,0.5,100
1964,1964-05-07,IA,2,0,0,41.83,-94.55,2.0,200
1964,1964-05-08,IA,3,0,0,42.78,-96.17,9.3,200
1964,1964-05-08,IA,2,0,0,43.43,-95.43,5.1,200
1964,1964-05-08,MI,2,1,0,42.68,-83.28,0.1,500
1964,1964-05-08,MI,4,224,11,42.67,-82.83,3.3,833
1964,1964-05-08,MI,2,1,0,41.8,-83.45,3.3,400
1964,1964-05-08,WI,2,0,0,44.7,-89.58,12.3,500
1964,1964-05-08,WI,2,1,0,44.58,-88.85,3.3,200
1964,1964-05-08,WI,2,0,0,43.75,-89.97,23.5,150
1964,1964-05-08,WI,2,2,0,43.43,-90.72,20.3,300
1964,1964-05-08,WI,2,5,0,44.12,-88.72,30.6,63
1964,1964-05-08,MI,2,0,0,44.9,-85.53,16.6,440
1964,1964-05-08,MI,2,0,0,45.3,-83.88,17.9,400
1964,1964-06-10,KS,2,0,0,38.47,-99.08,0.1,10
1964,1964-06-10,KS,2,0,0,38.52,-98.53,0.5,150
1964,1964-06-11,NM,2,0,0,35.18,-103.05,0.1,10
1964,1964-06-11,NM,2,0,0,34.4,-103.13,23.2,67
1964,1964-06-11,TX,2,4,0,34.42,-101.97,1.0,27
1964,1964-06-12,TX,2,0,0,34.38,-103.03,2.0,27
1964,1964-06-12,TX,2,0,0,34.38,-103.03,8.8,27
1964,1964-06-12,KS,2,1,0,38.52,-98.77,24.1,10
1964,1964-06-12,KS,2,0,0,39.5,-98.43,4.1,200
1964,1964-06-14,IA,2,0,0,40.67,-92.67,11.9,200
1964,1964-06-15,TX,2,0,0,29.3,-96.1,1.5,20
1964,1964-06-15,OH,2,0,0,40.98,-84.17,8.9,10
1964,1964-06-15,OH,2,0,0,40.87,-83.47,2.0,100
1964,1964-06-15,OH,2,7,0,40.93,-83.37,0.1,10
1964,1964-06-15,KY,2,1,0,38.3,-84.63,49.3,10
1964,1964-06-15,PA,2,4,0,41.23,-80.23,0.1,400
1964,1964-06-15,KY,2,0,0,37.1,-85.2,3.6,400
1964,1964-06-15,PA,2,4,0,40.3,-79.55,2.0,800
1964,1964-06-18,SD,2,2,0,45.2,-99.82,24.6,200
1964,1964-06-18,MN,3,13,0,45.63,-95.47,6.2,200
1964,1964-06-18,WI,2,2,0,45.43,-91.75,4.1,13
1964,1964-06-19,IA,3,2,0,40.72,-95.35,11.5,350
1964,1964-06-19,IA,3,1,0,40.73,-95.05,10.6,200
1964,1964-06-20,TX,2,0,0,32.25,-101.67,0.8,23
1964,1964-06-20,OK,2,1,0,34.85,-99.35,0.1,10
1964,1964-06-21,KS,3,0,0,38.95,-97.37,8.9,10
1964,1964-06-21,KS,2,0,0,38.95,-97.18,0.1,10
1964,1964-06-22,SD,2,0,0,43.12,-96.88,16.1,10
1964,1964-06-22,SD,2,0,0,43.48,-96.83,10.0,10
1964,1964-06-22,IA,2,0,0,41.6,-93.78,9.7,200
1964,1964-06-22,IA,2,0,0,40.73,-93.75,1.0,200
1964,1964-06-22,IA,3,0,0,40.75,-95.6,8.0,400
1964,1964-06-22,IA,4,0,0,40.7,-95.45,11.9,400
1964,1964-06-22,IA,2,0,0,40.93,-93.98,12.8,400
1964,1964-06-22,IA,2,0,0,41.4,-92.9,6.4,200
1964,1964-06-23,FL,2,1,0,26.62,-81.97,0.1,10
1964,1964-06-26,WY,2,0,0,44.75,-108.75,1.0,50
1964,1964-06-06,FL,2,0,0,30.4,-81.7,3.6,27
1964,1964-06-06,FL,2,0,0,28.1,-81.55,0.1,10
1964,1964-06-08,SD,2,1,0,45.08,-100.7,3.8,10
1964,1964-06-08,SD,2,0,0,44.97,-97.55,0.1,10
1964,1964-06-08,SD,2,0,0,44.78,-97.53,0.1,10
1964,1964-06-08,ND,2,0,0,46.27,-97.13,26.9,10
1964,1964-06-08,SD,2,0,0,45.08,-97.67,0.5,33
1964,1964-06-08,NE,2,0,0,40.4,-96.92,12.3,10
1964,1964-06-09,WI,2,0,0,45.1,-88.05,3.0,50
1964,1964-07-12,VA,2,0,0,36.98,-79.47,4.9,100
1964,1964-07-12,VA,2,3,0,36.7,-79.88,2.0,50
1964,1964-07-12,NC,2,1,0,36.4,-79.33,13.6,50
1964,1964-07-20,MT,2,0,0,46.4,-109.8,2.0,10
1964,1964-07-23,SD,2,0,0,44.85,-98.22,6.8,10
1964,1964-07-26,SD,2,0,0,44.05,-101.6,0.1,10
1964,1964-07-27,TX,2,1,0,31.27,-100.8,1.0,20
1964,1964-07-28,OK,2,0,0,35.45,-97.57,0.3,50
1964,1964-07-28,OK,2,0,0,35.1,-96.1,0.5,10
1964,1964-07-01,TX,2,0,0,28.33,-98.1,6.5,67
1964,1964-07-02,FL,2,6,0,28.03,-82.12,0.1,10
1964,1964-07-02,WY,2,0,0,43.8,-104.6,0.1,10
1964,1964-07-03,SC,2,0,0,34.05,-79.77,2.5,100
1964,1964-07-06,WI,2,2,0,45.22,-90.43,3.3,10
1964,1964-07-07,IA,2,0,0,42.17,-93.75,2.0,100
1964,1964-07-09,AL,2,0,0,33.6,-86.12,0.1,10
1964,1964-07-09,OK,2,0,0,36.35,-96.05,0.1,10
1964,1964-08-10,NE,2,0,0,42.42,-97.12,0.1,10
1964,1964-08-11,AR,2,0,0,34.52,-91.55,20.3,250
1964,1964-08-11,AR,2,0,0,34.52,-91.55,20.3,250
1964,1964-08-12,TN,2,6,0,35.37,-85.4,0.8,33
1964,1964-08-13,OK,2,0,0,36.85,-99.02,0.1,10
1964,1964-08-19,TX,2,0,0,35.68,-101.97,0.5,33
1964,1964-08-20,IA,2,0,0,40.68,-91.8,0.3,50
1964,1964-08-22,MI,2,1,0,41.77,-84.43,10.3,100
1964,1964-08-22,MI,3,2,0,42.0,-84.17,0.1,10
1964,1964-08-22,WI,2,2,0,43.8,-88.4,2.0,10
1964,1964-08-22,WI,2,0,0,44.3,-89.6,6.4,333
1964,1964-08-22,WI,2,0,0,43.77,-88.45,1.0,500
1964,1964-08-22,WI,4,30,0,43.38,-87.92,2.2,50
1964,1964-08-22,OH,2,0,0,41.7,-84.6,0.1,10
1964,1964-08-26,OK,2,0,0,34.82,-97.35,0.1,10
1964,1964-08-26,TX,2,0,0,33.78,-97.72,0.1,17
1964,1964-08-27,AZ,2,9,2,32.2,-111.02,0.1,10
1964,1964-08-27,IA,2,0,0,41.43,-95.03,1.0,50
1964,1964-08-27,IA,2,0,0,43.1,-92.7,1.0,77
1964,1964-08-28,MN,2,0,0,44.28,-92.35,2.7,67
1964,1964-08-29,SC,2,2,0,32.8,-79.9,1.0,67
1964,1964-08-29,NC,3,15,0,34.8,-79.43,21.9,50
1964,1964-08-29,SC,2,0,0,34.13,-81.2,1.0,67
1964,1964-08-29,IA,4,2,0,42.92,-94.23,15.8,100
1964,1964-08-29,IA,2,0,0,42.55,-94.2,2.0,77
1964,1964-08-29,IA,2,0,0,43.37,-93.45,11.2,150
1964,1964-08-29,IA,2,0,0,43.3,-93.43,2.0,100
1964,1964-08-29,ND,2,0,0,46.4,-102.2,0.1,10
1964,1964-08-29,SC,2,1,0,34.3,-79.87,0.1,13
1964,1964-08-31,KS,2,0,0,38.92,-99.02,0.1,10
1964,1964-08-31,KS,3,0,0,38.8,-99.32,8.3,10
1964,1964-08-01,SD,2,0,0,45.52,-102.47,0.8,100
1964,1964-08-05,TX,2,6,0,29.7,-93.87,0.2,33
1964,1964-09-22,IA,2,0,0,40.65,-95.23,11.8,300
1964,1964-09-03,WI,3,4,0,43.2,-90.63,17.1,800
1964,1964-09-03,WI,2,0,0,43.12,-88.03,0.1,100
1964,1964-09-03,MI,2,0,0,44.32,-85.2,0.1,10
1964,1964-09-07,IA,2,0,0,42.7,-96.25,2.0,250
1964,1964-09-07,IA,2,0,0,42.78,-95.97,7.9,200
1965,1965-10-17,TX,2,0,0,33.6,-102.17,0.2,20
1965,1965-10-17,TX,3,0,0,33.92,-102.43,0.2,17
1965,1965-10-07,SC,2,0,0,34.0,-79.2,3.3,80
1965,1965-10-07,NC,3,4,1,35.65,-79.83,1.0,33
1965,1965-10-07,NC,2,0,0,35.65,-79.4,6.1,27
1965,1965-10-07,MI,2,0,0,43.78,-84.75,2.0,50
1965,1965-10-07,IN,2,0,0,38.73,-85.52,2.0,100
1965,1965-11-10,WA,2,0,0,46.7,-122.9,1.5,23
1965,1965-11-12,IL,2,0,0,41.05,-89.0,32.1,17
1965,1965-11-12,IL,2,90,2,41.4,-88.47,35.9,120
1965,1965-11-12,IL,2,0,0,41.8,-88.1,1.0,20
1965,1965-11-12,IL,2,0,0,41.2,-89.3,8.7,50
1965,1965-11-12,IN,3,14,0,41.55,-87.48,4.1,40
1965,1965-11-12,IL,2,0,0,40.3,-88.9,0.3,10
1965,1965-11-16,OH,2,0,0,41.0,-82.97,5.9,500
1965,1965-11-16,OH,2,4,0,40.2,-83.6,0.2,10
1965,1965-11-16,OH,3,4,0,39.5,-83.48,3.8,100
1965,1965-11-16,OH,2,9,2,40.8,-81.25,5.9,300
1965,1965-11-16,OH,2,5,0,40.0,-81.77,4.1,50
1965,1965-11-16,PA,2,6,0,40.08,-79.62,0.1,280
1965,1965-11-26,IL,2,5,0,38.72,-88.08,0.5,20
1965,1965-11-26,AR,3,0,0,36.05,-90.5,3.6,880
1965,1965-11-26,IN,2,0,0,40.1,-86.4,4.7,10
1965,1965-11-26,IN,3,5,0,39.98,-86.33,14.7,527
1965,1965-11-26,IN,3,0,0,41.7,-86.5,1.0,70
1965,1965-11-26,IN,3,3,0,39.9,-85.83,1.0,200
1965,1965-11-26,IN,3,0,0,40.1,-85.38,0.5,10
1965,1965-11-26,IN,3,0,0,39.88,-85.52,1.9,10
1965,1965-11-26,KY,2,1,1,37.12,-85.75,5.4,10
1965,1965-11-26,KY,2,8,0,38.03,-84.92,2.7,10
1965,1965-11-27,OH,2,1,0,40.03,-82.45,5.9,300
1965,1965-11-27,AL,2,0,0,33.6,-86.5,14.5,10
1965,1965-12-11,TX,2,2,0,32.45,-94.35,3.4,10
1965,1965-12-11,LA,2,0,0,32.35,-93.9,0.1,17
1965,1965-01-21,TX,2,0,0,29.62,-96.88,0.8,50
1965,1965-01-22,TX,2,0,0,29.58,-94.32,0.1,67
1965,1965-01-22,LA,2,0,0,30.37,-93.2,0.5,33
1965,1965-01-22,LA,2,2,0,31.23,-92.17,2.3,67
1965,1965-01-22,LA,2,0,0,30.1,-91.0,1.0,267
1965,1965-01-23,AR,2,0,0,36.4,-90.42,8.7,10
1965,1965-01-23,MS,2,0,0,33.85,-89.32,0.5,23
1965,1965-01-23,IN,2,0,0,39.82,-86.45,0.1,10
1965,1965-01-26,AR,2,0,0,34.07,-93.7,0.1,10
1965,1965-01-08,LA,2,0,0,30.3,-92.05,1.0,33
1965,1965-02-11,TX,3,0,0,31.62,-94.68,42.7,200
1965,1965-02-11,TX,2,1,0,31.5,-95.05,3.0,10
1965,1965-02-11,TX,2,0,0,31.83,-94.53,31.3,10
1965,1965-02-11,TX,2,0,0,32.07,-94.43,27.8,117
1965,1965-02-11,LA,3,3,0,32.18,-94.03,33.0,117
1965,1965-02-11,LA,2,0,0,32.55,-92.67,9.0,117
1965,1965-02-11,TN,2,0,0,35.08,-89.53,0.1,10
1965,1965-02-11,AR,2,4,0,34.9,-90.37,19.6,250
1965,1965-02-11,AR,2,0,0,34.57,-91.03,14.4,50
1965,1965-02-11,MS,2,0,0,32.57,-89.12,11.9,220
1965,1965-02-11,AL,2,0,0,34.83,-87.65,0.1,10
1965,1965-02-11,AL,3,18,0,33.2,-88.2,1.5,100
1965,1965-02-23,FL,3,6,0,26.1,-80.17,5.7,60
1965,1965-02-23,FL,2,0,0,26.62,-81.87,0.5,67
1965,1965-02-09,UT,2,0,0,40.72,-112.1,0.1,13
1965,1965-02-09,AR,3,1,0,33.5,-92.1,1.5,167
1965,1965-02-09,AR,3,4,0,34.23,-91.52,10.5,333
1965,1965-02-09,AR,3,5,0,34.6,-91.22,2.0,200
1965,1965-02-09,IL,2,0,0,38.1,-88.23,3.3,10
1965,1965-03-14,FL,2,0,0,26.55,-80.1,0.1,10
1965,1965-03-16,OK,4,7,0,36.6,-98.1,82.7,300
1965,1965-03-16,OK,2,0,0,36.67,-96.4,2.0,50
1965,1965-03-16,TX,3,1,0,32.0,-96.9,11.1,50
1965,1965-03-16,AR,2,0,0,35.45,-93.58,0.1,10
1965,1965-03-17,AR,2,0,0,34.42,-92.82,1.0,200
1965,1965-03-17,MS,3,10,0,34.5,-88.78,14.7,400
1965,1965-03-17,MS,2,0,0,34.87,-88.13,0.5,200
1965,1965-03-17,MS,3,1,0,33.47,-88.43,8.5,230
1965,1965-03-17,AL,3,22,0,34.75,-87.67,29.8,10
1965,1965-03-17,TN,2,0,0,35.23,-87.33,2.0,50
1965,1965-03-17,NC,3,85,2,35.0,-77.22,41.3,100
1965,1965-03-23,GA,2,0,0,33.47,-83.03,5.2,150
1965,1965-03-01,LA,2,1,0,29.35,-89.53,0.5,67
1965,1965-03-01,MS,2,0,0,31.3,-90.22,7.2,110
1965,1965-04-10,KS,3,11,0,39.42,-95.12,23.2,200
1965,1965-04-10,MO,2,7,0,39.78,-94.42,9.6,50
1965,1965-04-10,MO,2,1,0,40.08,-93.7,10.3,100
1965,1965-04-10,MO,2,1,0,39.95,-93.78,11.1,50
1965,1965-04-10,AR,4,200,6,35.05,-92.45,4.7,200
1965,1965-04-11,OK,2,0,0,35.58,-95.35,0.1,10
1965,1965-04-11,IA,4,3,1,41.85,-90.93,91.5,200
1965,1965-04-11,WI,2,28,3,43.03,-88.88,14.5,1320
1965,1965-04-11,IL,4,75,6,42.22,-88.38,9.1,400
1965,1965-04-11,IL,2,0,0,42.38,-88.02,4.5,200
1965,1965-04-11,IN,3,82,10,41.35,-86.58,35.6,250
1965,1965-04-11,MI,4,142,5,43.02,-85.92,20.6,300
1965,1965-04-11,IN,3,0,0,41.35,-87.2,33.1,10
1965,1965-04-11,IN,4,252,31,41.52,-86.07,21.2,10
1965,1965-04-11,IN,4,41,5,41.62,-85.7,21.6,177
1965,1965-04-11,IN,4,294,23,41.73,-85.17,90.3,1760
1965,1965-04-11,IN,4,44,0,40.33,-86.83,21.8,500
1965,1965-04-11,IN,4,321,36,41.58,-86.2,37.0,333
1965,1965-04-11,IN,4,835,25,40.4,-86.38,48.0,880
1965,1965-04-11,MI,3,17,0,42.37,-85.6,14.2,150
1965,1965-04-11,MI,3,5,0,42.65,-85.3,14.1,10
1965,1965-04-11,MI,4,293,21,41.8,-85.0,80.5,10
1965,1965-04-11,IN,4,123,28,40.02,-86.87,45.7,1667
1965,1965-04-11,IN,4,125,4,40.55,-85.38,52.5,10
1965,1965-04-11,MI,4,8,1,42.85,-84.65,21.0,100
1965,1965-04-11,MI,2,1,0,43.25,-84.93,15.1,440
1965,1965-04-11,MI,2,0,0,43.38,-84.62,0.1,50
1965,1965-04-11,MI,2,0,0,43.38,-84.62,0.5,50
1965,1965-04-11,MI,2,0,0,43.37,-84.6,1.0,50
1965,1965-04-11,MI,2,2,0,43.55,-83.87,9.9,10
1965,1965-04-11,MI,2,0,0,43.57,-83.63,9.0,10
1965,1965-04-11,OH,4,236,18,41.67,-83.6,5.6,200
1965,1965-04-11,OH,4,104,13,40.8,-84.2,32.5,400
1965,1965-04-11,OH,4,50,3,40.35,-84.38,18.4,300
1965,1965-04-11,OH,3,30,4,41.07,-83.13,15.0,300
1965,1965-04-11,OH,4,200,18,41.23,-82.25,22.0,400
1965,1965-04-11,OH,2,62,4,40.37,-83.27,22.2,400
1965,1965-04-12,WV,2,0,0,37.4,-81.1,0.1,10
1965,1965-04-14,TX,3,0,0,33.87,-97.67,1.0,200
1965,1965-04-14,TX,2,0,0,33.05,-98.07,2.0,10
1965,1965-04-14,OK,2,0,0,35.3,-96.97,0.1,23
1965,1965-04-15,TX,2,0,0,29.85,-97.52,6.9,50
1965,1965-04-15,TN,2,0,0,36.35,-84.92,5.9,327
1965,1965-04-15,TN,3,0,1,35.87,-85.08,6.5,200
1965,1965-04-15,TN,3,50,0,35.18,-84.87,10.4,600
1965,1965-04-15,AL,3,2,0,34.7,-85.75,9.6,50
1965,1965-04-15,TN,2,6,0,35.87,-84.08,7.4,200
1965,1965-04-15,GA,2,0,0,34.38,-84.12,11.5,33
1965,1965-04-18,AR,2,4,0,35.92,-89.95,0.1,10
1965,1965-04-19,TX,3,3,1,29.45,-96.0,0.2,150
1965,1965-04-19,TX,3,0,0,26.7,-98.33,1.5,30
1965,1965-04-23,IN,2,0,0,40.55,-85.85,18.2,10
1965,1965-04-23,IA,3,1,0,41.53,-92.42,47.4,10
1965,1965-04-23,IL,2,0,0,41.35,-90.33,0.2,100
1965,1965-04-24,IL,3,1,0,41.15,-89.62,6.5,43
1965,1965-04-25,KY,2,0,0,37.2,-84.65,4.6,100
1965,1965-04-26,GA,2,0,0,34.25,-84.33,0.5,33
1965,1965-04-04,OK,2,0,0,35.28,-99.12,3.6,33
1965,1965-04-05,OK,2,0,0,36.73,-96.0,1.5,67
1965,1965-04-07,OK,2,0,0,34.9,-99.4,0.1,10
1965,1965-04-07,OK,2,2,0,35.08,-98.25,22.4,440
1965,1965-04-08,OK,2,0,0,35.23,-97.8,1.0,10
1965,1965-04-08,OK,2,0,0,35.25,-97.82,1.0,10
1965,1965-04-08,OK,2,0,0,35.77,-95.35,0.3,100
1965,1965-04-08,IN,2,0,0,39.8,-85.52,0.1,10
1965,1965-04-08,OH,2,9,0,39.13,-83.0,1.0,30
1965,1965-04-08,OH,2,0,0,39.18,-83.77,10.5,300
1965,1965-04-08,KY,3,3,0,38.37,-82.65,6.9,200
1965,1965-04-08,OH,3,0,0,38.87,-82.98,2.0,100
1965,1965-04-08,WV,2,0,0,37.5,-80.82,0.5,100
1965,1965-04-09,NC,2,1,0,36.18,-81.93,0.5,300
1965,1965-05-10,TX,2,0,0,32.1,-96.47,8.0,100
1965,1965-05-12,TX,2,0,0,33.3,-97.78,0.1,17
1965,1965-05-12,SC,2,0,0,33.83,-79.05,15.0,40
1965,1965-05-12,TX,2,1,0,32.0,-99.95,4.1,440
1965,1965-05-13,TX,2,0,0,33.42,-101.83,0.5,10
1965,1965-05-13,KS,3,10,0,37.13,-97.3,62.5,100
1965,1965-05-13,OK,2,0,0,36.4,-99.67,0.1,10
1965,1965-05-13,OK,2,0,0,36.9,-97.9,0.1,10
1965,1965-05-15,IA,2,0,0,42.38,-94.62,0.5,50
1965,1965-05-15,IA,2,0,0,42.4,-95.0,0.5,50
1965,1965-05-15,OK,2,0,0,36.87,-94.87,0.1,10
1965,1965-05-15,IA,2,0,0,42.78,-94.17,0.5,100
1965,1965-05-15,TX,3,2,0,32.45,-99.73,9.3,100
1965,1965-05-15,TX,2,0,0,27.83,-97.23,0.1,17
1965,1965-05-15,WI,2,1,0,42.92,-90.07,1.0,33
1965,1965-05-15,TX,2,0,0,31.77,-99.35,0.1,10
1965,1965-05-15,TX,2,0,0,31.77,-99.35,0.1,10
1965,1965-05-15,TX,3,0,0,31.97,-102.1,1.0,10
1965,1965-05-16,TX,2,0,0,30.5,-99.0,0.2,10
1965,1965-05-16,NY,2,3,0,42.1,-79.5,0.1,700
1965,1965-05-18,TX,2,0,0,28.3,-97.27,11.2,100
1965,1965-05-18,TX,2,0,0,30.0,-97.17,1.0,17
1965,1965-05-18,TX,2,0,0,29.27,-97.77,0.5,10
1965,1965-05-18,TX,2,0,0,29.12,-98.33,0.1,50
1965,1965-05-18,TX,2,0,0,27.93,-98.25,0.3,200
1965,1965-05-20,SD,3,0,0,45.92,-98.48,3.8,400
1965,1965-05-20,ND,2,0,0,47.63,-100.1,0.1,10
1965,1965-05-20,ND,2,0,0,48.9,-99.6,4.3,50
1965,1965-05-20,SD,2,0,0,44.45,-97.9,10.4,150
1965,1965-05-22,KS,2,0,0,39.4,-101.7,0.1,10
1965,1965-05-23,CO,2,0,0,38.57,-103.67,4.6,67
1965,1965-05-23,CO,2,0,0,38.35,-103.68,5.6,33
1965,1965-05-24,CO,2,0,0,40.5,-102.3,0.1,10
1965,1965-05-24,SD,2,0,0,42.9,-97.4,0.1,10
1965,1965-05-24,SD,3,0,0,43.5,-97.5,9.0,20
1965,1965-05-24,SD,2,0,0,44.0,-97.18,0.1,10
1965,1965-05-24,SD,2,0,0,44.0,-97.17,7.9,10
1965,1965-05-24,NE,2,0,0,41.48,-100.5,34.6,10
1965,1965-05-25,KS,2,1,0,39.75,-98.95,0.1,10
1965,1965-05-25,NE,2,0,0,40.03,-98.7,39.3,10
1965,1965-05-25,KS,3,8,0,37.7,-98.78,25.3,250
1965,1965-05-25,TX,2,1,0,32.15,-100.68,2.0,200
1965,1965-05-25,OK,2,0,0,36.4,-98.4,0.1,10
1965,1965-05-25,IA,2,0,0,41.33,-92.67,2.0,300
1965,1965-05-25,IA,2,0,0,41.4,-95.03,0.1,200
1965,1965-05-25,WI,2,8,0,43.53,-90.0,0.3,50
1965,1965-05-26,MO,2,4,0,38.97,-94.35,4.9,500
1965,1965-05-26,OK,2,0,0,35.42,-97.57,1.5,100
1965,1965-05-26,IA,2,14,0,41.87,-91.9,19.8,10
1965,1965-05-26,OK,2,0,0,35.15,-96.5,0.1,10
1965,1965-05-26,IL,2,11,0,41.9,-88.17,13.8,70
1965,1965-05-26,IL,2,0,0,41.5,-87.7,1.0,50
1965,1965-05-26,AR,2,0,0,35.88,-90.15,12.0,10
1965,1965-05-26,KY,2,0,0,36.7,-86.6,0.1,100
1965,1965-05-04,KS,3,0,0,39.52,-100.67,5.2,100
1965,1965-05-04,TX,2,0,0,35.2,-101.97,1.0,20
1965,1965-05-04,TX,2,0,0,35.67,-101.42,0.5,100
1965,1965-05-05,IA,2,0,0,43.17,-95.48,21.8,10
1965,1965-05-05,IA,4,0,0,42.3,-94.47,9.9,200
1965,1965-05-05,ND,2,0,0,46.7,-97.2,33.8,83
1965,1965-05-05,MN,2,0,0,45.9,-95.42,24.3,100
1965,1965-05-05,MN,3,7,0,43.5,-92.02,65.2,100
1965,1965-05-05,IA,4,11,0,43.28,-92.82,41.6,200
1965,1965-05-05,WI,2,0,0,45.77,-92.77,14.3,50
1965,1965-05-05,MN,2,0,0,43.5,-92.6,23.6,10
1965,1965-05-05,WI,2,0,0,45.58,-92.08,4.5,167
1965,1965-05-06,OK,2,2,0,36.07,-98.17,0.1,10
1965,1965-05-06,MN,4,175,3,44.78,-93.75,12.3,300
1965,1965-05-06,MN,4,0,0,44.85,-93.53,6.9,200
1965,1965-05-06,MN,3,0,0,44.68,-94.17,15.5,167
1965,1965-05-06,MN,2,175,1,44.67,-93.98,11.2,667
1965,1965-05-06,OK,2,2,0,34.75,-99.97,31.3,10
1965,1965-05-06,MN,4,175,3,45.03,-93.28,6.8,1000
1965,1965-05-06,MN,4,158,6,44.98,-93.38,17.3,667
1965,1965-05-07,WI,2,0,0,45.73,-91.93,1.0,150
1965,1965-05-07,KS,2,1,0,38.1,-100.4,0.1,10
1965,1965-05-07,KS,2,1,0,37.95,-100.67,0.1,10
1965,1965-05-08,CO,2,0,0,40.77,-104.77,1.0,17
1965,1965-05-08,NE,3,0,0,41.05,-98.75,10.2,10
1965,1965-05-08,NE,4,0,0,41.23,-98.67,78.9,10
1965,1965-05-08,NE,2,0,0,42.35,-99.48,44.9,10
1965,1965-05-08,NE,3,0,0,40.17,-97.57,40.1,10
1965,1965-05-08,NE,3,0,0,42.1,-99.1,44.8,10
1965,1965-05-08,SD,5,1,0,43.0,-99.72,30.1,1760
1965,1965-05-08,SD,2,0,0,43.18,-99.83,0.1,20
1965,1965-05-08,NE,2,0,0,42.55,-99.83,4.1,10
1965,1965-05-08,NE,2,0,0,42.57,-100.03,9.0,10
1965,1965-05-08,NE,4,53,4,40.87,-98.6,125.7,10
1965,1965-05-08,SD,3,0,0,43.17,-99.33,1.5,20
1965,1965-05-08,NE,2,0,0,41.42,-97.35,24.0,10
1965,1965-05-08,SD,2,0,0,43.95,-97.5,3.3,243
1965,1965-05-08,SD,2,0,0,43.77,-96.82,4.5,10
1965,1965-05-08,SD,2,0,0,43.67,-99.23,4.3,100
1965,1965-05-08,AR,2,8,0,35.35,-94.42,5.1,100
1965,1965-05-09,TX,2,0,0,31.93,-97.33,0.1,17
1965,1965-05-09,OK,2,3,0,35.27,-97.0,0.1,100
1965,1965-05-09,TX,2,0,0,32.58,-95.52,0.3,33
1965,1965-05-09,TX,2,0,0,32.38,-95.83,2.5,10
1965,1965-06-10,FL,2,0,0,30.4,-86.67,0.1,10
1965,1965-06-10,TX,2,0,0,34.18,-101.77,0.5,10
1965,1965-06-11,SD,2,0,0,43.82,-103.53,0.1,10
1965,1965-06-13,SD,2,0,0,45.88,-100.15,4.1,30
1965,1965-06-13,MS,2,0,0,32.35,-89.35,1.0,87
1965,1965-06-13,NE,2,0,0,41.6,-102.78,8.7,10
1965,1965-06-14,TX,2,0,0,35.87,-101.7,0.1,10
1965,1965-06-15,FL,2,0,0,30.4,-83.0,0.1,10
1965,1965-06-16,MT,3,0,0,45.8,-108.5,20.6,10
1965,1965-06-21,KS,2,0,0,39.27,-96.55,0.1,10
1965,1965-06-21,SD,3,0,0,42.95,-97.78,15.4,87
1965,1965-06-22,OK,2,0,0,35.47,-94.8,1.0,33
1965,1965-06-23,TX,2,0,0,32.62,-97.53,0.1,17
1965,1965-06-25,NM,2,0,0,33.98,-103.23,10.5,10
1965,1965-06-26,ND,2,0,0,47.5,-97.0,2.0,10
1965,1965-06-26,ND,2,1,0,47.0,-98.0,0.1,10
1965,1965-06-26,SD,3,0,0,42.97,-97.82,35.6,163
1965,1965-06-27,LA,2,0,0,30.35,-91.15,0.5,33
1965,1965-06-27,IA,2,0,0,42.05,-92.58,0.1,200
1965,1965-06-28,SD,2,0,0,43.22,-97.8,2.3,73
1965,1965-06-02,TX,4,76,4,33.9,-102.15,39.3,200
1965,1965-06-03,KS,2,0,0,37.37,-96.3,22.4,87
1965,1965-06-03,TX,3,0,0,34.85,-100.2,8.8,10
1965,1965-06-04,KS,3,2,0,37.83,-97.83,6.9,880
1965,1965-06-04,TX,3,1,1,35.32,-100.15,6.8,50
1965,1965-06-04,OK,2,0,0,36.6,-98.9,1.5,150
1965,1965-06-05,TX,3,0,0,27.23,-97.73,1.0,100
1965,1965-06-06,MS,2,0,0,31.12,-90.13,0.1,73
1965,1965-06-06,IN,2,0,0,40.28,-86.03,0.1,10
1965,1965-06-06,TX,2,0,0,30.58,-99.3,1.0,200
1965,1965-06-07,SD,2,0,0,43.13,-97.33,3.6,100
1965,1965-06-07,SD,2,0,0,43.42,-97.33,0.1,10
1965,1965-06-07,SD,4,0,1,43.17,-97.23,7.8,647
1965,1965-06-07,SD,2,0,0,42.9,-97.05,0.1,10
1965,1965-06-07,SD,3,0,0,42.92,-96.8,0.1,10
1965,1965-06-07,SD,2,0,0,43.07,-97.03,8.6,210
1965,1965-06-07,IA,3,0,0,42.87,-96.3,11.5,100
1965,1965-06-08,TX,2,8,0,32.9,-102.17,19.4,17
1965,1965-06-09,TX,2,0,0,33.87,-102.8,20.8,10
1965,1965-06-09,TX,2,0,0,33.72,-102.77,10.4,10
1965,1965-06-09,TX,2,0,0,35.87,-101.67,0.2,17
1965,1965-07-10,MT,2,1,0,46.8,-110.4,2.0,23
1965,1965-07-11,LA,2,1,0,32.52,-92.83,0.5,33
1965,1965-07-11,GA,2,0,0,33.5,-83.58,7.4,33
1965,1965-07-11,MT,2,0,0,46.6,-104.8,5.4,67
1965,1965-07-12,WY,3,0,0,44.25,-104.25,20.8,1400
1965,1965-07-12,MN,2,0,0,45.28,-92.98,0.3,10
1965,1965-07-15,NC,2,0,0,34.7,-78.0,0.1,10
1965,1965-07-16,IN,2,0,0,41.15,-85.42,2.7,10
1965,1965-07-18,IA,2,0,0,42.3,-92.2,0.5,50
1965,1965-07-18,SD,3,0,0,44.6,-103.55,0.1,10
1965,1965-07-01,NE,3,1,0,40.72,-96.42,12.8,10
1965,1965-07-06,MS,2,0,0,31.35,-89.83,0.1,10
1965,1965-07-06,GA,2,0,0,32.07,-84.23,1.0,33
1965,1965-07-08,WI,2,0,0,44.17,-88.3,0.1,100
1965,1965-07-08,IA,2,0,0,40.53,-95.7,0.1,10
1965,1965-08-10,TX,2,0,0,30.13,-102.4,0.5,10
1965,1965-08-17,SC,3,46,0,33.83,-78.67,0.3,50
1965,1965-08-17,VA,2,0,0,38.25,-78.1,0.1,10
1965,1965-08-19,CT,2,0,0,41.97,-72.47,6.6,120
1965,1965-08-25,OH,2,1,0,41.5,-84.4,9.4,880
1965,1965-08-25,OH,2,0,0,40.7,-82.4,2.0,10
1965,1965-08-25,IA,3,1,0,40.87,-91.3,3.0,100
1965,1965-08-25,IA,2,1,0,43.32,-91.98,14.7,150
1965,1965-08-25,IA,2,0,0,43.07,-91.38,4.7,100
1965,1965-08-25,IN,2,0,0,40.05,-86.47,0.8,100
1965,1965-08-26,IA,2,0,0,42.53,-90.97,0.5,100
1965,1965-08-26,IA,2,2,0,41.9,-93.3,4.9,100
1965,1965-08-26,IA,4,17,1,42.3,-92.2,4.7,200
1965,1965-08-28,MA,2,0,0,42.7,-71.33,2.0,10
1965,1965-08-28,TX,2,0,0,29.85,-97.62,0.5,10
1965,1965-08-31,TX,2,0,0,32.75,-100.37,2.0,20
1965,1965-08-06,OK,2,0,0,34.6,-98.22,0.7,10
1965,1965-08-06,TX,2,0,0,33.77,-96.68,0.5,17
1965,1965-08-09,GA,2,0,0,31.58,-84.17,0.3,33
1965,1965-08-09,TX,2,0,0,31.1,-97.42,0.5,10
1965,1965-09-12,NC,2,0,0,35.3,-80.8,0.3,70
1965,1965-09-14,IL,3,30,0,40.75,-89.72,6.6,200
1965,1965-09-14,IL,2,2,0,40.47,-88.57,11.5,77
1965,1965-09-14,IL,2,2,0,40.82,-88.0,1.0,50
1965,1965-09-14,IN,2,0,0,40.62,-86.55,0.1,10
1965,1965-09-14,IN,2,0,0,41.38,-86.58,0.1,10
1965,1965-09-14,IN,2,0,0,40.35,-86.95,1.3,400
1965,1965-09-16,IA,2,0,0,42.12,-93.6,0.5,100
1965,1965-09-18,TX,2,0,0,28.65,-98.18,1.5,880
1965,1965-09-18,NM,2,0,0,36.4,-103.03,5.1,100
1965,1965-09-20,KS,2,0,0,37.62,-97.27,43.8,10
1965,1965-09-20,MO,2,0,0,39.05,-93.57,13.0,100
1965,1965-09-20,IA,2,0,0,41.05,-93.77,3.3,150
1965,1965-09-20,IA,3,4,0,41.33,-92.2,1.0,100
1965,1965-09-20,IA,2,0,0,40.72,-92.6,10.3,150
1965,1965-09-20,MO,2,0,0,38.9,-94.38,1.5,30
1965,1965-09-21,AR,2,0,0,33.33,-92.55,0.1,10
1965,1965-09-21,TX,3,0,0,30.3,-101.8,10.0,10
1965,1965-09-22,TX,3,0,0,32.6,-94.75,0.1,100
1965,1965-09-22,TX,3,0,0,30.22,-95.73,0.8,10
1965,1965-09-29,AL,2,2,0,31.7,-86.22,0.1,10
1965,1965-09-03,KS,3,27,0,37.65,-97.3,0.1,400
1965,1965-09-04,ND,2,0,0,47.17,-98.0,0.5,17
1965,1965-09-04,MI,2,0,0,43.02,-86.1,4.1,10
1965,1965-09-04,MI,2,0,0,43.18,-86.03,0.1,10
1965,1965-09-07,IA,2,0,0,42.03,-95.17,1.0,100
1965,1965-09-09,IA,2,0,0,42.05,-95.9,10.2,100
1965,1965-09-09,IA,2,0,0,43.38,-92.07,1.0,50
1966,1966-10-10,ME,2,0,0,43.43,-70.78,0.2,50
1966,1966-10-14,IA,2,0,0,40.78,-94.58,1.5,100
1966,1966-10-14,MN,2,1,0,43.65,-93.6,2.7,10
1966,1966-10-14,IA,5,172,6,42.8,-93.65,9.7,1000
1966,1966-10-14,IA,3,0,0,41.53,-93.1,29.5,200
1966,1966-10-14,IA,2,0,0,40.83,-94.63,0.1,10
1966,1966-10-14,IA,2,0,0,42.05,-91.6,5.0,10
1966,1966-10-14,MO,2,0,0,37.9,-92.8,14.9,50
1966,1966-10-14,MO,2,0,0,38.55,-92.67,7.6,50
1966,1966-10-14,MO,2,0,0,38.1,-92.52,4.9,50
1966,1966-10-14,IA,2,0,0,41.6,-93.8,13.5,50
1966,1966-10-14,MO,2,0,0,38.35,-92.65,2.3,50
1966,1966-10-14,MO,2,0,0,37.52,-92.48,5.2,33
1966,1966-10-14,IA,2,0,0,42.38,-92.93,2.7,100
1966,1966-10-14,MO,2,6,0,37.73,-92.23,13.7,150
1966,1966-10-14,IL,2,20,0,39.98,-90.75,1.0,100
1966,1966-10-14,MO,3,26,0,38.78,-90.52,2.7,150
1966,1966-10-01,SC,2,8,0,34.22,-80.33,8.2,117
1966,1966-10-09,OH,2,3,0,39.7,-84.03,4.9,100
1966,1966-11-10,MS,3,4,0,34.95,-88.52,3.3,27
1966,1966-11-10,MS,2,0,0,34.25,-89.0,0.1,10
1966,1966-11-10,MS,2,0,0,34.63,-88.23,0.1,10
1966,1966-11-10,AL,2,1,0,34.23,-86.93,7.6,10
1966,1966-11-10,AL,2,0,0,33.0,-87.62,1.0,100
1966,1966-11-10,AL,2,0,0,31.0,-87.8,7.7,10
1966,1966-11-10,AL,2,0,0,32.3,-86.5,9.3,50
1966,1966-11-02,NC,2,9,0,35.5,-78.73,64.5,77
1966,1966-11-02,VA,2,0,0,36.72,-78.03,1.0,100
1966,1966-11-02,VA,2,0,0,37.08,-78.0,3.6,100
1966,1966-11-02,VA,3,2,0,37.97,-76.75,0.1,10
1966,1966-11-07,CA,2,0,0,33.9,-118.3,0.1,10
1966,1966-11-07,CA,2,10,0,33.85,-118.33,10.3,50
1966,1966-11-07,CA,2,0,0,33.65,-117.92,0.2,10
1966,1966-12-10,GA,2,0,0,34.58,-83.33,0.5,500
1966,1966-12-08,MO,2,0,0,39.22,-92.0,0.3,50
1966,1966-12-08,MO,2,0,0,37.95,-91.77,0.2,17
1966,1966-12-08,IN,2,1,0,41.08,-87.15,0.1,10
1966,1966-12-08,MO,2,0,0,37.1,-92.25,1.0,100
1966,1966-12-08,IN,2,0,0,40.05,-86.9,0.1,10
1966,1966-12-08,MO,3,2,0,37.85,-90.78,1.3,200
1966,1966-01-28,LA,3,0,0,29.92,-90.32,0.1,17
1966,1966-02-10,LA,2,0,0,30.1,-92.8,0.2,33
1966,1966-02-13,GA,2,1,0,33.88,-83.17,6.9,400
1966,1966-02-28,GA,2,0,0,32.03,-82.5,0.9,33
1966,1966-02-08,OK,2,2,0,34.48,-97.97,10.5,67
1966,1966-02-09,LA,2,0,0,32.87,-91.4,1.0,100
1966,1966-02-09,TX,3,0,0,28.97,-96.67,2.0,33
1966,1966-03-14,WA,2,0,0,46.5,-117.8,1.0,13
1966,1966-03-21,IL,2,0,0,41.8,-90.0,0.1,300
1966,1966-03-21,WI,2,1,0,42.6,-88.7,33.1,200
1966,1966-03-28,TX,3,0,0,29.45,-96.33,9.3,1760
1966,1966-03-01,MA,2,0,0,42.65,-73.15,0.1,10
1966,1966-03-03,MS,5,518,58,32.18,-90.55,202.5,900
1966,1966-04-10,TX,2,0,0,33.35,-98.58,1.0,133
1966,1966-04-11,OK,3,6,0,35.9,-95.77,7.3,100
1966,1966-04-11,OK,2,0,0,35.87,-95.23,6.5,20
1966,1966-04-12,AR,3,2,0,34.4,-92.4,4.5,10
1966,1966-04-13,SC,2,0,0,33.87,-79.75,0.2,17
1966,1966-04-14,TX,2,0,0,29.3,-96.1,1.0,33
1966,1966-04-18,TX,3,0,0,29.07,-95.45,2.0,50
1966,1966-04-18,MS,3,5,0,30.42,-88.9,23.8,10
1966,1966-04-19,KS,3,4,0,38.92,-94.8,7.7,150
1966,1966-04-19,TX,2,0,0,32.07,-97.75,2.0,880
1966,1966-04-19,IA,2,0,0,42.45,-92.6,2.3,200
1966,1966-04-19,IA,3,4,0,41.85,-92.72,27.1,400
1966,1966-04-19,IA,2,0,0,42.85,-92.12,4.6,250
1966,1966-04-19,IA,3,0,0,41.5,-90.5,2.0,100
1966,1966-04-19,WI,2,0,0,43.63,-90.33,8.6,17
1966,1966-04-19,IL,2,0,0,41.82,-88.12,0.5,40
1966,1966-04-20,AR,2,0,0,36.4,-93.75,2.7,100
1966,1966-04-20,MI,2,0,0,43.48,-85.45,0.1,10
1966,1966-04-23,TX,2,0,0,32.33,-95.57,0.1,880
1966,1966-04-23,PA,2,0,0,40.7,-79.4,1.0,17
1966,1966-04-23,TX,2,0,0,32.95,-95.28,0.1,23
1966,1966-04-25,TX,3,3,0,28.82,-97.87,0.1,100
1966,1966-04-26,MS,2,0,0,32.97,-89.92,4.1,67
1966,1966-04-27,MS,2,1,0,30.55,-88.7,0.1,10
1966,1966-04-27,OK,2,1,0,34.97,-96.25,3.6,150
1966,1966-04-27,OK,4,2,0,34.32,-96.53,10.2,300
1966,1966-04-27,OK,3,0,0,34.88,-96.0,8.0,400
1966,1966-04-04,FL,4,530,11,27.92,-82.8,135.8,300
1966,1966-04-04,FL,2,0,0,27.7,-82.63,123.3,150
1966,1966-05-10,TX,2,2,0,33.93,-102.32,2.0,50
1966,1966-05-10,TX,2,0,0,34.08,-101.85,0.1,33
1966,1966-05-11,KS,3,0,0,39.65,-97.2,5.4,100
1966,1966-05-11,KS,3,0,0,39.17,-95.8,9.9,660
1966,1966-05-11,OK,2,1,0,36.17,-95.9,2.0,100
1966,1966-05-11,MO,2,0,0,37.47,-94.28,2.3,50
1966,1966-05-11,OK,2,2,0,36.17,-95.68,8.4,50
1966,1966-05-15,KS,2,5,0,39.15,-94.68,2.5,10
1966,1966-05-16,GA,2,0,0,31.43,-83.93,1.0,400
1966,1966-05-16,GA,2,0,0,31.53,-83.83,0.9,400
1966,1966-05-17,IA,2,0,0,41.7,-94.27,2.0,400
1966,1966-05-18,TX,2,0,0,30.83,-97.8,0.1,27
1966,1966-05-21,TX,2,0,0,29.7,-98.1,2.0,880
1966,1966-05-22,NE,2,1,0,41.12,-96.8,10.6,10
1966,1966-05-22,SD,2,0,0,43.4,-97.0,0.1,10
1966,1966-05-23,MO,2,0,0,40.45,-95.22,5.7,50
1966,1966-05-23,WI,2,3,0,43.2,-88.53,4.3,50
1966,1966-05-23,TX,2,0,0,33.72,-96.92,0.1,333
1966,1966-05-23,IA,2,0,0,41.6,-91.27,4.9,350
1966,1966-05-23,IA,2,0,0,40.97,-91.18,4.1,100
1966,1966-05-23,IA,2,0,0,41.68,-90.73,2.0,250
1966,1966-05-23,MO,2,0,0,38.78,-91.9,2.0,100
1966,1966-05-23,TX,3,5,0,33.38,-96.07,2.0,100
1966,1966-05-23,TX,2,0,0,32.95,-95.28,3.0,33
1966,1966-05-23,TX,2,0,0,28.7,-99.83,16.0,133
1966,1966-05-28,TX,2,0,0,34.57,-102.4,1.5,67
1966,1966-05-01,GA,2,0,0,34.2,-83.57,1.0,50
1966,1966-06-10,TX,2,0,0,34.35,-101.73,36.9,100
1966,1966-06-11,MN,4,0,0,46.63,-94.37,72.8,333
1966,1966-06-11,IA,2,0,0,41.57,-93.55,12.2,150
1966,1966-06-11,IA,2,0,0,43.38,-92.9,1.0,250
1966,1966-06-11,IA,2,0,0,42.08,-93.87,2.0,200
1966,1966-06-12,TX,3,0,0,33.3,-97.0,3.6,133
1966,1966-06-14,MI,2,0,0,42.23,-83.42,0.3,33
1966,1966-06-14,TX,2,0,0,35.53,-100.95,1.0,27
1966,1966-06-15,IN,2,0,0,40.42,-85.45,0.1,10
1966,1966-06-16,MS,2,2,0,32.43,-90.87,1.0,10
1966,1966-06-16,VA,3,0,0,37.52,-78.77,1.0,100
1966,1966-06-18,TX,2,0,0,29.8,-95.4,4.9,27
1966,1966-06-22,SD,2,0,0,43.68,-103.23,0.1,200
1966,1966-06-02,FL,2,1,0,24.55,-81.78,0.1,10
1966,1966-06-02,IA,2,0,0,43.1,-96.4,11.5,300
1966,1966-06-04,WI,2,0,0,45.02,-88.38,5.4,50
1966,1966-06-04,WI,2,0,0,44.95,-88.33,4.9,50
1966,1966-06-04,WI,2,0,0,44.88,-88.3,4.7,50
1966,1966-06-04,SD,2,0,0,43.23,-99.43,1.0,800
1966,1966-06-05,NE,2,1,0,41.7,-98.17,0.7,10
1966,1966-06-05,OK,2,1,0,36.83,-97.4,2.5,100
1966,1966-06-05,OK,2,6,0,36.47,-97.88,0.1,10
1966,1966-06-05,IA,2,0,0,42.28,-91.5,0.1,100
1966,1966-06-06,KY,2,2,0,36.97,-88.62,18.5,67
1966,1966-06-08,KS,2,0,0,39.13,-97.15,8.9,100
1966,1966-06-08,KS,3,50,0,39.07,-96.77,13.8,660
1966,1966-06-08,KS,5,450,16,38.92,-95.92,21.1,880
1966,1966-06-08,KS,2,0,0,39.23,-95.03,8.2,10
1966,1966-06-08,KS,4,2,1,39.17,-95.18,19.9,200
1966,1966-06-09,IL,2,0,0,42.1,-88.02,0.1,10
1966,1966-06-09,IL,2,30,1,42.1,-87.93,2.5,10
1966,1966-06-09,MI,2,0,0,42.52,-85.38,2.0,10
1966,1966-07-10,MN,2,0,0,46.43,-95.12,8.5,10
1966,1966-07-10,WI,2,2,0,45.33,-92.33,2.0,10
1966,1966-07-10,WI,2,3,0,44.43,-91.0,7.9,10
1966,1966-07-12,MI,2,0,0,43.07,-85.95,2.0,33
1966,1966-07-13,IN,2,0,0,41.5,-87.42,0.1,10
1966,1966-07-13,WI,2,0,0,42.72,-90.5,2.7,200
1966,1966-07-22,WY,2,6,0,44.3,-105.5,3.6,67
1966,1966-07-23,SD,2,5,0,43.97,-103.47,3.8,440
1966,1966-07-25,MT,2,0,0,45.4,-105.4,2.0,17
1966,1966-07-26,SD,2,0,0,45.0,-99.1,0.1,10
1966,1966-07-31,ND,3,4,2,46.0,-99.47,26.4,280
1966,1966-07-31,SD,2,3,1,45.43,-98.52,2.3,253
1966,1966-07-31,ND,2,0,0,46.0,-98.5,0.1,10
1966,1966-07-02,MT,2,0,0,47.5,-112.3,0.8,50
1966,1966-07-03,WI,2,1,0,45.13,-90.8,0.1,10
1966,1966-07-05,MN,2,0,0,45.15,-93.48,6.5,10
1966,1966-07-06,KS,2,1,0,38.1,-101.8,0.1,10
1966,1966-07-08,GA,2,1,0,30.78,-83.3,3.3,300
1966,1966-07-09,IA,2,0,0,43.43,-95.42,1.0,200
1966,1966-07-09,IA,2,0,0,42.5,-90.67,0.1,250
1966,1966-07-09,MI,2,0,0,41.93,-85.32,0.5,10
1966,1966-08-11,VT,2,0,0,43.3,-72.47,1.0,10
1966,1966-08-11,NH,2,0,0,44.0,-72.1,9.0,100
1966,1966-08-11,CT,2,0,0,42.03,-73.3,10.7,100
1966,1966-08-11,MA,2,0,0,42.2,-72.63,5.6,67
1966,1966-08-12,TX,2,0,0,31.33,-93.75,2.0,50
1966,1966-08-13,KY,2,0,0,37.47,-86.87,1.5,67
1966,1966-08-15,WI,2,1,0,43.42,-90.13,34.2,200
1966,1966-08-16,PA,2,1,0,41.3,-77.0,4.5,100
1966,1966-08-23,FL,2,3,0,28.8,-81.25,0.1,10
1966,1966-08-31,MA,2,0,0,42.3,-71.8,1.0,67
1966,1966-08-04,GA,2,0,0,31.8,-84.1,0.2,100
1966,1966-08-05,ND,2,1,0,48.1,-98.9,0.1,10
1966,1966-08-06,KS,2,1,0,38.4,-98.8,0.2,200
1966,1966-09-28,FL,2,0,0,29.67,-82.35,0.5,10
1966,1966-09-29,OH,3,20,0,41.45,-81.55,4.5,60
1967,1967-10-18,PA,2,11,0,40.22,-76.75,10.2,30
1967,1967-10-24,MO,2,0,0,38.63,-92.57,0.5,50
1967,1967-10-24,MO,2,5,0,38.82,-90.85,0.5,50
1967,1967-10-24,MO,3,2,0,38.72,-90.48,21.8,100
1967,1967-10-24,MO,2,0,0,36.9,-89.7,0.1,17
1967,1967-10-24,IN,2,1,0,39.58,-87.45,0.1,10
1967,1967-10-24,IN,3,1,0,38.48,-86.8,0.1,10
1967,1967-10-24,IN,3,0,0,41.55,-87.22,0.1,10
1967,1967-10-24,IN,2,0,0,39.47,-87.42,0.1,10
1967,1967-10-24,IN,2,0,0,41.58,-86.02,0.1,10
1967,1967-10-24,IN,2,5,0,41.43,-85.67,0.1,10
1967,1967-10-24,AL,3,1,0,34.8,-87.78,11.9,100
1967,1967-10-24,AL,3,3,0,34.67,-87.67,15.0,10
1967,1967-10-24,MI,2,4,0,42.63,-85.82,0.1,10
1967,1967-10-29,TX,2,0,0,29.15,-95.08,0.1,33
1967,1967-10-30,LA,2,5,0,29.6,-89.75,1.0,10
1967,1967-10-30,MS,3,17,4,30.38,-89.08,2.0,400
1967,1967-10-30,TX,2,0,0,30.67,-93.88,1.0,33
1967,1967-10-30,AL,2,1,0,30.25,-87.65,13.1,10
1967,1967-10-30,LA,2,1,0,29.35,-89.53,0.2,10
1967,1967-10-30,AL,2,0,0,30.33,-88.1,0.1,10
1967,1967-10-30,FL,3,44,0,30.43,-87.27,0.1,10
1967,1967-11-18,MA,2,0,0,41.97,-70.9,0.1,17
1967,1967-11-22,AL,2,2,0,33.65,-85.92,3.8,10
1967,1967-11-22,GA,2,2,0,33.72,-85.15,13.9,33
1967,1967-11-24,AL,2,7,0,34.72,-86.58,6.6,83
1967,1967-11-24,SC,3,1,0,33.93,-79.22,3.3,100
1967,1967-11-02,UT,2,0,0,38.92,-111.25,0.1,17
1967,1967-12-10,FL,2,50,1,30.4,-86.62,6.8,1000
1967,1967-12-10,FL,3,0,0,30.6,-86.2,0.1,10
1967,1967-12-10,AL,2,0,0,30.3,-87.77,14.2,10
1967,1967-12-10,FL,2,0,0,30.77,-85.77,9.9,300
1967,1967-12-10,FL,3,50,1,30.07,-85.57,7.1,250
1967,1967-12-10,FL,2,0,0,30.5,-85.1,0.1,10
1967,1967-12-10,FL,2,0,0,30.0,-85.2,0.1,70
1967,1967-12-11,TN,2,1,0,36.48,-88.9,10.3,10
1967,1967-12-11,KY,2,0,0,37.33,-88.08,12.1,10
1967,1967-12-11,KY,2,0,0,37.75,-87.72,0.1,10
1967,1967-12-11,IN,2,0,0,38.52,-87.52,0.1,10
1967,1967-12-11,IN,2,0,0,39.27,-85.7,0.1,10
1967,1967-12-18,AL,2,27,2,34.55,-86.7,22.9,300
1967,1967-12-18,AL,3,0,0,32.43,-88.15,7.6,10
1967,1967-12-18,GA,2,2,0,34.22,-85.2,3.3,27
1967,1967-12-19,AL,2,0,0,33.6,-86.8,2.0,10
1967,1967-12-20,MS,2,0,0,32.08,-90.28,0.5,100
1967,1967-12-20,MO,2,2,0,36.88,-92.07,12.3,150
1967,1967-12-21,MO,4,52,3,37.68,-91.13,27.9,200
1967,1967-12-21,MO,2,1,0,36.7,-91.63,1.5,50
1967,1967-12-21,TX,3,0,0,33.1,-96.1,0.1,33
1967,1967-12-21,AR,2,6,0,35.35,-94.4,3.8,833
1967,1967-12-21,MO,2,0,0,36.5,-90.97,1.9,50
1967,1967-12-21,TX,2,0,0,32.47,-94.35,0.2,37
1967,1967-12-21,AR,2,0,0,33.67,-93.6,2.0,417
1967,1967-12-21,IL,2,0,0,38.63,-89.53,1.0,50
1967,1967-12-21,MO,3,15,0,37.83,-89.9,29.8,400
1967,1967-12-21,IN,3,0,0,40.55,-85.4,0.1,10
1967,1967-12-21,IN,3,1,0,40.48,-85.6,0.1,10
1967,1967-12-21,IN,2,2,0,40.73,-85.17,0.1,10
1967,1967-12-21,MS,2,1,1,34.73,-88.62,0.1,10
1967,1967-12-28,FL,2,0,0,27.9,-82.78,0.1,33
1967,1967-12-01,SC,2,1,0,34.15,-79.03,14.3,93
1967,1967-12-02,MS,3,3,0,32.35,-90.77,82.3,50
1967,1967-12-02,MS,3,0,0,31.37,-90.6,11.5,300
1967,1967-12-02,MS,4,10,2,32.47,-89.47,7.6,300
1967,1967-12-02,AL,2,0,0,31.43,-87.4,1.0,300
1967,1967-12-03,NC,2,0,0,34.7,-76.75,0.1,27
1967,1967-01-24,MO,2,0,0,39.6,-94.93,6.1,100
1967,1967-01-24,MO,2,0,0,39.45,-94.23,2.5,50
1967,1967-01-24,MO,3,18,2,39.1,-94.25,14.5,200
1967,1967-01-24,MO,4,2,0,40.4,-92.53,25.7,440
1967,1967-01-24,IA,3,0,0,40.87,-92.08,25.0,400
1967,1967-01-24,IA,2,0,0,41.3,-91.37,3.0,250
1967,1967-01-24,IA,3,6,1,40.67,-91.32,4.3,300
1967,1967-01-24,IA,2,4,0,40.7,-91.23,3.0,200
1967,1967-01-24,IA,2,1,0,41.2,-91.28,2.0,150
1967,1967-01-24,IL,2,0,0,40.85,-90.93,5.7,77
1967,1967-01-24,IA,2,0,0,41.8,-90.83,2.0,150
1967,1967-01-24,IA,2,0,0,41.78,-90.77,2.0,143
1967,1967-01-24,IA,2,0,0,41.62,-90.58,2.0,250
1967,1967-01-24,IA,2,0,0,41.87,-90.37,1.0,200
1967,1967-01-24,IA,2,0,0,41.95,-90.33,0.1,100
1967,1967-01-24,IL,3,12,0,42.05,-90.03,7.4,77
1967,1967-01-24,IL,3,3,1,40.12,-90.22,5.1,80
1967,1967-01-24,WI,3,0,0,42.6,-89.37,24.9,200
1967,1967-01-24,IL,2,0,0,40.67,-89.38,3.3,77
1967,1967-01-24,IL,2,0,0,39.48,-89.77,2.5,100
1967,1967-01-24,IL,2,0,0,40.8,-89.4,2.5,73
1967,1967-01-24,MO,4,216,3,38.68,-90.55,25.0,200
1967,1967-01-24,IL,2,5,0,40.08,-88.32,10.4,50
1967,1967-01-25,OK,2,0,0,35.48,-99.0,25.5,150
1967,1967-01-25,OK,2,2,0,36.37,-95.6,35.8,10
1967,1967-01-25,OK,2,6,0,36.7,-95.0,2.0,10
1967,1967-01-26,LA,2,0,0,31.4,-93.13,1.0,33
1967,1967-01-26,MS,2,7,0,33.48,-90.37,0.3,20
1967,1967-01-27,MO,2,0,0,37.02,-94.17,4.9,200
1967,1967-01-27,DE,2,7,0,39.02,-75.58,0.5,50
1967,1967-02-15,IN,2,0,0,40.05,-85.13,0.5,10
1967,1967-02-20,TX,2,0,0,30.82,-94.43,0.5,100
1967,1967-03-12,KY,3,5,0,36.82,-84.52,23.6,100
1967,1967-03-12,TN,2,5,1,36.13,-82.92,16.0,300
1967,1967-03-12,KY,3,0,0,36.67,-84.12,2.0,100
1967,1967-03-12,SC,2,0,0,34.02,-79.75,1.5,100
1967,1967-03-12,SC,2,0,0,34.03,-79.93,11.7,100
1967,1967-03-12,KY,2,0,0,37.68,-84.37,0.1,10
1967,1967-03-13,OH,2,0,0,38.95,-81.9,0.1,60
1967,1967-03-19,TX,2,0,0,34.53,-102.72,0.6,33
1967,1967-03-25,TX,2,0,0,33.4,-96.23,2.0,67
1967,1967-03-25,AR,2,5,0,35.13,-93.93,1.0,10
1967,1967-03-30,IA,2,0,0,43.18,-92.1,4.1,100
1967,1967-03-31,WI,2,0,0,43.63,-90.18,1.9,10
1967,1967-03-05,AR,3,6,0,34.48,-93.08,4.3,67
1967,1967-03-05,AR,2,4,0,34.7,-92.38,11.4,10
1967,1967-03-06,AL,4,25,2,33.7,-87.17,20.9,440
1967,1967-03-06,AL,2,0,0,32.43,-87.53,2.3,200
1967,1967-03-06,AL,2,0,0,33.88,-86.2,0.1,10
1967,1967-03-06,AL,2,0,0,33.63,-85.85,0.1,10
1967,1967-03-06,GA,2,0,0,33.45,-83.6,0.8,150
1967,1967-04-12,OK,2,0,0,36.67,-96.98,0.3,50
1967,1967-04-12,TX,2,0,0,33.83,-100.1,2.0,50
1967,1967-04-12,OK,2,0,0,33.98,-95.1,28.7,77
1967,1967-04-12,WY,2,0,0,41.97,-104.4,12.6,50
1967,1967-04-12,TX,2,0,0,33.92,-102.33,5.2,33
1967,1967-04-12,TX,2,0,0,32.72,-100.25,0.2,40
1967,1967-04-12,TX,2,0,0,31.75,-99.95,0.1,67
1967,1967-04-12,TX,2,0,0,32.85,-100.47,0.3,200
1967,1967-04-13,TX,2,0,0,31.07,-97.45,5.4,90
1967,1967-04-13,TX,2,0,0,32.2,-95.3,14.9,40
1967,1967-04-13,TX,2,0,0,32.5,-95.95,6.1,100
1967,1967-04-13,AR,2,4,0,33.88,-93.92,0.5,100
1967,1967-04-13,LA,2,1,0,32.17,-93.33,2.0,100
1967,1967-04-13,AR,2,0,0,33.12,-91.97,2.0,100
1967,1967-04-13,TX,2,0,0,31.72,-95.87,8.6,300
1967,1967-04-13,AR,2,2,0,36.05,-90.5,2.0,100
1967,1967-04-16,WI,3,0,0,42.52,-89.93,27.8,500
1967,1967-04-16,IA,3,16,2,40.7,-92.1,19.4,500
1967,1967-04-16,OK,2,3,0,35.15,-96.65,11.5,10
1967,1967-04-16,MI,2,1,0,43.0,-84.2,0.3,20
1967,1967-04-20,OK,3,0,0,34.97,-98.23,1.0,200
1967,1967-04-21,MO,2,0,0,40.02,-94.1,8.4,90
1967,1967-04-21,MO,3,0,0,39.47,-93.77,14.6,440
1967,1967-04-21,IA,3,0,0,41.0,-91.93,0.1,200
1967,1967-04-21,MO,2,7,0,40.12,-93.42,6.3,50
1967,1967-04-21,MO,2,0,0,39.65,-93.23,3.0,200
1967,1967-04-21,MO,4,2,0,39.7,-93.17,59.0,500
1967,1967-04-21,MO,2,0,0,39.08,-93.33,20.4,100
1967,1967-04-21,IA,2,0,0,40.88,-91.93,32.8,100
1967,1967-04-21,IL,2,0,0,41.43,-90.4,25.1,300
1967,1967-04-21,IL,2,0,0,41.53,-89.97,4.5,300
1967,1967-04-21,IL,4,450,24,42.22,-88.92,25.5,1200
1967,1967-04-21,IL,2,0,0,41.62,-89.48,5.6,77
1967,1967-04-21,IL,2,1,0,41.25,-89.33,0.3,30
1967,1967-04-21,IL,4,100,1,42.15,-88.27,8.8,150
1967,1967-04-21,IL,2,5,0,41.8715,-88.3194,2.68,115
1967,1967-04-21,IN,2,2,0,38.87,-85.65,6.3,10
1967,1967-04-21,IL,2,0,0,42.0,-88.28,0.3,10
1967,1967-04-21,IL,4,500,33,41.67,-87.83,15.0,200
1967,1967-04-21,MI,2,4,0,42.5,-86.13,18.6,50
1967,1967-04-21,MI,3,32,0,42.9,-85.77,13.6,400
1967,1967-04-21,MI,2,1,0,42.72,-85.45,14.5,500
1967,1967-04-21,MI,2,0,0,42.02,-86.5,1.0,27
1967,1967-04-21,MI,2,6,0,42.87,-84.92,0.1,33
1967,1967-04-21,MI,4,8,0,42.93,-84.8,12.0,50
1967,1967-04-21,MI,2,0,0,42.92,-85.5,0.3,27
1967,1967-04-21,MI,2,0,0,42.63,-84.73,10.9,10
1967,1967-04-22,TN,2,0,0,36.2,-82.68,0.2,250
1967,1967-04-23,MO,2,1,0,37.17,-92.9,11.1,50
1967,1967-04-26,TX,2,0,0,26.2,-98.47,40.2,67
1967,1967-04-30,IA,2,0,0,42.6,-94.03,6.8,200
1967,1967-04-30,IA,2,0,0,43.38,-94.68,8.2,300
1967,1967-04-30,IA,2,0,0,43.12,-94.67,14.0,300
1967,1967-04-30,IA,2,0,0,43.22,-93.8,4.3,300
1967,1967-04-30,IA,2,0,0,43.42,-94.68,1.0,200
1967,1967-04-30,IA,3,0,0,43.1,-93.42,7.7,250
1967,1967-04-30,IA,2,0,0,40.63,-91.32,2.3,400
1967,1967-04-30,IA,4,0,0,43.3,-93.17,13.3,400
1967,1967-04-30,IA,3,0,0,43.33,-93.2,17.2,800
1967,1967-04-30,MN,2,0,0,43.98,-93.42,9.2,67
1967,1967-04-30,MN,3,23,2,43.67,-93.58,18.4,100
1967,1967-04-30,IA,4,1,0,43.45,-93.17,7.6,500
1967,1967-04-30,MN,4,35,5,43.57,-93.43,38.7,100
1967,1967-04-30,MN,4,22,6,43.8,-93.52,20.1,267
1967,1967-04-30,MN,2,0,0,43.63,-92.93,3.8,10
1967,1967-04-30,MN,2,0,0,43.93,-92.35,6.8,10
1967,1967-04-30,IA,2,0,0,42.4,-90.9,2.0,400
1967,1967-04-09,TX,2,0,0,34.2,-99.27,0.3,300
1967,1967-05-18,WI,2,0,0,43.02,-88.5,4.7,100
1967,1967-05-19,MD,3,0,1,39.38,-79.33,0.3,33
1967,1967-05-22,GA,2,0,0,31.55,-83.42,0.5,30
1967,1967-05-22,GA,2,0,0,30.82,-83.28,0.5,500
1967,1967-05-22,FL,2,2,0,29.62,-81.83,17.4,20
1967,1967-05-28,IN,2,0,0,39.9,-84.95,0.5,33
1967,1967-05-28,MO,2,0,0,38.4,-90.57,2.5,50
1967,1967-05-29,SC,2,3,0,33.92,-80.83,0.5,20
1967,1967-05-29,TX,3,0,0,28.4,-98.18,1.0,33
1967,1967-05-30,KY,2,0,0,37.02,-84.9,4.3,10
1967,1967-05-30,TX,2,0,0,36.33,-94.17,3.0,33
1967,1967-05-30,TX,2,0,0,34.12,-98.73,1.9,33
1967,1967-05-01,TX,2,0,0,30.92,-96.08,0.6,33
1967,1967-05-01,TX,2,0,0,32.95,-94.92,1.0,50
1967,1967-05-01,TX,2,0,0,32.17,-96.45,2.0,33
1967,1967-05-01,MS,2,0,0,33.83,-90.85,1.0,200
1967,1967-05-01,TX,2,2,0,30.8,-95.12,8.0,67
1967,1967-05-01,TX,2,0,0,30.07,-94.88,1.5,33
1967,1967-05-01,LA,3,2,0,30.67,-92.93,5.2,750
1967,1967-05-01,TX,2,0,0,29.65,-97.97,0.5,20
1967,1967-05-01,LA,2,4,0,30.0,-92.28,2.0,50
1967,1967-05-01,LA,2,1,0,30.08,-91.22,1.0,50
1967,1967-05-02,MS,2,0,0,30.9,-88.58,0.1,10
1967,1967-05-02,SC,2,0,0,34.83,-82.42,1.0,67
1967,1967-05-05,TX,2,0,0,35.22,-101.5,16.2,100
1967,1967-05-05,TX,2,0,0,36.03,-102.0,2.3,67
1967,1967-05-06,AR,2,0,0,33.95,-92.85,1.0,200
1967,1967-05-06,AL,3,25,1,33.45,-86.83,4.3,200
1967,1967-05-06,LA,2,1,0,32.82,-93.78,2.2,33
1967,1967-05-06,AR,2,1,0,34.53,-91.97,25.1,100
1967,1967-05-06,KY,2,2,0,37.43,-87.88,8.2,50
1967,1967-05-06,TN,2,2,0,35.88,-89.38,3.0,33
1967,1967-05-07,TN,2,0,0,36.37,-86.2,4.1,200
1967,1967-05-07,AL,2,0,0,33.4,-86.1,5.2,10
1967,1967-05-07,KY,3,0,0,38.6,-83.7,2.0,10
1967,1967-05-07,WV,2,0,0,39.33,-80.08,0.1,10
1967,1967-05-07,IA,2,0,0,41.53,-90.9,8.0,200
1967,1967-05-08,TX,2,0,0,28.97,-98.03,8.9,440
1967,1967-06-10,OK,2,0,0,36.1,-99.5,0.1,10
1967,1967-06-10,MO,2,0,0,38.42,-90.57,0.2,17
1967,1967-06-10,OK,4,1,4,35.6,-99.38,8.7,300
1967,1967-06-10,CO,2,4,0,37.53,-102.45,14.2,100
1967,1967-06-10,OK,2,0,0,35.85,-98.42,0.3,10
1967,1967-06-10,OK,4,0,0,35.83,-98.3,0.1,10
1967,1967-06-10,OK,3,1,0,35.85,-98.18,16.7,10
1967,1967-06-11,IL,2,0,0,42.4,-90.1,4.3,500
1967,1967-06-11,WI,2,0,0,43.18,-89.27,1.3,10
1967,1967-06-11,TX,2,0,0,31.67,-97.3,1.0,100
1967,1967-06-11,KS,3,0,0,39.17,-95.67,43.9,10
1967,1967-06-11,TX,2,0,0,31.97,-96.65,0.1,50
1967,1967-06-11,OK,2,0,0,35.75,-96.62,0.1,10
1967,1967-06-11,KS,2,0,0,37.1,-98.58,32.2,10
1967,1967-06-12,WI,2,0,0,45.3,-92.7,0.5,50
1967,1967-06-12,NE,2,0,0,40.67,-99.05,34.3,50
1967,1967-06-13,NE,2,0,0,40.87,-99.17,33.0,10
1967,1967-06-13,NE,2,0,0,40.7,-98.98,69.7,10
1967,1967-06-13,NE,2,1,0,41.75,-97.78,88.3,10
1967,1967-06-13,NE,2,0,0,40.72,-99.08,0.5,10
1967,1967-06-13,NE,2,0,0,40.8,-98.17,18.8,10
1967,1967-06-14,NE,2,0,0,42.15,-96.48,0.5,10
1967,1967-06-14,NE,2,0,0,40.55,-101.68,0.1,10
1967,1967-06-14,NE,2,0,0,40.98,-100.75,7.0,10
1967,1967-06-14,IA,3,3,0,42.8,-96.58,6.2,500
1967,1967-06-14,IA,2,0,0,42.88,-96.17,1.0,100
1967,1967-06-15,TX,2,0,0,35.12,-101.78,0.1,33
1967,1967-06-18,SD,2,3,0,44.07,-103.2,1.0,150
1967,1967-06-19,GA,2,0,0,31.7,-83.25,0.9,33
1967,1967-06-21,IL,2,0,0,37.1,-89.1,0.1,10
1967,1967-06-23,KS,3,30,1,38.15,-101.25,35.6,10
1967,1967-06-24,IN,2,0,0,40.27,-86.78,0.1,50
1967,1967-06-29,AL,2,0,0,34.45,-88.15,0.5,10
1967,1967-06-29,TX,2,0,0,33.27,-97.22,1.0,33
1967,1967-06-30,WI,2,1,0,44.03,-88.17,5.9,100
1967,1967-06-01,TX,2,1,0,33.6,-101.85,2.0,67
1967,1967-06-01,TX,2,0,0,34.93,-102.4,4.7,10
1967,1967-06-01,FL,2,0,0,30.58,-84.58,0.3,33
1967,1967-06-01,TX,2,0,0,33.75,-101.85,0.1,67
1967,1967-06-05,FL,2,0,0,28.5,-81.35,0.1,173
1967,1967-06-06,WY,2,2,0,43.1,-108.35,8.2,33
1967,1967-06-06,NE,3,1,0,40.18,-101.95,40.1,10
1967,1967-06-07,NE,2,0,0,40.12,-96.93,67.3,10
1967,1967-06-07,IA,2,0,0,42.05,-93.62,1.0,100
1967,1967-06-08,IA,2,0,0,42.0,-93.6,14.4,100
1967,1967-06-08,IA,4,0,0,42.52,-94.18,2.0,200
1967,1967-06-08,IA,2,5,0,42.37,-94.38,14.2,100
1967,1967-06-09,KS,2,10,1,39.4,-98.1,42.5,1320
1967,1967-06-09,NE,2,2,0,40.3,-97.57,48.5,10
1967,1967-06-09,NE,2,0,0,40.58,-96.38,11.3,10
1967,1967-06-09,IA,2,0,0,41.05,-93.78,7.8,300
1967,1967-06-09,IA,2,0,0,41.03,-93.32,2.0,400
1967,1967-07-13,TX,2,0,0,30.1,-94.1,0.1,33
1967,1967-07-16,NC,2,0,0,36.3,-76.2,0.3,100
1967,1967-07-22,MN,2,12,1,45.47,-94.18,16.4,200
1967,1967-07-22,WI,2,6,0,45.4,-92.1,49.1,10
1967,1967-07-22,WI,2,3,0,44.82,-92.38,9.2,200
1967,1967-07-22,WI,2,2,0,44.7,-90.5,21.4,100
1967,1967-07-23,IL,2,0,0,41.12,-89.68,9.4,50
1967,1967-07-24,NY,3,0,0,42.42,-78.67,11.4,250
1967,1967-07-24,OH,2,2,0,41.6,-80.95,16.4,600
1967,1967-07-24,WY,2,0,0,44.37,-108.17,0.1,50
1967,1967-07-24,OH,2,2,0,40.82,-80.68,6.5,277
1967,1967-07-25,KS,2,0,0,37.4,-101.6,2.0,13
1967,1967-07-01,IN,2,2,0,40.88,-85.48,0.5,300
1967,1967-07-03,TX,2,0,0,32.18,-95.3,0.1,100
1967,1967-07-03,OK,2,1,0,36.83,-101.27,0.1,10
1967,1967-07-03,TX,2,0,0,36.42,-100.75,1.0,50
1967,1967-07-03,TX,3,0,0,35.53,-100.45,2.3,33
1967,1967-07-03,TX,2,0,0,35.85,-100.52,0.1,17
1967,1967-07-04,VA,3,5,0,36.55,-76.58,2.0,50
1967,1967-07-07,GA,2,0,0,32.67,-84.25,2.0,30
1967,1967-07-07,GA,2,0,0,32.75,-81.63,0.5,33
1967,1967-08-16,SD,2,0,0,42.78,-96.93,0.1,10
1967,1967-08-18,TX,3,0,0,29.42,-94.92,0.5,50
1967,1967-08-19,GA,2,0,0,33.45,-84.3,0.5,33
1967,1967-08-01,NE,2,0,0,41.98,-96.83,2.0,10
1967,1967-08-01,FL,2,0,0,27.47,-80.3,0.1,10
1967,1967-08-02,WI,3,5,2,43.13,-89.45,0.1,200
1967,1967-09-20,TX,2,1,0,28.42,-96.75,15.4,10
1967,1967-09-20,TX,3,7,4,28.7,-96.22,1.0,100
1967,1967-09-20,TX,3,3,0,29.07,-96.52,0.1,10
1967,1967-09-20,TX,2,0,0,29.15,-95.43,13.8,10
1967,1967-09-20,TX,3,4,0,29.35,-97.07,4.3,333
1967,1967-09-20,TX,3,0,0,29.65,-98.12,5.0,67
1967,1967-09-20,TX,3,3,0,29.45,-96.85,2.0,167
1967,1967-09-20,TX,3,3,0,28.07,-97.05,1.5,100
1967,1967-09-20,TX,3,0,0,29.82,-96.23,19.9,10
1967,1967-09-20,TX,3,0,0,29.82,-96.23,19.9,10
1967,1967-09-21,TX,2,0,0,29.57,-96.73,1.0,33
1967,1967-09-21,TX,2,3,0,29.93,-95.37,2.0,50
1967,1967-09-21,PA,2,0,0,40.42,-77.18,0.1,30
1967,1967-09-22,TX,2,0,0,27.72,-97.48,18.2,200
1967,1967-09-22,TX,2,0,0,27.93,-98.08,2.0,33
1967,1967-09-26,IN,2,1,0,41.2,-87.05,0.5,10
1968,1968-10-18,FL,2,0,0,27.42,-82.55,0.1,50
1968,1968-10-03,AZ,2,3,0,33.5,-112.4,0.1,50
1968,1968-11-11,GA,3,0,0,31.35,-83.93,2.0,100
1968,1968-11-11,FL,2,0,0,26.97,-82.37,0.1,17
1968,1968-11-11,FL,2,3,0,26.17,-81.83,65.4,17
1968,1968-11-17,MS,2,0,0,31.68,-89.98,10.8,10
1968,1968-11-17,AL,2,2,0,31.97,-88.37,11.5,10
1968,1968-11-17,AL,3,24,1,32.9,-86.75,32.3,400
1968,1968-11-18,GA,3,0,0,31.17,-82.3,0.5,33
1968,1968-11-26,TX,2,0,0,28.63,-99.22,18.2,50
1968,1968-11-27,LA,3,0,0,32.75,-91.72,0.5,33
1968,1968-11-30,LA,2,1,0,30.8,-91.8,0.5,33
1968,1968-11-03,MS,3,5,0,30.37,-89.08,2.0,123
1968,1968-11-03,MS,2,3,0,30.8,-89.65,43.5,180
1968,1968-11-03,MS,2,5,0,31.0,-89.37,2.0,50
1968,1968-11-03,AL,3,18,0,30.77,-88.12,70.4,400
1968,1968-11-05,TX,3,2,0,28.8,-97.0,14.4,200
1968,1968-11-09,FL,2,2,0,27.1,-82.45,4.1,100
1968,1968-11-09,FL,2,4,0,28.37,-82.37,29.6,100
1968,1968-11-09,FL,2,17,2,26.17,-81.8,45.6,100
1968,1968-12-12,TX,2,0,0,32.28,-94.98,2.0,50
1968,1968-12-12,TX,2,0,0,32.53,-94.42,1.0,17
1968,1968-12-12,TX,3,0,0,30.32,-95.43,6.2,200
1968,1968-12-18,OK,2,0,0,34.92,-98.37,1.8,300
1968,1968-12-18,OK,2,0,0,36.35,-96.0,3.8,100
1968,1968-12-27,TX,2,0,0,31.9,-94.7,1.0,17
1968,1968-12-27,TX,2,0,0,33.08,-94.18,1.0,23
1968,1968-12-27,MS,2,0,0,33.68,-90.3,5.6,133
1968,1968-12-27,MS,2,0,0,33.77,-89.92,7.3,123
1968,1968-12-27,MS,2,5,1,34.05,-90.28,0.1,10
1968,1968-12-27,MS,2,0,0,32.73,-89.53,1.0,100
1968,1968-12-27,MS,2,5,0,33.68,-88.3,0.1,10
1968,1968-12-27,AL,2,2,0,33.1,-86.85,5.6,10
1968,1968-12-28,GA,3,0,0,30.75,-84.63,0.5,100
1968,1968-12-01,FL,2,0,0,30.35,-87.25,30.4,17
1968,1968-12-03,GA,2,0,0,30.9,-83.3,0.1,27
1968,1968-12-07,SC,2,0,0,34.08,-78.93,0.3,13
1968,1968-02-19,FL,2,21,0,25.92,-80.2,5.7,100
1968,1968-02-01,LA,3,0,0,32.4,-92.1,0.5,100
1968,1968-02-01,TX,2,0,0,29.93,-93.92,1.3,20
1968,1968-03-11,LA,2,0,0,32.3,-92.75,0.5,67
1968,1968-03-11,LA,3,0,0,31.77,-93.1,1.0,100
1968,1968-03-11,MS,2,0,0,33.52,-90.12,1.5,10
1968,1968-03-12,GA,2,0,0,33.75,-85.27,6.2,100
1968,1968-03-12,NC,2,0,0,35.42,-76.78,1.0,27
1968,1968-03-18,MN,2,0,0,43.87,-94.4,2.5,83
1968,1968-03-26,MI,2,0,0,41.98,-83.45,7.7,20
1968,1968-03-27,WI,2,1,0,44.3,-91.35,5.7,100
1968,1968-03-30,TX,2,0,0,33.5,-97.17,3.6,100
1968,1968-04-14,IN,2,0,0,40.73,-86.88,0.1,10
1968,1968-04-14,IN,3,0,0,39.07,-85.97,3.3,10
1968,1968-04-14,IN,2,0,0,40.37,-85.47,0.1,10
1968,1968-04-16,IA,2,0,0,40.72,-95.45,2.0,200
1968,1968-04-16,IA,2,0,0,40.67,-95.5,0.5,10
1968,1968-04-16,NE,2,0,0,40.38,-95.83,1.2,10
1968,1968-04-16,NE,2,0,0,40.18,-96.08,0.1,10
1968,1968-04-16,KS,2,0,0,39.07,-96.17,38.7,10
1968,1968-04-16,OK,2,3,0,35.87,-97.4,0.3,50
1968,1968-04-19,TX,2,0,0,33.5,-97.05,1.5,23
1968,1968-04-19,OK,2,1,0,34.97,-94.65,1.0,100
1968,1968-04-19,AR,4,270,14,35.2,-94.27,2.0,300
1968,1968-04-19,OK,3,0,0,35.28,-96.73,6.6,150
1968,1968-04-19,OK,2,2,0,34.83,-96.67,3.3,27
1968,1968-04-19,AR,2,0,0,35.25,-92.38,13.5,600
1968,1968-04-20,WI,2,0,0,43.1,-89.35,0.1,10
1968,1968-04-21,KS,2,0,0,37.4,-98.4,30.1,10
1968,1968-04-21,TX,2,0,0,31.2,-94.52,1.0,17
1968,1968-04-22,OK,2,1,0,35.43,-97.4,0.1,17
1968,1968-04-23,KY,4,364,6,38.67,-84.37,78.7,550
1968,1968-04-23,MI,3,11,0,43.7,-85.48,60.9,100
1968,1968-04-23,OH,4,33,1,39.1,-84.27,24.1,300
1968,1968-04-23,KY,2,0,0,38.72,-84.0,0.1,10
1968,1968-04-23,OH,2,1,0,38.82,-82.87,4.9,100
1968,1968-04-23,KY,3,5,0,38.72,-82.95,0.1,10
1968,1968-04-23,OH,5,93,7,38.7,-82.8,34.0,400
1968,1968-04-23,LA,2,0,0,30.13,-92.35,1.0,67
1968,1968-04-23,KY,2,3,0,37.87,-84.58,3.3,60
1968,1968-04-24,NC,2,0,0,35.42,-76.8,2.0,200
1968,1968-04-27,AR,2,0,0,34.15,-91.57,0.1,10
1968,1968-04-02,TX,2,0,0,35.35,-101.38,2.0,33
1968,1968-04-02,OK,2,0,0,35.3,-99.65,1.4,10
1968,1968-04-03,OK,2,0,0,36.52,-97.43,15.9,100
1968,1968-04-03,OK,2,1,0,36.28,-97.27,4.7,100
1968,1968-04-03,IA,2,0,0,42.98,-95.82,0.5,100
1968,1968-04-03,MO,2,0,0,37.5,-91.88,11.9,100
1968,1968-04-03,IA,2,0,0,41.57,-93.08,5.2,150
1968,1968-04-03,IL,2,0,0,38.4,-90.2,19.8,50
1968,1968-04-03,AR,4,16,5,33.92,-91.85,33.7,400
1968,1968-04-03,MO,2,0,0,37.35,-90.47,12.8,500
1968,1968-04-03,MS,2,4,0,34.68,-89.9,15.2,10
1968,1968-04-03,AR,2,0,0,34.15,-91.57,0.5,200
1968,1968-04-03,MO,2,0,0,37.42,-90.08,2.5,50
1968,1968-04-03,AR,3,6,1,36.08,-90.47,3.6,100
1968,1968-04-03,AR,2,1,0,34.22,-91.33,0.1,10
1968,1968-04-03,AR,2,15,0,35.1,-90.38,14.9,100
1968,1968-04-03,TN,3,32,4,35.33,-89.92,28.8,1760
1968,1968-04-03,KY,4,30,2,36.63,-88.3,50.6,100
1968,1968-04-04,AL,2,0,0,34.27,-86.2,4.1,10
1968,1968-05-10,AR,2,0,0,33.53,-92.45,1.0,50
1968,1968-05-11,TX,2,0,0,32.17,-97.23,13.5,33
1968,1968-05-13,TX,2,0,0,32.93,-96.5,0.4,33
1968,1968-05-13,TX,2,0,0,32.38,-97.37,0.2,33
1968,1968-05-13,KS,3,5,0,38.43,-101.17,140.4,320
1968,1968-05-13,OK,3,0,0,34.93,-96.85,11.6,100
1968,1968-05-13,KS,2,0,0,39.5,-98.1,4.7,20
1968,1968-05-15,MN,2,3,0,44.47,-93.23,15.4,333
1968,1968-05-15,IL,3,25,0,40.23,-89.83,12.6,600
1968,1968-05-15,KS,3,0,0,38.63,-94.65,2.7,50
1968,1968-05-15,IA,5,462,13,42.77,-93.12,62.1,600
1968,1968-05-15,MO,2,2,0,38.83,-94.05,5.2,200
1968,1968-05-15,IN,2,5,0,39.62,-86.53,8.8,10
1968,1968-05-15,IA,5,156,5,42.67,-91.93,13.1,500
1968,1968-05-15,MO,2,0,0,38.88,-93.77,12.3,50
1968,1968-05-15,IA,2,0,0,43.33,-92.18,4.7,250
1968,1968-05-15,IL,3,0,0,40.62,-87.7,7.1,400
1968,1968-05-15,OH,2,0,0,40.8,-81.7,1.0,440
1968,1968-05-15,AR,3,25,3,36.38,-92.38,7.3,200
1968,1968-05-15,AR,4,24,7,35.65,-91.47,0.3,300
1968,1968-05-15,IL,3,60,4,38.4,-89.9,2.0,200
1968,1968-05-15,AR,4,364,35,35.73,-91.18,20.9,250
1968,1968-05-15,MO,2,1,0,36.53,-90.55,0.2,20
1968,1968-05-15,IN,2,0,0,40.48,-86.93,0.1,10
1968,1968-05-15,IN,2,0,0,40.38,-86.45,0.1,10
1968,1968-05-16,IN,3,15,1,40.73,-85.85,50.3,10
1968,1968-05-16,MS,2,7,0,34.82,-89.95,5.2,100
1968,1968-05-16,TX,3,0,0,34.12,-99.33,2.0,23
1968,1968-05-17,SC,2,1,0,34.2,-80.2,1.0,20
1968,1968-05-22,OK,2,0,0,36.92,-97.37,11.1,100
1968,1968-05-24,TX,3,0,0,32.63,-100.77,2.0,67
1968,1968-05-24,TX,3,0,0,32.63,-100.6,4.1,67
1968,1968-05-24,TX,3,0,0,32.63,-100.7,2.7,100
1968,1968-05-25,OK,2,1,0,35.45,-94.8,2.0,33
1968,1968-05-26,KY,2,0,0,37.07,-86.23,0.1,10
1968,1968-05-29,AL,2,0,0,34.48,-87.43,2.0,10
1968,1968-05-29,GA,2,0,0,34.3,-85.1,0.8,33
1968,1968-05-31,TX,2,0,0,34.3,-101.92,5.0,3000
1968,1968-05-06,TX,3,6,0,35.67,-100.63,0.5,100
1968,1968-05-06,OK,2,0,0,34.87,-99.92,4.7,10
1968,1968-05-09,TX,2,1,0,27.7,-97.6,1.5,10
1968,1968-06-10,KS,2,3,0,38.1,-96.1,1.5,50
1968,1968-06-11,IN,2,5,0,40.32,-86.53,0.1,10
1968,1968-06-11,MI,2,0,1,43.17,-84.57,0.1,50
1968,1968-06-11,OR,2,0,0,45.83,-117.33,9.6,880
1968,1968-06-13,IA,2,0,0,43.38,-95.5,0.1,200
1968,1968-06-13,MN,5,150,9,44.17,-95.75,9.1,150
1968,1968-06-13,IA,2,17,0,43.38,-95.1,4.9,200
1968,1968-06-13,IA,2,0,0,42.45,-96.33,0.1,100
1968,1968-06-13,KS,2,0,0,38.1,-99.9,0.1,440
1968,1968-06-17,LA,2,0,0,30.8,-92.67,0.1,17
1968,1968-06-18,KS,3,8,0,38.5,-99.3,0.5,220
1968,1968-06-18,NM,2,3,0,35.35,-103.45,0.5,500
1968,1968-06-20,SD,2,0,0,45.78,-102.18,0.1,10
1968,1968-06-20,SD,2,0,0,44.18,-103.93,13.1,100
1968,1968-06-20,SD,3,0,0,45.53,-100.22,8.8,200
1968,1968-06-20,SD,3,0,0,45.5,-100.03,0.1,10
1968,1968-06-20,SD,2,0,0,43.38,-99.43,33.5,10
1968,1968-06-20,SD,2,0,0,44.37,-100.4,0.1,10
1968,1968-06-20,SD,2,0,0,43.48,-98.85,21.4,10
1968,1968-06-20,SD,3,0,0,43.68,-97.98,9.9,2667
1968,1968-06-21,SD,2,1,0,44.4,-96.47,16.4,30
1968,1968-06-23,IN,2,0,0,41.3,-86.6,0.1,10
1968,1968-06-24,TX,2,0,0,32.5,-95.42,0.5,33
1968,1968-06-24,AR,2,2,0,36.17,-92.27,17.6,100
1968,1968-06-24,MO,2,0,0,36.7,-92.07,0.2,50
1968,1968-06-24,MO,2,0,0,36.5,-91.6,2.0,50
1968,1968-06-24,MO,2,0,0,37.2,-92.02,4.5,50
1968,1968-06-24,CO,2,1,0,38.07,-102.12,0.1,100
1968,1968-06-25,PA,2,1,0,39.85,-80.32,0.1,10
1968,1968-06-25,OH,2,5,0,39.97,-81.75,8.5,177
1968,1968-06-30,WI,2,0,0,45.67,-88.7,1.0,200
1968,1968-06-30,MN,3,0,0,46.2,-93.07,0.1,10
1968,1968-06-30,WI,2,2,0,46.25,-91.78,39.0,300
1968,1968-06-30,OK,2,0,0,36.03,-97.6,2.0,50
1968,1968-06-01,OK,2,0,0,36.1,-94.6,10.1,500
1968,1968-06-02,GA,2,0,0,32.22,-82.42,0.1,33
1968,1968-06-07,NC,2,0,0,35.0,-80.58,16.7,200
1968,1968-06-08,OK,2,0,0,36.83,-100.83,0.8,10
1968,1968-06-09,SD,2,1,0,45.83,-97.63,3.8,283
1968,1968-06-09,OK,2,2,0,35.83,-99.8,0.1,10
1968,1968-07-17,NH,2,0,0,42.83,-71.8,0.1,17
1968,1968-07-21,WI,2,0,0,43.37,-88.3,2.0,100
1968,1968-07-30,NE,2,0,0,40.83,-97.58,0.1,10
1968,1968-07-30,FL,2,0,2,27.0,-82.13,0.3,27
1968,1968-07-30,NE,2,2,0,41.17,-97.65,6.4,200
1968,1968-07-04,AZ,2,2,0,33.4,-111.75,0.1,33
1968,1968-08-10,OK,2,0,0,35.53,-97.5,0.1,50
1968,1968-08-14,UT,2,1,0,41.25,-112.08,1.5,50
1968,1968-08-16,WI,2,0,0,44.25,-88.25,2.0,100
1968,1968-08-16,MI,2,0,0,42.42,-83.8,1.0,20
1968,1968-08-16,WI,2,1,0,44.6,-88.25,1.0,100
1968,1968-08-18,NE,3,0,0,41.25,-95.95,21.3,10
1968,1968-08-19,WI,4,3,2,45.08,-88.08,21.8,33
1968,1968-08-19,WI,2,5,0,44.87,-90.12,14.3,67
1968,1968-08-19,WI,2,2,0,43.75,-88.97,28.7,50
1968,1968-08-20,NH,3,1,0,43.1,-72.8,1.0,27
1968,1968-08-22,MI,2,0,0,46.67,-88.37,0.3,67
1968,1968-08-23,ND,3,3,0,47.13,-98.47,8.5,100
1968,1968-08-24,GA,2,12,0,31.67,-83.63,0.3,33
1968,1968-08-30,FL,2,0,0,29.28,-81.03,2.0,127
1968,1968-08-05,MI,2,0,0,42.93,-85.55,52.7,50
1968,1968-08-06,NY,2,4,0,42.4,-79.08,31.8,250
1968,1968-08-06,GA,2,0,0,32.9,-81.73,0.3,10
1968,1968-08-09,IN,2,0,0,38.68,-85.77,0.1,10
1968,1968-09-10,PA,2,0,0,40.97,-75.97,0.1,10
1968,1968-09-11,ID,2,0,0,42.7,-113.9,0.5,440
1968,1968-09-12,FL,2,1,0,28.62,-80.8,1.5,10
1968,1968-09-16,MO,2,1,0,36.85,-93.55,1.0,33
1968,1968-09-17,TX,2,0,0,28.35,-97.75,0.8,100
1968,1968-09-17,LA,2,0,0,30.83,-90.12,1.0,100
1968,1968-09-17,TN,2,0,0,35.0,-90.0,0.3,10
1968,1968-09-22,IA,3,0,0,43.02,-96.07,4.7,50
1968,1968-09-03,MS,2,0,0,32.93,-90.53,9.0,123
1968,1968-09-09,MI,2,1,0,43.22,-85.55,1.0,33
1968,1968-09-09,MI,2,0,0,41.9,-83.47,0.9,20
1969,1969-10-10,IL,2,4,0,39.23,-90.73,0.3,100
1969,1969-10-10,IL,2,0,0,40.63,-89.33,1.0,200
1969,1969-10-10,OK,2,0,0,35.07,-96.47,0.8,200
1969,1969-10-10,MO,2,0,0,38.97,-90.98,2.7,100
1969,1969-10-12,TX,3,2,0,32.67,-96.83,45.9,200
1969,1969-10-19,TX,2,0,0,34.25,-102.12,1.0,10
1969,1969-10-02,NC,2,0,0,36.45,-78.0,5.6,100
1969,1969-10-06,AR,2,1,0,35.1,-92.42,9.4,33
1969,1969-11-13,FL,2,1,0,28.7,-81.98,3.4,150
1969,1969-11-14,FL,2,2,0,27.3,-80.8,3.8,10
1969,1969-12-10,FL,2,1,0,27.7,-82.63,1.0,150
1969,1969-12-10,FL,2,0,0,27.95,-82.5,0.1,10
1969,1969-12-12,WA,3,1,0,47.5,-122.4,3.8,100
1969,1969-12-21,FL,2,0,0,30.4,-86.85,0.1,10
1969,1969-12-25,LA,3,8,1,30.0,-92.27,1.5,100
1969,1969-12-25,LA,3,1,0,30.13,-91.35,13.5,50
1969,1969-12-25,GA,2,7,0,31.7,-84.25,4.7,200
1969,1969-12-25,FL,2,0,0,30.58,-84.6,0.1,50
1969,1969-12-25,FL,2,1,0,30.4,-83.3,0.1,10
1969,1969-12-29,LA,3,2,0,31.5,-91.85,29.1,183
1969,1969-12-30,AL,2,2,0,33.78,-86.05,15.7,100
1969,1969-12-06,LA,2,0,0,30.15,-92.03,0.5,33
1969,1969-01-23,MS,4,241,32,31.68,-91.05,117.8,200
1969,1969-01-23,TN,2,0,0,36.48,-88.03,0.1,10
1969,1969-03-23,TX,3,1,0,29.8,-94.3,0.5,67
1969,1969-03-24,VA,3,4,1,36.63,-78.8,0.1,20
1969,1969-03-24,VA,2,1,0,37.52,-77.43,0.3,17
1969,1969-04-11,TX,2,0,0,28.95,-97.3,1.0,10
1969,1969-04-11,TX,3,13,0,28.8,-95.65,2.0,67
1969,1969-04-12,LA,3,1,0,30.2,-90.9,10.7,100
1969,1969-04-13,MS,2,5,0,31.72,-90.28,6.1,267
1969,1969-04-13,MS,2,0,0,31.63,-90.05,5.6,140
1969,1969-04-13,MS,2,11,0,31.75,-89.67,8.0,250
1969,1969-04-16,OK,2,0,0,36.6,-98.5,13.8,200
1969,1969-04-16,OK,2,1,0,34.15,-98.6,24.2,10
1969,1969-04-16,OK,2,1,0,34.28,-97.98,8.2,10
1969,1969-04-18,AL,4,14,2,31.83,-86.63,52.4,500
1969,1969-04-18,GA,2,30,0,30.8,-84.8,217.8,233
1969,1969-04-18,SC,3,3,0,34.42,-80.13,77.3,440
1969,1969-04-18,SC,2,0,0,35.02,-81.7,0.5,83
1969,1969-04-18,NC,3,1,0,34.95,-78.5,25.8,300
1969,1969-04-18,NC,2,0,0,35.1,-80.53,27.3,300
1969,1969-04-18,SC,2,0,0,34.47,-80.8,0.8,67
1969,1969-04-18,NC,2,1,0,35.87,-79.6,0.1,10
1969,1969-04-19,NC,2,0,0,35.0,-77.0,0.1,10
1969,1969-04-19,TX,3,0,0,32.7,-102.67,0.1,50
1969,1969-04-27,TX,2,0,0,33.1,-95.95,1.0,20
1969,1969-04-27,TX,2,0,0,32.87,-97.22,0.1,100
1969,1969-04-27,TX,2,45,0,33.05,-96.72,16.5,200
1969,1969-04-27,TX,3,0,0,33.72,-95.27,2.0,440
1969,1969-04-04,TX,2,0,0,30.5,-96.63,9.0,440
1969,1969-04-04,KS,2,1,0,38.35,-94.77,18.7,200
1969,1969-04-04,MO,2,1,0,38.72,-93.98,0.3,150
1969,1969-05-10,IN,2,7,0,39.57,-86.97,16.5,400
1969,1969-05-10,IN,2,0,0,39.48,-86.05,33.2,10
1969,1969-05-10,IN,2,0,0,39.22,-85.78,6.4,10
1969,1969-05-10,OH,3,25,0,39.33,-84.77,54.5,400
1969,1969-05-10,KY,3,14,0,37.95,-85.7,4.3,200
1969,1969-05-12,TX,2,0,0,27.78,-97.83,4.9,10
1969,1969-05-12,TX,3,0,0,26.22,-97.68,0.1,10
1969,1969-05-12,TX,2,0,0,25.88,-97.48,0.1,10
1969,1969-05-12,TX,3,0,0,26.1,-97.6,0.1,10
1969,1969-05-14,TX,3,0,0,33.05,-95.48,0.5,10
1969,1969-05-14,TX,3,0,0,31.92,-96.88,0.1,33
1969,1969-05-15,GA,2,0,0,31.47,-83.47,2.0,33
1969,1969-05-15,TX,2,0,0,33.37,-97.2,0.2,33
1969,1969-05-16,TX,2,3,0,29.42,-98.5,4.3,100
1969,1969-05-16,TX,3,0,0,28.03,-97.83,0.5,20
1969,1969-05-16,TX,3,0,0,33.92,-102.5,0.6,50
1969,1969-05-16,TX,2,0,0,34.42,-102.6,0.1,20
1969,1969-05-17,NY,2,1,0,42.27,-79.27,2.0,250
1969,1969-05-18,AL,2,0,0,31.55,-86.23,6.4,10
1969,1969-05-18,GA,2,0,0,33.33,-83.92,15.9,50
1969,1969-05-22,TX,2,0,0,29.6,-97.95,0.1,10
1969,1969-05-27,TX,3,0,3,29.78,-94.7,1.5,67
1969,1969-05-29,VT,2,1,0,43.2,-73.1,0.5,10
1969,1969-05-02,TX,2,0,0,35.33,-101.83,0.1,50
1969,1969-05-03,TX,2,0,0,29.38,-98.42,1.0,67
1969,1969-05-05,TX,2,0,0,33.15,-101.62,4.7,10
1969,1969-05-06,TX,2,0,0,32.62,-99.7,0.1,50
1969,1969-05-06,TX,3,0,0,30.63,-99.52,41.6,200
1969,1969-05-06,TX,3,2,0,30.1,-98.58,38.9,100
1969,1969-05-06,TX,3,0,0,34.2,-102.4,1.0,100
1969,1969-05-06,TX,2,0,0,28.67,-100.48,0.1,17
1969,1969-05-08,MS,2,0,0,32.03,-88.63,10.4,100
1969,1969-05-08,MS,2,0,0,30.88,-89.38,2.0,30
1969,1969-05-08,OH,3,25,0,39.67,-84.13,1.9,150
1969,1969-05-08,OH,3,14,1,40.3,-81.2,2.0,300
1969,1969-06-10,TX,2,0,0,33.73,-102.32,0.1,10
1969,1969-06-10,NE,2,0,0,40.53,-99.63,2.0,400
1969,1969-06-11,IA,2,0,0,41.83,-92.78,1.0,100
1969,1969-06-12,WI,2,0,0,42.62,-89.58,0.3,50
1969,1969-06-12,TX,2,0,0,32.07,-100.27,0.5,50
1969,1969-06-13,FL,2,0,0,27.35,-82.52,0.1,10
1969,1969-06-14,OK,2,0,0,33.9,-96.48,12.8,100
1969,1969-06-17,KS,2,6,0,38.67,-96.6,6.2,37
1969,1969-06-19,MS,2,1,0,33.32,-90.9,0.1,10
1969,1969-06-19,TX,2,0,0,32.78,-99.62,0.1,10
1969,1969-06-20,NY,3,0,0,42.02,-79.63,84.1,10
1969,1969-06-21,VA,2,0,0,37.28,-75.93,0.1,10
1969,1969-06-21,MS,2,0,0,33.88,-89.82,6.5,10
1969,1969-06-21,KS,3,60,0,38.82,-97.63,2.0,100
1969,1969-06-22,NE,2,0,1,40.25,-99.65,4.1,10
1969,1969-06-22,MO,4,22,2,37.95,-91.1,20.2,800
1969,1969-06-22,MO,4,14,4,37.73,-90.55,15.1,440
1969,1969-06-22,MO,3,6,0,37.68,-90.07,18.1,100
1969,1969-06-22,OK,2,0,0,35.48,-96.77,0.1,10
1969,1969-06-23,KS,4,6,0,37.65,-97.65,8.7,700
1969,1969-06-23,OK,2,0,0,35.95,-97.03,13.1,10
1969,1969-06-24,NE,2,0,0,40.8,-101.92,9.9,20
1969,1969-06-24,KS,3,0,0,39.1,-100.03,47.0,700
1969,1969-06-24,NE,2,0,0,40.22,-99.15,15.7,10
1969,1969-06-25,NE,2,0,0,41.75,-97.77,20.5,10
1969,1969-06-25,SD,2,2,0,43.4,-98.23,6.6,200
1969,1969-06-25,MN,2,5,0,43.67,-96.42,29.3,120
1969,1969-06-25,SD,3,6,0,45.45,-98.08,1.5,133
1969,1969-06-25,OK,2,0,0,35.5,-97.25,0.8,10
1969,1969-06-26,WI,2,2,0,42.97,-90.58,2.0,100
1969,1969-06-26,WI,3,1,0,44.5,-88.4,15.3,100
1969,1969-06-26,MI,3,0,0,44.75,-85.67,6.4,600
1969,1969-06-26,WI,2,2,0,44.43,-91.13,47.5,100
1969,1969-06-26,WI,2,0,0,45.95,-89.87,28.9,10
1969,1969-06-26,MO,3,5,0,39.18,-94.63,10.1,100
1969,1969-06-26,MO,2,0,0,39.23,-94.7,0.5,100
1969,1969-06-26,IA,2,0,0,42.37,-91.57,26.9,300
1969,1969-06-28,IA,2,0,0,42.0,-95.2,4.3,200
1969,1969-06-29,IA,2,0,0,42.07,-93.88,0.1,200
1969,1969-06-29,WI,2,0,0,42.6,-90.23,10.4,200
1969,1969-06-29,IA,2,0,0,41.8,-92.6,1.0,250
1969,1969-06-29,WI,2,0,0,42.83,-88.2,13.1,100
1969,1969-06-29,IA,2,0,0,42.4,-91.0,0.1,200
1969,1969-06-29,MO,2,0,0,40.25,-94.62,5.1,100
1969,1969-06-29,WI,2,0,0,42.9,-89.87,3.8,100
1969,1969-06-02,NY,3,0,0,43.0,-76.7,17.5,10
1969,1969-06-03,TX,2,0,0,32.0,-102.33,14.9,10
1969,1969-06-04,WI,2,0,0,42.77,-91.0,4.1,200
1969,1969-06-04,WI,2,0,0,42.83,-90.57,24.4,200
1969,1969-06-04,WI,2,0,0,43.07,-89.17,4.9,300
1969,1969-06-06,FL,2,0,0,27.8,-81.98,0.1,10
1969,1969-06-06,NH,2,0,0,42.9,-72.2,1.5,150
1969,1969-06-06,IA,2,0,0,41.87,-92.78,0.1,200
1969,1969-06-07,OK,2,0,0,36.87,-101.47,0.1,10
1969,1969-07-14,SD,2,0,0,43.37,-103.38,0.1,33
1969,1969-07-15,TX,2,0,0,32.03,-95.17,0.5,10
1969,1969-07-17,SD,2,0,0,45.9,-102.2,0.1,10
1969,1969-07-19,GA,2,0,0,33.4,-84.2,1.0,37
1969,1969-07-23,SD,2,0,0,44.3,-103.68,0.2,33
1969,1969-07-25,OK,2,0,0,34.57,-99.23,0.8,40
1969,1969-07-26,IA,3,0,0,42.33,-95.6,22.5,200
1969,1969-07-26,IA,2,0,0,42.12,-95.32,11.1,10
1969,1969-07-26,MO,2,0,0,39.78,-94.82,0.1,20
1969,1969-07-27,PA,2,0,0,40.07,-76.7,0.3,100
1969,1969-07-02,FL,2,2,0,27.85,-82.38,0.1,10
1969,1969-07-04,MI,2,0,0,41.98,-84.7,18.7,100
1969,1969-07-04,MI,3,54,0,42.12,-83.58,13.9,100
1969,1969-07-04,OH,2,40,0,41.8,-81.25,7.2,100
1969,1969-07-05,MD,2,1,0,39.67,-78.9,0.5,200
1969,1969-07-06,VA,2,0,0,37.22,-77.27,0.5,200
1969,1969-07-07,SD,4,0,0,45.28,-103.75,1.8,133
1969,1969-07-07,SD,2,0,0,45.8,-101.0,0.1,10
1969,1969-07-09,KS,2,4,0,38.95,-95.1,7.0,10
1969,1969-08-12,SD,2,1,0,45.5,-102.2,6.1,10
1969,1969-08-14,TX,2,0,0,31.08,-97.3,0.1,10
1969,1969-08-14,TX,2,0,0,31.08,-97.3,0.2,10
1969,1969-08-15,IN,2,0,0,41.63,-84.78,0.1,10
1969,1969-08-16,AR,2,0,0,34.1,-91.75,0.1,10
1969,1969-08-22,TX,2,0,0,33.53,-99.63,0.3,67
1969,1969-08-25,NH,3,0,0,43.87,-71.7,5.7,17
1969,1969-08-05,NC,2,0,0,34.6,-77.9,0.3,50
1969,1969-08-05,ND,2,0,0,49.0,-102.3,0.5,50
1969,1969-08-06,MN,3,4,0,46.72,-94.73,17.3,167
1969,1969-08-06,MN,4,70,12,46.78,-94.22,32.3,833
1969,1969-08-06,MN,3,9,0,47.6,-92.83,10.0,300
1969,1969-08-06,MN,3,3,1,46.9,-93.45,12.5,1500
1969,1969-08-06,MN,2,0,0,47.73,-92.28,0.1,150
1969,1969-08-06,MN,2,0,0,47.77,-92.27,0.1,150
1969,1969-08-06,MN,3,0,0,47.8,-92.28,7.2,220
1969,1969-08-06,MN,3,20,0,46.95,-92.98,18.4,2933
1969,1969-08-06,MN,3,0,0,47.82,-92.13,3.8,250
1969,1969-08-06,MN,2,0,0,47.87,-91.93,1.9,193
1969,1969-08-06,MN,3,3,2,47.05,-92.15,17.2,117
1969,1969-08-08,SD,2,1,0,43.7,-98.0,34.3,10
1969,1969-08-08,IA,2,0,0,42.62,-95.2,2.0,70
1969,1969-08-09,IN,3,6,0,39.82,-86.22,0.1,167
1969,1969-08-09,IN,2,0,0,39.65,-85.88,0.1,10
1969,1969-08-09,IN,2,0,0,39.42,-85.0,0.7,10
1969,1969-08-09,OH,3,247,4,39.22,-84.52,22.2,400
1969,1969-08-09,IN,2,0,0,38.67,-87.03,0.1,10
1969,1969-08-09,VA,2,0,0,38.87,-77.23,0.1,10
1969,1969-09-20,FL,2,3,0,29.87,-84.67,0.1,10
1969,1969-09-21,MT,2,0,0,48.3,-104.6,1.0,33
1969,1969-09-04,IL,2,0,0,41.02,-87.75,2.5,10
1969,1969-09-05,IN,2,0,0,39.23,-87.37,0.1,10
1969,1969-09-06,IN,2,0,0,41.7,-85.0,0.1,10
1969,1969-09-08,TX,3,0,0,29.7,-95.22,0.8,50
1970,1970-10-11,TX,2,1,0,29.35,-94.88,1.0,100
1970,1970-10-11,TX,2,0,0,29.78,-93.97,6.1,100
1970,1970-10-11,TX,3,19,0,29.92,-93.88,4.3,100
1970,1970-10-11,LA,2,2,1,29.9,-93.2,1.0,200
1970,1970-10-13,LA,2,0,0,29.7,-90.1,1.0,50
1970,1970-10-13,MS,2,3,0,32.0,-89.7,0.1,50
1970,1970-10-13,MS,2,1,0,32.58,-89.33,0.1,10
1970,1970-10-22,TX,2,0,0,32.38,-98.82,1.0,33
1970,1970-10-23,TX,2,0,0,29.3,-96.0,1.2,33
1970,1970-10-23,TX,2,0,0,29.3,-95.9,1.5,27
1970,1970-10-27,TX,2,0,0,29.88,-95.33,2.0,40
1970,1970-10-03,MA,3,0,1,42.33,-72.17,35.4,60
1970,1970-10-05,OK,2,1,0,35.07,-97.28,24.4,200
1970,1970-10-05,OK,4,84,4,35.33,-96.93,25.0,150
1970,1970-10-06,AR,2,0,0,35.1,-92.52,0.3,100
1970,1970-10-08,AR,3,4,0,36.22,-94.53,6.9,200
1970,1970-10-08,IA,2,0,0,40.72,-92.83,2.0,150
1970,1970-10-09,WI,2,1,0,42.72,-89.03,14.4,50
1970,1970-11-19,AR,2,1,0,35.97,-94.48,20.3,300
1970,1970-11-19,AR,2,0,0,36.17,-94.53,2.5,100
1970,1970-11-19,AR,2,2,0,34.23,-91.75,14.6,300
1970,1970-11-19,AR,3,27,0,34.78,-90.97,8.0,400
1970,1970-11-19,KY,2,0,0,37.7,-86.9,0.1,10
1970,1970-11-19,IN,3,2,0,37.95,-86.77,2.0,100
1970,1970-11-24,WA,2,0,0,48.1,-122.2,0.3,30
1970,1970-11-04,NJ,2,0,0,39.37,-74.45,0.5,100
1970,1970-11-08,KS,2,0,0,39.08,-95.63,1.0,300
1970,1970-12-16,GA,2,1,0,31.95,-84.25,0.5,40
1970,1970-12-29,GA,2,4,0,30.8,-84.37,5.1,400
1970,1970-12-30,TX,2,0,0,29.43,-94.4,5.1,200
1970,1970-12-01,WI,2,0,0,44.52,-90.0,2.0,200
1970,1970-12-01,WI,3,0,0,44.33,-88.65,13.1,67
1970,1970-12-01,WI,2,0,0,44.53,-89.22,31.9,200
1970,1970-01-10,TX,2,0,0,30.17,-94.4,1.0,33
1970,1970-01-15,FL,2,2,0,27.45,-80.3,0.1,10
1970,1970-01-29,GA,2,0,0,34.0,-83.9,0.5,33
1970,1970-01-06,FL,2,3,0,27.73,-82.43,0.1,10
1970,1970-02-25,GA,2,2,0,31.2,-82.48,10.9,100
1970,1970-02-01,TX,2,2,0,29.8,-94.3,0.1,40
1970,1970-02-01,MS,2,3,0,30.32,-89.23,2.0,10
1970,1970-02-03,FL,2,0,0,29.7,-82.3,0.1,10
1970,1970-02-03,FL,2,0,0,27.07,-82.43,0.1,10
1970,1970-02-03,FL,2,0,0,27.22,-81.85,0.1,10
1970,1970-02-03,FL,2,0,0,27.77,-80.58,0.1,10
1970,1970-03-17,LA,3,2,0,29.7,-91.3,1.0,50
1970,1970-03-19,AL,2,0,0,32.7,-87.6,1.0,10
1970,1970-03-19,AL,3,14,2,32.83,-85.2,2.0,200
1970,1970-03-20,GA,2,1,0,32.67,-84.9,2.0,100
1970,1970-03-25,IL,2,1,0,37.72,-89.18,0.1,10
1970,1970-03-26,FL,2,0,0,26.93,-80.1,0.1,10
1970,1970-03-26,PA,2,0,0,40.27,-76.77,2.5,50
1970,1970-03-02,KS,2,0,0,38.05,-97.27,25.5,360
1970,1970-03-03,TX,2,0,0,33.2,-94.97,1.0,27
1970,1970-03-03,TX,3,0,0,32.3,-94.98,0.5,67
1970,1970-03-03,TX,2,0,0,32.85,-94.22,0.2,50
1970,1970-03-03,AL,2,0,0,31.47,-88.25,0.1,10
1970,1970-03-05,FL,3,7,0,28.62,-80.8,1.9,333
1970,1970-04-12,MO,2,1,0,37.25,-90.95,5.1,100
1970,1970-04-17,NM,2,0,0,34.7,-103.9,39.8,50
1970,1970-04-17,TX,4,24,0,33.6,-102.63,30.0,880
1970,1970-04-17,TX,4,51,5,34.0,-101.98,96.6,880
1970,1970-04-17,TX,4,13,1,34.38,-102.62,130.0,880
1970,1970-04-18,TX,4,42,16,34.65,-101.53,65.0,880
1970,1970-04-18,TX,2,0,0,32.8,-97.47,2.0,50
1970,1970-04-18,OK,2,0,0,34.73,-96.73,5.2,50
1970,1970-04-18,TX,2,0,0,29.67,-98.67,0.5,67
1970,1970-04-18,TX,2,0,0,32.97,-96.32,0.1,10
1970,1970-04-19,TX,2,0,0,32.5,-94.68,1.2,33
1970,1970-04-19,LA,3,2,0,32.32,-93.67,6.8,50
1970,1970-04-19,TN,2,0,0,35.12,-89.8,0.3,50
1970,1970-04-19,MS,4,78,4,34.72,-89.0,47.6,100
1970,1970-04-19,AR,2,0,0,35.55,-90.73,1.3,100
1970,1970-04-19,AR,3,2,0,35.0,-90.45,1.8,100
1970,1970-04-19,GA,2,1,0,32.65,-84.9,0.5,100
1970,1970-04-19,IN,2,6,0,39.13,-86.65,5.6,30
1970,1970-04-22,WI,2,2,0,44.47,-88.07,3.6,800
1970,1970-04-22,WI,2,1,0,44.45,-88.03,7.2,800
1970,1970-04-22,WI,2,2,0,44.58,-87.62,11.2,500
1970,1970-04-22,WI,2,1,0,44.6,-87.45,9.5,500
1970,1970-04-23,KY,3,0,0,38.22,-84.6,0.5,50
1970,1970-04-24,AR,2,0,0,33.9,-93.9,1.0,100
1970,1970-04-24,KY,3,13,0,37.03,-88.33,25.4,10
1970,1970-04-24,TN,3,5,0,35.03,-90.03,17.0,50
1970,1970-04-24,MS,3,18,0,34.98,-90.05,12.3,50
1970,1970-04-24,TN,3,3,0,35.07,-89.98,10.4,50
1970,1970-04-24,TN,2,3,0,35.13,-88.57,0.1,10
1970,1970-04-24,AL,2,0,0,34.75,-86.6,0.5,10
1970,1970-04-25,TX,2,12,0,32.8,-96.93,1.0,10
1970,1970-04-25,TX,2,0,1,32.67,-96.33,0.1,10
1970,1970-04-25,TX,2,0,0,33.08,-94.6,14.9,100
1970,1970-04-25,TX,2,0,0,33.05,-98.58,0.5,33
1970,1970-04-26,AL,2,2,0,33.25,-85.52,1.0,10
1970,1970-04-26,TX,2,0,0,32.2,-99.8,0.1,200
1970,1970-04-26,TX,2,0,0,32.0,-99.4,14.2,440
1970,1970-04-26,TX,2,2,0,31.92,-98.75,1.0,267
1970,1970-04-26,OK,3,0,0,36.25,-98.15,1.0,10
1970,1970-04-27,TN,4,85,3,36.45,-87.13,42.6,250
1970,1970-04-29,MO,2,0,0,40.42,-93.98,29.3,800
1970,1970-04-29,MN,2,0,0,43.97,-93.55,20.1,27
1970,1970-04-29,OK,2,2,0,34.57,-99.42,170.5,250
1970,1970-04-30,OK,2,6,0,35.23,-98.0,46.7,500
1970,1970-04-30,IL,2,9,0,42.0,-87.9,4.9,10
1970,1970-04-30,AR,2,0,0,35.38,-92.22,6.4,100
1970,1970-04-30,AR,2,0,0,35.15,-92.43,4.3,50
1970,1970-04-30,AR,2,0,0,35.7,-91.97,7.2,100
1970,1970-04-30,AR,2,0,0,35.27,-91.88,1.3,200
1970,1970-04-30,AR,2,0,0,35.93,-91.75,20.1,667
1970,1970-04-30,MO,3,1,0,36.58,-90.6,8.2,100
1970,1970-04-01,TN,2,0,0,35.48,-88.8,0.1,10
1970,1970-04-01,MO,2,4,0,36.68,-89.3,5.1,50
1970,1970-04-01,MS,2,4,0,33.5,-90.32,16.9,300
1970,1970-04-02,AL,2,0,0,33.95,-85.95,6.1,200
1970,1970-04-02,GA,3,0,0,33.33,-84.8,0.3,100
1970,1970-04-02,AL,2,0,0,32.67,-86.92,5.6,300
1970,1970-04-02,GA,3,0,0,34.23,-84.18,6.5,50
1970,1970-04-02,GA,2,2,0,34.3,-82.93,5.2,100
1970,1970-04-02,OH,2,0,0,39.35,-83.5,1.0,200
1970,1970-04-02,OH,2,0,0,40.12,-82.92,2.0,440
1970,1970-04-02,OH,2,1,0,40.4,-82.48,2.0,150
1970,1970-04-09,GA,2,0,0,34.3,-83.13,2.3,400
1970,1970-05-10,MS,2,0,0,34.28,-89.4,11.8,10
1970,1970-05-11,TX,5,500,26,33.55,-101.9,8.4,1333
1970,1970-05-12,NE,2,1,0,41.4,-99.63,0.1,10
1970,1970-05-12,OH,2,0,0,41.43,-84.2,14.4,50
1970,1970-05-12,TX,2,0,0,33.25,-101.68,6.8,17
1970,1970-05-12,IA,2,0,0,41.47,-95.23,5.9,400
1970,1970-05-13,OH,2,5,0,40.55,-82.93,0.1,150
1970,1970-05-13,MO,2,0,0,40.18,-92.05,7.6,50
1970,1970-05-14,OH,2,0,0,40.28,-83.78,3.0,350
1970,1970-05-14,TX,2,0,0,29.5,-99.4,0.5,440
1970,1970-05-14,OH,2,7,0,40.5,-82.75,3.0,700
1970,1970-05-15,GA,2,0,0,30.88,-84.6,0.4,40
1970,1970-05-15,TX,2,0,0,30.25,-98.6,0.5,27
1970,1970-05-23,TX,2,20,0,26.9,-99.27,4.5,50
1970,1970-05-23,TX,2,20,0,26.9,-99.28,4.5,50
1970,1970-05-24,LA,2,0,0,30.73,-92.3,5.2,417
1970,1970-05-24,TX,2,1,0,26.5,-97.77,25.5,100
1970,1970-05-25,GA,2,0,0,32.02,-80.85,2.5,33
1970,1970-05-30,KS,2,0,0,37.53,-101.88,0.5,100
1970,1970-05-31,TX,2,0,0,32.5,-102.12,18.6,67
1970,1970-05-08,KS,2,0,0,39.03,-97.97,9.5,100
1970,1970-05-09,IA,2,0,0,41.3,-91.53,2.0,100
1970,1970-05-09,IA,2,0,0,41.22,-91.28,1.0,100
1970,1970-05-09,KS,2,0,0,38.13,-94.65,0.5,100
1970,1970-05-09,MO,2,0,0,38.02,-92.75,4.9,50
1970,1970-06-10,UT,2,0,0,38.95,-109.72,0.1,10
1970,1970-06-10,NE,2,0,0,41.28,-96.95,0.1,10
1970,1970-06-11,OK,2,2,0,36.12,-97.9,0.1,10
1970,1970-06-11,OK,3,1,0,35.5,-97.75,13.2,100
1970,1970-06-11,OK,2,0,0,34.5,-97.17,2.0,100
1970,1970-06-11,OK,2,0,0,35.43,-96.27,0.1,100
1970,1970-06-11,OK,2,0,0,34.6,-96.57,2.5,440
1970,1970-06-11,OK,2,1,1,36.62,-95.15,15.4,150
1970,1970-06-11,OK,2,14,1,35.25,-95.5,5.2,440
1970,1970-06-11,OK,3,45,1,35.68,-94.77,51.8,250
1970,1970-06-11,OK,2,0,0,34.6,-95.33,0.1,10
1970,1970-06-12,MO,4,0,0,39.55,-92.88,16.1,400
1970,1970-06-12,MO,3,1,0,39.73,-92.48,8.5,200
1970,1970-06-12,MO,2,0,0,39.95,-92.22,2.0,50
1970,1970-06-12,MO,2,0,0,39.98,-91.78,6.2,100
1970,1970-06-12,MO,3,0,0,39.15,-91.83,16.0,100
1970,1970-06-12,MO,2,0,0,39.28,-91.07,2.3,50
1970,1970-06-13,KS,2,0,0,38.13,-99.52,8.4,10
1970,1970-06-13,KS,3,0,0,37.95,-99.47,7.3,10
1970,1970-06-14,KS,3,5,0,39.48,-100.52,17.2,900
1970,1970-06-14,SD,2,0,0,45.67,-100.03,2.5,1760
1970,1970-06-15,SD,3,0,0,44.15,-96.95,0.1,200
1970,1970-06-15,KS,2,0,0,39.13,-99.63,1.5,200
1970,1970-06-15,NE,2,0,0,42.03,-97.42,59.1,10
1970,1970-06-15,NE,2,0,0,41.43,-96.95,42.9,600
1970,1970-06-16,IL,2,0,0,40.62,-88.83,4.3,40
1970,1970-06-18,PA,3,5,1,40.4,-76.3,1.9,880
1970,1970-06-20,MO,2,2,0,39.72,-92.48,1.7,100
1970,1970-06-21,VA,2,0,0,37.2,-77.37,0.1,10
1970,1970-06-21,VA,2,0,0,37.35,-77.72,0.1,10
1970,1970-06-21,AL,2,0,0,34.1,-86.87,3.8,10
1970,1970-06-22,GA,2,0,0,31.17,-83.45,0.3,33
1970,1970-06-23,TX,2,0,0,33.75,-96.5,0.1,67
1970,1970-06-24,TX,3,15,1,27.57,-97.78,1.5,200
1970,1970-06-25,NE,2,0,0,41.2,-101.63,0.3,10
1970,1970-06-26,TX,3,0,0,29.22,-100.53,3.8,880
1970,1970-06-27,FL,2,0,0,30.62,-84.63,0.8,450
1970,1970-06-01,IL,2,5,0,37.7,-89.2,0.1,160
1970,1970-06-02,AL,2,0,0,30.6,-87.88,0.1,10
1970,1970-07-14,SD,2,1,1,43.17,-96.8,3.8,10
1970,1970-07-14,IA,2,0,0,42.6,-96.0,1.0,100
1970,1970-07-14,NE,2,0,0,40.48,-96.88,4.7,10
1970,1970-07-14,IA,2,0,0,42.32,-93.43,1.3,250
1970,1970-07-15,OH,2,1,0,41.4,-81.85,0.1,10
1970,1970-07-15,NJ,2,0,0,40.92,-73.92,2.0,50
1970,1970-07-18,SD,2,0,0,45.1,-100.3,0.1,10
1970,1970-07-18,MN,2,5,0,46.05,-95.35,3.0,100
1970,1970-07-18,MN,2,0,0,45.75,-94.25,2.0,10
1970,1970-07-19,GA,2,2,0,34.2,-84.9,0.5,20
1970,1970-07-19,MO,3,7,0,36.7,-91.4,5.0,200
1970,1970-07-22,GA,2,1,1,32.8,-82.4,2.0,300
1970,1970-07-22,FL,2,0,0,26.47,-80.07,0.1,10
1970,1970-07-01,SD,2,0,0,43.15,-96.6,2.3,1320
1970,1970-07-02,PA,2,0,0,40.15,-76.62,1.0,1760
1970,1970-07-03,MO,2,0,0,36.52,-89.6,2.0,50
1970,1970-07-03,FL,2,0,0,29.77,-82.88,0.1,10
1970,1970-07-04,TX,2,4,1,30.43,-97.92,1.5,47
1970,1970-07-05,FL,2,0,0,29.47,-81.27,0.1,10
1970,1970-07-07,WI,2,0,0,44.32,-89.52,2.0,100
1970,1970-07-07,MN,2,2,0,46.4,-92.78,22.3,123
1970,1970-07-07,WI,3,0,0,46.25,-89.97,37.9,10
1970,1970-08-18,TX,2,1,0,34.33,-99.9,0.8,440
1970,1970-08-19,NY,3,3,0,42.67,-78.88,2.3,300
1970,1970-08-22,WV,2,0,0,39.3,-80.2,1.0,127
1970,1970-08-25,FL,2,0,0,29.93,-82.95,0.1,10
1970,1970-08-28,MA,2,0,0,41.6,-70.9,1.0,10
1970,1970-08-29,ND,2,7,0,46.4,-97.88,10.3,10
1970,1970-08-02,NE,2,0,0,41.87,-98.08,2.0,167
1970,1970-08-03,VT,2,7,0,44.8,-73.2,4.5,150
1970,1970-08-03,TX,2,0,0,28.4,-96.4,0.1,10
1970,1970-08-03,TX,2,2,0,28.1,-97.9,0.1,10
1970,1970-08-03,TX,2,0,0,28.58,-99.18,0.1,10
1970,1970-08-03,TX,2,0,0,28.73,-99.28,0.1,10
1970,1970-08-04,TX,2,0,0,29.42,-95.23,0.1,10
1970,1970-09-13,TX,2,0,0,29.22,-98.43,0.1,17
1970,1970-09-20,TX,2,0,0,32.5,-94.67,0.5,33
1970,1970-09-21,WI,2,0,0,44.7,-91.22,2.0,100
1970,1970-09-26,OH,2,0,0,40.28,-81.68,0.1,10
1970,1970-09-27,NY,2,0,0,40.7,-73.5,0.5,77
1970,1970-09-03,OH,3,1,0,39.65,-82.97,2.3,100
1970,1970-09-04,AR,2,5,0,35.32,-93.13,12.3,100
1970,1970-09-06,KS,2,0,0,39.82,-99.87,0.8,200
1970,1970-09-06,OK,2,0,0,36.73,-100.4,0.1,10
1970,1970-09-06,OK,2,0,0,36.85,-99.7,8.8,10
1970,1970-09-07,OK,2,0,0,34.5,-97.97,0.2,200
1970,1970-09-09,IA,2,0,0,42.9,-92.8,1.9,200
1970,1970-09-09,IA,2,0,0,42.85,-92.53,2.3,150
1970,1970-09-09,IA,2,0,0,42.5,-91.1,1.0,100
1970,1970-09-09,WI,2,0,0,42.68,-90.67,15.7,200
1970,1970-09-09,IA,3,0,0,42.5,-90.67,4.7,300
1970,1970-09-09,IL,2,0,0,42.4,-90.5,14.3,70
1971,1971-10-17,CO,3,0,0,38.35,-103.0,5.6,500
1971,1971-10-17,TX,2,0,0,34.02,-102.42,31.1,100
1971,1971-10-17,TX,2,4,0,34.03,-102.38,28.6,400
1971,1971-10-17,TX,2,0,0,34.02,-102.42,31.0,100
1971,1971-10-17,KS,3,0,0,39.15,-101.32,0.1,10
1971,1971-10-17,CO,2,9,0,40.08,-102.23,1.0,200
1971,1971-10-17,KS,3,0,0,39.9,-101.23,3.8,440
1971,1971-10-17,TX,3,2,0,35.37,-101.1,2.3,100
1971,1971-10-17,KS,2,7,0,37.95,-100.92,5.6,127
1971,1971-10-17,KS,2,0,0,39.77,-101.8,0.5,100
1971,1971-10-18,SD,2,0,0,43.22,-99.53,2.3,367
1971,1971-10-19,TX,2,0,0,32.42,-97.53,7.6,50
1971,1971-10-01,IA,3,0,0,43.03,-95.48,11.2,10
1971,1971-10-01,SD,2,0,0,44.72,-100.17,0.5,300
1971,1971-10-01,SD,2,0,0,43.55,-97.38,0.1,10
1971,1971-11-17,TX,2,0,0,30.43,-97.35,31.7,33
1971,1971-11-18,TX,2,0,0,33.12,-94.13,1.3,333
1971,1971-11-29,FL,2,0,0,28.02,-81.95,0.5,50
1971,1971-11-01,WI,2,1,0,42.52,-89.05,3.0,100
1971,1971-11-07,ME,2,0,0,44.75,-69.77,4.1,60
1971,1971-11-07,ME,2,0,0,45.4,-68.5,5.1,10
1971,1971-11-07,ME,2,0,0,45.4,-68.13,0.1,17
1971,1971-12-10,MS,3,5,0,31.28,-89.98,19.1,133
1971,1971-12-10,MS,3,0,0,31.48,-89.73,0.1,17
1971,1971-12-14,TX,2,0,0,32.52,-97.43,0.2,17
1971,1971-12-14,OK,2,0,0,33.93,-97.13,6.9,150
1971,1971-12-14,TX,2,1,0,33.62,-96.58,0.6,20
1971,1971-12-14,TX,2,0,0,33.03,-97.0,0.1,17
1971,1971-12-14,TX,2,4,0,32.77,-96.6,4.3,167
1971,1971-12-14,TX,2,2,0,33.13,-96.1,11.9,440
1971,1971-12-14,TX,2,0,0,33.17,-95.62,0.5,20
1971,1971-12-14,TX,2,0,0,32.55,-94.97,0.3,20
1971,1971-12-14,OK,2,0,0,33.97,-95.1,9.9,200
1971,1971-12-14,OK,2,0,0,35.18,-95.5,0.1,77
1971,1971-12-14,MO,2,22,1,37.03,-93.57,48.3,200
1971,1971-12-14,AR,3,10,0,36.25,-92.6,23.6,880
1971,1971-12-15,AR,2,1,0,35.52,-90.42,3.4,300
1971,1971-12-15,MO,2,26,1,37.02,-89.85,27.0,100
1971,1971-12-15,KY,2,0,0,37.78,-87.8,0.1,10
1971,1971-12-15,KY,2,0,0,36.98,-88.7,3.6,10
1971,1971-12-15,KY,2,0,0,36.88,-88.55,10.3,10
1971,1971-12-15,MS,3,0,0,31.58,-89.97,15.9,150
1971,1971-12-15,MS,2,2,0,31.78,-89.13,6.1,77
1971,1971-12-20,AL,3,1,0,31.3,-87.52,1.0,100
1971,1971-12-03,FL,2,3,0,27.13,-82.47,4.9,100
1971,1971-12-03,FL,2,0,0,27.12,-82.38,5.9,50
1971,1971-12-03,FL,2,5,0,27.02,-82.17,7.3,100
1971,1971-01-15,GA,2,1,1,32.05,-84.03,2.0,100
1971,1971-01-15,GA,2,0,0,32.38,-83.37,0.5,10
1971,1971-01-15,GA,2,0,0,32.23,-82.12,0.1,10
1971,1971-01-15,GA,2,0,0,31.93,-81.93,1.0,100
1971,1971-01-15,GA,2,0,0,31.63,-82.58,0.1,10
1971,1971-01-15,GA,2,4,0,31.8,-81.6,0.5,100
1971,1971-01-28,HI,2,4,0,19.67,-156.0,1.0,100
1971,1971-01-03,AR,2,10,0,34.07,-93.33,10.3,200
1971,1971-01-05,NC,2,0,0,35.25,-78.92,1.5,150
1971,1971-01-05,GA,2,1,0,31.52,-82.83,3.3,77
1971,1971-02-12,LA,3,1,0,30.22,-93.2,3.6,150
1971,1971-02-12,MS,2,1,0,30.95,-88.58,9.0,10
1971,1971-02-12,MS,2,2,0,30.73,-88.78,25.5,10
1971,1971-02-18,TX,2,0,0,31.95,-99.95,0.2,50
1971,1971-02-18,TX,2,0,0,32.0,-99.95,0.5,100
1971,1971-02-18,TX,2,0,0,31.83,-97.17,0.5,440
1971,1971-02-21,TX,2,0,0,31.62,-97.1,0.1,17
1971,1971-02-21,LA,5,510,47,32.38,-91.47,109.2,500
1971,1971-02-21,AR,2,0,0,33.45,-91.57,17.1,300
1971,1971-02-21,MS,4,795,58,32.7,-91.02,202.1,100
1971,1971-02-21,AR,2,0,0,35.15,-90.78,4.6,100
1971,1971-02-21,MS,4,182,13,32.33,-90.73,65.2,10
1971,1971-02-21,MS,3,0,3,33.85,-90.52,8.6,10
1971,1971-02-21,MS,2,0,0,34.77,-89.27,0.1,10
1971,1971-02-21,MS,2,0,0,34.27,-88.98,0.1,10
1971,1971-02-21,TN,2,36,0,35.15,-88.58,1.5,67
1971,1971-02-22,OH,2,0,0,39.62,-83.25,2.0,100
1971,1971-02-22,OH,3,7,0,39.97,-82.93,6.8,100
1971,1971-02-22,NC,3,60,2,35.08,-78.92,85.7,500
1971,1971-02-25,TX,2,0,0,30.17,-99.32,0.3,300
1971,1971-02-25,TX,2,0,0,28.53,-99.88,2.0,50
1971,1971-02-25,TX,2,0,0,29.88,-97.67,11.9,50
1971,1971-02-25,TX,2,0,0,30.17,-96.38,0.3,33
1971,1971-02-25,TX,2,0,0,30.17,-96.38,0.3,33
1971,1971-02-25,TX,2,0,0,29.73,-96.78,0.5,50
1971,1971-02-25,TX,2,0,0,29.8,-96.8,0.5,50
1971,1971-02-25,TX,2,0,0,29.8,-96.83,0.5,50
1971,1971-02-26,MS,2,0,0,32.1,-88.97,1.0,10
1971,1971-02-26,AL,3,0,0,32.82,-87.93,4.3,50
1971,1971-02-26,MS,2,0,0,31.17,-88.7,0.1,10
1971,1971-02-04,MS,2,0,7,33.72,-89.6,6.1,10
1971,1971-02-04,AL,3,13,1,34.03,-87.95,34.1,750
1971,1971-02-07,FL,3,112,0,30.35,-87.17,1.0,100
1971,1971-02-07,GA,2,2,0,30.93,-84.97,20.6,300
1971,1971-02-07,FL,2,1,0,29.95,-82.1,2.0,33
1971,1971-02-07,FL,2,0,0,29.95,-82.03,2.0,33
1971,1971-02-07,FL,3,0,0,29.9,-81.55,13.1,200
1971,1971-03-10,LA,2,7,1,29.98,-90.22,7.5,300
1971,1971-03-12,OK,3,4,0,33.97,-96.88,41.6,250
1971,1971-03-12,TX,3,0,0,33.38,-96.83,5.2,440
1971,1971-03-12,TX,3,0,0,33.5,-96.6,5.1,440
1971,1971-03-12,TX,3,0,0,33.5,-96.6,5.1,440
1971,1971-03-12,TX,4,5,1,33.48,-94.48,5.1,880
1971,1971-03-14,MO,2,0,0,37.32,-89.57,6.6,23
1971,1971-03-15,IN,2,2,0,40.1,-86.55,0.1,20
1971,1971-03-15,IN,2,5,0,39.52,-85.85,1.3,200
1971,1971-03-19,IN,2,0,0,40.42,-86.83,0.5,20
1971,1971-03-01,AL,2,0,0,31.22,-85.4,0.1,10
1971,1971-03-02,AL,3,0,0,31.68,-85.97,23.8,10
1971,1971-03-02,MS,2,0,0,31.8,-89.22,2.0,10
1971,1971-03-02,AL,3,0,0,31.9,-87.82,4.9,100
1971,1971-03-03,AL,3,0,0,31.72,-85.82,2.0,10
1971,1971-03-03,FL,2,0,0,26.5,-82.0,0.3,20
1971,1971-03-06,AL,2,2,0,33.68,-86.6,4.9,300
1971,1971-03-07,FL,2,0,0,28.58,-81.88,0.3,30
1971,1971-03-09,TX,2,1,0,29.33,-94.83,0.5,20
1971,1971-03-09,TX,2,4,0,29.58,-95.25,1.0,440
1971,1971-04-12,MS,2,0,0,31.57,-90.52,16.7,10
1971,1971-04-18,TX,2,0,0,34.25,-102.67,4.3,200
1971,1971-04-18,TX,2,0,0,34.25,-102.67,4.3,200
1971,1971-04-19,TX,2,0,0,36.18,-102.67,7.2,150
1971,1971-04-19,TX,2,3,0,36.27,-102.72,0.1,10
1971,1971-04-19,TX,3,24,0,34.82,-102.37,6.1,133
1971,1971-04-19,OK,2,0,0,36.85,-102.52,0.1,10
1971,1971-04-22,OK,2,0,0,34.62,-96.67,1.0,400
1971,1971-04-23,AL,4,0,0,31.5,-87.3,25.4,300
1971,1971-04-23,GA,3,1,0,31.77,-84.63,13.9,500
1971,1971-04-23,GA,2,10,1,32.37,-84.22,3.8,100
1971,1971-04-23,GA,3,8,0,32.02,-84.0,13.5,150
1971,1971-04-23,GA,2,1,0,32.02,-83.33,2.0,100
1971,1971-04-23,GA,2,3,0,32.0,-81.97,5.6,100
1971,1971-04-27,IL,3,20,1,37.9,-89.8,4.5,200
1971,1971-04-27,KY,3,0,0,37.28,-86.9,26.6,20
1971,1971-04-27,KY,3,0,1,37.2,-86.95,27.4,150
1971,1971-04-27,KY,4,58,6,37.15,-85.45,14.1,100
1971,1971-04-27,TN,3,3,0,35.98,-86.23,15.0,200
1971,1971-04-27,KY,4,72,2,37.08,-85.07,13.0,100
1971,1971-04-28,GA,2,0,0,33.87,-84.67,0.3,77
1971,1971-04-28,TX,2,0,0,32.22,-98.2,0.1,10
1971,1971-04-28,TX,2,0,0,32.47,-97.83,11.7,10
1971,1971-04-28,TX,2,0,0,32.43,-97.18,0.5,20
1971,1971-04-28,TX,2,1,0,32.42,-96.85,10.0,100
1971,1971-04-28,TX,2,20,0,32.35,-96.62,1.0,100
1971,1971-04-29,GA,2,0,0,30.78,-83.67,11.0,100
1971,1971-04-29,GA,2,2,0,30.9,-84.33,10.0,300
1971,1971-04-30,GA,2,2,0,31.58,-84.83,21.8,100
1971,1971-05-10,AR,3,3,0,33.82,-93.9,20.3,300
1971,1971-05-10,TX,2,0,0,31.83,-94.67,0.1,67
1971,1971-05-10,TX,2,0,0,31.58,-94.67,0.1,50
1971,1971-05-11,LA,2,0,0,30.52,-92.12,0.1,17
1971,1971-05-11,LA,2,0,0,30.08,-92.67,0.3,50
1971,1971-05-12,FL,2,0,0,30.47,-87.3,10.2,200
1971,1971-05-12,FL,2,0,0,30.42,-86.58,2.0,100
1971,1971-05-12,GA,2,0,0,31.6,-82.9,4.3,100
1971,1971-05-13,NC,2,0,0,35.12,-77.2,44.4,300
1971,1971-05-16,OH,2,0,0,41.55,-83.63,1.0,150
1971,1971-05-16,OH,2,0,0,39.83,-82.8,0.1,10
1971,1971-05-17,KS,2,0,0,38.73,-100.08,19.1,10
1971,1971-05-18,KS,2,6,0,39.35,-95.1,55.4,100
1971,1971-05-18,IA,3,0,0,41.9,-92.08,4.3,300
1971,1971-05-18,IA,3,0,0,42.0,-91.87,4.3,200
1971,1971-05-22,OK,2,0,0,36.6,-94.78,3.8,100
1971,1971-05-23,TX,3,49,1,31.93,-97.32,7.1,33
1971,1971-05-23,TX,2,0,0,31.93,-97.32,7.1,33
1971,1971-05-23,TX,2,0,0,31.93,-97.32,7.1,33
1971,1971-05-23,AR,2,0,0,35.7,-93.68,14.9,200
1971,1971-05-23,AR,2,0,0,34.62,-94.43,26.7,600
1971,1971-05-23,AR,3,4,0,35.15,-92.65,5.6,400
1971,1971-05-24,MO,2,0,0,37.85,-90.9,25.4,50
1971,1971-05-24,TN,2,22,0,35.28,-89.62,10.9,100
1971,1971-05-24,KY,2,0,0,36.65,-86.63,15.1,100
1971,1971-05-24,MI,2,1,0,43.48,-83.38,10.4,1100
1971,1971-05-24,IN,2,0,0,39.2,-85.97,0.1,500
1971,1971-05-24,OH,3,0,0,40.48,-83.93,1.0,150
1971,1971-05-24,MS,3,5,0,34.85,-88.58,9.8,10
1971,1971-05-29,WY,2,3,0,42.92,-106.2,0.2,10
1971,1971-05-30,KS,2,0,0,39.77,-98.77,7.1,220
1971,1971-05-30,TX,2,0,0,31.1,-99.47,3.3,200
1971,1971-05-30,KS,2,0,0,39.83,-98.38,1.5,200
1971,1971-05-31,IA,3,0,0,43.22,-95.95,46.5,100
1971,1971-05-31,IA,3,0,0,43.33,-95.53,8.6,250
1971,1971-05-31,IA,3,0,0,43.37,-95.32,8.0,200
1971,1971-05-31,IA,2,0,0,42.55,-93.03,4.5,300
1971,1971-05-31,TX,2,0,0,33.83,-100.28,2.0,67
1971,1971-05-31,IA,2,0,0,42.4,-92.45,1.0,200
1971,1971-05-31,IA,3,0,0,42.1,-92.3,9.4,600
1971,1971-05-31,KS,2,0,0,38.2,-97.25,6.2,200
1971,1971-05-04,TX,2,0,0,33.42,-99.62,2.0,50
1971,1971-05-05,KS,2,0,0,37.13,-94.77,1.0,440
1971,1971-05-05,OK,2,0,0,36.27,-95.33,17.0,200
1971,1971-05-05,IA,2,0,0,40.82,-94.35,1.0,200
1971,1971-05-05,IA,3,12,0,40.75,-94.63,2.0,400
1971,1971-05-05,OK,3,0,0,35.82,-95.75,37.0,600
1971,1971-05-05,MO,3,6,0,39.62,-93.1,3.8,50
1971,1971-05-05,MO,3,60,1,37.08,-94.57,13.1,70
1971,1971-05-05,IA,2,1,0,40.78,-94.9,0.1,10
1971,1971-05-05,MO,3,12,0,39.72,-92.98,0.1,50
1971,1971-05-06,OH,2,3,0,40.52,-83.2,7.4,150
1971,1971-05-06,IL,2,1,0,38.63,-87.7,55.3,50
1971,1971-05-07,LA,2,2,0,32.25,-91.45,1.0,17
1971,1971-05-07,TN,4,137,3,36.07,-88.78,50.9,100
1971,1971-05-08,MS,2,0,0,30.42,-88.82,0.1,10
1971,1971-05-08,FL,2,0,0,30.75,-86.58,2.0,200
1971,1971-05-08,TX,2,0,0,32.6,-102.12,1.0,440
1971,1971-05-08,TX,2,0,0,33.4,-101.77,2.0,67
1971,1971-05-08,TX,2,0,0,31.98,-99.62,0.5,100
1971,1971-05-09,KS,3,0,0,38.0,-99.52,9.0,200
1971,1971-05-09,TX,2,0,0,31.72,-97.6,0.1,67
1971,1971-05-09,MS,3,3,1,32.87,-89.53,1.0,10
1971,1971-06-13,FL,2,0,0,26.2,-80.15,4.5,50
1971,1971-06-13,KS,2,1,0,38.17,-97.75,0.5,300
1971,1971-06-15,SD,2,1,0,43.3,-100.65,0.1,10
1971,1971-06-18,FL,2,0,0,27.22,-81.38,1.0,20
1971,1971-06-19,SD,2,0,0,44.57,-96.87,0.1,200
1971,1971-06-19,SD,2,0,0,44.63,-97.1,36.8,10
1971,1971-06-19,SD,2,0,0,44.45,-96.65,0.1,10
1971,1971-06-20,TX,2,20,0,29.9,-95.07,0.3,50
1971,1971-06-21,TX,2,0,0,31.27,-100.68,0.1,200
1971,1971-06-21,TX,2,0,0,31.17,-100.67,0.3,100
1971,1971-06-21,ND,2,0,0,48.67,-98.87,8.9,50
1971,1971-06-21,ND,2,0,0,48.27,-98.52,0.1,50
1971,1971-06-21,ND,2,0,0,47.5,-98.02,12.7,77
1971,1971-06-21,ND,3,1,0,47.52,-97.93,13.7,500
1971,1971-06-22,FL,2,0,0,25.8,-80.25,2.0,200
1971,1971-06-22,LA,3,0,0,31.33,-92.55,0.1,17
1971,1971-06-24,IA,3,0,1,43.07,-91.82,0.1,200
1971,1971-06-29,TX,2,0,0,27.42,-99.0,0.3,33
1971,1971-06-30,ME,2,0,0,45.87,-68.6,13.3,10
1971,1971-06-02,OH,3,0,0,40.92,-84.0,31.5,200
1971,1971-06-02,OH,3,0,0,41.08,-84.0,39.6,200
1971,1971-06-02,PA,3,0,0,41.87,-80.13,29.3,10
1971,1971-06-02,OK,2,0,0,36.85,-97.45,0.1,10
1971,1971-06-04,ND,2,0,0,46.83,-101.77,0.5,27
1971,1971-06-04,SD,2,0,0,43.92,-100.32,0.1,10
1971,1971-06-04,SD,2,0,0,43.9,-100.5,0.1,10
1971,1971-06-04,SD,2,0,0,43.5,-100.48,0.3,50
1971,1971-06-04,MS,2,0,0,31.23,-89.87,0.5,10
1971,1971-06-04,SD,2,0,0,43.38,-98.85,4.3,137
1971,1971-06-05,TX,2,0,0,35.08,-101.83,0.3,50
1971,1971-06-05,TX,3,0,0,35.92,-101.53,4.7,1320
1971,1971-06-05,TX,2,0,0,35.92,-101.53,0.1,10
1971,1971-06-05,TX,2,0,0,35.92,-101.53,0.1,10
1971,1971-06-05,TX,2,0,0,35.92,-101.53,0.1,10
1971,1971-06-05,TX,2,0,0,35.92,-101.53,0.1,10
1971,1971-06-05,TX,2,0,0,35.92,-101.53,0.1,10
1971,1971-06-05,TX,2,0,0,35.92,-101.53,0.1,10
1971,1971-06-06,KS,3,0,0,38.8,-96.62,2.0,200
1971,1971-06-06,IA,2,1,0,42.87,-92.78,1.3,200
1971,1971-06-07,MI,2,0,0,42.32,-83.75,0.1,33
1971,1971-06-07,OK,3,0,0,35.73,-98.77,1.5,50
1971,1971-06-08,TX,2,0,0,36.05,-102.52,2.0,100
1971,1971-06-08,TX,2,0,0,36.05,-102.52,2.0,100
1971,1971-06-09,TX,4,0,0,36.03,-101.82,5.9,1320
1971,1971-06-09,TX,2,0,0,36.03,-101.82,0.1,10
1971,1971-06-09,TX,2,0,0,36.03,-101.82,0.1,10
1971,1971-06-09,TX,2,0,0,36.03,-101.82,0.1,10
1971,1971-06-09,TX,2,0,0,36.05,-101.43,3.0,440
1971,1971-06-09,TX,4,0,0,36.27,-101.4,15.9,1760
1971,1971-06-09,TX,2,0,0,36.27,-101.4,0.1,10
1971,1971-06-09,KS,2,1,0,38.47,-98.4,3.6,440
1971,1971-06-09,KS,2,1,0,38.52,-100.02,7.7,117
1971,1971-07-12,IA,3,0,0,43.33,-93.03,15.4,833
1971,1971-07-12,IA,4,8,0,43.23,-92.45,10.9,1320
1971,1971-07-12,IA,2,0,0,42.88,-92.05,6.4,100
1971,1971-07-12,IA,2,0,0,42.83,-92.1,0.1,100
1971,1971-07-12,IA,3,2,0,42.3,-91.52,0.1,833
1971,1971-07-13,OH,2,5,0,40.13,-81.37,2.0,100
1971,1971-07-13,PA,2,4,0,39.77,-79.83,16.0,70
1971,1971-07-15,MO,2,6,0,36.85,-89.35,1.0,33
1971,1971-07-15,MO,2,0,0,36.6,-89.23,0.2,17
1971,1971-07-15,TN,2,8,0,36.38,-88.43,14.7,100
1971,1971-07-18,WI,2,0,0,44.12,-91.0,1.0,100
1971,1971-07-18,KY,2,0,0,38.33,-85.08,0.1,10
1971,1971-07-18,WI,2,2,1,45.02,-92.2,38.5,100
1971,1971-07-19,CT,2,0,0,41.1,-73.43,1.5,10
1971,1971-07-19,GA,2,0,0,32.63,-83.93,0.1,20
1971,1971-07-24,OH,2,0,0,39.55,-81.65,1.0,33
1971,1971-07-24,SD,3,0,0,43.77,-99.32,2.5,300
1971,1971-07-26,TX,2,1,0,33.13,-97.02,0.5,17
1971,1971-07-29,TX,2,8,0,29.83,-95.13,0.3,20
1971,1971-07-29,NY,2,0,0,41.42,-74.13,6.2,83
1971,1971-07-29,NY,2,0,0,41.38,-73.75,4.5,33
1971,1971-07-29,CT,3,2,0,41.55,-73.05,0.1,200
1971,1971-07-30,MD,2,0,0,39.07,-76.05,8.3,300
1971,1971-07-31,ME,2,1,0,44.5,-70.25,1.9,200
1971,1971-07-31,ME,2,0,0,44.37,-70.17,0.5,10
1971,1971-07-31,ME,2,0,0,44.4,-69.98,2.0,10
1971,1971-07-02,MT,2,0,0,48.47,-104.47,10.0,250
1971,1971-07-03,SD,2,0,0,44.23,-98.98,20.1,30
1971,1971-07-03,SD,2,0,0,44.22,-99.0,2.3,100
1971,1971-07-03,SD,3,0,0,44.27,-99.23,0.1,87
1971,1971-07-05,MI,2,0,0,42.72,-83.93,0.3,100
1971,1971-07-06,TX,2,1,0,33.6,-99.42,0.3,10
1971,1971-07-09,KS,2,0,0,38.47,-96.27,4.9,10
1971,1971-07-09,SD,3,0,0,44.08,-99.6,0.1,10
1971,1971-07-09,SD,3,2,0,43.88,-99.62,0.1,10
1971,1971-08-10,MI,2,1,0,43.17,-83.58,0.3,300
1971,1971-08-10,OH,2,0,0,41.3,-84.8,0.5,100
1971,1971-08-10,TX,2,0,0,34.4,-101.72,0.5,100
1971,1971-08-12,TX,2,0,0,33.18,-102.2,0.5,33
1971,1971-08-12,TX,2,0,0,33.18,-102.2,1.0,33
1971,1971-08-12,TX,2,0,0,33.18,-102.2,1.0,33
1971,1971-08-13,TX,2,0,0,33.28,-102.35,4.1,133
1971,1971-08-22,TX,2,0,0,34.37,-101.77,2.7,20
1971,1971-08-23,NY,2,0,0,42.92,-78.7,0.1,167
1971,1971-08-24,IL,2,2,0,41.77,-88.18,1.0,83
1971,1971-08-27,NJ,2,0,0,38.92,-74.93,28.7,40
1971,1971-08-27,FL,2,1,0,29.02,-81.1,0.3,50
1971,1971-08-30,WA,2,0,0,46.92,-117.35,0.5,17
1971,1971-08-30,AZ,2,41,0,33.37,-111.92,4.7,400
1971,1971-08-04,FL,2,0,0,28.27,-80.67,4.1,77
1971,1971-09-12,MD,2,0,0,38.88,-76.88,3.0,200
1971,1971-09-13,MA,3,0,0,42.33,-72.67,0.5,10
1971,1971-09-14,AZ,2,0,0,33.45,-112.27,0.1,27
1971,1971-09-16,LA,3,3,0,30.45,-91.03,7.3,83
1971,1971-09-16,LA,2,0,0,29.77,-91.5,0.5,50
1971,1971-09-16,LA,2,0,0,30.47,-90.33,4.1,150
1971,1971-09-16,AL,2,0,0,31.37,-88.25,5.7,200
1971,1971-09-16,AL,2,0,0,30.53,-87.85,1.0,150
1971,1971-09-17,AL,3,0,0,31.42,-86.17,0.3,100
1971,1971-09-19,LA,2,0,0,30.68,-90.5,0.2,50
1971,1971-09-28,WI,2,1,0,44.82,-92.02,5.2,100
1971,1971-09-28,WI,3,5,0,44.92,-91.03,49.6,300
1971,1971-09-28,WI,3,0,0,45.05,-89.6,78.4,200
1972,1972-10-21,TX,2,0,0,31.25,-97.4,5.4,100
1972,1972-10-21,TX,2,0,0,31.55,-97.18,1.5,20
1972,1972-10-21,TX,2,3,0,31.55,-97.18,1.0,20
1972,1972-10-21,TX,2,0,0,32.28,-96.2,1.3,440
1972,1972-10-21,TX,2,1,0,32.28,-96.2,1.3,440
1972,1972-10-22,OK,3,1,0,33.9,-94.83,1.5,33
1972,1972-10-22,OK,2,1,0,33.88,-94.82,0.5,10
1972,1972-10-22,TX,3,2,0,32.48,-94.28,0.5,30
1972,1972-10-24,NC,2,0,0,34.75,-77.38,0.7,150
1972,1972-10-27,FL,2,0,0,30.83,-86.6,0.3,20
1972,1972-10-27,FL,2,1,0,29.78,-85.03,1.0,100
1972,1972-10-27,FL,2,0,0,30.6,-84.6,0.3,50
1972,1972-10-27,FL,2,0,0,30.62,-84.62,0.3,50
1972,1972-10-27,FL,2,0,0,29.92,-84.33,0.3,20
1972,1972-10-27,GA,2,0,0,30.75,-84.48,1.0,100
1972,1972-10-27,AL,2,0,0,33.52,-86.92,17.1,50
1972,1972-10-27,FL,2,1,0,29.82,-83.58,3.4,50
1972,1972-10-27,GA,2,0,0,32.37,-81.32,1.0,400
1972,1972-10-29,TX,2,2,0,28.62,-96.77,10.8,100
1972,1972-11-13,TX,2,0,2,31.05,-94.42,3.3,100
1972,1972-11-13,TX,2,0,0,29.85,-93.97,2.3,50
1972,1972-11-13,LA,2,0,0,31.95,-91.67,4.3,100
1972,1972-11-13,MS,2,0,0,31.13,-89.42,0.8,50
1972,1972-11-13,AL,2,0,0,30.62,-87.7,1.0,200
1972,1972-12-15,AL,2,3,0,31.03,-87.05,1.0,50
1972,1972-12-21,FL,2,0,0,30.25,-83.2,12.2,30
1972,1972-12-29,OK,2,0,0,34.9,-97.5,14.5,40
1972,1972-12-29,OK,2,0,0,36.5,-95.02,31.2,30
1972,1972-12-30,MO,2,2,0,36.65,-94.05,3.8,220
1972,1972-01-10,GA,3,9,1,33.67,-84.4,6.3,200
1972,1972-01-10,AL,2,0,0,32.73,-85.58,4.5,50
1972,1972-01-12,FL,2,1,0,30.7,-87.03,0.5,50
1972,1972-01-13,AL,2,88,4,31.32,-85.8,6.3,100
1972,1972-01-13,AL,3,2,0,31.6,-85.4,16.8,200
1972,1972-01-13,GA,2,2,0,31.08,-84.2,1.0,150
1972,1972-01-13,GA,2,3,0,30.73,-84.65,2.0,300
1972,1972-01-13,GA,2,0,0,32.5,-83.03,11.3,200
1972,1972-01-13,GA,3,21,0,32.87,-82.38,33.6,400
1972,1972-01-22,FL,2,4,0,29.83,-81.67,0.3,50
1972,1972-01-04,MS,2,0,0,31.35,-90.88,1.2,100
1972,1972-01-04,AL,2,0,0,32.3,-87.78,1.0,100
1972,1972-01-05,GA,2,0,0,32.18,-83.6,3.3,300
1972,1972-01-09,MS,2,0,0,31.73,-89.92,2.0,33
1972,1972-01-09,MS,3,1,0,31.87,-89.28,18.2,100
1972,1972-01-09,MS,2,0,0,31.83,-89.72,10.9,200
1972,1972-01-09,MS,3,12,0,31.7,-89.17,23.6,300
1972,1972-02-29,LA,3,3,0,30.53,-91.38,1.0,200
1972,1972-02-01,FL,2,0,0,27.42,-82.17,0.5,100
1972,1972-02-01,FL,2,3,0,27.42,-82.58,3.3,400
1972,1972-03-16,LA,2,2,0,30.03,-90.23,0.5,67
1972,1972-03-16,GA,2,12,0,32.38,-83.35,0.5,100
1972,1972-03-20,TX,2,0,0,29.33,-96.08,0.5,50
1972,1972-03-20,TX,2,0,0,29.43,-96.93,4.5,50
1972,1972-03-20,LA,2,0,0,29.82,-93.07,0.3,50
1972,1972-03-24,TX,2,0,0,32.62,-96.37,2.0,200
1972,1972-03-26,TX,2,2,0,32.02,-97.13,6.5,100
1972,1972-03-28,FL,2,0,0,30.4,-84.33,0.2,50
1972,1972-03-28,FL,2,0,0,30.4,-84.42,0.2,50
1972,1972-03-28,TX,2,13,0,31.27,-94.83,18.7,150
1972,1972-03-28,AR,2,3,0,33.18,-92.8,5.4,880
1972,1972-03-28,AR,3,0,0,33.15,-92.47,10.4,880
1972,1972-03-31,FL,2,4,0,27.83,-82.5,0.2,30
1972,1972-03-31,FL,2,1,0,28.73,-80.75,1.0,100
1972,1972-03-31,FL,2,0,0,28.52,-80.7,2.0,50
1972,1972-03-31,FL,2,0,0,27.9,-82.25,1.0,30
1972,1972-03-01,AR,2,0,0,33.88,-91.5,1.0,300
1972,1972-03-02,MS,2,2,0,30.3,-89.43,4.1,200
1972,1972-03-02,AL,2,0,0,31.43,-88.05,8.0,10
1972,1972-03-02,AL,2,0,0,31.0,-87.48,4.7,10
1972,1972-03-02,FL,2,0,0,30.67,-87.08,2.0,500
1972,1972-03-04,FL,2,6,0,26.12,-80.17,2.0,500
1972,1972-04-11,KY,2,0,0,37.37,-85.58,0.1,10
1972,1972-04-12,MI,2,8,0,43.82,-86.25,0.1,27
1972,1972-04-12,MO,2,7,0,36.67,-93.87,0.9,177
1972,1972-04-14,IL,2,9,0,37.57,-89.32,30.9,30
1972,1972-04-15,LA,2,0,0,32.7,-92.5,41.9,50
1972,1972-04-15,AR,2,0,0,33.43,-91.33,0.5,100
1972,1972-04-15,MS,2,62,0,33.7,-90.8,8.8,10
1972,1972-04-19,OK,2,0,0,36.05,-99.05,15.5,77
1972,1972-04-19,OK,4,6,5,34.38,-97.55,28.2,10
1972,1972-04-19,KS,2,0,0,37.6,-96.03,20.0,100
1972,1972-04-20,OK,2,0,0,33.93,-96.38,8.9,50
1972,1972-04-21,MO,2,4,0,37.35,-90.73,26.0,50
1972,1972-04-21,MS,2,0,0,33.25,-90.58,0.8,83
1972,1972-04-21,IL,2,3,0,37.22,-89.28,6.9,10
1972,1972-04-21,IL,3,0,3,37.55,-88.53,0.3,60
1972,1972-04-21,MS,3,0,0,33.32,-90.43,12.8,150
1972,1972-04-21,KY,2,0,0,37.25,-88.43,10.1,100
1972,1972-04-21,KY,3,0,0,37.28,-86.73,5.7,10
1972,1972-04-21,TN,3,10,0,35.13,-87.53,32.3,200
1972,1972-04-21,KY,3,4,0,37.5,-86.18,1.0,10
1972,1972-04-21,MS,3,0,0,31.42,-90.47,9.1,150
1972,1972-04-21,KY,2,0,0,37.9,-84.95,5.1,30
1972,1972-04-21,MS,2,8,0,31.63,-89.72,11.7,90
1972,1972-04-22,AL,2,0,0,32.1,-87.13,5.7,200
1972,1972-04-30,KS,3,0,0,38.53,-100.37,13.1,300
1972,1972-04-30,KS,2,0,0,38.92,-99.38,10.5,127
1972,1972-04-30,KS,3,2,0,38.65,-100.48,1.0,50
1972,1972-04-30,KS,3,0,0,38.22,-99.5,17.0,77
1972,1972-04-30,KS,3,0,0,38.55,-100.03,6.8,440
1972,1972-04-30,KS,4,1,0,38.08,-100.1,26.6,77
1972,1972-04-30,KS,3,0,0,38.45,-99.72,2.7,200
1972,1972-04-30,KS,2,0,0,38.58,-98.23,1.0,30
1972,1972-04-30,KS,3,6,0,38.92,-97.23,1.5,300
1972,1972-04-30,KS,2,0,0,38.75,-94.77,0.1,233
1972,1972-04-05,OR,3,300,6,45.6,-122.63,8.7,440
1972,1972-04-05,WA,2,0,0,47.7,-119.1,0.1,10
1972,1972-04-05,WA,3,1,0,47.75,-118.52,0.1,83
1972,1972-04-05,WA,2,0,0,48.6,-118.1,1.0,100
1972,1972-04-06,IL,2,9,1,42.05,-89.6,17.5,50
1972,1972-04-06,IL,2,22,1,41.53,-88.2,6.8,50
1972,1972-04-06,IL,2,0,0,41.52,-88.18,5.1,50
1972,1972-04-07,AR,3,0,0,35.78,-92.33,2.0,100
1972,1972-04-07,AR,2,0,0,35.7,-89.97,0.1,200
1972,1972-04-07,TN,2,15,0,36.3,-87.07,23.2,200
1972,1972-05-10,NM,2,0,0,35.82,-103.07,2.5,660
1972,1972-05-10,TX,2,0,0,36.23,-102.23,1.0,100
1972,1972-05-10,TX,2,0,0,36.25,-102.23,1.0,100
1972,1972-05-12,TX,2,2,0,29.92,-94.25,19.9,30
1972,1972-05-12,LA,2,0,0,30.13,-91.35,1.0,100
1972,1972-05-12,LA,2,0,0,30.75,-90.42,2.0,100
1972,1972-05-14,IN,4,20,0,39.77,-86.08,30.0,200
1972,1972-05-14,TN,2,3,0,36.37,-84.8,1.0,50
1972,1972-05-15,NC,3,4,0,35.58,-77.52,8.5,120
1972,1972-05-20,FL,2,0,0,29.07,-81.3,1.0,23
1972,1972-05-21,SD,2,0,0,44.8,-102.65,0.1,10
1972,1972-05-22,KS,2,0,0,38.18,-100.08,9.4,10
1972,1972-05-22,KS,2,0,0,38.0,-99.9,5.1,33
1972,1972-05-22,KS,2,0,0,39.0,-99.53,1.0,220
1972,1972-05-22,KS,2,0,0,39.0,-99.53,1.0,220
1972,1972-05-22,KS,2,0,0,39.0,-99.53,1.0,220
1972,1972-05-22,KS,2,0,0,38.93,-99.57,2.0,250
1972,1972-05-22,KS,2,0,0,38.93,-99.48,0.5,220
1972,1972-05-22,OK,3,0,0,35.02,-99.67,9.5,100
1972,1972-05-25,SD,2,0,0,45.52,-102.58,2.0,50
1972,1972-05-26,SD,2,0,0,44.75,-102.92,1.5,440
1972,1972-05-02,NY,2,0,0,42.73,-78.52,12.0,350
1972,1972-05-02,PA,3,3,0,41.47,-80.22,7.9,33
1972,1972-05-06,TX,2,2,0,28.92,-100.62,6.5,17
1972,1972-05-07,TX,2,1,0,28.62,-96.62,0.1,10
1972,1972-05-07,MS,2,0,0,30.85,-89.53,4.3,50
1972,1972-05-07,MS,2,0,0,30.47,-89.05,0.8,33
1972,1972-05-07,LA,2,0,0,30.8,-90.37,1.0,100
1972,1972-05-07,MS,2,1,0,30.3,-89.33,7.6,23
1972,1972-05-07,MS,2,0,0,30.35,-89.25,1.2,33
1972,1972-05-07,NM,2,0,0,34.27,-103.33,0.1,10
1972,1972-05-08,FL,2,0,0,30.57,-85.0,0.3,27
1972,1972-05-09,KS,3,0,0,37.12,-102.0,2.7,400
1972,1972-06-11,MT,2,0,0,48.68,-106.4,0.3,30
1972,1972-06-11,MT,2,0,0,47.72,-104.82,9.1,50
1972,1972-06-12,ND,2,1,0,48.93,-100.35,2.0,20
1972,1972-06-13,IA,2,0,0,41.12,-94.05,2.0,100
1972,1972-06-14,MI,2,0,0,41.97,-86.48,1.3,70
1972,1972-06-14,NM,2,0,0,33.1,-103.22,0.1,10
1972,1972-06-18,FL,2,40,0,24.62,-81.68,1.0,100
1972,1972-06-18,FL,2,0,0,24.57,-81.8,1.5,50
1972,1972-06-18,FL,2,0,0,26.43,-82.12,0.3,30
1972,1972-06-18,FL,2,0,0,26.62,-82.17,2.0,50
1972,1972-06-18,FL,2,0,0,26.62,-81.63,0.5,20
1972,1972-06-18,FL,2,11,0,28.0,-80.57,2.0,100
1972,1972-06-19,FL,3,0,0,28.37,-80.67,4.9,100
1972,1972-06-19,FL,3,23,0,28.47,-80.53,3.8,100
1972,1972-06-19,GA,2,0,0,31.48,-82.87,1.5,50
1972,1972-06-19,OK,2,0,0,35.98,-97.02,0.1,10
1972,1972-06-20,AR,3,0,0,33.35,-92.08,0.3,150
1972,1972-06-21,AZ,2,3,0,33.47,-112.0,13.5,10
1972,1972-06-21,CO,2,3,0,39.92,-102.5,19.3,10
1972,1972-06-21,TX,2,5,0,35.2,-101.83,4.1,100
1972,1972-06-25,FL,2,2,1,30.97,-85.6,0.5,27
1972,1972-06-27,AL,2,2,0,34.32,-86.5,0.3,40
1972,1972-06-28,TN,2,0,0,36.0,-85.03,0.1,40
1972,1972-06-28,SD,2,1,0,44.55,-103.72,0.1,10
1972,1972-06-05,IA,2,0,0,41.22,-93.0,1.9,200
1972,1972-06-07,IA,2,0,0,42.15,-94.98,2.0,200
1972,1972-06-07,IA,2,0,0,42.07,-94.87,1.0,200
1972,1972-06-08,AL,2,0,0,31.02,-87.48,0.1,30
1972,1972-06-08,AR,2,0,0,35.6,-91.42,0.5,100
1972,1972-06-09,NY,2,2,0,41.75,-74.77,0.3,40
1972,1972-07-17,IL,3,0,0,41.07,-89.63,81.5,200
1972,1972-07-17,IL,2,0,0,41.87,-88.13,0.1,10
1972,1972-07-19,SD,2,0,0,44.37,-97.87,0.3,150
1972,1972-07-20,MI,2,1,0,46.07,-87.17,0.8,70
1972,1972-07-20,NE,3,0,0,41.48,-99.6,32.8,150
1972,1972-07-20,NE,2,0,0,41.5,-98.93,0.1,10
1972,1972-07-20,NE,2,0,0,41.85,-97.67,0.3,10
1972,1972-07-21,MA,2,4,0,42.68,-71.42,7.6,37
1972,1972-07-27,NE,2,0,0,42.62,-101.53,1.0,440
1972,1972-07-27,NE,3,0,0,41.2,-101.0,2.3,100
1972,1972-07-27,KS,2,1,0,39.25,-99.3,0.5,100
1972,1972-07-28,KS,2,7,0,37.5,-100.85,1.3,440
1972,1972-07-28,KS,2,0,0,37.45,-100.02,0.5,50
1972,1972-07-29,ND,2,0,0,47.57,-98.78,2.3,20
1972,1972-07-03,NH,2,7,0,43.42,-71.43,1.0,40
1972,1972-07-03,AL,2,0,0,31.8,-85.98,0.3,200
1972,1972-07-05,FL,2,0,0,28.83,-81.25,0.3,50
1972,1972-08-10,AZ,3,0,0,34.75,-112.47,0.1,10
1972,1972-08-17,OH,2,0,0,40.9,-82.5,0.1,30
1972,1972-08-17,OH,2,0,0,41.03,-82.62,2.8,183
1972,1972-08-19,KY,2,1,0,37.57,-84.32,0.1,10
1972,1972-08-22,FL,2,0,0,29.13,-81.3,1.0,50
1972,1972-08-22,KS,2,0,0,37.57,-101.68,0.1,220
1972,1972-08-25,IL,2,1,0,42.03,-87.85,1.8,200
1972,1972-08-27,MA,2,0,0,42.5,-72.5,1.0,100
1972,1972-08-02,MI,2,0,0,42.48,-84.08,7.4,27
1972,1972-08-02,MI,3,0,0,42.53,-83.48,0.1,43
1972,1972-08-02,KS,2,0,0,38.88,-99.33,0.2,150
1972,1972-08-05,SD,2,0,0,43.02,-97.45,0.3,400
1972,1972-08-06,TX,2,0,0,34.73,-101.98,1.0,50
1972,1972-08-09,MA,2,1,0,42.55,-72.13,9.7,10
1972,1972-09-12,IA,2,0,0,41.5,-95.7,5.9,100
1972,1972-09-13,PA,2,0,0,41.15,-75.4,0.1,100
1972,1972-09-16,WI,2,0,0,45.45,-88.75,66.2,200
1972,1972-09-20,WI,2,0,0,45.67,-90.45,13.1,100
1972,1972-09-20,SD,2,0,0,42.98,-97.48,0.1,10
1972,1972-09-28,IA,2,3,0,42.2,-91.78,64.5,2200
1972,1972-09-28,WI,2,0,0,42.77,-88.42,1.5,50
1972,1972-09-28,WI,2,0,0,42.8,-88.15,1.0,50
1972,1972-09-28,IL,4,20,0,42.28,-87.87,5.2,220
1972,1972-09-29,KY,2,3,0,37.9,-83.05,1.0,50
1972,1972-09-29,MS,3,4,0,34.72,-88.97,45.5,880
1972,1972-09-05,KS,2,0,0,39.55,-100.47,2.0,100
1972,1972-09-05,KS,2,0,0,39.62,-100.45,2.3,80
1973,1973-10-11,TX,2,1,0,29.65,-97.27,8.2,50
1973,1973-10-11,KS,2,15,0,37.65,-97.42,0.7,200
1973,1973-10-31,FL,2,17,0,27.92,-82.92,27.9,100
1973,1973-10-02,VA,2,0,0,37.7,-75.75,0.1,10
1973,1973-10-09,NE,2,5,0,40.9,-98.5,1.0,33
1973,1973-11-19,OK,3,36,5,35.13,-97.65,24.2,500
1973,1973-11-19,OK,2,6,0,36.62,-97.42,13.7,60
1973,1973-11-20,KS,2,0,0,38.28,-95.75,1.0,33
1973,1973-11-20,AR,2,6,0,34.03,-94.35,5.7,100
1973,1973-11-20,AL,2,0,0,31.72,-86.27,0.1,10
1973,1973-11-20,MS,2,0,0,33.5,-90.07,0.1,10
1973,1973-11-20,MS,3,0,0,33.68,-90.05,11.9,10
1973,1973-11-21,GA,2,0,0,34.57,-83.28,0.1,10
1973,1973-11-21,SC,2,0,0,34.48,-82.65,0.3,50
1973,1973-11-23,AR,2,1,0,34.58,-91.28,22.0,200
1973,1973-11-24,MO,2,1,3,37.15,-91.35,1.0,60
1973,1973-11-24,TX,3,0,0,32.35,-97.4,0.1,33
1973,1973-11-24,TX,2,0,0,33.0,-97.62,0.1,10
1973,1973-11-24,TX,2,0,0,33.07,-94.72,1.0,200
1973,1973-11-24,TX,2,0,0,33.3,-94.42,0.1,10
1973,1973-11-24,AR,2,0,0,33.58,-94.07,0.1,10
1973,1973-11-24,TX,2,1,0,32.5,-94.37,0.1,33
1973,1973-11-24,AR,2,0,0,34.6,-93.2,5.4,133
1973,1973-11-24,AR,2,0,0,34.95,-92.45,0.1,10
1973,1973-11-24,AR,2,8,1,35.33,-92.08,1.3,100
1973,1973-11-24,AR,2,1,0,35.82,-91.12,1.0,200
1973,1973-11-24,AR,2,0,0,35.63,-91.13,1.8,200
1973,1973-11-24,MO,2,6,2,36.43,-89.98,57.3,10
1973,1973-11-24,MS,3,0,0,33.67,-90.2,0.1,10
1973,1973-11-26,TN,2,0,0,36.17,-88.8,0.5,27
1973,1973-11-26,MS,3,5,0,33.58,-89.28,54.4,10
1973,1973-11-26,AL,2,0,0,34.05,-87.12,0.1,10
1973,1973-11-26,MS,3,0,0,32.03,-90.38,0.1,10
1973,1973-11-26,AL,2,5,0,33.97,-87.9,5.4,10
1973,1973-11-26,MS,2,0,0,33.23,-88.53,0.1,10
1973,1973-11-27,MS,2,0,0,34.83,-88.57,10.2,10
1973,1973-11-27,MS,2,50,1,34.92,-90.03,4.1,10
1973,1973-11-27,TN,2,1,0,35.42,-89.5,15.4,440
1973,1973-11-27,MS,2,0,0,32.7,-89.0,0.1,10
1973,1973-11-27,AL,2,0,0,34.0,-87.03,0.1,10
1973,1973-11-27,AL,3,42,0,34.63,-86.78,14.1,200
1973,1973-11-27,AL,2,3,0,34.32,-86.82,5.1,10
1973,1973-11-09,GA,2,0,0,32.0,-81.08,1.0,200
1973,1973-12-13,TN,2,3,0,35.18,-84.65,0.8,880
1973,1973-12-13,GA,3,21,0,34.3,-83.87,9.5,200
1973,1973-12-13,SC,3,3,0,34.27,-82.17,10.7,200
1973,1973-12-13,SC,3,26,0,34.13,-82.17,17.7,150
1973,1973-12-13,SC,4,0,2,34.18,-82.02,1.0,50
1973,1973-12-13,SC,3,5,1,34.2,-81.72,17.3,200
1973,1973-12-13,SC,2,0,0,34.2,-81.53,30.5,80
1973,1973-12-13,SC,2,0,0,34.17,-81.4,3.8,20
1973,1973-12-20,FL,2,9,0,25.42,-80.42,7.6,33
1973,1973-12-26,AL,2,1,0,30.53,-88.22,3.8,50
1973,1973-12-26,AL,2,1,0,33.03,-86.08,0.1,27
1973,1973-12-29,AL,3,11,0,31.32,-85.9,11.6,67
1973,1973-12-29,AL,2,1,0,34.28,-86.02,0.3,100
1973,1973-12-29,AL,3,2,0,31.35,-85.35,15.0,70
1973,1973-12-30,AL,3,14,0,31.45,-85.65,1.5,120
1973,1973-12-03,TX,2,0,0,33.07,-97.0,0.1,10
1973,1973-12-03,TX,3,0,0,32.8,-95.68,3.0,27
1973,1973-12-03,LA,2,5,0,30.83,-93.28,1.5,100
1973,1973-12-03,LA,2,23,0,32.48,-91.75,36.1,50
1973,1973-12-04,MS,2,0,0,32.07,-90.92,0.1,30
1973,1973-12-04,MS,2,6,0,33.4,-91.05,12.5,30
1973,1973-12-04,LA,2,3,0,30.47,-91.17,42.7,80
1973,1973-12-04,MS,2,0,0,32.33,-90.65,2.0,30
1973,1973-12-04,IL,2,1,0,39.58,-90.25,0.1,10
1973,1973-01-18,OK,2,4,0,35.4,-96.67,5.1,30
1973,1973-01-18,MO,2,1,0,36.68,-90.83,4.3,100
1973,1973-01-18,LA,3,2,1,32.13,-92.3,38.0,73
1973,1973-01-18,LA,2,4,0,32.42,-91.17,0.2,100
1973,1973-01-18,MS,2,8,0,32.92,-89.1,7.6,400
1973,1973-01-18,MS,2,0,0,32.8,-89.47,2.7,67
1973,1973-01-20,TX,2,1,0,32.15,-95.28,0.5,100
1973,1973-01-20,LA,2,0,0,32.0,-93.45,7.7,100
1973,1973-01-20,TX,2,0,0,30.35,-97.92,0.1,40
1973,1973-01-21,TX,2,3,0,31.83,-94.13,8.7,200
1973,1973-01-26,AL,2,0,0,34.33,-86.07,0.1,10
1973,1973-01-28,FL,2,7,0,28.27,-81.47,14.0,100
1973,1973-01-28,FL,2,16,0,28.52,-81.43,2.7,300
1973,1973-01-28,FL,2,0,0,28.5,-80.8,5.1,50
1973,1973-02-13,TX,2,1,0,29.97,-95.72,3.3,30
1973,1973-02-02,NJ,2,0,0,40.6,-74.87,0.3,100
1973,1973-02-08,GA,2,5,0,31.58,-83.93,2.0,500
1973,1973-02-09,FL,2,1,0,27.13,-80.2,2.0,30
1973,1973-03-10,TX,2,7,1,31.58,-100.25,0.3,70
1973,1973-03-10,TX,2,1,0,32.33,-99.75,0.1,10
1973,1973-03-10,TX,3,40,0,30.73,-98.23,7.8,250
1973,1973-03-10,TX,4,77,6,31.53,-96.83,23.3,150
1973,1973-03-10,TX,3,3,0,33.77,-96.85,6.8,100
1973,1973-03-10,TX,2,1,0,33.57,-95.4,1.5,100
1973,1973-03-10,TX,2,0,0,33.17,-95.63,0.5,150
1973,1973-03-10,AR,2,0,0,33.62,-91.92,11.5,67
1973,1973-03-10,MS,2,0,0,33.72,-89.78,19.9,220
1973,1973-03-11,MS,2,1,0,31.9,-89.8,12.9,250
1973,1973-03-13,OK,2,0,0,34.95,-99.4,4.5,100
1973,1973-03-13,OK,2,5,0,34.5,-98.43,0.1,10
1973,1973-03-13,KS,2,0,0,37.35,-99.33,2.3,40
1973,1973-03-13,OK,2,1,0,36.8,-97.13,51.6,250
1973,1973-03-13,KS,2,0,0,38.23,-96.12,10.2,220
1973,1973-03-13,KS,2,0,0,39.23,-99.28,1.0,50
1973,1973-03-13,KS,2,0,0,39.58,-98.58,17.2,220
1973,1973-03-13,MO,2,4,0,36.57,-93.33,2.5,300
1973,1973-03-13,MO,2,0,0,37.0,-92.82,2.0,50
1973,1973-03-15,TN,2,3,1,35.92,-85.5,0.1,100
1973,1973-03-16,AL,2,0,0,32.7,-86.5,9.7,77
1973,1973-03-16,AL,2,0,0,32.9,-87.67,4.5,100
1973,1973-03-16,AL,2,0,0,32.62,-87.67,9.5,10
1973,1973-03-16,AL,2,5,0,33.28,-86.82,4.3,10
1973,1973-03-16,GA,2,1,0,34.5,-85.25,7.6,100
1973,1973-03-16,GA,2,5,0,34.57,-84.95,2.0,300
1973,1973-03-17,FL,2,1,0,28.22,-82.17,0.3,20
1973,1973-03-17,FL,2,0,0,28.1,-81.67,0.3,20
1973,1973-03-23,TX,2,0,0,33.87,-100.37,24.7,300
1973,1973-03-23,TX,2,0,0,35.22,-101.88,2.0,50
1973,1973-03-23,TX,2,0,0,32.47,-100.4,3.3,300
1973,1973-03-31,GA,2,100,2,33.53,-84.33,72.4,500
1973,1973-03-31,IL,2,0,0,40.78,-87.97,0.1,10
1973,1973-03-31,SC,4,30,7,34.08,-82.57,22.6,200
1973,1973-03-31,SC,2,0,0,34.77,-82.62,12.4,100
1973,1973-03-01,TX,2,0,0,31.62,-97.2,8.0,50
1973,1973-03-06,TX,2,0,0,32.82,-97.18,1.5,30
1973,1973-03-08,KS,2,1,0,37.43,-95.4,23.5,440
1973,1973-03-08,FL,2,6,0,29.07,-82.1,1.5,100
1973,1973-04-13,KS,2,0,0,38.18,-96.15,9.6,333
1973,1973-04-13,TX,2,0,0,35.2,-101.57,90.1,150
1973,1973-04-15,TX,3,26,2,34.18,-101.75,7.6,200
1973,1973-04-15,TX,4,12,5,28.83,-99.22,23.3,440
1973,1973-04-15,TX,3,3,0,32.08,-96.47,3.8,200
1973,1973-04-17,LA,3,1,0,30.17,-93.67,0.5,10
1973,1973-04-17,LA,3,0,0,30.25,-93.17,0.5,10
1973,1973-04-18,AL,2,14,0,31.42,-86.07,1.0,100
1973,1973-04-19,KS,2,0,0,39.87,-99.03,4.6,100
1973,1973-04-19,AR,3,18,0,35.75,-91.63,1.0,500
1973,1973-04-19,AR,2,0,0,34.8,-92.25,1.0,100
1973,1973-04-19,MO,2,0,0,36.13,-89.87,2.5,10
1973,1973-04-19,KY,2,0,0,36.55,-89.18,35.4,10
1973,1973-04-19,SD,2,2,0,44.0,-97.9,20.1,200
1973,1973-04-19,AR,2,0,0,34.5,-91.97,0.1,10
1973,1973-04-19,KY,2,0,0,37.03,-88.62,9.1,10
1973,1973-04-19,KY,2,0,0,37.65,-87.97,0.5,10
1973,1973-04-19,MO,2,0,0,40.08,-94.4,5.9,50
1973,1973-04-19,SD,2,0,0,44.92,-98.9,4.9,27
1973,1973-04-19,IL,2,0,0,41.3,-88.3,0.1,10
1973,1973-04-19,MO,2,0,0,39.7,-94.2,1.0,50
1973,1973-04-19,MO,4,5,0,38.53,-93.53,10.0,880
1973,1973-04-19,IA,2,0,0,41.1,-93.83,2.0,400
1973,1973-04-19,OK,2,4,0,34.5,-97.67,2.0,83
1973,1973-04-19,KS,2,0,0,39.88,-95.47,0.2,100
1973,1973-04-19,OK,2,2,0,34.7,-97.3,16.8,250
1973,1973-04-20,OK,3,21,0,34.78,-96.68,7.9,100
1973,1973-04-20,AR,2,2,0,35.38,-93.5,1.5,500
1973,1973-04-20,AR,3,19,1,36.15,-93.15,7.8,500
1973,1973-04-20,MO,2,0,0,37.97,-93.85,5.7,17
1973,1973-04-20,MO,3,0,0,37.57,-93.8,1.0,50
1973,1973-04-20,MO,3,0,0,38.42,-93.4,5.0,50
1973,1973-04-20,MO,2,0,0,39.32,-93.5,5.0,10
1973,1973-04-20,MO,3,4,0,38.3,-93.28,19.4,100
1973,1973-04-20,MO,4,3,1,39.93,-92.48,3.8,440
1973,1973-04-20,MO,2,0,0,38.53,-93.22,2.0,10
1973,1973-04-20,MO,3,0,0,38.45,-93.47,10.1,100
1973,1973-04-20,MO,2,0,0,38.83,-92.95,2.3,50
1973,1973-04-20,MO,3,0,0,40.43,-92.05,9.5,440
1973,1973-04-20,MO,2,8,0,38.7,-93.18,2.0,50
1973,1973-04-20,MO,3,6,0,37.38,-93.97,7.8,100
1973,1973-04-21,MO,4,1,0,40.33,-93.55,14.6,440
1973,1973-04-21,IA,2,6,0,41.58,-91.92,13.2,10
1973,1973-04-21,IL,2,2,0,41.27,-90.83,30.2,10
1973,1973-04-21,IL,2,0,0,41.85,-88.1,0.2,10
1973,1973-04-21,MO,2,2,0,37.18,-94.28,5.0,100
1973,1973-04-22,TX,2,0,0,32.28,-99.32,0.3,100
1973,1973-04-22,TX,2,0,0,31.68,-99.98,0.2,50
1973,1973-04-22,TX,2,0,0,31.68,-99.98,0.2,50
1973,1973-04-22,TX,2,0,0,31.68,-99.98,0.2,50
1973,1973-04-23,TX,3,3,0,32.37,-97.38,2.5,333
1973,1973-04-23,TX,2,0,0,35.27,-100.25,0.3,100
1973,1973-04-24,AR,2,3,0,33.42,-94.05,0.1,10
1973,1973-04-24,TX,2,8,0,33.4,-94.1,2.0,300
1973,1973-04-24,AR,2,1,0,33.72,-91.47,0.1,10
1973,1973-04-24,AR,2,0,0,33.22,-93.0,0.5,100
1973,1973-04-24,AR,2,0,0,33.8,-91.3,0.1,10
1973,1973-04-24,MS,2,42,0,33.9,-90.4,0.1,10
1973,1973-04-24,MS,2,0,0,31.47,-89.37,1.5,10
1973,1973-04-24,MS,2,0,0,31.47,-89.37,1.0,10
1973,1973-04-26,TX,2,0,0,29.8,-95.02,5.2,100
1973,1973-04-26,LA,3,0,0,30.5,-91.08,0.3,70
1973,1973-04-26,MO,2,2,0,36.2,-90.17,2.0,100
1973,1973-04-26,GA,2,0,0,30.82,-84.65,0.1,73
1973,1973-04-27,NC,2,1,1,35.47,-76.7,0.5,123
1973,1973-04-30,TX,2,3,0,35.4,-101.2,0.5,100
1973,1973-04-30,OK,2,6,0,36.8,-98.1,13.4,100
1973,1973-04-30,KS,2,0,0,38.47,-99.45,0.2,100
1973,1973-04-30,OK,2,0,0,36.98,-97.08,0.4,67
1973,1973-04-01,VA,3,37,0,38.8,-77.33,9.8,100
1973,1973-04-04,FL,2,4,0,29.55,-82.1,39.0,67
1973,1973-04-07,MS,2,0,0,30.47,-89.5,0.1,10
1973,1973-04-07,MS,2,0,0,30.9,-88.6,0.1,10
1973,1973-05-10,KY,2,5,0,36.67,-84.43,2.7,10
1973,1973-05-10,OH,3,100,6,41.23,-83.43,50.1,27
1973,1973-05-10,OH,2,14,0,40.77,-83.5,58.2,267
1973,1973-05-10,OH,2,8,0,41.03,-82.5,40.4,667
1973,1973-05-10,OH,3,8,0,40.23,-83.83,89.6,300
1973,1973-05-10,OH,2,1,0,40.57,-82.02,6.2,17
1973,1973-05-11,KS,2,0,0,37.6,-95.4,0.1,300
1973,1973-05-11,NH,2,0,0,43.57,-71.95,0.5,150
1973,1973-05-11,TX,2,0,0,32.92,-97.45,8.4,200
1973,1973-05-12,TX,2,0,0,31.85,-102.32,1.0,120
1973,1973-05-19,AL,2,10,0,34.95,-86.55,2.0,500
1973,1973-05-19,AL,2,9,0,34.67,-86.03,23.5,900
1973,1973-05-19,AL,4,19,0,34.47,-85.75,5.4,400
1973,1973-05-20,NC,2,2,0,36.37,-76.2,2.7,10
1973,1973-05-22,TX,2,0,0,31.82,-100.02,2.0,10
1973,1973-05-23,TX,2,0,0,31.1,-97.33,3.3,150
1973,1973-05-23,TN,2,0,0,36.33,-89.12,9.5,100
1973,1973-05-24,SC,2,2,0,34.97,-81.27,2.0,67
1973,1973-05-24,OK,4,4,2,35.4,-97.97,13.3,300
1973,1973-05-24,TX,2,0,0,31.32,-98.38,2.5,250
1973,1973-05-25,OH,2,0,0,40.05,-83.18,0.1,133
1973,1973-05-25,MI,2,0,0,44.37,-84.73,0.1,10
1973,1973-05-26,TX,2,4,0,30.12,-94.87,14.7,10
1973,1973-05-26,TX,2,3,0,29.95,-94.3,6.2,167
1973,1973-05-26,MS,2,4,0,30.7,-89.6,0.1,10
1973,1973-05-26,FL,2,4,1,30.6,-87.3,105.4,20
1973,1973-05-26,OK,3,3,0,36.97,-95.92,0.3,100
1973,1973-05-26,OK,2,0,0,36.02,-95.78,2.0,33
1973,1973-05-26,KS,3,1,0,37.72,-97.6,4.3,400
1973,1973-05-26,OK,4,25,5,35.55,-95.32,3.6,500
1973,1973-05-26,OK,3,6,0,35.57,-95.1,18.7,250
1973,1973-05-26,AR,2,0,0,36.42,-93.83,5.6,100
1973,1973-05-26,MO,2,1,0,38.82,-92.17,3.0,50
1973,1973-05-26,OK,2,0,0,35.5,-95.53,5.7,200
1973,1973-05-26,OK,2,0,0,34.95,-94.7,1.5,33
1973,1973-05-26,AR,2,2,0,36.33,-93.57,2.0,200
1973,1973-05-26,MO,2,0,0,38.65,-90.45,1.0,100
1973,1973-05-26,AR,4,289,3,35.27,-91.37,54.8,300
1973,1973-05-26,MO,2,0,0,37.42,-90.18,3.0,200
1973,1973-05-27,TN,2,0,0,35.33,-89.77,2.0,100
1973,1973-05-27,TN,2,0,0,35.0,-86.33,0.1,10
1973,1973-05-27,MS,3,35,1,31.53,-89.13,15.0,400
1973,1973-05-27,AL,2,3,0,34.3,-86.62,31.5,500
1973,1973-05-27,AL,2,4,0,34.6,-85.98,4.3,500
1973,1973-05-27,IN,2,0,0,39.2,-87.3,77.9,50
1973,1973-05-27,AL,2,3,0,33.4,-87.08,1.0,500
1973,1973-05-27,MS,2,1,0,31.97,-88.58,3.0,440
1973,1973-05-27,MS,2,1,0,32.07,-88.82,0.1,10
1973,1973-05-27,MS,2,1,0,32.07,-88.63,0.1,10
1973,1973-05-27,MS,2,3,0,32.28,-89.48,0.1,10
1973,1973-05-27,AL,2,0,0,33.7,-86.4,8.4,500
1973,1973-05-27,IN,2,0,0,39.17,-86.6,30.0,50
1973,1973-05-27,IN,2,0,0,39.2,-86.45,34.3,50
1973,1973-05-27,SC,3,40,0,34.77,-82.43,60.2,150
1973,1973-05-27,AL,4,199,7,32.53,-87.8,139.1,800
1973,1973-05-27,MS,2,0,0,32.28,-89.48,0.1,10
1973,1973-05-27,AL,3,44,1,33.57,-86.7,41.6,800
1973,1973-05-27,SC,2,1,0,34.8,-83.28,22.5,200
1973,1973-05-27,SC,2,7,0,34.3,-82.52,11.8,100
1973,1973-05-27,GA,2,0,0,33.25,-85.08,0.8,100
1973,1973-05-27,SC,2,0,0,34.88,-82.78,23.6,150
1973,1973-05-27,SC,2,0,0,34.87,-82.98,1.0,100
1973,1973-05-27,GA,3,0,0,33.72,-84.5,0.5,100
1973,1973-05-28,NC,2,0,0,35.2,-80.98,9.6,100
1973,1973-05-28,GA,3,65,1,33.87,-83.63,18.7,200
1973,1973-05-28,SC,2,0,0,35.1,-81.1,2.0,100
1973,1973-05-28,NJ,3,0,0,40.8,-74.5,0.4,50
1973,1973-05-28,NJ,3,12,0,40.85,-74.72,0.4,50
1973,1973-05-30,OH,2,1,0,40.05,-83.12,2.0,17
1973,1973-05-01,MO,2,0,0,39.1,-93.6,0.5,50
1973,1973-05-01,AR,2,4,0,36.18,-94.55,3.8,150
1973,1973-05-01,MO,3,20,2,40.42,-91.73,3.6,440
1973,1973-05-06,OK,2,0,0,35.17,-96.75,9.1,70
1973,1973-05-06,CO,2,5,0,39.08,-102.3,1.0,100
1973,1973-05-06,TX,2,0,0,32.88,-97.92,1.0,50
1973,1973-05-06,TX,2,3,0,32.83,-97.88,1.0,100
1973,1973-05-06,TX,2,0,0,32.55,-97.33,12.0,100
1973,1973-05-06,TX,5,0,0,31.63,-97.48,10.6,100
1973,1973-05-06,TX,2,0,0,33.58,-96.18,0.1,20
1973,1973-05-06,TX,2,0,0,32.75,-97.12,2.5,150
1973,1973-05-06,TX,2,3,0,33.8,-95.92,0.5,67
1973,1973-05-07,AR,2,0,0,35.9,-92.63,2.7,150
1973,1973-05-07,LA,2,2,0,32.83,-93.33,0.5,27
1973,1973-05-07,MO,2,0,0,39.3,-94.4,0.5,20
1973,1973-05-07,AR,2,0,0,36.47,-92.38,2.0,100
1973,1973-05-07,MO,2,1,0,36.73,-92.07,7.4,100
1973,1973-05-07,MO,2,0,0,37.4,-90.47,14.6,100
1973,1973-05-07,MO,3,7,0,36.75,-90.35,36.0,100
1973,1973-05-07,MO,2,0,0,38.47,-90.2,0.5,50
1973,1973-05-07,IL,2,0,0,38.0,-89.23,0.1,10
1973,1973-05-07,AR,2,2,0,35.6,-90.5,4.7,100
1973,1973-05-07,MO,2,0,0,37.1,-89.92,0.3,27
1973,1973-05-08,AL,2,0,0,33.98,-87.38,2.0,500
1973,1973-05-08,AL,2,12,2,34.28,-86.28,29.1,900
1973,1973-05-08,OH,2,0,0,40.1,-83.12,17.3,67
1973,1973-06-12,CT,2,0,0,41.62,-73.12,1.5,23
1973,1973-06-15,ND,3,0,0,46.87,-97.25,0.1,10
1973,1973-06-16,MO,2,14,0,39.77,-94.83,6.0,10
1973,1973-06-16,MD,2,4,0,39.33,-76.58,0.1,10
1973,1973-06-16,ND,3,0,0,47.37,-97.07,0.1,10
1973,1973-06-17,IN,2,0,0,39.38,-85.95,0.3,50
1973,1973-06-18,NE,2,0,0,42.35,-97.77,16.2,10
1973,1973-06-18,IA,2,10,2,42.48,-96.07,2.0,400
1973,1973-06-18,IA,2,5,0,42.47,-96.05,1.0,300
1973,1973-06-18,OK,3,0,0,36.42,-96.33,2.5,40
1973,1973-06-18,OK,3,0,0,35.32,-98.45,16.8,133
1973,1973-06-18,OK,2,0,0,35.02,-98.75,0.5,83
1973,1973-06-18,OK,2,0,0,34.42,-98.82,0.5,100
1973,1973-06-18,OK,2,0,0,35.12,-98.43,0.5,67
1973,1973-06-18,OK,3,29,0,34.4,-99.02,3.3,50
1973,1973-06-19,IN,2,0,0,39.33,-85.67,4.1,50
1973,1973-06-19,TX,2,0,0,32.75,-97.33,0.3,500
1973,1973-06-24,SD,2,1,1,43.02,-98.3,0.1,10
1973,1973-06-25,MN,3,2,0,46.4,-94.03,10.0,200
1973,1973-06-26,MI,2,0,0,41.92,-83.38,0.2,60
1973,1973-06-26,MI,2,2,0,42.05,-83.4,0.7,67
1973,1973-06-26,MI,2,0,0,42.53,-83.2,0.1,10
1973,1973-06-26,IN,2,0,0,39.17,-86.55,12.4,50
1973,1973-06-28,KS,2,0,0,38.0,-100.97,7.2,60
1973,1973-06-29,PA,2,0,0,40.23,-75.03,1.9,100
1973,1973-06-29,PA,2,0,0,39.93,-75.48,1.9,63
1973,1973-06-29,KY,3,2,0,37.13,-84.08,0.5,100
1973,1973-06-02,OK,2,2,0,34.48,-98.43,3.6,100
1973,1973-06-02,IL,2,0,0,37.77,-88.93,0.1,10
1973,1973-06-03,OH,3,1,0,41.2,-81.43,12.9,100
1973,1973-06-03,TX,2,0,0,31.43,-96.62,6.8,100
1973,1973-06-03,MO,2,0,0,37.85,-90.52,0.1,50
1973,1973-06-03,TX,3,3,0,31.77,-95.17,0.1,33
1973,1973-06-03,TX,2,0,0,32.73,-94.95,0.1,10
1973,1973-06-03,TX,2,0,0,33.37,-95.12,0.1,10
1973,1973-06-04,TX,2,0,0,30.75,-95.38,26.4,40
1973,1973-06-04,IL,2,0,0,39.53,-89.77,0.1,10
1973,1973-06-04,IA,2,0,0,41.7,-93.05,1.3,250
1973,1973-06-04,IA,2,0,0,43.15,-91.77,1.0,100
1973,1973-06-04,KS,2,0,0,37.7,-95.95,5.9,300
1973,1973-06-04,OK,2,0,0,36.7,-97.07,12.4,100
1973,1973-06-04,IL,2,0,0,38.45,-89.8,0.1,10
1973,1973-06-04,OK,2,0,0,36.08,-96.53,1.5,33
1973,1973-06-04,KS,2,0,0,37.85,-95.2,2.0,200
1973,1973-06-04,MO,2,1,0,37.95,-91.77,0.3,100
1973,1973-07-23,SD,3,10,0,44.35,-100.35,2.5,500
1973,1973-07-27,IL,2,0,0,40.02,-90.43,0.1,10
1973,1973-07-29,IL,2,0,0,38.73,-90.08,0.1,10
1973,1973-07-31,MI,2,0,0,43.88,-84.0,2.3,20
1973,1973-07-01,SD,2,1,0,43.83,-98.98,0.3,50
1973,1973-07-01,SD,3,3,1,45.25,-98.5,0.3,30
1973,1973-07-01,ND,3,0,0,46.03,-97.78,0.1,10
1973,1973-07-01,SD,2,1,0,43.83,-97.55,0.5,67
1973,1973-07-01,ND,3,0,0,46.12,-97.17,0.1,10
1973,1973-07-08,SD,2,0,0,43.25,-100.83,1.0,133
1973,1973-08-12,IL,2,0,0,39.9,-87.67,0.1,10
1973,1973-08-14,AR,2,0,0,34.95,-90.47,0.3,50
1973,1973-08-14,IL,2,0,0,40.47,-87.68,0.1,10
1973,1973-08-14,OH,2,0,0,40.0,-82.0,12.5,33
1973,1973-08-16,CA,3,0,0,33.62,-114.63,0.1,10
1973,1973-08-21,ND,2,0,0,48.37,-99.98,0.1,10
1973,1973-08-27,WY,2,0,0,42.58,-108.85,0.5,200
1973,1973-08-28,NY,2,0,0,43.8,-74.38,2.3,150
1973,1973-08-28,NY,2,1,0,42.9,-73.55,2.3,83
1973,1973-08-28,NY,4,36,4,42.42,-73.42,9.8,313
1973,1973-08-31,CT,2,0,0,41.73,-72.73,0.1,10
1973,1973-09-12,LA,2,3,0,29.83,-91.08,6.2,50
1973,1973-09-14,NC,2,0,0,35.83,-76.75,11.2,300
1973,1973-09-18,NY,2,0,0,40.65,-73.5,1.9,167
1973,1973-09-18,CT,2,0,0,41.6,-72.9,0.1,117
1973,1973-09-21,IA,3,0,0,42.53,-94.23,2.3,143
1973,1973-09-24,OK,3,14,0,36.67,-95.12,20.8,100
1973,1973-09-24,KS,2,0,0,37.95,-95.05,7.2,60
1973,1973-09-25,KS,2,0,0,38.53,-97.82,0.1,10
1973,1973-09-25,KS,3,42,3,38.35,-98.02,169.7,100
1973,1973-09-25,KS,3,2,0,39.05,-97.58,69.9,67
1973,1973-09-25,KS,2,0,0,39.3,-97.6,4.3,67
1973,1973-09-25,KS,3,0,0,37.1,-100.08,5.7,50
1973,1973-09-25,KS,3,0,0,37.62,-99.75,8.8,73
1973,1973-09-25,KS,3,0,0,37.8,-99.3,18.5,60
1973,1973-09-25,KS,3,0,0,37.13,-99.52,58.0,80
1973,1973-09-25,KS,2,0,0,39.73,-98.97,27.9,80
1973,1973-09-25,KS,2,0,0,39.48,-97.33,5.9,67
1973,1973-09-25,IA,2,0,0,41.55,-95.33,0.1,10
1973,1973-09-26,KS,2,0,0,39.35,-97.08,2.5,33
1973,1973-09-26,IA,2,0,0,42.82,-93.8,1.0,100
1973,1973-09-26,IA,2,0,0,43.02,-93.58,1.0,50
1973,1973-09-26,IA,2,0,0,42.97,-93.48,2.0,100
1973,1973-09-27,KS,2,0,0,37.82,-95.03,0.1,10
1973,1973-09-29,KY,2,0,0,39.0,-84.7,0.5,10
1973,1973-09-30,IL,3,0,0,40.23,-90.93,0.1,10
1973,1973-09-01,MN,2,5,0,48.08,-93.97,54.5,100
1973,1973-09-05,LA,2,4,0,31.52,-91.25,27.8,100
1973,1973-09-06,CT,2,0,0,41.8,-72.53,3.3,10
1974,1974-10-10,NM,2,8,1,35.12,-107.07,2.0,100
1974,1974-10-28,TX,2,0,0,33.65,-97.2,3.3,10
1974,1974-10-28,TX,2,0,0,29.52,-94.48,20.5,10
1974,1974-10-28,TX,2,2,0,29.85,-93.98,0.1,10
1974,1974-10-28,TX,2,3,0,30.05,-94.1,16.7,50
1974,1974-10-28,TX,3,7,1,29.7,-95.02,3.3,50
1974,1974-10-28,TX,3,0,1,29.63,-94.37,9.6,67
1974,1974-10-28,TX,2,0,0,30.07,-94.1,0.1,10
1974,1974-10-28,LA,2,12,0,31.15,-93.27,0.2,100
1974,1974-10-28,LA,2,0,0,29.77,-93.47,9.7,50
1974,1974-10-28,LA,2,16,0,31.6,-91.7,8.4,27
1974,1974-10-29,LA,2,0,0,30.03,-90.25,0.2,20
1974,1974-10-29,LA,3,52,2,30.1,-92.68,31.3,200
1974,1974-10-29,LA,3,1,0,30.18,-92.07,7.3,167
1974,1974-10-29,MS,2,0,0,33.5,-89.8,0.2,50
1974,1974-10-30,TX,2,1,0,33.63,-97.15,0.5,40
1974,1974-10-30,TX,2,0,0,33.72,-96.9,0.1,10
1974,1974-10-30,TX,2,0,0,30.68,-97.67,1.8,200
1974,1974-10-31,TX,2,0,0,32.05,-96.68,0.1,10
1974,1974-10-31,TX,2,1,0,33.13,-95.6,4.7,40
1974,1974-10-31,TX,3,4,0,31.62,-95.58,2.0,500
1974,1974-10-31,TX,2,0,0,29.62,-95.17,1.9,167
1974,1974-10-31,TX,2,1,0,29.68,-95.07,4.3,77
1974,1974-11-20,LA,2,0,0,30.63,-90.18,7.1,33
1974,1974-11-05,AL,2,0,0,31.22,-87.47,0.1,10
1974,1974-12-19,AL,3,1,0,31.93,-85.97,0.5,100
1974,1974-12-19,AL,3,0,0,31.72,-85.88,11.3,300
1974,1974-12-07,FL,2,0,0,30.37,-86.65,5.2,100
1974,1974-01-19,TX,3,2,0,31.3,-94.27,0.8,400
1974,1974-01-19,LA,2,0,0,29.95,-91.03,0.3,27
1974,1974-01-20,AL,2,0,0,31.72,-86.12,0.1,30
1974,1974-01-26,AL,3,7,1,33.13,-85.47,21.3,150
1974,1974-01-28,MS,2,0,0,33.73,-90.38,0.1,10
1974,1974-01-28,MS,3,5,0,32.12,-90.72,31.4,100
1974,1974-01-28,MS,2,3,0,33.38,-88.8,3.0,10
1974,1974-01-28,MS,2,1,0,33.43,-89.13,0.1,10
1974,1974-01-28,AL,2,0,0,33.75,-88.28,0.3,30
1974,1974-01-28,AL,3,0,0,33.67,-87.83,0.8,50
1974,1974-01-28,AL,2,0,0,31.17,-85.28,0.3,30
1974,1974-01-30,FL,2,4,1,30.65,-84.42,3.3,100
1974,1974-02-14,MS,2,0,0,32.47,-89.95,0.1,10
1974,1974-02-18,LA,2,0,0,30.97,-91.98,0.5,23
1974,1974-02-21,MS,3,13,0,31.55,-90.2,9.8,200
1974,1974-02-21,MS,3,0,0,31.77,-89.95,14.2,10
1974,1974-02-28,MI,2,0,0,42.1,-83.45,0.1,50
1974,1974-03-20,TX,3,0,0,31.35,-94.82,0.1,10
1974,1974-03-20,TX,2,0,0,31.87,-94.18,0.5,77
1974,1974-03-20,TX,3,9,1,31.52,-94.12,85.2,200
1974,1974-03-20,TX,3,18,0,31.35,-94.0,44.7,77
1974,1974-03-21,TN,2,7,0,35.0,-84.75,0.8,300
1974,1974-03-21,FL,2,1,0,30.33,-82.77,3.6,200
1974,1974-03-29,IL,2,1,0,39.48,-88.4,0.1,10
1974,1974-03-29,KY,2,8,0,37.75,-85.92,1.0,100
1974,1974-03-29,KY,2,2,0,38.03,-84.9,1.0,100
1974,1974-03-29,KY,2,1,0,37.0,-85.08,1.0,100
1974,1974-03-07,KS,2,0,0,38.63,-96.7,108.4,220
1974,1974-04-11,TX,2,0,0,32.77,-96.78,0.3,100
1974,1974-04-12,MS,2,0,0,33.68,-89.75,0.1,10
1974,1974-04-12,WI,2,0,0,45.03,-90.17,0.1,150
1974,1974-04-12,WI,2,1,0,44.83,-89.17,10.7,150
1974,1974-04-12,MI,2,0,0,44.17,-83.93,0.8,100
1974,1974-04-12,IL,2,0,0,40.1,-88.1,12.5,20
1974,1974-04-13,MO,2,0,0,36.87,-94.5,0.5,100
1974,1974-04-13,MO,3,0,0,39.9,-92.27,0.1,50
1974,1974-04-13,TX,2,1,0,31.55,-97.25,0.5,10
1974,1974-04-13,MO,2,0,0,40.28,-91.5,4.3,100
1974,1974-04-13,IL,3,0,0,40.27,-91.48,11.0,700
1974,1974-04-13,IL,2,10,0,40.23,-90.95,19.5,500
1974,1974-04-13,IL,2,0,0,41.2,-90.45,0.1,20
1974,1974-04-13,IL,2,1,0,41.23,-90.42,0.1,17
1974,1974-04-13,MO,2,0,0,36.95,-92.65,2.0,100
1974,1974-04-13,MO,2,2,0,37.02,-92.43,9.2,177
1974,1974-04-13,MO,2,0,0,37.18,-92.0,7.1,150
1974,1974-04-14,MO,2,0,0,38.05,-91.4,6.5,100
1974,1974-04-14,MO,2,0,0,37.77,-90.78,1.5,50
1974,1974-04-14,MI,2,1,0,43.47,-84.58,2.5,30
1974,1974-04-14,PA,2,0,0,41.42,-76.55,12.8,100
1974,1974-04-14,NJ,2,0,0,40.82,-74.83,0.5,100
1974,1974-04-19,TX,2,0,0,35.95,-100.58,5.9,30
1974,1974-04-20,NE,3,6,0,40.95,-99.43,63.5,880
1974,1974-04-20,OK,3,3,0,35.27,-97.93,63.6,100
1974,1974-04-20,NE,2,0,0,41.2,-98.98,46.8,10
1974,1974-04-20,NE,3,0,0,40.1,-97.93,41.6,10
1974,1974-04-20,KS,2,0,0,38.28,-95.23,1.0,200
1974,1974-04-20,OK,3,0,0,34.22,-98.03,6.1,100
1974,1974-04-21,IL,2,0,0,41.37,-90.05,2.0,50
1974,1974-04-21,WI,4,35,0,43.75,-88.83,26.0,200
1974,1974-04-21,WI,3,0,0,43.55,-88.75,22.2,200
1974,1974-04-21,WI,2,0,0,45.28,-88.07,2.7,200
1974,1974-04-21,WI,3,18,2,43.5,-88.75,58.6,200
1974,1974-04-21,TX,2,0,0,33.58,-95.45,0.3,10
1974,1974-04-21,TX,2,6,0,33.67,-95.38,1.0,10
1974,1974-04-21,TX,2,0,0,32.73,-96.28,1.0,200
1974,1974-04-22,MS,2,3,0,33.17,-90.87,22.4,10
1974,1974-04-22,AL,2,0,0,32.63,-87.32,2.0,800
1974,1974-04-22,MS,2,0,0,31.67,-89.4,0.1,10
1974,1974-04-26,TX,2,12,0,31.42,-103.48,0.5,110
1974,1974-04-26,NE,3,4,0,41.33,-99.62,5.6,10
1974,1974-04-26,NE,3,3,0,41.2,-99.3,6.1,10
1974,1974-04-28,IA,2,16,0,41.63,-91.35,2.3,100
1974,1974-04-01,MS,2,0,0,33.85,-90.72,0.1,10
1974,1974-04-01,IL,3,0,0,38.72,-87.73,3.3,200
1974,1974-04-01,IN,2,0,0,40.42,-86.87,1.5,77
1974,1974-04-01,AL,2,6,0,33.43,-87.83,16.3,800
1974,1974-04-01,IN,2,0,0,39.8,-85.52,1.0,50
1974,1974-04-01,MS,2,0,0,33.67,-89.92,0.1,10
1974,1974-04-01,KY,3,20,1,38.5,-85.23,3.3,300
1974,1974-04-01,TN,2,12,1,36.12,-86.85,10.9,440
1974,1974-04-01,MS,2,0,0,33.1,-89.9,0.1,10
1974,1974-04-01,MS,2,0,0,33.8,-89.3,5.1,10
1974,1974-04-01,AL,2,11,0,33.88,-86.77,16.9,800
1974,1974-04-01,AL,3,6,1,34.7,-86.72,8.4,800
1974,1974-04-02,AL,2,0,0,32.88,-85.23,0.1,10
1974,1974-04-03,IN,2,0,0,40.03,-86.3,0.1,50
1974,1974-04-03,GA,2,5,0,34.68,-84.5,15.6,200
1974,1974-04-03,TN,3,100,1,35.1,-84.92,18.1,350
1974,1974-04-03,IN,5,86,6,38.07,-86.75,68.0,10
1974,1974-04-03,OH,5,1150,36,39.63,-84.05,31.3,533
1974,1974-04-03,IN,3,26,1,38.77,-86.3,35.8,177
1974,1974-04-03,IL,3,26,1,39.72,-89.13,20.9,350
1974,1974-04-03,IL,3,0,0,40.52,-88.62,7.4,350
1974,1974-04-03,IN,3,25,1,39.58,-85.87,20.7,440
1974,1974-04-03,TN,2,2,0,35.78,-83.92,0.5,50
1974,1974-04-03,IN,4,17,0,39.75,-85.65,18.9,10
1974,1974-04-03,IN,4,17,4,39.13,-85.72,35.6,1200
1974,1974-04-03,IN,4,190,11,38.55,-85.75,35.6,1200
1974,1974-04-03,KY,5,270,31,37.73,-86.53,32.0,440
1974,1974-04-03,IN,4,12,1,40.05,-85.27,18.0,1400
1974,1974-04-03,IN,4,104,0,38.77,-85.27,27.1,1133
1974,1974-04-03,IL,3,0,1,39.98,-88.23,5.9,70
1974,1974-04-03,OH,2,0,0,39.83,-83.57,15.7,180
1974,1974-04-03,IL,3,0,0,39.95,-88.07,14.9,350
1974,1974-04-03,KY,4,2,0,37.42,-86.57,14.0,150
1974,1974-04-03,IN,5,210,3,38.97,-84.88,20.8,533
1974,1974-04-03,IL,2,12,0,40.25,-87.63,7.8,177
1974,1974-04-03,OH,4,39,2,39.18,-84.48,19.8,350
1974,1974-04-03,AL,2,0,0,33.45,-87.05,1.0,800
1974,1974-04-03,IN,3,0,0,40.28,-87.48,25.9,700
1974,1974-04-03,KY,4,225,3,38.2,-85.75,18.5,10
1974,1974-04-03,IN,4,285,18,40.5,-87.13,108.7,1760
1974,1974-04-03,KY,4,81,3,37.72,-85.9,37.9,10
1974,1974-04-03,KY,3,57,3,36.72,-86.53,31.1,10
1974,1974-04-03,OH,2,9,0,39.38,-84.23,9.8,177
1974,1974-04-03,TN,2,2,0,35.67,-84.17,0.1,100
1974,1974-04-03,TN,2,0,0,35.52,-84.35,1.0,200
1974,1974-04-03,MS,3,1,0,31.55,-89.18,12.0,100
1974,1974-04-03,OH,2,0,0,40.08,-82.85,5.1,90
1974,1974-04-03,TN,3,50,3,35.18,-84.87,21.2,500
1974,1974-04-03,TN,2,0,0,36.13,-86.73,4.7,400
1974,1974-04-03,GA,4,67,9,34.5,-85.05,29.5,200
1974,1974-04-03,KY,4,56,0,37.22,-85.47,20.2,10
1974,1974-04-03,KY,4,122,4,38.05,-85.07,79.4,10
1974,1974-04-03,AL,2,20,1,33.55,-85.47,65.9,150
1974,1974-04-03,TN,2,0,0,36.27,-86.2,15.8,300
1974,1974-04-03,TN,3,0,0,35.83,-86.43,15.9,100
1974,1974-04-03,AL,5,267,28,34.47,-87.48,52.0,500
1974,1974-04-03,OH,2,0,0,41.03,-84.4,9.2,350
1974,1974-04-03,AL,2,4,0,34.33,-87.73,12.8,350
1974,1974-04-03,KY,3,98,1,37.43,-84.92,21.1,10
1974,1974-04-03,AL,4,178,3,33.27,-88.2,110.6,500
1974,1974-04-03,KY,4,113,10,36.65,-85.37,38.4,10
1974,1974-04-03,IN,2,12,0,40.38,-85.97,19.2,350
1974,1974-04-03,IN,3,53,5,41.42,-85.47,36.2,1000
1974,1974-04-03,KY,3,27,0,38.33,-84.43,19.3,10
1974,1974-04-03,OH,3,0,1,38.82,-83.6,15.5,500
1974,1974-04-03,AL,3,9,0,34.05,-85.82,20.9,100
1974,1974-04-03,NC,2,11,2,35.27,-83.98,24.1,10
1974,1974-04-03,KY,3,5,0,36.85,-84.97,18.0,10
1974,1974-04-03,IN,2,0,0,40.67,-85.5,11.5,350
1974,1974-04-03,KY,2,10,0,37.68,-84.93,16.2,10
1974,1974-04-03,TN,2,11,0,36.52,-84.87,27.4,400
1974,1974-04-03,IN,2,0,0,40.73,-85.25,14.4,177
1974,1974-04-03,KY,4,28,7,37.72,-84.5,31.9,10
1974,1974-04-03,MI,2,0,0,42.03,-83.25,2.0,30
1974,1974-04-03,GA,4,30,6,34.37,-84.33,17.7,200
1974,1974-04-03,KY,2,0,0,37.83,-84.43,4.7,10
1974,1974-04-03,TN,3,23,1,35.92,-86.05,14.6,100
1974,1974-04-03,AL,5,190,16,34.7,-87.05,83.3,500
1974,1974-04-03,MI,2,31,2,41.92,-84.65,19.3,440
1974,1974-04-03,OH,3,1,0,41.05,-84.45,8.7,177
1974,1974-04-03,TN,4,121,11,35.0,-86.5,27.5,800
1974,1974-04-03,KY,3,40,7,37.03,-84.4,22.3,10
1974,1974-04-03,KY,3,2,0,37.98,-83.88,4.9,10
1974,1974-04-03,MI,2,5,0,41.72,-84.42,9.9,10
1974,1974-04-03,MI,2,5,0,41.75,-84.42,5.4,167
1974,1974-04-03,KY,2,20,0,38.23,-84.65,10.0,10
1974,1974-04-03,TN,4,51,10,36.03,-85.57,28.4,700
1974,1974-04-03,GA,4,26,4,34.95,-84.3,24.0,400
1974,1974-04-03,TN,4,6,5,36.52,-85.08,11.0,300
1974,1974-04-03,AL,5,272,28,33.83,-88.13,79.5,500
1974,1974-04-03,KY,3,45,2,36.78,-84.7,13.9,10
1974,1974-04-03,TN,4,150,7,36.25,-85.08,18.8,200
1974,1974-04-03,KY,2,22,0,36.97,-84.12,19.8,10
1974,1974-04-03,MI,3,3,0,41.8,-83.52,0.3,30
1974,1974-04-03,GA,2,0,0,34.97,-83.38,0.3,20
1974,1974-04-03,TN,3,1,0,35.25,-86.0,7.1,100
1974,1974-04-03,TN,2,1,1,35.52,-85.77,8.7,100
1974,1974-04-03,KY,4,0,0,36.63,-84.78,16.1,10
1974,1974-04-03,AL,3,7,2,34.53,-86.9,46.5,700
1974,1974-04-03,KY,2,0,0,36.8,-84.43,8.0,10
1974,1974-04-03,KY,3,0,0,37.02,-84.87,28.8,10
1974,1974-04-03,TN,3,120,3,36.35,-85.38,9.4,400
1974,1974-04-03,TN,3,11,0,36.25,-84.67,12.2,350
1974,1974-04-03,TN,3,21,0,36.48,-84.6,13.0,400
1974,1974-04-03,TN,2,28,0,35.93,-85.33,16.2,300
1974,1974-04-04,WV,3,12,0,37.67,-81.27,9.2,10
1974,1974-04-04,WV,3,11,1,37.8,-81.02,32.2,10
1974,1974-04-04,VA,3,4,1,36.85,-81.92,8.4,177
1974,1974-04-04,VA,2,0,0,37.3,-80.03,6.5,177
1974,1974-04-04,NC,2,0,0,35.82,-81.53,5.7,10
1974,1974-04-08,TN,3,1,0,35.43,-84.62,2.0,440
1974,1974-04-08,AL,2,0,0,31.4,-85.13,0.1,10
1974,1974-04-08,SC,3,0,0,34.42,-82.75,1.0,100
1974,1974-05-10,NE,2,0,0,40.03,-98.1,1.0,233
1974,1974-05-11,MI,3,0,1,42.42,-84.0,0.9,60
1974,1974-05-12,GA,2,7,2,31.93,-81.93,9.4,100
1974,1974-05-12,GA,2,2,0,31.83,-81.7,0.6,40
1974,1974-05-12,FL,2,1,0,30.28,-82.12,17.5,33
1974,1974-05-12,FL,2,2,0,30.08,-81.68,4.3,100
1974,1974-05-12,VA,2,0,0,37.18,-78.2,0.1,10
1974,1974-05-13,IA,3,0,0,41.13,-95.07,10.9,20
1974,1974-05-13,KS,2,2,0,37.95,-98.07,49.8,100
1974,1974-05-13,KS,2,2,0,38.1,-97.85,51.7,100
1974,1974-05-13,IA,3,0,0,41.62,-90.6,3.6,100
1974,1974-05-13,IA,2,0,0,41.0,-91.15,1.0,50
1974,1974-05-14,OK,2,0,0,34.83,-94.75,1.0,77
1974,1974-05-14,MO,2,0,0,37.63,-89.63,1.0,177
1974,1974-05-14,TX,3,0,0,33.53,-96.85,2.0,33
1974,1974-05-14,TX,2,0,0,32.7,-97.5,0.3,100
1974,1974-05-16,IL,2,0,0,41.33,-90.55,9.2,100
1974,1974-05-19,SD,2,0,0,44.27,-101.32,2.7,10
1974,1974-05-19,SD,2,0,0,44.35,-101.02,5.6,10
1974,1974-05-20,ND,3,0,0,46.53,-98.47,17.3,10
1974,1974-05-20,ND,2,0,0,47.93,-99.42,3.8,10
1974,1974-05-25,OK,2,0,0,33.9,-96.38,8.5,1500
1974,1974-05-25,TX,2,0,0,33.5,-95.38,0.1,10
1974,1974-05-26,ND,2,0,0,46.48,-100.13,1.0,10
1974,1974-05-27,NC,2,0,0,34.93,-76.28,2.8,350
1974,1974-05-28,IA,3,3,0,43.33,-93.22,3.8,150
1974,1974-05-30,IL,2,12,0,40.07,-91.37,15.8,200
1974,1974-05-30,KS,2,1,0,38.13,-96.57,25.1,167
1974,1974-05-30,IL,2,0,0,39.08,-87.62,0.1,10
1974,1974-05-30,IN,2,0,0,38.67,-86.78,2.0,50
1974,1974-05-31,LA,2,0,0,30.2,-93.4,5.1,50
1974,1974-05-02,AL,2,0,0,34.15,-86.22,2.0,400
1974,1974-05-03,TX,2,0,0,33.67,-95.38,0.1,10
1974,1974-05-04,AR,2,0,0,33.33,-93.77,0.3,300
1974,1974-06-10,MI,2,0,0,44.47,-84.73,0.3,50
1974,1974-06-10,KS,2,0,0,37.52,-98.9,1.0,50
1974,1974-06-14,IL,3,2,0,41.38,-90.67,48.6,440
1974,1974-06-15,MI,2,0,0,42.65,-82.97,2.0,20
1974,1974-06-15,MS,2,0,0,33.73,-90.8,0.1,10
1974,1974-06-16,NY,3,0,0,42.25,-73.83,49.1,67
1974,1974-06-16,NY,2,0,0,41.5,-74.5,2.0,67
1974,1974-06-18,IA,2,0,0,41.95,-93.68,2.0,200
1974,1974-06-18,IA,4,50,2,41.73,-93.62,15.3,400
1974,1974-06-19,IL,2,0,0,40.9,-89.03,1.0,20
1974,1974-06-20,IA,3,20,1,41.98,-90.27,10.6,200
1974,1974-06-20,IN,3,5,0,41.28,-87.42,4.5,150
1974,1974-06-20,MI,2,0,0,42.73,-85.98,5.7,20
1974,1974-06-20,MI,2,0,0,42.05,-86.3,0.8,100
1974,1974-06-21,KS,3,2,0,37.2,-100.7,2.7,30
1974,1974-06-22,IA,2,0,0,42.3,-93.65,0.1,100
1974,1974-06-22,IL,2,0,0,40.65,-89.18,0.8,100
1974,1974-06-22,IL,2,0,0,37.55,-89.0,0.1,10
1974,1974-06-01,NC,2,1,0,34.93,-77.78,0.1,10
1974,1974-06-01,NC,2,0,0,34.82,-78.05,0.1,10
1974,1974-06-04,TX,2,0,0,33.1,-98.6,1.0,467
1974,1974-06-04,ND,2,0,0,48.25,-101.57,0.3,200
1974,1974-06-04,ND,2,6,0,48.73,-100.48,11.4,400
1974,1974-06-05,KS,2,0,0,39.0,-99.7,17.7,70
1974,1974-06-06,AR,3,112,4,34.98,-90.78,3.8,150
1974,1974-06-06,IL,2,0,0,39.83,-88.28,3.3,10
1974,1974-06-06,OK,2,0,0,34.3,-96.0,3.8,100
1974,1974-06-06,AR,3,0,0,35.67,-93.53,11.7,300
1974,1974-06-07,TX,2,1,0,33.22,-96.22,1.0,100
1974,1974-06-07,TX,2,0,0,33.15,-95.95,0.1,10
1974,1974-06-07,IN,2,0,0,39.95,-86.22,8.0,100
1974,1974-06-07,LA,2,0,0,31.8,-91.83,6.5,40
1974,1974-06-07,LA,2,0,0,32.25,-91.57,1.0,33
1974,1974-06-07,MI,2,1,0,44.23,-85.47,1.2,70
1974,1974-06-08,OK,3,14,0,35.4,-97.6,8.9,250
1974,1974-06-08,OK,2,0,0,35.52,-97.37,4.5,50
1974,1974-06-08,OK,3,0,0,35.55,-97.35,10.2,600
1974,1974-06-08,OK,3,0,0,35.48,-97.3,9.0,127
1974,1974-06-08,OK,4,150,14,35.95,-96.65,29.0,400
1974,1974-06-08,OK,3,8,0,35.68,-96.8,6.8,1300
1974,1974-06-08,OK,2,0,0,35.77,-96.68,0.1,1500
1974,1974-06-08,OK,3,0,0,35.62,-96.73,2.5,350
1974,1974-06-08,OK,2,0,0,35.87,-96.4,4.3,100
1974,1974-06-08,OK,2,0,0,36.33,-95.88,5.4,60
1974,1974-06-08,OK,2,0,0,35.3,-96.78,11.8,450
1974,1974-06-08,OK,3,80,2,35.98,-96.0,63.6,100
1974,1974-06-08,OK,3,42,0,36.0,-96.1,48.9,100
1974,1974-06-08,KS,4,177,6,38.42,-96.22,37.5,1760
1974,1974-06-08,OK,3,0,0,35.4,-96.68,29.9,1300
1974,1974-06-08,OK,2,0,0,35.33,-97.15,2.0,800
1974,1974-06-08,OK,2,0,0,35.92,-96.12,14.4,100
1974,1974-06-08,OK,3,0,0,36.37,-94.9,2.7,150
1974,1974-06-08,OK,2,0,0,36.6,-95.0,3.8,100
1974,1974-06-09,LA,2,0,0,32.9,-93.45,4.5,100
1974,1974-06-09,IA,2,0,0,43.08,-94.02,0.1,10
1974,1974-06-09,MI,2,2,0,43.7,-85.48,1.5,100
1974,1974-07-11,ND,3,0,0,48.33,-102.85,0.1,10
1974,1974-07-11,ND,2,0,0,47.68,-99.2,0.1,10
1974,1974-07-13,MN,2,0,0,46.32,-96.07,6.4,500
1974,1974-07-14,MI,2,0,0,42.35,-83.45,1.5,27
1974,1974-07-14,MI,3,0,0,43.05,-83.55,1.0,33
1974,1974-07-14,TX,2,0,0,29.78,-95.57,0.8,880
1974,1974-07-16,MS,2,0,0,34.07,-90.6,0.5,50
1974,1974-07-20,ND,2,0,0,47.5,-97.32,0.1,10
1974,1974-07-02,SD,2,0,0,43.13,-100.92,18.5,100
1974,1974-07-03,MI,3,2,0,45.08,-85.1,11.9,67
1974,1974-07-04,MI,2,0,0,43.68,-83.25,5.7,33
1974,1974-08-10,IL,2,0,0,39.15,-89.65,2.7,20
1974,1974-08-10,IL,3,0,0,39.1,-88.33,0.1,10
1974,1974-08-10,IL,2,0,0,39.58,-88.17,0.1,10
1974,1974-08-10,IL,3,0,0,39.55,-88.18,0.1,10
1974,1974-08-11,NM,2,0,0,33.22,-104.53,0.1,10
1974,1974-08-12,IA,4,12,0,42.35,-91.48,5.0,400
1974,1974-08-12,IA,4,2,0,41.75,-92.18,2.0,100
1974,1974-08-14,ND,2,0,0,47.15,-98.57,11.3,10
1974,1974-08-14,ND,2,0,0,47.18,-98.17,0.1,10
1974,1974-08-15,CO,3,0,0,40.68,-103.17,2.0,150
1974,1974-08-17,PA,2,0,0,39.95,-76.1,0.7,33
1974,1974-08-19,ND,2,0,0,46.5,-100.08,0.1,10
1974,1974-08-19,ND,2,2,0,46.58,-99.77,0.1,10
1974,1974-08-19,ND,3,3,0,46.28,-99.35,0.1,10
1974,1974-08-19,ND,2,0,0,46.3,-98.93,0.1,10
1974,1974-08-19,ND,2,0,0,46.37,-99.1,0.1,10
1974,1974-08-19,ND,2,0,0,46.37,-98.73,0.1,10
1974,1974-08-29,TX,2,0,0,29.78,-95.53,1.0,67
1974,1974-08-30,KS,2,0,0,38.73,-98.92,4.7,67
1974,1974-08-30,KS,2,0,0,38.35,-99.25,7.7,200
1974,1974-09-12,IL,2,0,0,41.18,-89.17,0.3,600
1974,1974-09-12,IL,2,0,0,41.28,-89.07,0.1,10
1974,1974-09-13,TX,3,2,0,29.58,-95.75,3.6,73
1974,1974-09-17,MI,2,0,0,43.02,-83.63,0.8,10
1974,1974-09-29,MA,3,1,0,42.6,-71.23,0.1,33
1975,1975-10-11,PA,2,0,0,40.28,-76.48,17.5,33
1975,1975-10-23,TX,2,0,0,30.53,-95.05,6.4,100
1975,1975-10-24,TX,2,0,0,32.13,-96.95,0.1,10
1975,1975-11-10,IL,2,0,0,40.37,-87.83,0.1,10
1975,1975-11-10,OH,2,0,0,40.9,-83.55,0.3,30
1975,1975-11-12,SC,2,4,0,34.67,-81.87,0.7,50
1975,1975-11-12,SC,2,7,0,34.0,-81.02,2.0,50
1975,1975-11-19,OK,2,0,0,36.7,-101.5,0.3,270
1975,1975-11-19,OK,2,0,0,34.7,-96.75,2.5,50
1975,1975-11-19,TX,2,0,0,32.87,-95.17,0.1,10
1975,1975-11-29,IL,2,0,0,40.25,-90.02,18.6,10
1975,1975-11-30,IL,2,0,0,39.83,-88.97,5.9,10
1975,1975-11-09,IA,3,0,0,42.2,-92.47,39.4,10
1975,1975-11-09,IA,2,3,0,40.88,-92.12,8.8,10
1975,1975-11-09,IA,2,0,0,41.25,-91.62,0.1,10
1975,1975-11-09,IA,2,4,0,41.9,-90.88,13.6,200
1975,1975-12-13,NE,2,0,0,40.03,-97.58,8.0,60
1975,1975-12-13,NE,2,0,0,40.22,-96.23,1.0,50
1975,1975-12-24,TX,3,0,0,29.02,-96.5,1.0,440
1975,1975-12-31,FL,3,26,1,29.08,-82.17,2.0,200
1975,1975-12-05,OK,3,0,0,35.67,-95.97,27.0,50
1975,1975-12-05,OK,2,0,0,35.9,-95.88,2.0,100
1975,1975-12-05,OK,3,38,0,36.15,-95.97,1.5,700
1975,1975-12-05,OK,2,3,0,34.88,-95.33,2.3,350
1975,1975-01-10,TX,2,0,0,33.03,-94.73,0.3,213
1975,1975-01-10,TX,2,0,0,33.47,-94.27,4.0,107
1975,1975-01-10,MS,4,210,9,31.18,-90.53,56.5,200
1975,1975-01-10,MS,2,1,0,32.32,-90.35,15.0,50
1975,1975-01-10,MS,2,0,0,32.22,-90.03,4.5,77
1975,1975-01-10,IL,2,0,0,37.82,-88.53,2.0,587
1975,1975-01-10,MS,2,0,0,30.5,-88.5,0.1,70
1975,1975-01-10,AL,2,4,0,33.63,-87.05,2.0,100
1975,1975-01-10,AL,3,60,1,33.55,-86.32,18.8,150
1975,1975-01-10,AL,2,0,0,32.3,-86.4,2.0,100
1975,1975-01-10,AL,2,9,0,32.3,-85.68,1.0,100
1975,1975-01-10,AL,2,0,0,32.6,-85.23,0.1,10
1975,1975-01-10,NC,2,0,0,35.15,-82.83,4.3,20
1975,1975-01-12,FL,2,33,1,30.17,-85.7,168.5,100
1975,1975-01-12,GA,2,1,0,32.2,-82.32,2.0,100
1975,1975-01-25,VA,2,2,0,36.78,-81.77,3.2,30
1975,1975-01-09,LA,2,6,0,32.45,-91.3,18.0,50
1975,1975-02-16,AL,2,0,0,30.87,-87.77,1.0,200
1975,1975-02-18,GA,3,50,2,32.55,-83.93,9.7,300
1975,1975-02-18,SC,2,5,0,33.37,-81.42,3.3,67
1975,1975-02-22,OK,2,8,2,34.62,-99.35,5.2,100
1975,1975-02-22,OK,2,2,1,34.67,-98.97,4.5,77
1975,1975-02-22,OK,2,2,0,34.45,-97.98,5.4,70
1975,1975-02-22,OK,2,4,0,34.5,-98.0,6.1,70
1975,1975-02-22,OK,2,14,0,34.83,-97.62,3.3,60
1975,1975-02-22,AR,2,4,0,35.08,-93.25,26.2,80
1975,1975-02-22,AR,2,0,0,35.27,-92.27,13.4,30
1975,1975-02-22,AR,3,22,1,34.67,-92.38,14.4,80
1975,1975-02-22,MS,2,3,0,34.55,-90.48,5.2,100
1975,1975-02-22,MS,3,2,0,34.45,-89.3,26.3,200
1975,1975-02-23,MS,2,0,0,32.78,-88.97,0.5,33
1975,1975-02-23,AL,2,0,0,34.07,-87.0,1.0,100
1975,1975-02-23,AL,2,1,0,34.22,-87.05,2.0,200
1975,1975-02-23,AL,4,49,1,33.08,-87.6,14.4,500
1975,1975-02-06,FL,2,4,0,30.0,-83.2,22.9,100
1975,1975-03-12,MS,2,5,0,34.07,-90.43,1.0,50
1975,1975-03-12,MS,2,0,0,34.37,-90.0,2.5,70
1975,1975-03-12,MS,2,7,0,34.0,-90.05,1.0,100
1975,1975-03-12,MS,2,0,0,33.97,-89.75,1.0,60
1975,1975-03-12,MS,2,0,0,34.53,-89.0,12.3,50
1975,1975-03-12,MS,2,0,0,34.07,-89.4,8.5,60
1975,1975-03-12,MS,2,1,0,34.0,-88.75,16.8,60
1975,1975-03-13,GA,2,5,0,32.2,-83.9,8.6,200
1975,1975-03-14,GA,2,7,0,32.77,-82.8,6.0,100
1975,1975-03-14,NC,2,20,0,34.97,-78.07,32.6,100
1975,1975-03-17,TX,2,0,0,32.27,-98.93,8.5,10
1975,1975-03-18,LA,2,2,0,30.03,-91.93,4.1,50
1975,1975-03-18,FL,2,0,0,29.92,-81.33,1.0,100
1975,1975-03-23,IL,2,2,0,41.07,-90.18,1.0,80
1975,1975-03-23,LA,2,0,0,32.68,-91.2,0.1,50
1975,1975-03-23,MS,3,0,0,34.42,-88.72,17.2,100
1975,1975-03-23,MS,2,0,0,33.6,-88.33,4.5,150
1975,1975-03-24,GA,3,152,3,33.77,-84.53,14.8,500
1975,1975-03-24,NC,2,1,0,34.98,-80.37,30.6,100
1975,1975-03-26,TX,3,42,2,35.43,-100.82,1.0,220
1975,1975-03-27,NE,2,4,0,41.25,-96.07,0.5,300
1975,1975-03-27,TX,2,2,0,33.47,-97.17,2.0,320
1975,1975-03-28,AR,4,51,7,33.55,-92.12,5.4,250
1975,1975-03-29,MS,2,0,0,34.28,-88.23,1.5,73
1975,1975-03-07,MO,2,4,0,38.5,-90.3,0.1,20
1975,1975-04-18,IL,3,1,0,38.25,-90.0,2.0,30
1975,1975-04-18,IN,2,2,0,39.18,-86.7,3.6,50
1975,1975-04-19,MI,2,14,0,44.77,-84.77,1.5,77
1975,1975-04-22,NE,2,0,0,40.85,-100.05,1.1,20
1975,1975-04-23,MO,4,3,1,39.7,-93.97,11.4,400
1975,1975-04-23,MO,3,2,0,39.73,-93.35,14.0,500
1975,1975-04-23,MO,4,4,1,39.68,-92.67,28.2,1700
1975,1975-04-23,MO,2,0,0,39.62,-91.53,7.3,10
1975,1975-04-24,TN,2,4,1,36.05,-85.2,1.5,440
1975,1975-04-24,WV,2,0,0,37.78,-80.47,6.0,67
1975,1975-04-24,OK,2,3,0,36.8,-95.15,5.2,77
1975,1975-04-24,MO,4,22,3,36.83,-94.58,11.9,500
1975,1975-04-25,AR,2,0,0,35.33,-90.25,0.1,40
1975,1975-04-25,VA,2,0,0,37.83,-76.63,0.1,10
1975,1975-04-27,NE,2,0,0,40.17,-97.57,0.3,20
1975,1975-04-29,TX,3,5,3,29.07,-99.18,8.3,500
1975,1975-04-29,TX,2,0,0,30.87,-97.0,26.3,200
1975,1975-04-29,TX,2,0,0,32.67,-95.48,0.1,10
1975,1975-04-29,TX,2,0,0,33.5,-94.62,0.1,10
1975,1975-04-29,LA,2,8,2,30.93,-93.18,14.8,50
1975,1975-04-29,LA,2,3,0,31.15,-92.5,2.0,50
1975,1975-04-30,LA,2,3,0,32.47,-91.65,5.1,50
1975,1975-04-30,LA,2,0,0,32.5,-91.58,0.1,50
1975,1975-04-30,LA,2,5,0,32.0,-91.9,43.3,77
1975,1975-04-30,LA,2,0,0,32.83,-91.18,0.5,27
1975,1975-04-30,LA,2,1,0,30.03,-91.88,7.1,50
1975,1975-04-30,AR,2,0,0,35.98,-91.02,0.5,20
1975,1975-04-30,AR,2,0,0,34.87,-92.48,0.5,20
1975,1975-04-30,AR,2,0,0,35.9,-89.97,1.0,30
1975,1975-04-02,IN,2,0,0,40.2,-86.37,0.2,50
1975,1975-04-02,OH,2,3,0,39.48,-84.12,1.0,50
1975,1975-04-03,PA,2,0,0,40.03,-75.67,3.0,20
1975,1975-04-07,TX,2,1,0,32.35,-97.4,0.2,27
1975,1975-05-10,CO,3,0,0,40.25,-103.37,8.0,440
1975,1975-05-10,CO,2,0,0,38.77,-102.75,21.9,440
1975,1975-05-12,CO,2,0,0,38.5,-102.97,11.1,440
1975,1975-05-13,OK,2,0,0,35.4,-97.5,2.0,50
1975,1975-05-13,TX,3,5,2,31.83,-99.43,0.1,27
1975,1975-05-14,TX,2,1,0,32.97,-97.35,0.5,100
1975,1975-05-18,NC,2,0,0,35.38,-81.83,0.1,10
1975,1975-05-18,CO,3,0,0,39.8,-104.73,4.1,440
1975,1975-05-19,TX,2,0,0,29.22,-99.8,0.1,10
1975,1975-05-20,IL,2,1,0,41.2,-88.32,2.0,50
1975,1975-05-20,MI,2,1,0,42.82,-85.73,2.3,10
1975,1975-05-20,IL,2,0,0,39.48,-90.4,0.1,10
1975,1975-05-21,MI,2,0,0,44.02,-84.52,1.6,10
1975,1975-05-21,MI,2,0,0,43.05,-82.95,0.1,20
1975,1975-05-21,MI,2,0,0,41.92,-85.0,0.8,10
1975,1975-05-22,CO,2,0,0,38.05,-103.28,2.0,220
1975,1975-05-22,IA,2,0,0,42.47,-96.37,0.1,10
1975,1975-05-24,IL,2,0,0,40.68,-87.7,0.1,10
1975,1975-05-24,ND,2,5,0,47.27,-101.78,33.7,50
1975,1975-05-25,MI,2,1,0,42.17,-83.6,0.1,10
1975,1975-05-27,NM,2,0,0,34.67,-106.8,0.1,10
1975,1975-05-27,CO,2,0,0,39.62,-102.42,12.6,200
1975,1975-05-27,KS,3,0,0,38.53,-98.63,0.5,20
1975,1975-05-29,TX,2,0,0,32.82,-97.8,0.1,10
1975,1975-05-29,TX,2,0,0,33.0,-97.48,0.1,10
1975,1975-05-29,MS,2,0,0,34.62,-89.95,0.1,13
1975,1975-05-30,IL,2,0,0,40.6,-89.13,4.3,100
1975,1975-05-02,OK,3,0,0,35.2,-99.08,4.7,150
1975,1975-05-03,MS,2,0,0,32.35,-90.78,7.4,440
1975,1975-05-03,GA,2,2,0,32.48,-81.27,5.4,50
1975,1975-05-06,LA,2,2,0,32.67,-91.47,5.6,33
1975,1975-05-06,NE,4,0,0,42.2,-97.57,4.1,300
1975,1975-05-06,NE,3,0,0,42.17,-97.47,44.8,90
1975,1975-05-06,NE,3,1,0,41.97,-97.2,15.9,167
1975,1975-05-06,NE,4,133,3,41.17,-96.07,8.0,267
1975,1975-05-06,IA,2,0,0,41.4,-95.85,12.8,500
1975,1975-05-06,IA,2,0,0,41.47,-95.87,10.6,10
1975,1975-05-07,MS,2,0,0,31.4,-89.38,5.4,150
1975,1975-05-07,TX,2,0,0,30.72,-98.37,0.1,10
1975,1975-05-07,IA,2,0,0,41.82,-95.5,0.1,10
1975,1975-05-07,TX,2,2,0,31.08,-97.62,0.1,10
1975,1975-05-07,IA,2,0,0,41.65,-95.22,9.9,10
1975,1975-05-07,IA,2,0,0,40.82,-93.83,0.1,10
1975,1975-05-07,IA,2,0,0,41.03,-93.78,10.0,10
1975,1975-05-07,LA,2,0,0,31.33,-93.67,0.1,10
1975,1975-05-08,LA,2,2,0,30.23,-92.82,1.0,100
1975,1975-05-08,LA,2,0,0,30.17,-92.48,0.5,50
1975,1975-05-08,LA,2,0,0,30.42,-91.18,6.2,50
1975,1975-05-08,LA,2,0,0,30.75,-90.75,0.1,10
1975,1975-05-09,LA,2,0,0,30.22,-92.37,11.1,50
1975,1975-05-09,LA,2,0,0,30.43,-92.3,2.0,27
1975,1975-06-10,LA,2,0,0,32.2,-91.57,2.0,50
1975,1975-06-10,LA,2,0,0,32.43,-91.4,4.1,33
1975,1975-06-13,OK,3,8,0,36.12,-97.12,5.1,440
1975,1975-06-13,OK,2,0,0,35.85,-96.82,1.5,200
1975,1975-06-13,OK,2,3,0,35.82,-96.78,1.5,200
1975,1975-06-13,IL,3,0,0,40.68,-90.25,6.6,1300
1975,1975-06-14,IL,2,0,0,41.17,-89.55,0.1,10
1975,1975-06-14,IL,2,0,0,41.22,-89.15,1.0,167
1975,1975-06-15,NE,3,0,0,41.35,-97.95,63.2,200
1975,1975-06-17,IL,2,0,0,42.08,-88.0,1.5,20
1975,1975-06-17,MI,2,0,1,43.43,-85.77,1.5,60
1975,1975-06-18,IA,2,0,0,41.37,-93.5,0.1,10
1975,1975-06-18,IA,2,0,0,40.67,-95.23,0.1,10
1975,1975-06-18,IL,2,1,0,42.05,-88.85,4.7,27
1975,1975-06-18,NE,3,0,0,40.37,-100.37,15.0,10
1975,1975-06-18,NE,3,0,0,40.55,-100.35,21.9,10
1975,1975-06-18,NE,2,0,0,40.72,-100.23,21.8,10
1975,1975-06-18,NE,3,0,0,40.95,-100.18,9.4,10
1975,1975-06-18,NE,3,3,1,41.07,-100.17,28.4,10
1975,1975-06-18,NE,4,0,0,41.35,-100.22,15.2,10
1975,1975-06-19,ND,2,0,0,46.23,-97.65,0.3,10
1975,1975-06-20,CO,2,0,0,39.18,-107.23,0.5,100
1975,1975-06-21,NE,2,0,0,42.45,-97.9,0.5,50
1975,1975-06-23,MT,2,1,0,46.17,-114.35,0.1,10
1975,1975-06-25,WY,2,1,0,44.3,-105.5,16.3,67
1975,1975-06-25,MT,2,0,0,48.5,-106.22,0.1,10
1975,1975-06-25,MT,2,0,0,48.27,-106.03,0.1,10
1975,1975-06-25,WY,3,0,0,44.23,-104.35,11.5,440
1975,1975-06-25,MT,2,0,0,46.27,-105.63,0.1,10
1975,1975-06-25,NE,2,0,0,42.03,-102.95,16.2,30
1975,1975-06-25,MT,2,0,0,47.95,-104.18,0.1,10
1975,1975-06-27,MT,2,0,0,47.23,-104.73,0.1,10
1975,1975-06-28,MN,4,0,0,46.87,-96.73,5.4,1320
1975,1975-06-28,MN,3,0,0,46.87,-96.58,2.3,1760
1975,1975-06-29,ND,4,4,1,46.53,-102.97,68.0,880
1975,1975-06-30,MT,2,0,0,47.05,-111.3,0.1,10
1975,1975-06-02,NE,2,0,0,40.67,-98.55,35.5,300
1975,1975-06-02,NE,2,0,0,40.12,-96.67,0.2,27
1975,1975-06-04,IA,2,0,0,43.03,-95.15,0.1,10
1975,1975-06-04,IA,2,0,0,42.85,-92.72,0.1,10
1975,1975-06-04,PA,2,0,0,40.58,-80.22,45.3,30
1975,1975-06-04,WI,3,0,0,43.23,-89.23,2.3,33
1975,1975-06-05,MO,2,4,0,36.75,-90.4,1.0,100
1975,1975-06-05,PA,2,0,0,40.75,-77.92,0.1,10
1975,1975-06-05,OK,2,1,0,36.07,-95.73,0.5,150
1975,1975-06-08,TX,2,0,0,32.8,-97.8,0.1,10
1975,1975-06-08,TX,2,0,0,32.98,-98.42,0.1,10
1975,1975-06-08,CO,2,0,0,38.1,-102.62,1.0,220
1975,1975-07-13,NJ,2,0,0,39.5,-75.22,1.5,77
1975,1975-07-13,MA,2,0,0,42.48,-73.17,0.3,27
1975,1975-07-13,OH,2,0,0,41.17,-82.02,4.1,50
1975,1975-07-19,NE,2,0,0,42.93,-100.97,20.9,10
1975,1975-07-21,NE,2,0,0,40.35,-100.12,5.7,10
1975,1975-07-23,IL,3,0,0,40.55,-90.33,11.1,2630
1975,1975-07-23,IL,3,69,2,40.57,-90.18,14.0,2630
1975,1975-07-24,MA,2,0,0,42.1,-72.67,0.3,10
1975,1975-07-30,WY,2,0,0,43.82,-105.87,12.4,33
1975,1975-07-03,TX,2,0,0,32.1,-96.47,0.1,10
1975,1975-07-08,IL,2,0,0,39.62,-89.18,0.1,10
1975,1975-08-13,OH,2,0,0,40.73,-82.78,0.5,20
1975,1975-08-14,IL,2,0,0,39.75,-89.52,1.0,30
1975,1975-08-24,WI,2,6,0,45.27,-91.45,34.2,400
1975,1975-08-25,WI,2,0,0,42.98,-87.95,0.2,20
1975,1975-08-29,MI,2,0,0,42.82,-84.05,1.5,83
1975,1975-08-04,VA,2,0,0,39.23,-78.03,0.8,100
1975,1975-09-10,MO,2,5,0,37.2,-93.33,0.3,50
1975,1975-09-11,MO,2,0,0,37.33,-91.97,0.3,40
1975,1975-09-17,SC,2,0,0,33.28,-81.82,1.0,37
1976,1976-10-09,NC,2,0,0,34.77,-79.43,6.1,20
1976,1976-01-13,AL,2,1,0,33.52,-86.82,0.3,50
1976,1976-01-25,LA,2,7,0,30.1,-91.0,1.1,33
1976,1976-02-16,IL,2,0,0,39.38,-89.08,1.0,80
1976,1976-02-16,IL,2,1,0,37.47,-89.18,1.0,10
1976,1976-02-16,OH,2,0,0,41.07,-80.83,1.5,600
1976,1976-02-17,TX,2,3,0,31.72,-94.23,37.3,50
1976,1976-02-17,AR,2,46,3,33.03,-91.52,29.5,200
1976,1976-02-17,MS,2,0,0,33.38,-91.07,6.2,60
1976,1976-02-18,MS,2,50,0,32.3,-90.3,12.7,27
1976,1976-02-18,MS,3,27,1,32.55,-89.63,27.3,200
1976,1976-02-18,TN,2,10,0,35.95,-83.22,1.0,33
1976,1976-02-20,OK,2,0,0,35.52,-94.75,4.5,30
1976,1976-02-21,MO,2,1,0,36.72,-91.85,0.9,70
1976,1976-02-21,MO,2,1,0,37.0,-91.7,0.9,37
1976,1976-02-21,MO,3,16,1,36.72,-90.48,23.7,300
1976,1976-03-11,OK,2,0,0,36.48,-98.35,16.6,200
1976,1976-03-12,IL,3,3,0,41.63,-88.35,22.6,30
1976,1976-03-12,IL,2,66,2,41.92,-87.92,15.1,150
1976,1976-03-12,IL,3,15,1,41.0,-87.7,38.5,250
1976,1976-03-12,IN,2,0,0,41.45,-87.27,5.6,200
1976,1976-03-12,IN,3,7,0,41.7,-86.97,12.6,200
1976,1976-03-12,MI,2,0,0,41.77,-86.72,10.1,83
1976,1976-03-12,IN,3,4,0,41.28,-86.65,12.1,40
1976,1976-03-12,IN,2,8,0,41.68,-85.5,13.4,127
1976,1976-03-12,IN,2,9,0,41.63,-85.63,9.3,100
1976,1976-03-12,MI,2,0,0,41.8,-84.4,0.1,83
1976,1976-03-12,MI,2,0,0,42.05,-84.58,3.6,133
1976,1976-03-12,MI,2,0,0,42.18,-84.25,2.0,90
1976,1976-03-12,AL,2,1,0,32.38,-87.88,18.4,200
1976,1976-03-12,AL,3,4,0,32.58,-86.92,16.5,100
1976,1976-03-12,AL,3,15,0,32.62,-86.07,4.9,400
1976,1976-03-12,AL,2,0,0,32.73,-86.47,0.1,50
1976,1976-03-16,AL,2,0,0,31.33,-88.42,0.1,50
1976,1976-03-16,GA,2,0,0,32.7,-82.05,0.8,400
1976,1976-03-16,GA,2,0,0,32.8,-81.97,0.3,100
1976,1976-03-16,GA,2,0,0,31.47,-82.25,0.3,100
1976,1976-03-20,IL,3,4,0,39.42,-89.67,8.8,27
1976,1976-03-20,IL,2,0,0,38.32,-89.83,39.0,250
1976,1976-03-20,IL,4,18,0,39.8,-88.8,63.7,800
1976,1976-03-20,IN,4,8,0,40.47,-87.0,16.7,300
1976,1976-03-20,MI,2,0,0,42.88,-85.1,9.9,50
1976,1976-03-20,IN,2,10,0,41.32,-86.25,11.6,77
1976,1976-03-20,IN,2,0,0,39.65,-86.87,24.9,200
1976,1976-03-20,MS,2,0,0,32.57,-89.18,19.8,250
1976,1976-03-20,LA,3,32,0,32.98,-91.32,4.6,50
1976,1976-03-20,LA,2,0,0,32.48,-91.85,17.0,67
1976,1976-03-20,MI,4,55,1,42.52,-83.42,3.8,117
1976,1976-03-20,MS,2,1,0,33.72,-90.75,4.3,440
1976,1976-03-20,MI,3,3,1,42.7,-82.97,17.1,100
1976,1976-03-20,MS,2,0,0,33.0,-90.95,29.8,440
1976,1976-03-20,MS,2,0,0,32.72,-90.28,3.8,150
1976,1976-03-20,MS,3,9,1,33.6,-89.18,49.4,1400
1976,1976-03-20,AL,2,2,0,34.92,-87.27,1.0,30
1976,1976-03-20,MS,2,0,0,33.3,-88.62,0.5,100
1976,1976-03-20,AL,2,0,0,33.38,-87.9,0.5,30
1976,1976-03-20,AL,2,6,0,34.02,-87.17,0.5,77
1976,1976-03-20,AL,2,0,0,34.77,-86.52,0.5,20
1976,1976-03-20,AL,3,17,0,34.22,-86.73,9.3,100
1976,1976-03-20,AL,3,11,0,33.97,-86.62,19.2,40
1976,1976-03-21,PA,2,0,0,39.93,-77.25,1.0,50
1976,1976-03-21,VA,3,0,0,38.35,-78.35,5.6,33
1976,1976-03-21,PA,3,0,0,40.98,-75.18,0.5,100
1976,1976-03-21,NY,2,0,0,41.75,-74.33,0.1,30
1976,1976-03-21,MD,2,0,0,39.22,-75.93,0.2,100
1976,1976-03-24,LA,2,0,0,30.43,-92.7,0.5,27
1976,1976-03-26,OK,4,4,1,34.77,-95.08,10.7,440
1976,1976-03-26,OK,5,64,2,35.2,-94.7,11.9,440
1976,1976-03-26,AR,2,0,0,35.87,-94.42,2.0,77
1976,1976-03-26,MO,3,3,1,37.03,-94.18,29.1,40
1976,1976-03-26,AR,3,4,0,35.05,-93.42,16.1,100
1976,1976-03-26,AR,3,2,0,35.05,-91.37,9.6,70
1976,1976-03-26,IL,2,0,0,40.72,-89.27,0.5,10
1976,1976-03-26,MS,2,0,0,34.37,-89.43,1.0,100
1976,1976-03-26,MS,4,11,0,31.78,-90.02,18.5,880
1976,1976-03-27,MS,2,1,0,30.9,-89.62,15.0,440
1976,1976-03-27,MS,3,0,0,30.97,-88.67,13.9,300
1976,1976-03-29,OK,2,0,0,35.55,-95.53,0.3,30
1976,1976-03-29,MS,4,177,3,32.58,-90.22,22.3,880
1976,1976-03-29,MS,4,8,0,31.78,-90.65,126.5,880
1976,1976-03-29,AR,3,64,5,34.87,-92.17,17.2,100
1976,1976-03-29,AR,3,6,1,35.55,-92.13,16.5,50
1976,1976-03-29,AR,2,0,0,35.87,-91.07,20.1,200
1976,1976-03-29,AL,2,0,0,33.62,-85.97,1.0,40
1976,1976-03-29,MS,2,0,0,31.45,-90.27,0.2,50
1976,1976-03-30,TX,2,0,0,29.93,-98.92,15.2,200
1976,1976-03-30,TX,2,0,0,30.0,-98.07,1.0,100
1976,1976-03-30,TX,2,1,0,30.03,-97.92,2.5,200
1976,1976-03-30,TX,2,1,0,30.82,-95.13,22.1,1300
1976,1976-03-30,MI,3,10,0,44.13,-84.22,11.4,100
1976,1976-03-30,TX,2,0,0,30.82,-94.82,26.7,1300
1976,1976-03-30,MI,3,7,1,44.27,-83.93,6.4,117
1976,1976-03-30,LA,2,0,0,31.32,-93.4,35.9,50
1976,1976-03-30,MI,2,0,0,44.6,-83.68,4.9,150
1976,1976-03-30,LA,2,3,0,31.27,-93.35,42.1,77
1976,1976-03-30,MS,3,0,0,31.67,-91.18,31.7,1583
1976,1976-03-31,AL,2,0,0,31.38,-86.38,3.8,40
1976,1976-03-04,IL,2,0,0,41.03,-90.1,0.1,440
1976,1976-03-04,IL,3,0,0,41.2,-89.57,0.8,100
1976,1976-03-04,MI,2,9,0,41.95,-86.57,44.8,100
1976,1976-03-08,TX,3,18,0,29.37,-95.43,12.7,200
1976,1976-04-14,KS,2,1,0,39.77,-98.22,38.8,330
1976,1976-04-14,IA,2,0,0,41.77,-94.02,4.9,67
1976,1976-04-15,TX,3,0,0,32.03,-100.1,9.9,10
1976,1976-04-15,TX,2,0,0,31.65,-100.05,0.1,10
1976,1976-04-15,TX,2,0,0,33.43,-99.27,0.1,10
1976,1976-04-15,NE,2,0,0,40.37,-98.1,11.1,100
1976,1976-04-15,TX,2,0,0,33.12,-98.62,2.0,10
1976,1976-04-15,TX,2,0,0,33.1,-98.58,2.0,10
1976,1976-04-15,TX,2,0,0,31.43,-97.52,5.9,10
1976,1976-04-17,KS,4,2,0,37.07,-98.53,19.5,100
1976,1976-04-17,TX,3,1,0,33.87,-99.5,14.7,150
1976,1976-04-17,TX,2,0,0,33.87,-99.83,3.8,150
1976,1976-04-17,OK,4,6,0,34.88,-98.52,32.9,440
1976,1976-04-19,TX,2,0,0,32.68,-97.58,0.3,10
1976,1976-04-19,OK,2,0,0,34.15,-97.87,3.8,440
1976,1976-04-19,TX,3,2,0,33.75,-97.58,10.4,373
1976,1976-04-19,TX,5,11,0,31.72,-99.07,10.5,440
1976,1976-04-19,OK,2,0,0,34.03,-97.03,5.1,60
1976,1976-04-19,TX,3,0,0,32.07,-98.88,2.2,250
1976,1976-04-19,OK,2,0,0,33.87,-97.43,6.1,100
1976,1976-04-19,TX,2,0,0,32.0,-98.42,11.1,300
1976,1976-04-19,TX,2,0,0,32.45,-97.82,0.2,10
1976,1976-04-19,TX,2,0,0,32.52,-97.78,0.2,10
1976,1976-04-19,TX,2,0,0,32.62,-97.28,0.1,10
1976,1976-04-20,TX,2,0,0,31.13,-97.92,0.1,10
1976,1976-04-20,IL,2,2,0,42.45,-87.83,0.8,50
1976,1976-04-21,MI,2,1,0,42.8,-84.27,3.0,83
1976,1976-04-23,IL,2,0,0,40.6,-88.03,0.1,67
1976,1976-04-23,IL,2,0,0,40.57,-87.88,0.1,10
1976,1976-04-24,AR,2,0,0,35.43,-92.13,2.0,30
1976,1976-04-24,MS,3,1,0,34.28,-90.68,24.6,300
1976,1976-04-24,MS,2,2,0,34.42,-89.95,0.1,300
1976,1976-04-28,TX,2,0,0,27.58,-97.8,0.5,30
1976,1976-04-29,TX,3,0,0,28.25,-97.68,1.0,33
1976,1976-04-30,NM,2,2,0,32.57,-104.45,0.1,10
1976,1976-05-12,TX,2,0,0,32.75,-97.83,2.0,100
1976,1976-05-12,TX,2,0,0,32.72,-97.85,2.0,100
1976,1976-05-13,MS,2,4,0,33.37,-89.63,11.4,1320
1976,1976-05-13,MS,2,1,0,34.12,-88.77,20.2,100
1976,1976-05-13,MS,3,0,0,34.92,-88.3,10.1,300
1976,1976-05-14,GA,2,2,0,34.25,-83.57,8.4,160
1976,1976-05-14,GA,2,0,0,34.47,-83.53,1.0,50
1976,1976-05-15,SC,2,3,0,33.47,-81.03,3.8,40
1976,1976-05-15,SC,2,3,1,34.03,-81.0,3.8,40
1976,1976-05-15,NC,2,4,0,34.83,-80.05,12.8,67
1976,1976-05-15,NC,2,7,0,35.27,-79.97,18.8,400
1976,1976-05-15,NC,2,4,3,34.58,-79.28,10.1,33
1976,1976-05-23,TX,2,0,0,32.9,-96.48,0.1,10
1976,1976-05-25,TX,2,0,0,31.67,-97.47,13.8,33
1976,1976-05-25,TX,2,0,0,31.65,-97.32,0.2,100
1976,1976-05-25,TX,3,0,0,32.0,-97.13,0.1,10
1976,1976-05-25,TX,3,1,0,32.57,-99.68,20.3,300
1976,1976-05-25,TX,2,0,0,31.68,-96.5,0.1,10
1976,1976-05-26,TX,2,1,0,27.95,-97.68,0.5,40
1976,1976-05-26,TX,3,0,0,32.52,-99.65,1.0,300
1976,1976-05-26,TX,3,0,0,32.4,-97.45,3.8,100
1976,1976-05-26,TX,2,0,0,32.27,-97.3,0.2,100
1976,1976-05-26,TX,4,0,0,32.27,-97.28,18.8,300
1976,1976-05-26,TX,3,1,0,32.9,-96.85,4.5,150
1976,1976-05-26,TX,2,0,0,31.22,-97.47,0.1,10
1976,1976-05-26,TX,3,7,2,31.13,-97.53,2.0,100
1976,1976-05-26,TX,2,0,0,31.1,-97.63,0.1,10
1976,1976-05-26,TX,2,0,0,31.02,-97.7,0.1,10
1976,1976-05-28,GA,2,0,0,33.88,-83.95,1.0,50
1976,1976-05-28,GA,2,0,0,33.95,-83.38,1.0,50
1976,1976-05-29,WY,2,0,0,41.25,-104.62,0.2,40
1976,1976-05-29,WY,2,0,0,41.33,-104.35,0.1,40
1976,1976-05-30,CO,2,0,0,39.8,-104.88,5.4,67
1976,1976-05-30,IL,2,0,0,38.23,-88.0,0.3,10
1976,1976-05-30,TX,3,0,0,31.23,-99.43,3.6,500
1976,1976-05-30,OK,2,0,0,36.0,-95.78,2.6,880
1976,1976-05-31,TX,2,0,0,32.37,-98.33,4.1,10
1976,1976-05-03,NH,2,0,0,43.13,-70.85,1.0,10
1976,1976-05-05,TX,2,0,0,30.95,-97.77,0.5,10
1976,1976-05-06,AL,2,0,0,33.77,-86.93,0.2,50
1976,1976-05-07,TX,2,0,0,27.97,-97.93,0.1,10
1976,1976-06-11,NY,2,0,0,43.32,-73.72,0.1,100
1976,1976-06-11,ND,2,0,0,46.63,-98.68,0.1,10
1976,1976-06-12,ND,2,0,0,47.37,-97.8,0.1,10
1976,1976-06-12,ND,2,0,0,48.08,-98.83,0.1,10
1976,1976-06-12,VA,2,0,0,38.33,-78.27,0.2,10
1976,1976-06-12,WI,2,0,0,44.83,-91.48,1.0,100
1976,1976-06-12,IA,2,2,0,42.53,-92.22,6.9,100
1976,1976-06-12,WI,2,0,0,44.45,-89.28,0.2,50
1976,1976-06-13,IA,3,0,0,41.72,-94.1,17.9,100
1976,1976-06-13,IA,5,9,0,41.93,-93.87,21.3,880
1976,1976-06-13,IA,2,0,0,42.03,-93.8,4.5,100
1976,1976-06-13,IA,3,0,0,42.08,-93.73,0.1,333
1976,1976-06-13,IA,2,0,0,42.12,-93.65,1.3,200
1976,1976-06-13,IA,2,0,0,41.42,-95.13,20.0,100
1976,1976-06-13,IA,2,0,0,42.42,-92.27,14.0,100
1976,1976-06-13,IL,4,23,2,41.67,-88.0,3.3,1760
1976,1976-06-13,WI,2,0,0,44.45,-89.52,0.3,50
1976,1976-06-14,MN,2,6,0,43.77,-95.18,13.5,300
1976,1976-06-14,IA,2,0,0,43.15,-94.9,26.9,33
1976,1976-06-14,MN,2,6,1,43.92,-94.07,24.6,300
1976,1976-06-16,NY,2,0,0,42.68,-75.02,0.1,57
1976,1976-06-23,TX,2,0,0,33.38,-99.7,0.8,440
1976,1976-06-24,IN,2,0,0,39.3,-86.73,2.3,100
1976,1976-06-26,IA,4,6,0,41.45,-95.6,5.1,200
1976,1976-06-28,NC,2,0,0,35.32,-83.17,0.2,10
1976,1976-06-29,MS,2,0,0,31.62,-91.3,1.0,100
1976,1976-06-29,IL,4,0,0,40.8,-89.75,4.9,40
1976,1976-06-29,IL,2,0,0,40.65,-88.72,0.1,10
1976,1976-06-30,CT,2,0,0,42.0,-73.13,1.0,100
1976,1976-06-01,MS,2,0,0,32.43,-89.32,4.9,440
1976,1976-06-02,NC,2,0,0,35.12,-78.18,0.3,13
1976,1976-06-04,CO,2,0,0,40.22,-104.82,1.5,200
1976,1976-06-04,CO,2,0,0,40.58,-105.08,0.5,300
1976,1976-06-04,ND,2,0,0,46.92,-103.2,5.7,10
1976,1976-06-05,ND,2,0,0,48.4,-102.97,2.0,33
1976,1976-06-08,MT,2,0,0,47.35,-110.08,0.1,10
1976,1976-07-11,PA,2,7,1,41.32,-79.2,28.7,33
1976,1976-07-11,PA,3,17,1,40.35,-79.5,11.8,67
1976,1976-07-11,WV,2,0,0,37.6,-80.57,4.1,10
1976,1976-07-23,MI,2,5,0,44.57,-85.25,3.3,83
1976,1976-07-28,IA,2,0,0,41.52,-93.35,1.2,100
1976,1976-07-28,IL,2,0,0,40.73,-88.78,0.1,10
1976,1976-07-28,IL,3,0,0,38.83,-89.67,0.1,10
1976,1976-07-28,NE,2,0,0,42.83,-103.57,0.3,30
1976,1976-07-29,PA,3,0,0,41.2,-77.27,25.0,150
1976,1976-07-30,WI,2,0,0,43.23,-89.45,0.1,10
1976,1976-07-31,OH,2,0,0,40.73,-81.83,0.1,10
1976,1976-07-02,WY,2,0,0,41.42,-106.38,2.5,433
1976,1976-08-11,IA,2,0,0,42.07,-94.73,2.0,100
1976,1976-08-11,IL,2,1,0,40.5,-90.2,0.1,10
1976,1976-08-15,AL,2,0,0,33.75,-86.82,0.5,30
1976,1976-08-19,ND,2,0,0,46.78,-97.35,0.3,20
1976,1976-09-26,IN,3,10,1,38.93,-85.9,4.9,100
1976,1976-09-26,IN,3,1,1,38.8,-85.67,14.6,300
1976,1976-09-27,TX,2,0,0,31.72,-99.95,0.1,10
1977,1977-10-01,OH,3,17,0,39.25,-84.67,0.7,150
1977,1977-10-01,KY,2,0,0,37.52,-83.88,12.8,400
1977,1977-10-01,KY,2,16,0,37.62,-84.5,2.0,400
1977,1977-10-01,KY,2,0,0,37.83,-85.97,2.0,33
1977,1977-10-01,NC,2,0,0,35.8,-79.83,9.4,40
1977,1977-11-15,AR,2,0,0,34.58,-94.42,0.5,30
1977,1977-11-29,LA,2,2,0,30.5,-90.57,1.0,50
1977,1977-11-01,TX,3,0,0,33.47,-94.25,5.9,50
1977,1977-11-08,LA,2,1,0,30.0,-92.52,1.0,27
1977,1977-12-13,TX,3,40,1,29.78,-95.28,25.1,400
1977,1977-12-13,MS,3,2,0,31.03,-90.67,20.4,350
1977,1977-12-13,MS,2,0,0,31.67,-89.25,1.0,300
1977,1977-12-24,MS,3,0,0,31.8,-90.33,8.0,440
1977,1977-12-05,FL,2,10,1,29.63,-81.7,9.4,40
1977,1977-01-09,MS,2,0,0,31.92,-89.67,1.0,200
1977,1977-02-23,OK,2,4,0,33.88,-94.65,3.3,77
1977,1977-02-23,MS,3,0,0,33.13,-89.45,10.5,100
1977,1977-02-23,MS,3,1,0,32.85,-89.48,11.4,177
1977,1977-02-23,MS,4,5,2,33.02,-89.23,15.0,350
1977,1977-02-23,MS,2,0,0,31.15,-88.7,13.9,50
1977,1977-02-23,AL,2,1,0,32.83,-87.88,0.2,30
1977,1977-03-11,TX,2,0,0,32.4,-94.22,14.9,73
1977,1977-03-18,CO,2,0,0,39.52,-103.62,1.5,67
1977,1977-03-18,CO,2,0,0,39.52,-103.53,1.5,67
1977,1977-03-27,TX,2,0,0,33.2,-96.72,0.1,10
1977,1977-03-28,LA,2,0,0,32.1,-92.53,6.1,10
1977,1977-03-28,MS,2,4,0,32.9,-90.03,5.2,150
1977,1977-03-28,LA,2,1,0,30.2,-92.18,12.0,100
1977,1977-03-28,MS,3,0,0,32.72,-89.97,24.5,250
1977,1977-03-28,TN,2,0,0,36.52,-86.03,0.3,50
1977,1977-03-28,MS,2,0,0,31.35,-89.33,0.1,440
1977,1977-03-28,MS,2,0,0,31.2,-89.3,0.1,33
1977,1977-03-28,MI,2,0,0,43.02,-84.5,2.0,100
1977,1977-03-29,AL,2,2,0,32.58,-86.52,20.5,50
1977,1977-03-30,AL,3,2,0,34.33,-86.07,9.2,50
1977,1977-03-30,AL,2,1,0,34.45,-85.68,2.5,50
1977,1977-03-30,GA,2,0,0,34.55,-84.85,11.0,400
1977,1977-03-30,GA,2,4,0,34.62,-84.5,2.0,100
1977,1977-03-02,OK,2,0,0,35.53,-99.2,7.4,440
1977,1977-03-02,OK,2,0,0,34.95,-97.72,4.9,100
1977,1977-03-02,OK,3,1,0,34.48,-97.77,4.3,200
1977,1977-03-02,OK,2,0,0,34.1,-97.55,8.8,100
1977,1977-03-02,OK,2,5,0,34.32,-97.22,1.0,33
1977,1977-03-03,MS,2,0,0,32.75,-89.77,4.1,440
1977,1977-03-04,NC,3,0,0,35.48,-77.55,4.9,60
1977,1977-04-11,CO,2,0,0,38.67,-104.82,1.0,100
1977,1977-04-13,CO,2,0,0,38.23,-103.67,5.1,30
1977,1977-04-14,TX,2,0,0,30.27,-98.0,41.0,200
1977,1977-04-18,TX,2,0,0,33.38,-95.75,0.1,10
1977,1977-04-19,TX,3,18,0,31.42,-102.93,4.3,200
1977,1977-04-19,OK,2,0,0,34.3,-99.07,0.8,200
1977,1977-04-20,TX,2,0,0,32.65,-96.92,1.5,77
1977,1977-04-20,TX,2,0,0,32.4,-99.3,9.7,10
1977,1977-04-20,LA,2,1,0,30.42,-90.98,0.2,67
1977,1977-04-21,LA,3,11,1,30.3,-91.95,3.8,440
1977,1977-04-02,MI,4,10,0,42.28,-85.55,12.4,183
1977,1977-04-02,WI,2,2,0,43.07,-88.22,9.3,100
1977,1977-04-02,MI,4,44,1,42.43,-85.02,16.6,613
1977,1977-04-02,MI,2,6,0,42.87,-84.47,3.3,223
1977,1977-04-02,MI,2,0,0,42.52,-84.28,1.5,57
1977,1977-04-02,MI,2,1,0,42.57,-84.03,5.6,83
1977,1977-04-02,MS,2,0,0,33.42,-88.67,2.0,100
1977,1977-04-04,MS,3,0,0,32.82,-89.0,11.7,100
1977,1977-04-04,MS,3,1,0,33.05,-88.55,9.1,587
1977,1977-04-04,AL,2,3,0,34.07,-86.77,5.9,200
1977,1977-04-04,AL,2,1,0,34.55,-85.98,6.9,100
1977,1977-04-04,AL,2,0,0,33.73,-86.15,0.5,20
1977,1977-04-04,AL,2,0,0,33.77,-86.47,3.3,80
1977,1977-04-04,AL,3,0,1,33.83,-86.25,7.3,150
1977,1977-04-04,AL,2,4,0,33.88,-86.02,4.7,150
1977,1977-04-04,AL,5,130,22,33.52,-86.93,14.7,550
1977,1977-04-04,GA,3,15,1,34.17,-85.2,8.8,400
1977,1977-04-05,PA,2,1,0,40.25,-76.83,2.0,67
1977,1977-05-14,NM,3,2,0,35.85,-104.07,0.1,10
1977,1977-05-15,OK,3,2,1,34.45,-97.63,0.8,180
1977,1977-05-16,TX,3,0,0,34.85,-100.4,16.7,500
1977,1977-05-16,TX,3,0,0,35.17,-100.28,12.1,500
1977,1977-05-16,OK,3,0,0,35.4,-99.9,6.5,800
1977,1977-05-16,OK,3,0,0,35.33,-99.87,18.2,1320
1977,1977-05-16,NE,3,0,0,40.47,-98.55,47.3,50
1977,1977-05-17,TX,2,0,0,34.2,-101.7,0.5,60
1977,1977-05-18,OK,4,0,0,36.65,-102.4,38.6,440
1977,1977-05-18,OK,2,0,0,36.82,-102.2,16.1,50
1977,1977-05-18,KS,2,0,0,37.02,-101.98,117.2,50
1977,1977-05-18,NE,3,0,0,42.38,-101.28,18.8,50
1977,1977-05-18,NE,2,0,0,42.17,-101.55,19.7,50
1977,1977-05-19,NE,2,0,0,40.82,-98.6,20.8,50
1977,1977-05-19,OK,2,1,0,34.78,-97.25,3.3,100
1977,1977-05-20,OK,3,3,0,34.65,-99.27,10.4,880
1977,1977-05-20,OK,2,0,0,35.1,-98.48,13.3,1100
1977,1977-05-20,OK,2,0,0,35.28,-98.32,7.8,1760
1977,1977-05-20,OK,3,0,0,34.48,-99.1,1.5,200
1977,1977-05-20,OK,2,0,0,34.65,-98.95,3.6,100
1977,1977-05-20,TX,2,0,0,34.3,-99.28,7.3,10
1977,1977-05-20,OK,2,0,0,35.4,-97.4,14.9,400
1977,1977-05-20,OK,3,0,0,35.7,-97.3,9.9,400
1977,1977-05-20,OK,2,0,0,36.15,-97.63,1.9,100
1977,1977-05-21,OK,2,0,0,35.28,-96.97,9.2,100
1977,1977-05-21,MN,2,0,0,44.52,-93.63,19.3,100
1977,1977-05-27,MN,2,0,0,43.47,-95.8,10.3,60
1977,1977-05-30,NE,2,0,0,40.62,-100.02,1.9,50
1977,1977-05-01,OK,2,0,0,36.9,-100.5,2.7,100
1977,1977-05-02,MS,2,0,0,30.28,-89.4,5.4,20
1977,1977-05-02,MS,2,0,0,30.47,-88.5,5.2,440
1977,1977-05-02,TX,2,0,0,30.4,-97.47,17.7,10
1977,1977-05-04,KS,2,0,0,38.45,-94.8,11.9,50
1977,1977-05-04,MO,3,15,2,38.43,-94.55,29.8,500
1977,1977-05-04,MO,3,5,1,39.0,-93.92,26.2,100
1977,1977-05-04,MO,3,24,0,38.63,-93.4,11.2,700
1977,1977-05-04,IA,2,0,0,40.78,-91.6,2.0,60
1977,1977-05-04,IA,2,0,0,40.87,-91.3,2.0,10
1977,1977-05-04,IA,2,1,0,40.97,-91.55,0.1,30
1977,1977-05-04,NE,3,0,0,41.6,-97.13,7.6,200
1977,1977-05-04,MO,4,5,0,39.22,-94.3,12.0,400
1977,1977-05-04,MO,4,1,0,39.32,-94.0,48.6,880
1977,1977-05-04,KS,3,1,0,38.8,-95.37,31.6,300
1977,1977-05-04,IA,2,4,0,42.47,-94.22,1.0,70
1977,1977-05-04,IA,4,14,0,42.53,-94.15,2.0,70
1977,1977-05-04,KS,2,0,0,38.88,-94.8,7.8,70
1977,1977-05-04,MN,2,0,0,43.55,-94.63,0.1,10
1977,1977-05-04,IA,3,0,0,42.1,-92.68,17.8,30
1977,1977-05-05,IL,4,2,0,40.25,-89.25,7.3,1000
1977,1977-06-10,IA,3,0,0,43.23,-94.77,14.9,10
1977,1977-06-13,CO,3,0,0,38.93,-105.02,4.9,100
1977,1977-06-13,CO,2,0,0,39.25,-105.92,1.0,50
1977,1977-06-13,CO,2,2,0,39.0,-105.0,1.0,50
1977,1977-06-13,CO,2,0,0,39.08,-104.82,1.0,50
1977,1977-06-14,ND,2,1,0,46.25,-103.88,8.2,10
1977,1977-06-14,NE,2,0,0,41.8,-103.5,1.9,70
1977,1977-06-16,MS,2,0,0,31.85,-89.35,0.6,33
1977,1977-06-16,AL,2,0,0,30.82,-88.07,0.1,77
1977,1977-06-17,MN,2,0,0,45.7,-93.97,0.7,33
1977,1977-06-20,WV,2,5,0,39.48,-79.55,8.5,50
1977,1977-06-22,AL,2,0,0,34.08,-85.93,1.2,77
1977,1977-06-25,VA,2,0,0,37.07,-79.35,3.6,40
1977,1977-06-29,NE,2,0,0,41.23,-103.47,0.1,50
1977,1977-06-30,IL,3,0,0,41.58,-89.0,6.1,850
1977,1977-06-30,IN,2,1,0,41.52,-87.27,6.8,300
1977,1977-06-30,MO,2,4,0,37.17,-89.98,2.0,50
1977,1977-06-30,OH,2,0,0,41.3,-82.83,0.7,50
1977,1977-06-30,OH,2,0,0,40.88,-82.68,0.5,50
1977,1977-06-30,TX,2,0,0,31.17,-103.0,0.5,30
1977,1977-06-30,OH,2,0,0,40.92,-81.47,0.5,50
1977,1977-06-05,WI,3,8,0,43.82,-88.73,69.5,400
1977,1977-06-07,MN,2,0,0,47.28,-93.28,0.5,20
1977,1977-06-09,DE,2,1,0,39.03,-75.47,0.2,40
1977,1977-06-09,NE,2,0,0,41.77,-103.45,2.3,70
1977,1977-07-10,NE,2,0,0,42.92,-101.6,15.9,30
1977,1977-07-10,NE,3,0,0,41.6,-101.6,7.8,40
1977,1977-07-13,MN,2,2,0,48.02,-96.62,2.0,120
1977,1977-07-13,MN,2,0,0,48.1,-97.1,1.0,100
1977,1977-07-13,MN,2,0,0,47.67,-96.9,2.3,100
1977,1977-07-14,MN,2,10,0,43.7,-92.27,9.2,1500
1977,1977-07-16,IA,2,0,0,42.8,-92.48,1.9,20
1977,1977-07-17,AL,2,0,0,34.7,-86.58,0.2,77
1977,1977-07-18,MI,2,0,0,41.98,-84.6,4.7,33
1977,1977-07-25,OK,2,0,0,35.62,-95.42,4.5,100
1977,1977-07-27,MN,2,0,0,44.88,-94.53,0.1,40
1977,1977-07-27,TX,2,0,0,32.45,-97.78,0.7,250
1977,1977-07-30,WI,3,0,0,45.17,-92.22,9.1,200
1977,1977-07-30,WI,4,20,0,45.1,-91.53,19.0,300
1977,1977-07-30,WI,2,8,1,45.18,-91.22,34.5,1000
1977,1977-07-31,MI,2,0,0,45.05,-85.27,19.4,200
1977,1977-07-04,MI,2,1,0,44.05,-83.68,2.5,90
1977,1977-07-06,ND,3,0,0,48.72,-101.5,17.2,10
1977,1977-07-07,NE,4,0,0,42.15,-96.7,22.6,77
1977,1977-07-07,IN,3,0,0,40.45,-86.27,11.6,70
1977,1977-07-08,AL,2,0,0,33.82,-86.82,0.5,100
1977,1977-07-09,VA,3,0,0,37.72,-78.0,5.9,100
1977,1977-07-09,CO,2,0,0,40.62,-102.47,0.1,200
1977,1977-08-21,IL,3,56,6,39.43,-88.65,26.9,77
1977,1977-08-21,VA,2,0,0,36.73,-80.53,1.0,30
1977,1977-08-22,TX,2,0,0,32.1,-96.38,0.2,10
1977,1977-08-26,MN,2,10,0,46.3,-96.2,110.4,880
1977,1977-08-26,MN,3,11,0,46.35,-94.5,26.3,400
1977,1977-08-31,WI,4,10,0,44.78,-90.1,31.8,1000
1977,1977-08-02,OK,2,0,0,35.87,-98.65,8.0,10
1977,1977-08-03,KY,2,0,0,37.7,-83.92,2.3,30
1977,1977-08-06,IL,2,0,0,39.62,-89.85,2.3,350
1977,1977-08-06,IL,3,0,0,39.63,-89.72,4.1,100
1977,1977-08-09,MN,2,0,0,44.07,-94.77,5.6,70
1977,1977-09-11,NE,3,0,0,40.58,-98.33,6.6,10
1977,1977-09-12,TX,2,0,0,33.02,-96.62,2.5,167
1977,1977-09-14,LA,2,0,0,29.95,-91.92,0.2,27
1977,1977-09-14,AR,2,3,1,36.0,-90.88,2.0,50
1977,1977-09-15,TX,2,0,0,31.13,-97.92,0.1,10
1977,1977-09-17,MI,2,1,0,43.03,-83.8,2.0,60
1977,1977-09-18,PA,2,7,0,42.02,-80.35,4.5,10
1977,1977-09-18,NY,2,1,0,42.83,-75.7,2.0,60
1977,1977-09-23,MO,2,3,0,39.75,-91.73,19.5,150
1977,1977-09-24,PA,2,0,0,41.0,-80.35,0.1,10
1977,1977-09-26,NJ,3,0,0,40.37,-74.52,5.9,27
1977,1977-09-05,MS,2,0,0,30.32,-89.27,0.1,77
1977,1977-09-05,LA,2,1,0,30.42,-90.43,1.7,70
1977,1977-09-06,AL,2,0,0,33.33,-87.57,8.3,100
1977,1977-09-08,MN,2,0,0,46.83,-93.55,3.6,660
1978,1978-10-12,OH,3,4,0,40.8,-80.92,7.3,250
1978,1978-12-01,FL,2,0,0,28.18,-82.47,0.8,30
1978,1978-12-01,FL,2,0,0,28.17,-82.18,0.6,30
1978,1978-12-03,LA,4,266,2,32.5,-93.75,6.2,400
1978,1978-12-03,AR,2,0,0,33.73,-92.82,25.2,250
1978,1978-12-03,LA,3,0,0,32.7,-93.55,61.1,10
1978,1978-12-03,AR,2,7,1,33.17,-92.9,6.4,50
1978,1978-12-03,LA,3,4,2,32.47,-93.3,60.0,300
1978,1978-12-03,AR,2,0,0,34.77,-90.77,1.0,100
1978,1978-12-03,AR,2,0,0,33.83,-91.72,18.6,400
1978,1978-12-03,AR,2,0,0,34.52,-90.6,0.8,100
1978,1978-01-26,VA,3,10,1,38.5,-77.3,0.7,250
1978,1978-01-07,AR,3,9,1,35.03,-91.22,39.6,150
1978,1978-01-08,FL,2,2,0,27.92,-82.3,10.0,100
1978,1978-01-08,FL,2,0,0,28.5,-81.53,2.0,100
1978,1978-01-08,FL,2,23,0,28.62,-81.43,19.3,200
1978,1978-02-07,CA,2,0,0,38.7,-121.45,1.9,20
1978,1978-02-09,CA,3,6,0,33.67,-115.78,2.0,67
1978,1978-04-10,IN,2,0,0,40.42,-86.87,8.0,77
1978,1978-04-17,OK,2,0,0,36.73,-97.13,9.0,40
1978,1978-04-17,OK,2,0,0,36.82,-97.12,7.8,60
1978,1978-04-17,OK,2,0,0,36.77,-97.2,10.7,40
1978,1978-04-17,OK,2,0,0,36.87,-97.12,12.2,100
1978,1978-04-17,LA,2,14,0,32.45,-93.82,5.4,100
1978,1978-04-17,AR,2,7,0,34.72,-92.08,53.8,250
1978,1978-04-17,AR,2,3,0,33.28,-91.97,9.1,500
1978,1978-04-17,MS,4,3,0,33.47,-91.0,3.6,100
1978,1978-04-17,MS,3,2,0,31.95,-91.18,18.5,100
1978,1978-04-17,MS,3,0,0,32.12,-90.62,4.5,100
1978,1978-04-17,MS,2,2,0,31.33,-90.7,34.6,100
1978,1978-04-18,MS,4,31,4,31.55,-90.12,19.1,100
1978,1978-04-18,AL,2,0,0,34.68,-87.38,6.8,33
1978,1978-04-18,GA,2,0,0,33.93,-85.28,4.1,200
1978,1978-04-18,AL,3,30,0,31.53,-87.45,10.5,220
1978,1978-04-18,AL,2,0,0,33.02,-86.32,0.1,80
1978,1978-04-19,FL,2,6,0,29.85,-82.4,1.0,50
1978,1978-04-19,FL,2,14,0,29.07,-82.05,5.6,100
1978,1978-04-19,NC,2,0,0,34.83,-78.03,11.6,70
1978,1978-04-19,NC,2,3,0,34.93,-77.63,3.3,50
1978,1978-04-19,NC,2,0,0,35.13,-77.27,0.7,30
1978,1978-04-19,VA,3,3,0,36.88,-77.57,35.6,100
1978,1978-04-30,TX,2,0,0,36.5,-100.92,8.6,100
1978,1978-04-30,TX,3,0,0,36.37,-100.43,14.4,100
1978,1978-04-30,OK,4,0,0,35.58,-97.75,9.3,1760
1978,1978-04-30,TX,2,0,0,32.4,-97.4,2.0,10
1978,1978-04-30,TX,2,0,0,31.87,-97.62,0.1,10
1978,1978-04-30,OK,2,0,0,36.25,-99.88,3.0,60
1978,1978-04-05,NE,2,0,0,40.35,-98.43,11.0,80
1978,1978-04-05,OK,2,0,0,34.5,-98.28,11.5,150
1978,1978-04-05,OK,2,0,0,34.58,-97.9,2.0,50
1978,1978-04-07,ID,2,1,0,43.5,-112.03,1.5,73
1978,1978-04-07,NE,2,0,0,40.08,-98.33,0.2,10
1978,1978-04-07,NE,4,1,0,40.87,-98.27,31.2,77
1978,1978-04-07,NE,4,0,0,41.18,-97.42,8.0,50
1978,1978-04-08,TX,2,0,0,33.8,-101.68,2.0,30
1978,1978-04-08,TX,2,0,0,33.87,-101.75,2.0,100
1978,1978-05-11,OK,2,3,0,36.9,-97.38,3.8,100
1978,1978-05-11,KS,2,1,0,38.62,-94.98,11.5,100
1978,1978-05-11,TX,3,0,0,32.0,-97.13,7.2,10
1978,1978-05-12,MO,2,4,0,37.93,-92.27,19.5,400
1978,1978-05-12,IL,2,1,0,39.12,-90.05,34.1,700
1978,1978-05-12,AR,2,0,0,35.92,-92.32,12.1,200
1978,1978-05-12,IL,2,3,0,39.85,-88.95,7.6,700
1978,1978-05-12,KY,2,0,0,36.68,-87.9,15.8,800
1978,1978-05-12,KY,3,17,0,36.82,-87.75,9.5,800
1978,1978-05-12,MS,2,0,0,34.32,-90.52,33.4,100
1978,1978-05-17,CO,2,0,0,39.63,-104.75,0.5,33
1978,1978-05-23,WY,3,0,0,44.25,-105.75,14.5,180
1978,1978-05-23,KS,2,1,0,38.82,-95.72,4.1,30
1978,1978-05-25,ND,3,0,0,46.83,-100.9,2.5,30
1978,1978-05-26,ND,2,0,0,47.07,-102.67,0.3,10
1978,1978-05-26,ND,2,0,0,48.92,-97.05,0.5,20
1978,1978-05-29,TX,2,0,0,29.8,-95.27,0.2,20
1978,1978-05-30,NE,2,0,0,40.62,-97.45,3.8,30
1978,1978-05-30,KS,2,0,0,38.07,-100.7,31.9,17
1978,1978-05-31,KS,3,1,3,39.32,-96.38,37.0,1300
1978,1978-05-01,AL,2,0,0,32.4,-87.02,2.0,20
1978,1978-05-01,AL,2,7,0,32.47,-85.05,13.2,150
1978,1978-05-04,FL,2,4,0,29.57,-82.45,12.8,300
1978,1978-05-04,FL,3,94,3,27.92,-82.7,1.5,200
1978,1978-05-04,SC,2,1,0,33.43,-80.48,41.2,150
1978,1978-05-05,TX,3,0,0,32.88,-96.22,29.9,10
1978,1978-05-07,LA,2,0,0,32.82,-93.42,44.9,10
1978,1978-05-07,LA,2,4,0,32.6,-91.48,19.7,10
1978,1978-05-07,AR,2,0,0,35.27,-93.15,12.3,50
1978,1978-05-08,GA,2,0,0,33.62,-84.38,7.2,200
1978,1978-06-15,SD,2,15,0,45.47,-98.3,0.1,10
1978,1978-06-17,WI,2,0,0,43.5,-88.77,16.5,10
1978,1978-06-19,VA,2,0,0,38.67,-78.0,0.2,40
1978,1978-06-20,MD,2,0,0,38.68,-77.1,1.0,50
1978,1978-06-24,SD,2,0,0,43.9,-98.12,0.1,10
1978,1978-06-25,IL,2,0,0,40.77,-88.57,16.4,400
1978,1978-06-25,IL,2,0,0,41.53,-88.68,0.9,300
1978,1978-06-25,NE,2,8,0,42.93,-102.23,11.1,300
1978,1978-06-25,IN,3,0,0,40.43,-86.97,27.4,10
1978,1978-06-25,IN,3,0,0,39.75,-86.27,1.0,100
1978,1978-06-26,IA,2,1,0,41.58,-92.53,0.7,100
1978,1978-06-26,MN,2,0,0,47.88,-96.27,0.1,100
1978,1978-06-27,MD,2,0,0,38.7,-76.67,6.9,50
1978,1978-06-03,NC,2,0,0,36.0,-76.95,0.8,83
1978,1978-06-04,NM,2,0,0,34.93,-104.9,2.0,10
1978,1978-06-07,OH,2,0,0,41.15,-80.77,0.1,50
1978,1978-06-07,OH,2,6,0,40.07,-81.63,0.8,100
1978,1978-07-10,CO,2,2,0,37.62,-104.25,0.3,50
1978,1978-07-11,WY,2,0,0,44.67,-108.83,0.4,200
1978,1978-07-15,LA,2,0,0,32.25,-93.7,0.7,50
1978,1978-07-17,WA,2,0,0,48.18,-117.13,0.1,10
1978,1978-07-20,WY,2,1,0,43.0,-106.33,1.0,100
1978,1978-07-20,NE,3,0,0,42.17,-104.0,53.2,23
1978,1978-07-25,SC,2,0,0,33.57,-81.13,0.1,10
1978,1978-07-26,IL,3,0,0,39.8,-89.78,8.9,177
1978,1978-07-28,TX,2,0,0,30.6,-97.3,0.5,30
1978,1978-07-28,WY,2,0,0,43.03,-104.67,5.0,700
1978,1978-07-28,WY,2,0,0,42.3,-104.03,1.0,200
1978,1978-07-31,NC,2,4,1,36.03,-75.67,0.2,50
1978,1978-07-31,MD,2,0,0,39.4,-77.35,1.5,100
1978,1978-07-31,MD,2,0,0,39.3,-77.07,0.8,40
1978,1978-07-03,TX,2,0,0,32.48,-99.87,0.1,50
1978,1978-07-04,WY,2,1,0,44.5,-108.0,5.0,200
1978,1978-07-04,ND,4,35,5,46.4,-101.88,26.0,250
1978,1978-07-05,MN,2,44,4,47.33,-96.35,57.5,400
1978,1978-07-05,IA,2,0,0,42.9,-96.55,20.8,30
1978,1978-07-05,IA,3,0,0,43.18,-96.47,8.0,100
1978,1978-07-05,IA,2,0,0,43.03,-96.25,11.9,200
1978,1978-07-06,NE,2,0,0,40.0,-96.98,4.4,100
1978,1978-07-06,IA,2,0,0,43.47,-96.4,14.2,200
1978,1978-08-13,AR,2,3,0,35.9,-90.72,4.5,50
1978,1978-08-15,IL,3,0,0,41.27,-90.78,6.4,77
1978,1978-08-15,IL,2,0,0,42.18,-88.37,2.0,100
1978,1978-08-15,MI,2,1,0,43.55,-86.53,0.8,333
1978,1978-08-19,MI,2,8,0,42.83,-84.25,2.0,230
1978,1978-08-28,PA,2,0,0,39.8,-77.03,20.0,20
1978,1978-08-28,PA,2,1,0,40.88,-76.87,3.3,50
1978,1978-08-29,TN,2,26,0,35.02,-90.0,2.0,100
1978,1978-08-30,KY,2,0,0,37.87,-83.82,5.2,800
1978,1978-08-31,NE,2,0,0,41.55,-103.78,20.9,440
1978,1978-08-31,NE,2,0,0,41.38,-103.7,25.9,440
1978,1978-09-11,NE,3,0,0,40.6,-100.0,22.5,20
1978,1978-09-16,IA,3,45,6,41.97,-93.18,31.8,200
1979,1979-10-18,KS,2,11,0,39.18,-97.63,71.4,400
1979,1979-10-18,KS,2,5,0,39.25,-96.35,54.1,200
1979,1979-10-21,OK,2,0,0,34.62,-96.97,1.0,60
1979,1979-10-22,TX,2,0,0,30.07,-94.22,1.0,50
1979,1979-10-22,LA,2,11,0,30.23,-93.37,1.0,500
1979,1979-10-22,LA,2,6,0,29.77,-93.48,1.0,550
1979,1979-10-30,TX,2,0,0,32.22,-99.8,0.1,10
1979,1979-10-30,TX,3,0,0,32.62,-98.98,18.6,127
1979,1979-10-30,TX,2,5,0,33.05,-98.63,29.1,77
1979,1979-10-30,TX,2,0,0,33.1,-97.87,2.0,50
1979,1979-10-30,OK,3,2,3,34.23,-97.27,8.4,530
1979,1979-10-30,MO,2,9,0,36.72,-93.63,24.2,50
1979,1979-10-03,WI,2,0,0,44.72,-92.45,2.5,100
1979,1979-10-03,CT,4,500,3,41.88,-72.67,11.3,1400
1979,1979-10-05,PA,2,1,0,40.35,-75.92,1.0,40
1979,1979-10-05,PA,2,0,0,40.9,-75.32,0.3,100
1979,1979-11-11,GA,2,0,0,30.78,-83.78,0.1,50
1979,1979-11-25,AL,2,2,0,31.62,-88.02,28.6,300
1979,1979-11-25,AL,2,12,0,31.87,-86.67,22.9,50
1979,1979-11-25,AL,3,20,0,32.38,-86.25,10.2,150
1979,1979-11-25,AL,2,2,0,32.72,-85.92,26.9,60
1979,1979-01-13,FL,2,0,0,26.68,-80.05,1.0,50
1979,1979-01-24,FL,3,0,0,27.45,-82.65,7.0,20
1979,1979-01-24,FL,3,0,0,26.98,-80.6,9.6,20
1979,1979-02-23,TX,3,1,0,32.15,-95.5,10.3,33
1979,1979-03-18,OK,2,0,0,36.9,-97.05,0.1,10
1979,1979-03-18,OK,3,0,0,36.9,-95.93,7.9,30
1979,1979-03-18,OK,2,0,0,36.17,-95.78,2.6,33
1979,1979-03-19,TX,2,0,0,33.18,-94.98,1.0,50
1979,1979-03-22,TN,2,3,0,35.28,-90.05,1.0,50
1979,1979-03-23,SC,2,2,0,34.85,-82.4,0.1,77
1979,1979-03-23,NC,2,9,0,34.55,-79.05,9.8,100
1979,1979-03-29,OK,2,0,0,35.43,-96.4,2.0,30
1979,1979-03-29,MO,4,20,0,40.48,-95.15,18.8,500
1979,1979-03-29,IA,3,1,0,40.58,-94.95,29.6,500
1979,1979-03-29,IA,3,4,0,40.77,-94.38,57.0,500
1979,1979-03-29,IA,2,0,0,41.43,-93.5,9.3,60
1979,1979-03-31,KY,3,19,1,37.02,-86.08,12.7,100
1979,1979-03-02,TX,3,1,0,30.77,-99.38,7.1,150
1979,1979-03-02,TX,2,2,0,32.18,-95.3,0.1,150
1979,1979-04-10,TX,2,1,0,33.85,-99.8,22.1,150
1979,1979-04-10,TX,4,68,11,34.2,-99.15,39.7,880
1979,1979-04-10,TX,2,3,1,34.08,-99.03,74.1,1056
1979,1979-04-10,OK,2,1,0,34.35,-98.9,9.2,120
1979,1979-04-10,TX,2,0,0,33.62,-99.3,10.4,300
1979,1979-04-10,OK,3,100,3,34.57,-98.42,4.5,170
1979,1979-04-10,TX,4,1740,42,33.82,-98.65,46.9,1320
1979,1979-04-10,OK,2,0,0,35.1,-97.37,2.0,10
1979,1979-04-10,OK,2,0,0,35.42,-96.75,4.6,100
1979,1979-04-10,OK,2,0,0,35.1,-97.4,1.5,40
1979,1979-04-10,OK,3,0,0,34.35,-97.6,12.8,170
1979,1979-04-10,TX,2,0,0,31.97,-99.8,9.6,100
1979,1979-04-10,TX,3,1,0,31.7,-99.75,25.0,880
1979,1979-04-10,TX,2,3,0,31.75,-98.37,24.0,200
1979,1979-04-11,OK,2,0,0,34.03,-96.75,0.1,10
1979,1979-04-11,AR,2,0,0,35.27,-92.8,5.4,200
1979,1979-04-11,AR,2,4,0,35.83,-94.38,11.1,200
1979,1979-04-11,TX,2,0,0,32.25,-95.9,13.3,150
1979,1979-04-11,TX,2,0,0,33.12,-95.6,8.3,150
1979,1979-04-11,OK,2,20,0,34.0,-94.6,42.0,440
1979,1979-04-11,AR,2,0,0,33.6,-93.37,0.5,200
1979,1979-04-11,AR,2,0,0,35.3,-92.37,3.0,440
1979,1979-04-11,MO,3,9,0,37.02,-92.12,35.4,400
1979,1979-04-11,AR,2,0,0,34.55,-92.33,40.3,250
1979,1979-04-11,AR,2,0,0,33.15,-91.95,10.4,200
1979,1979-04-11,AR,2,0,0,36.12,-91.15,2.0,200
1979,1979-04-11,AR,2,0,0,33.58,-91.4,3.6,100
1979,1979-04-11,MO,2,9,0,39.25,-94.43,20.1,100
1979,1979-04-11,KY,2,5,0,37.15,-88.18,36.0,200
1979,1979-04-11,IN,2,2,1,38.0,-87.43,10.0,10
1979,1979-04-12,MS,2,0,0,33.53,-88.4,7.7,800
1979,1979-04-12,MI,2,6,0,41.85,-86.38,3.3,60
1979,1979-04-18,TX,2,0,0,30.25,-95.2,4.0,50
1979,1979-04-19,KS,2,0,0,39.47,-99.83,5.2,400
1979,1979-04-19,NE,3,0,0,41.6,-98.48,10.8,17
1979,1979-04-01,TX,3,0,0,32.58,-94.8,5.6,150
1979,1979-04-01,TX,2,1,0,32.72,-94.53,7.1,440
1979,1979-04-01,TX,2,1,0,32.23,-95.3,3.6,100
1979,1979-04-01,TX,2,0,0,32.35,-95.1,2.0,100
1979,1979-04-03,NC,2,2,0,36.2,-77.67,0.8,50
1979,1979-04-08,AR,2,2,0,33.88,-93.92,0.8,400
1979,1979-04-08,AR,3,18,0,33.72,-93.08,62.4,1320
1979,1979-04-08,AR,3,13,0,33.25,-91.88,17.7,1320
1979,1979-05-10,TX,2,0,0,31.93,-97.13,2.0,50
1979,1979-05-10,WI,2,0,0,43.98,-90.5,0.1,10
1979,1979-05-21,TX,3,0,0,32.57,-98.82,2.0,1320
1979,1979-05-22,MN,2,0,0,44.82,-93.32,2.0,100
1979,1979-05-23,MD,2,0,0,39.58,-77.0,2.0,150
1979,1979-05-24,FL,2,2,0,26.1,-80.13,3.0,30
1979,1979-05-24,NC,2,0,0,35.75,-81.67,0.3,30
1979,1979-05-27,TX,2,0,0,33.47,-94.42,10.1,100
1979,1979-05-02,OK,4,25,1,36.45,-98.35,20.6,880
1979,1979-05-02,OK,2,0,0,36.35,-98.65,20.3,1760
1979,1979-05-02,OK,3,0,0,36.18,-97.73,8.4,120
1979,1979-05-02,OK,2,0,0,36.08,-98.38,1.0,40
1979,1979-05-03,TX,2,5,0,32.55,-96.88,7.6,200
1979,1979-05-03,AR,2,2,0,34.0,-93.33,1.0,100
1979,1979-05-03,TN,2,5,0,35.88,-89.23,9.4,73
1979,1979-05-03,TX,3,0,0,32.78,-95.52,7.2,400
1979,1979-05-03,TX,2,0,0,32.9,-95.03,10.8,200
1979,1979-05-08,IA,3,4,0,42.45,-96.17,0.1,30
1979,1979-05-08,FL,2,40,1,28.07,-81.68,4.0,200
1979,1979-06-16,WI,2,0,0,44.88,-88.3,15.2,100
1979,1979-06-16,CO,2,0,0,38.87,-102.42,3.0,200
1979,1979-06-19,SD,2,0,0,44.9,-97.1,0.1,10
1979,1979-06-20,MI,2,0,0,41.73,-83.83,0.6,27
1979,1979-06-24,CO,3,1,0,38.85,-104.92,4.3,50
1979,1979-06-28,IA,3,34,2,43.25,-94.25,15.9,300
1979,1979-06-28,IA,4,26,3,42.63,-94.6,14.9,33
1979,1979-06-28,AR,2,0,0,35.62,-92.58,11.0,50
1979,1979-06-28,IA,2,10,0,42.52,-93.8,7.2,350
1979,1979-06-28,IA,2,0,0,42.42,-93.73,1.0,177
1979,1979-06-28,AR,2,0,0,34.82,-92.22,0.8,77
1979,1979-06-29,IL,4,1,0,41.52,-88.23,5.4,100
1979,1979-06-29,KY,2,7,0,38.27,-84.85,33.8,40
1979,1979-06-06,TX,2,0,0,33.2,-98.88,7.9,200
1979,1979-06-06,TX,3,2,0,33.22,-98.62,7.1,400
1979,1979-06-07,MI,2,1,0,42.08,-86.18,2.0,60
1979,1979-06-09,WI,2,5,0,42.6,-89.63,2.5,50
1979,1979-07-11,AL,2,4,0,31.4,-86.62,7.1,100
1979,1979-07-16,WY,3,40,1,41.17,-104.82,8.8,80
1979,1979-07-16,OK,2,0,0,35.42,-97.62,0.1,10
1979,1979-07-03,MN,2,0,0,43.95,-92.4,0.5,100
1979,1979-07-07,NE,2,1,0,42.55,-99.78,11.1,300
1979,1979-07-09,FL,2,6,0,28.32,-80.6,0.5,50
1979,1979-08-10,MA,2,2,2,42.32,-72.13,9.7,30
1979,1979-08-17,IL,2,0,0,42.27,-89.35,0.5,50
1979,1979-08-28,KS,2,0,0,38.77,-100.58,10.1,200
1979,1979-08-28,IA,3,14,2,40.92,-95.77,38.3,533
1979,1979-08-31,OK,2,0,0,35.85,-97.87,16.2,440
1979,1979-08-03,SD,2,0,0,45.4,-96.87,20.5,10
1979,1979-08-05,IL,3,0,0,42.02,-89.58,5.7,67
1979,1979-08-08,IA,2,0,0,43.07,-95.88,0.4,100
1979,1979-08-08,OH,2,0,0,40.52,-83.13,1.2,50
1979,1979-08-09,WI,2,0,0,43.65,-90.37,2.7,50
1979,1979-08-09,WI,2,0,1,44.07,-88.3,0.1,10
1979,1979-09-18,TX,2,1,0,29.73,-95.42,1.0,350
1979,1979-09-20,AL,2,2,0,32.55,-87.32,3.0,27
1979,1979-09-03,FL,2,0,0,28.07,-80.57,2.0,40
1979,1979-09-03,FL,2,0,0,29.2,-81.0,0.1,30
1979,1979-09-03,FL,2,0,0,29.13,-80.98,0.1,30
1979,1979-09-04,SC,2,0,0,33.37,-79.3,1.0,67
1979,1979-09-04,SC,2,0,0,33.82,-78.67,1.0,97
1979,1979-09-05,MD,2,0,0,39.45,-76.42,0.5,20
1979,1979-09-05,VA,3,2,0,36.98,-76.42,2.5,50
1979,1979-09-05,VA,2,9,0,37.02,-76.35,0.5,30
1979,1979-09-05,VA,2,0,0,38.33,-77.05,2.0,40
1979,1979-09-05,VA,3,6,1,38.78,-77.08,17.9,300
1979,1979-09-05,VA,2,2,0,39.1,-77.53,0.5,50
1979,1979-09-05,VA,2,0,0,39.13,-77.5,0.5,30
1979,1979-09-05,DE,2,5,0,39.78,-75.48,2.5,200
1979,1979-09-05,PA,2,4,1,39.77,-75.73,4.1,63
1979,1979-09-05,PA,2,0,0,40.35,-75.8,1.0,30
1979,1979-09-07,SD,2,0,0,43.15,-100.92,1.0,133
1980,1980-10-15,NE,2,0,0,41.4,-102.2,0.1,77
1980,1980-10-15,CO,2,0,0,40.02,-105.22,1.5,50
1980,1980-10-15,KS,3,4,0,37.33,-96.75,13.3,150
1980,1980-10-16,KS,3,0,0,38.82,-99.25,0.1,10
1980,1980-10-16,TX,2,1,0,31.72,-95.63,2.0,50
1980,1980-10-16,NE,2,0,0,42.22,-98.02,0.3,60
1980,1980-10-16,TX,2,0,0,33.13,-95.58,2.7,77
1980,1980-10-17,AR,2,3,0,33.47,-94.0,0.5,27
1980,1980-10-17,AR,2,2,0,33.58,-94.02,0.5,440
1980,1980-10-17,AR,2,2,1,33.47,-91.85,1.5,77
1980,1980-10-17,AR,2,0,0,33.33,-91.45,15.5,77
1980,1980-10-17,MS,2,0,0,33.08,-90.98,51.2,200
1980,1980-10-17,LA,2,0,0,32.92,-91.45,2.0,10
1980,1980-10-17,MS,2,0,0,33.58,-91.08,8.2,400
1980,1980-10-17,MS,2,0,0,32.78,-90.17,17.2,900
1980,1980-10-17,MS,2,0,0,32.53,-90.28,0.5,100
1980,1980-10-17,MS,2,5,0,33.43,-89.57,1.0,200
1980,1980-10-17,MS,2,0,0,31.7,-89.4,1.3,100
1980,1980-10-18,LA,2,4,0,30.32,-92.05,0.1,10
1980,1980-10-27,LA,3,0,0,31.83,-93.5,5.6,500
1980,1980-10-27,MS,2,2,0,31.58,-90.6,1.0,400
1980,1980-10-27,MS,2,1,0,31.7,-89.22,1.0,100
1980,1980-03-20,AL,2,6,0,33.17,-86.25,3.8,50
1980,1980-03-24,TN,2,2,0,35.85,-86.38,1.9,150
1980,1980-03-31,OK,2,0,0,34.65,-99.27,0.2,10
1980,1980-03-01,FL,3,33,1,26.17,-80.17,7.8,500
1980,1980-03-08,AL,2,5,0,31.2,-85.63,16.0,40
1980,1980-04-11,LA,2,0,0,32.33,-93.92,1.0,10
1980,1980-04-12,AL,2,1,0,31.03,-86.1,31.1,150
1980,1980-04-13,LA,2,2,0,29.95,-90.48,3.6,10
1980,1980-04-13,MS,2,0,0,30.23,-89.62,15.1,300
1980,1980-04-13,MS,3,25,0,30.37,-89.1,15.9,400
1980,1980-04-13,AL,2,0,0,30.88,-87.78,0.1,50
1980,1980-04-13,AL,2,13,0,32.6,-85.45,11.3,440
1980,1980-04-13,SC,2,5,0,34.38,-82.75,33.4,200
1980,1980-04-25,MS,2,0,0,32.07,-90.27,1.0,70
1980,1980-04-25,MS,2,0,0,33.3,-88.6,17.8,500
1980,1980-04-25,MS,2,8,1,31.77,-89.98,46.1,900
1980,1980-04-25,AL,2,0,0,33.33,-86.95,6.2,100
1980,1980-04-27,AL,2,0,0,34.08,-86.17,3.8,100
1980,1980-04-27,FL,2,10,0,24.67,-81.42,0.5,150
1980,1980-04-28,TN,2,1,0,35.25,-84.33,3.3,50
1980,1980-04-02,TX,4,0,0,33.6,-99.18,8.4,250
1980,1980-04-02,TX,2,1,0,32.95,-98.02,4.5,277
1980,1980-04-02,OK,2,0,0,34.05,-96.38,4.0,60
1980,1980-04-05,CA,2,1,0,36.37,-119.7,15.0,10
1980,1980-04-07,WI,3,4,0,43.48,-88.97,1.2,67
1980,1980-04-07,WI,2,16,0,43.47,-88.95,11.5,70
1980,1980-04-07,WI,2,0,0,43.35,-88.78,10.2,50
1980,1980-04-07,WI,2,2,0,43.43,-88.45,6.1,67
1980,1980-04-07,OK,3,9,0,35.13,-94.55,0.5,127
1980,1980-04-07,OK,2,1,0,36.87,-96.0,1.5,440
1980,1980-04-07,TX,3,5,1,30.52,-97.7,31.7,100
1980,1980-04-07,OK,3,4,0,36.45,-95.2,24.8,440
1980,1980-04-07,OK,2,0,0,36.42,-94.8,1.0,200
1980,1980-04-07,AR,2,8,0,35.13,-94.37,5.4,100
1980,1980-04-07,AR,2,1,0,35.03,-94.05,20.9,200
1980,1980-04-07,AR,2,15,0,34.9,-92.43,37.5,1320
1980,1980-04-07,AR,3,76,0,35.45,-93.5,3.6,1707
1980,1980-04-07,AR,2,0,0,34.85,-93.4,4.1,150
1980,1980-04-07,MO,2,3,0,37.85,-92.42,14.1,50
1980,1980-04-07,AR,2,5,0,34.75,-92.58,18.1,880
1980,1980-04-07,AR,2,0,0,34.87,-92.2,7.6,100
1980,1980-04-07,MO,2,0,0,38.4,-91.32,6.5,30
1980,1980-04-07,AR,2,1,0,34.77,-91.9,1.9,700
1980,1980-04-07,MO,3,15,0,38.78,-90.33,7.3,100
1980,1980-04-08,MS,2,0,0,34.7,-90.13,0.7,100
1980,1980-04-08,IL,2,0,0,39.63,-88.72,0.5,60
1980,1980-04-08,MS,2,0,0,34.92,-88.52,0.5,200
1980,1980-04-08,KY,2,4,0,38.95,-84.67,1.5,100
1980,1980-04-08,IN,2,0,0,40.32,-85.23,7.9,87
1980,1980-04-08,KY,2,9,2,36.72,-84.47,11.2,200
1980,1980-04-08,OH,2,10,0,39.53,-84.38,2.0,100
1980,1980-04-08,OH,2,0,0,39.98,-84.55,1.0,100
1980,1980-04-08,OH,2,7,0,41.28,-83.48,1.5,100
1980,1980-04-08,OH,2,2,0,41.65,-83.47,0.8,127
1980,1980-04-09,PA,2,0,0,40.73,-77.32,0.1,10
1980,1980-05-11,OK,2,1,0,35.65,-96.82,3.6,200
1980,1980-05-12,PA,2,0,0,40.4,-79.38,2.2,20
1980,1980-05-12,MO,2,0,0,39.12,-93.48,27.0,100
1980,1980-05-12,MO,3,23,0,38.67,-93.42,15.8,300
1980,1980-05-12,MO,2,0,0,38.57,-92.8,42.7,50
1980,1980-05-12,MO,2,7,0,38.87,-91.33,0.5,100
1980,1980-05-12,MO,2,0,0,38.83,-91.3,0.5,100
1980,1980-05-13,MI,3,15,0,42.22,-86.22,21.0,300
1980,1980-05-13,MI,3,79,5,42.3,-85.72,10.6,450
1980,1980-05-16,MS,3,0,0,30.37,-89.15,11.5,800
1980,1980-05-18,NC,2,0,0,35.1,-80.43,3.3,50
1980,1980-05-19,MS,2,0,0,30.83,-89.63,0.3,50
1980,1980-05-19,MS,3,8,0,30.23,-89.45,13.1,800
1980,1980-05-19,MS,3,4,0,30.38,-89.18,10.6,800
1980,1980-05-19,MS,2,0,0,30.45,-88.92,7.9,200
1980,1980-05-19,MS,3,0,0,30.9,-88.65,4.3,150
1980,1980-05-19,AL,2,0,0,30.6,-88.08,0.1,50
1980,1980-05-20,AL,2,1,0,31.73,-85.58,11.5,50
1980,1980-05-20,SC,2,6,0,34.23,-80.1,9.0,200
1980,1980-05-20,SC,3,26,0,34.37,-79.55,10.7,517
1980,1980-05-23,GA,2,2,0,32.05,-81.08,1.0,100
1980,1980-05-23,SC,2,0,0,34.65,-81.87,2.5,100
1980,1980-05-28,TX,3,0,0,34.52,-101.93,6.1,2333
1980,1980-05-28,TX,2,0,0,34.5,-101.87,4.9,1667
1980,1980-05-28,TX,3,0,0,34.53,-101.77,2.0,833
1980,1980-05-28,TX,2,6,0,35.58,-100.12,8.0,50
1980,1980-05-28,OK,2,1,0,35.65,-99.98,13.2,200
1980,1980-05-28,TX,2,0,0,34.65,-101.22,0.1,10
1980,1980-05-29,NE,2,0,0,42.65,-96.98,3.3,60
1980,1980-05-29,IA,2,0,0,43.18,-93.2,0.5,30
1980,1980-05-29,TX,2,0,0,34.93,-100.32,16.2,160
1980,1980-05-29,OK,2,0,0,34.63,-99.33,0.1,10
1980,1980-05-29,TX,2,0,0,34.23,-99.47,13.2,100
1980,1980-05-31,KS,2,0,0,39.05,-95.57,2.0,220
1980,1980-05-31,KS,2,1,0,38.97,-95.1,6.6,10
1980,1980-05-09,CA,2,0,0,40.13,-122.22,0.1,10
1980,1980-06-17,AL,2,0,0,33.33,-85.8,5.2,23
1980,1980-06-17,AL,2,0,0,34.0,-86.02,1.0,150
1980,1980-06-17,TX,2,0,0,33.68,-102.58,45.0,200
1980,1980-06-19,MS,2,0,0,33.95,-88.62,22.5,200
1980,1980-06-19,TX,2,1,0,32.83,-102.07,2.5,100
1980,1980-06-20,TX,2,1,0,31.83,-97.55,4.3,100
1980,1980-06-24,MS,2,0,0,33.95,-90.17,4.9,300
1980,1980-06-28,IN,2,0,0,41.67,-86.25,0.1,10
1980,1980-06-29,TN,2,0,0,35.02,-86.82,1.0,40
1980,1980-06-29,MD,2,10,0,39.52,-76.17,2.0,150
1980,1980-06-01,IL,2,7,0,39.8,-88.28,1.0,10
1980,1980-06-02,NE,2,0,0,40.23,-97.6,2.0,300
1980,1980-06-02,IA,2,0,0,40.65,-93.42,4.7,80
1980,1980-06-02,IA,2,5,0,40.63,-92.92,19.8,80
1980,1980-06-02,IN,2,0,0,40.13,-87.4,0.1,10
1980,1980-06-02,IN,3,16,1,40.08,-87.07,18.1,10
1980,1980-06-02,IN,2,6,0,39.78,-86.15,0.1,10
1980,1980-06-02,IN,2,4,0,39.72,-85.88,0.1,10
1980,1980-06-02,IA,4,0,0,40.62,-93.92,31.2,140
1980,1980-06-03,PA,4,140,0,40.65,-79.73,11.8,10
1980,1980-06-03,PA,2,0,0,40.53,-79.47,4.9,10
1980,1980-06-03,WV,3,19,0,39.53,-79.9,29.8,150
1980,1980-06-03,VA,2,0,0,39.0,-77.67,2.7,100
1980,1980-06-03,NE,3,25,1,41.02,-98.4,6.4,700
1980,1980-06-03,NE,3,40,1,40.97,-98.35,2.3,500
1980,1980-06-03,NE,4,110,3,40.92,-98.3,1.1,1700
1980,1980-06-03,NE,2,18,0,40.9,-98.28,3.4,1700
1980,1980-06-05,MN,2,0,0,43.97,-91.85,5.7,100
1980,1980-06-05,WI,2,0,0,43.75,-91.07,70.2,67
1980,1980-06-05,WI,3,1,0,43.67,-91.22,26.9,10
1980,1980-06-05,WI,2,0,0,43.2,-88.7,6.2,10
1980,1980-06-05,WI,3,0,0,43.13,-88.77,10.7,100
1980,1980-06-06,WI,2,0,0,42.82,-88.57,0.3,10
1980,1980-06-07,WI,2,0,0,44.07,-87.88,0.2,10
1980,1980-06-07,IL,2,0,0,40.87,-88.77,34.5,880
1980,1980-06-07,IN,2,0,0,40.42,-86.87,0.1,10
1980,1980-06-07,IN,2,5,1,40.37,-85.95,0.1,10
1980,1980-06-07,PA,2,0,0,40.02,-77.07,5.6,800
1980,1980-06-07,PA,3,0,0,39.93,-77.02,1.5,400
1980,1980-06-09,PA,2,0,0,40.65,-78.65,7.4,10
1980,1980-07-10,IL,2,0,0,39.58,-89.78,1.5,17
1980,1980-07-10,TN,3,12,0,36.2,-82.35,1.9,100
1980,1980-07-11,MN,2,0,0,47.93,-96.38,6.1,200
1980,1980-07-12,KY,2,0,0,38.68,-83.05,29.6,300
1980,1980-07-15,WI,3,10,1,44.83,-91.52,1.0,440
1980,1980-07-15,WI,2,5,1,44.87,-91.48,0.2,67
1980,1980-07-15,WI,2,12,1,45.08,-92.17,0.1,10
1980,1980-07-15,WI,2,0,0,44.62,-91.18,2.7,10
1980,1980-07-16,IL,2,0,0,42.12,-88.53,1.4,440
1980,1980-07-16,MI,2,0,0,42.25,-83.22,1.3,10
1980,1980-07-19,IA,2,0,0,42.83,-94.83,24.4,80
1980,1980-07-19,IA,2,0,0,43.02,-95.62,3.3,160
1980,1980-07-19,WI,2,0,0,43.92,-89.87,2.0,10
1980,1980-07-27,TX,2,1,0,34.55,-102.3,3.0,40
1980,1980-07-05,IN,2,0,0,41.72,-85.82,0.1,10
1980,1980-07-05,OH,2,1,0,40.67,-82.85,0.2,33
1980,1980-07-05,TN,2,0,0,36.38,-86.53,6.9,100
1980,1980-07-06,TN,2,0,0,36.58,-83.25,11.5,300
1980,1980-07-09,OH,2,0,0,41.02,-83.68,0.2,50
1980,1980-07-09,WV,2,0,0,38.8,-79.72,0.3,20
1980,1980-07-09,IN,4,25,2,39.62,-85.48,11.0,267
1980,1980-08-10,TX,2,0,0,27.58,-97.8,2.5,40
1980,1980-08-10,TX,2,2,0,29.42,-98.42,12.2,100
1980,1980-08-10,TX,2,1,0,27.75,-98.08,2.0,40
1980,1980-08-10,TX,2,0,0,30.0,-97.17,18.8,77
1980,1980-08-10,TX,2,4,0,30.25,-97.65,5.4,150
1980,1980-08-10,TX,2,20,0,29.9,-97.87,47.7,200
1980,1980-08-10,NE,2,0,0,42.23,-102.68,11.3,30
1980,1980-08-17,IN,2,0,0,39.85,-85.73,3.3,60
1980,1980-08-18,MN,2,1,0,44.1,-94.2,2.8,20
1980,1980-08-23,TX,2,0,0,32.92,-99.43,4.3,73
1980,1980-08-01,NE,2,0,0,40.25,-99.37,0.1,30
1980,1980-08-04,WI,2,0,0,43.17,-88.02,0.1,20
1980,1980-08-09,TX,2,0,0,25.97,-97.55,4.6,50
1980,1980-08-09,TX,2,0,0,27.87,-97.33,1.0,40
1980,1980-08-09,TX,2,3,0,27.58,-97.8,5.9,50
1980,1980-09-16,OK,2,0,0,36.05,-95.6,2.5,2200
1980,1980-09-20,IA,3,0,0,43.15,-95.15,1.5,300
1980,1980-09-20,IA,2,0,0,42.92,-94.12,24.5,80
1980,1980-09-20,IA,2,0,0,43.32,-93.63,10.2,60
1980,1980-09-01,AL,2,0,0,32.4,-87.02,0.2,50
1980,1980-09-03,AR,2,0,0,35.0,-92.63,0.1,27
1980,1980-09-03,MN,2,0,0,45.63,-94.88,1.0,150
1980,1980-09-03,MN,3,15,1,45.53,-94.22,3.8,60
1980,1980-09-03,WI,2,0,0,46.58,-91.88,9.9,80
1980,1980-09-06,TX,2,0,0,29.98,-93.98,0.1,200
1981,1981-10-13,TX,3,1,0,31.95,-96.15,7.2,100
1981,1981-10-13,TX,2,4,0,31.53,-97.18,2.0,150
1981,1981-10-13,TX,2,0,0,32.47,-97.38,2.7,50
1981,1981-10-13,TX,2,0,0,32.13,-97.33,2.7,100
1981,1981-10-13,TX,2,0,0,33.65,-95.67,6.6,50
1981,1981-10-15,TX,2,2,0,31.65,-102.37,1.5,30
1981,1981-10-17,AR,2,0,0,34.53,-92.35,0.5,100
1981,1981-10-17,TN,2,0,0,35.25,-89.1,1.5,33
1981,1981-10-25,FL,2,12,0,30.45,-85.05,6.9,50
1981,1981-10-26,NJ,2,0,0,40.87,-74.88,0.8,400
1981,1981-12-15,FL,2,5,0,27.72,-82.72,4.7,150
1981,1981-02-10,TX,2,0,0,30.67,-97.67,0.8,100
1981,1981-02-10,TX,2,2,0,30.77,-96.0,2.5,77
1981,1981-02-10,TX,2,8,1,30.8,-95.57,19.9,100
1981,1981-02-10,MS,2,2,0,30.52,-88.55,0.5,50
1981,1981-02-10,AL,2,62,0,30.88,-87.78,1.5,150
1981,1981-02-11,NC,2,0,0,35.08,-79.5,5.2,700
1981,1981-02-11,NC,2,0,0,35.2,-79.38,7.6,800
1981,1981-02-11,NC,2,0,1,34.98,-79.08,12.4,847
1981,1981-02-11,NC,2,2,0,35.78,-78.5,1.9,800
1981,1981-02-11,NC,2,0,0,35.93,-78.15,3.3,800
1981,1981-03-17,TX,2,1,0,33.75,-96.53,1.0,73
1981,1981-03-18,FL,2,1,0,28.67,-81.2,0.5,33
1981,1981-03-19,FL,3,1,0,28.5,-81.42,8.0,100
1981,1981-03-19,FL,2,11,0,28.23,-81.37,5.4,50
1981,1981-03-25,MN,2,0,0,45.83,-94.18,3.0,50
1981,1981-03-29,IL,4,0,0,41.68,-89.95,5.1,33
1981,1981-03-30,NC,2,1,1,36.5,-77.07,21.9,83
1981,1981-03-31,MS,2,0,0,31.28,-90.43,13.7,127
1981,1981-03-31,MS,2,2,0,31.53,-89.52,8.2,100
1981,1981-04-10,IA,2,9,0,41.88,-93.17,5.6,500
1981,1981-04-10,IA,2,0,0,42.83,-92.1,0.8,100
1981,1981-04-11,IA,2,2,0,40.68,-94.75,6.9,50
1981,1981-04-13,IL,2,0,0,40.62,-88.75,0.1,10
1981,1981-04-19,OK,3,7,0,36.07,-95.92,4.9,200
1981,1981-04-19,OK,2,0,0,35.97,-95.13,3.6,600
1981,1981-04-19,OK,3,0,0,35.92,-95.1,3.0,100
1981,1981-04-19,OK,3,1,0,36.03,-95.9,0.5,10
1981,1981-04-19,OK,3,49,5,35.95,-96.0,9.9,880
1981,1981-04-22,MO,4,32,1,36.6,-90.42,63.0,400
1981,1981-04-22,MO,3,0,1,38.18,-90.5,7.1,100
1981,1981-04-23,TX,2,2,0,30.03,-94.33,13.4,50
1981,1981-04-28,PA,2,0,0,40.73,-79.73,0.5,10
1981,1981-04-29,MN,2,2,0,44.2,-92.65,0.1,100
1981,1981-04-29,PA,2,0,0,40.82,-75.58,0.1,10
1981,1981-04-30,OK,2,4,1,35.3,-97.97,29.1,10
1981,1981-04-01,AL,3,23,2,32.25,-85.4,0.1,100
1981,1981-04-03,NE,2,0,0,40.87,-96.87,8.3,50
1981,1981-04-03,KS,2,0,0,39.78,-95.0,1.8,33
1981,1981-04-03,IL,4,32,0,38.72,-90.13,11.9,567
1981,1981-04-04,WI,4,53,3,43.43,-88.2,1.8,100
1981,1981-04-04,WI,2,6,0,43.92,-88.08,0.1,23
1981,1981-05-11,VA,2,0,0,37.68,-76.68,0.2,20
1981,1981-05-13,OK,2,0,0,34.48,-96.22,4.5,100
1981,1981-05-13,TX,2,0,0,33.53,-96.08,1.0,73
1981,1981-05-13,TX,4,30,0,33.77,-95.7,8.8,400
1981,1981-05-13,TX,2,0,0,32.7,-95.65,5.4,200
1981,1981-05-13,TX,2,0,0,32.7,-95.32,6.5,50
1981,1981-05-13,AR,2,4,0,33.27,-93.38,14.6,440
1981,1981-05-15,MD,2,2,0,39.6,-75.83,1.5,27
1981,1981-05-15,TX,2,0,0,31.18,-98.95,8.0,150
1981,1981-05-16,TX,2,1,0,30.45,-96.8,9.7,73
1981,1981-05-16,AR,2,5,0,33.88,-91.65,12.5,660
1981,1981-05-17,KS,2,0,0,37.07,-97.05,0.5,100
1981,1981-05-17,OK,2,0,0,35.63,-97.35,1.9,50
1981,1981-05-17,TX,2,0,0,33.27,-97.33,4.9,123
1981,1981-05-17,OK,3,6,0,35.22,-96.98,10.2,587
1981,1981-05-17,OK,2,0,0,35.32,-96.73,2.7,200
1981,1981-05-17,OK,4,2,0,35.35,-96.6,33.6,600
1981,1981-05-17,OK,2,0,0,36.98,-96.23,0.1,10
1981,1981-05-17,OK,3,0,0,35.33,-96.48,15.4,350
1981,1981-05-17,OK,2,0,0,35.62,-95.17,0.1,10
1981,1981-05-18,TX,2,0,0,31.75,-94.75,1.0,100
1981,1981-05-18,TX,2,0,0,31.72,-94.75,7.1,150
1981,1981-05-18,MS,2,1,0,32.67,-89.93,7.1,300
1981,1981-05-18,KY,2,0,0,36.72,-88.98,0.1,10
1981,1981-05-22,OK,2,0,0,35.32,-99.0,6.9,200
1981,1981-05-22,OK,2,0,0,35.25,-98.67,5.0,300
1981,1981-05-22,OK,2,0,0,35.12,-98.75,15.4,100
1981,1981-05-22,OK,2,0,0,35.55,-99.18,10.4,200
1981,1981-05-22,OK,4,0,0,35.32,-98.37,16.7,1333
1981,1981-05-22,OK,3,12,0,35.48,-99.03,10.3,267
1981,1981-05-22,OK,2,0,0,35.72,-98.3,0.1,10
1981,1981-05-23,KS,2,0,0,38.37,-95.23,1.5,50
1981,1981-05-23,IA,2,0,0,40.7,-94.32,15.9,130
1981,1981-05-23,OK,2,3,0,36.93,-95.88,15.2,100
1981,1981-05-23,OK,2,3,0,36.95,-95.7,4.5,100
1981,1981-05-23,IA,2,0,0,43.27,-92.92,3.8,50
1981,1981-05-23,OK,3,0,0,34.08,-96.5,9.7,100
1981,1981-05-23,OK,2,0,0,36.27,-94.65,0.1,10
1981,1981-05-24,MO,2,1,0,37.2,-89.72,9.1,400
1981,1981-05-24,TX,2,0,0,28.37,-100.33,2.0,50
1981,1981-05-27,SC,2,6,0,34.02,-79.62,4.7,100
1981,1981-05-28,MT,2,0,0,47.35,-109.05,1.5,100
1981,1981-05-03,TX,2,10,0,29.43,-95.32,7.2,73
1981,1981-05-07,TX,2,0,0,33.67,-101.37,6.1,40
1981,1981-05-07,TX,2,0,0,33.48,-101.38,1.5,40
1981,1981-05-07,TX,2,0,0,33.7,-101.37,1.0,30
1981,1981-05-07,TX,2,0,0,33.68,-101.33,2.7,150
1981,1981-05-08,TX,2,0,0,32.57,-96.98,4.9,73
1981,1981-05-09,TX,2,0,0,31.97,-97.25,9.6,100
1981,1981-05-09,TX,3,0,0,31.97,-97.02,5.2,73
1981,1981-05-09,TX,2,0,0,30.75,-96.95,22.3,60
1981,1981-05-09,TX,3,0,0,31.95,-95.9,15.0,100
1981,1981-05-09,TX,2,0,0,31.87,-95.7,9.9,73
1981,1981-05-09,TX,2,0,0,32.43,-95.0,7.7,73
1981,1981-05-09,TX,2,2,0,30.45,-95.75,5.1,40
1981,1981-05-09,TX,2,0,0,29.5,-95.82,3.3,40
1981,1981-05-09,TX,2,1,0,29.48,-95.03,1.5,50
1981,1981-06-10,LA,2,0,0,32.42,-91.2,0.1,10
1981,1981-06-12,IA,2,1,0,42.83,-94.22,0.1,10
1981,1981-06-13,OH,3,56,4,40.5,-82.9,3.8,350
1981,1981-06-13,OH,2,0,0,40.07,-81.88,2.3,200
1981,1981-06-13,OH,2,2,0,39.88,-82.32,2.0,250
1981,1981-06-13,MN,2,0,0,45.58,-93.47,2.0,100
1981,1981-06-13,IA,2,0,0,43.17,-95.88,0.1,10
1981,1981-06-13,WI,2,0,0,45.8,-89.17,0.1,50
1981,1981-06-14,IA,2,0,0,43.42,-95.55,21.6,1533
1981,1981-06-14,IA,2,0,0,43.43,-95.55,21.9,1533
1981,1981-06-14,MN,2,8,0,44.38,-93.73,2.0,100
1981,1981-06-14,WI,2,0,0,44.85,-92.25,0.5,33
1981,1981-06-14,MN,3,83,1,44.82,-93.27,16.2,600
1981,1981-06-14,MI,2,0,0,46.08,-88.17,2.6,90
1981,1981-06-14,MN,2,0,0,45.22,-93.98,2.9,440
1981,1981-06-15,OK,2,3,0,35.95,-96.08,3.3,100
1981,1981-06-15,WI,2,0,0,43.08,-89.22,1.0,33
1981,1981-06-15,WI,2,3,0,42.88,-88.93,28.7,50
1981,1981-06-19,KS,3,33,1,38.97,-95.27,7.7,200
1981,1981-06-20,MI,2,0,0,41.95,-86.35,1.5,500
1981,1981-06-21,MO,2,6,1,38.83,-91.13,6.5,300
1981,1981-06-21,MN,2,0,0,44.78,-95.57,54.3,200
1981,1981-06-21,WV,2,0,0,39.53,-80.35,1.0,10
1981,1981-06-21,IL,3,12,1,40.23,-90.63,8.8,880
1981,1981-06-22,NH,2,0,0,43.43,-71.17,8.7,40
1981,1981-06-22,LA,2,0,0,29.95,-90.05,2.3,20
1981,1981-06-22,MA,3,3,0,42.5,-72.03,7.1,167
1981,1981-06-23,MN,2,0,0,44.53,-95.08,1.0,20
1981,1981-06-23,MN,2,0,0,43.72,-93.65,1.0,30
1981,1981-06-23,MN,2,0,0,44.83,-95.33,6.8,150
1981,1981-06-01,TX,2,0,0,34.82,-100.03,5.7,50
1981,1981-06-03,LA,2,0,0,31.63,-91.57,0.5,30
1981,1981-06-03,CO,2,0,0,39.72,-105.05,0.1,50
1981,1981-06-03,CO,2,42,0,39.87,-104.98,2.3,133
1981,1981-06-03,TX,2,0,0,33.22,-102.28,2.0,40
1981,1981-06-05,TX,2,2,0,29.25,-94.85,2.7,100
1981,1981-06-05,TX,2,1,0,29.53,-94.75,1.5,60
1981,1981-06-05,LA,2,0,0,29.77,-93.68,0.1,17
1981,1981-06-05,LA,2,0,0,31.1,-92.4,0.1,33
1981,1981-06-05,LA,2,0,0,31.27,-92.45,0.1,23
1981,1981-06-05,LA,3,10,0,31.3,-92.47,4.3,40
1981,1981-06-06,NC,2,1,0,36.07,-80.23,9.4,17
1981,1981-06-08,OH,2,2,0,40.28,-84.15,1.3,200
1981,1981-06-08,OH,2,2,0,40.53,-82.42,3.8,50
1981,1981-06-08,OH,2,5,0,40.45,-81.92,2.3,500
1981,1981-06-09,KY,2,7,0,38.62,-83.8,4.1,20
1981,1981-07-19,KS,2,9,0,39.13,-95.65,0.3,150
1981,1981-07-20,PA,2,0,0,40.85,-80.0,0.1,10
1981,1981-07-20,MO,2,0,0,38.88,-91.38,1.0,50
1981,1981-07-20,PA,2,0,0,40.85,-75.15,4.1,67
1981,1981-07-20,NJ,2,0,0,40.92,-74.75,3.6,250
1981,1981-07-21,OK,2,0,0,35.2,-94.52,0.5,30
1981,1981-07-22,SD,2,0,0,44.78,-97.1,0.1,10
1981,1981-07-25,IL,2,0,0,40.9,-89.77,2.0,20
1981,1981-07-26,PA,2,0,0,40.57,-79.23,0.1,10
1981,1981-07-26,PA,2,0,0,40.87,-76.25,0.1,10
1981,1981-07-26,PA,3,2,0,40.77,-75.58,3.3,50
1981,1981-07-28,PA,2,4,0,41.62,-79.77,2.0,10
1981,1981-07-28,OH,2,8,0,39.42,-81.3,6.2,50
1981,1981-07-28,VA,2,0,0,38.9,-77.43,0.1,27
1981,1981-07-30,ND,3,0,0,46.73,-101.13,23.9,500
1981,1981-08-24,NE,2,0,0,41.47,-100.28,1.0,200
1981,1981-08-03,SD,3,0,0,43.28,-97.15,12.8,440
1981,1981-08-04,NE,2,0,0,41.77,-98.83,0.2,60
1981,1981-08-05,MN,2,0,0,47.7,-95.25,0.8,70
1981,1981-08-05,MN,2,0,0,44.75,-95.25,0.1,10
1981,1981-08-05,KY,2,1,0,37.33,-85.4,1.0,10
1981,1981-08-07,PA,2,0,0,41.4,-79.85,0.1,10
1981,1981-09-15,NC,2,0,0,36.47,-77.55,1.3,33
1981,1981-09-26,SD,2,0,0,42.78,-96.88,0.1,10
1982,1982-11-22,OK,2,0,0,34.33,-96.15,5.0,150
1982,1982-11-30,MS,2,0,0,31.08,-89.75,0.5,100
1982,1982-11-09,CA,2,0,0,34.18,-118.45,1.0,150
1982,1982-11-09,CA,2,0,0,33.78,-118.2,10.0,1300
1982,1982-12-23,TX,2,0,0,33.15,-94.13,25.0,123
1982,1982-12-23,AR,2,0,0,34.5,-93.08,4.0,100
1982,1982-12-23,AR,3,29,0,34.18,-93.92,20.0,400
1982,1982-12-23,AR,3,0,0,35.53,-92.65,14.0,500
1982,1982-12-23,AR,2,0,0,35.32,-93.72,0.5,100
1982,1982-12-23,AR,2,7,0,35.03,-92.2,16.0,77
1982,1982-12-23,AR,2,0,0,35.32,-93.73,0.6,80
1982,1982-12-23,OK,2,1,0,34.07,-95.0,3.0,100
1982,1982-12-24,OK,2,7,0,36.0,-95.88,3.0,100
1982,1982-12-24,MO,2,1,0,37.03,-93.15,16.0,100
1982,1982-12-24,MO,2,4,0,36.78,-92.58,17.0,200
1982,1982-12-24,AR,3,7,1,34.98,-92.27,16.5,150
1982,1982-12-24,AR,2,0,0,34.75,-92.27,0.5,50
1982,1982-12-24,AR,4,11,0,36.18,-91.62,63.0,440
1982,1982-12-24,MO,2,2,1,36.5,-91.28,33.0,300
1982,1982-12-24,AR,3,0,1,35.17,-91.33,15.0,300
1982,1982-12-24,AR,2,0,0,35.17,-91.25,16.0,200
1982,1982-12-24,AR,2,0,0,34.47,-92.67,7.0,250
1982,1982-12-25,TN,2,0,0,35.28,-89.97,2.0,77
1982,1982-12-26,MS,2,0,0,32.8,-89.28,0.7,100
1982,1982-12-27,LA,2,0,0,32.07,-91.62,1.0,33
1982,1982-12-29,GA,2,0,0,31.93,-83.07,2.0,33
1982,1982-12-02,MO,2,9,0,36.97,-92.33,23.0,150
1982,1982-12-02,MO,2,3,0,36.13,-91.35,13.0,100
1982,1982-12-02,AR,3,0,0,35.48,-94.23,1.0,500
1982,1982-12-02,AR,2,0,0,35.83,-93.1,34.0,220
1982,1982-12-02,AR,3,53,2,34.58,-92.47,18.0,233
1982,1982-12-02,AR,3,3,0,35.15,-92.17,24.0,350
1982,1982-12-02,AR,3,7,0,35.03,-92.33,32.0,300
1982,1982-12-02,AR,3,3,0,36.18,-91.62,9.0,250
1982,1982-12-02,MO,2,0,0,36.77,-91.08,13.5,200
1982,1982-12-02,MO,2,0,0,37.38,-90.6,12.0,50
1982,1982-12-02,AR,3,0,0,35.63,-92.58,23.0,400
1982,1982-12-02,IL,3,0,2,38.52,-89.7,10.5,100
1982,1982-12-03,AR,3,7,0,33.55,-92.8,10.0,250
1982,1982-12-03,AR,2,0,0,34.23,-92.57,6.0,60
1982,1982-01-22,AR,2,1,0,34.5,-93.05,2.5,20
1982,1982-01-30,LA,2,1,0,29.98,-91.07,3.0,10
1982,1982-01-03,MS,3,17,1,32.25,-89.17,11.0,300
1982,1982-01-03,AL,2,0,0,32.75,-86.52,15.0,140
1982,1982-01-03,AL,2,12,0,32.68,-86.57,8.0,80
1982,1982-01-03,AL,2,0,0,34.22,-86.73,0.5,100
1982,1982-01-03,AL,2,1,0,34.35,-86.45,2.5,100
1982,1982-02-11,HI,2,0,0,21.33,-157.72,0.1,10
1982,1982-02-11,HI,2,0,0,21.37,-157.77,0.1,10
1982,1982-03-12,IL,2,1,0,40.33,-90.68,0.1,10
1982,1982-03-14,TX,2,0,0,32.07,-99.92,10.0,150
1982,1982-03-14,TX,3,14,0,31.87,-100.15,40.5,173
1982,1982-03-15,KS,2,0,0,37.67,-96.07,1.0,300
1982,1982-03-15,KS,2,0,0,37.78,-95.85,30.0,500
1982,1982-03-15,OK,3,36,1,34.8,-96.7,6.0,60
1982,1982-03-15,OK,2,0,0,35.08,-96.43,0.1,10
1982,1982-03-15,KS,3,1,1,37.02,-95.85,6.0,300
1982,1982-03-15,OK,2,1,0,36.67,-96.32,0.1,10
1982,1982-03-15,OK,2,57,0,36.73,-96.02,3.0,177
1982,1982-03-15,KS,2,3,0,37.38,-95.07,17.0,600
1982,1982-03-15,OK,2,0,0,36.82,-95.85,12.0,177
1982,1982-03-15,OK,2,0,0,36.87,-95.62,0.1,10
1982,1982-03-15,KS,3,8,2,37.53,-94.8,70.0,600
1982,1982-03-15,KS,3,6,1,37.02,-95.43,30.0,167
1982,1982-03-15,KS,3,0,0,37.32,-94.65,9.0,400
1982,1982-03-15,MO,3,1,0,38.08,-93.58,14.0,700
1982,1982-03-15,MO,2,0,0,38.3,-92.98,5.0,600
1982,1982-03-16,KY,2,2,0,37.9,-84.08,8.0,400
1982,1982-03-18,HI,2,0,0,21.5,-158.03,0.1,10
1982,1982-03-18,KS,2,0,0,37.12,-100.98,0.5,30
1982,1982-03-18,KS,2,0,0,37.43,-100.95,48.0,67
1982,1982-03-18,TX,4,12,0,36.02,-101.73,88.0,880
1982,1982-03-20,KY,2,8,0,38.22,-85.23,1.0,30
1982,1982-03-20,KY,2,0,0,38.12,-85.18,20.0,200
1982,1982-03-29,SD,2,1,0,43.17,-101.95,0.2,10
1982,1982-03-30,IL,2,3,1,38.15,-88.9,0.8,100
1982,1982-03-31,OH,2,4,0,40.4,-82.48,1.0,200
1982,1982-04-15,NE,2,0,0,40.5,-96.2,5.0,70
1982,1982-04-15,ND,2,0,0,46.28,-97.73,7.0,440
1982,1982-04-16,MO,2,0,0,38.08,-91.95,13.0,100
1982,1982-04-16,MO,2,0,0,38.1,-91.42,0.1,10
1982,1982-04-16,MO,2,0,0,36.9,-91.98,14.0,800
1982,1982-04-17,MS,2,0,0,34.77,-89.45,0.1,10
1982,1982-04-17,PA,2,1,0,41.2,-76.4,4.0,30
1982,1982-04-19,LA,2,0,0,32.55,-92.75,15.0,100
1982,1982-04-19,LA,2,0,0,32.42,-91.27,5.0,100
1982,1982-04-20,LA,2,0,0,31.97,-93.35,0.1,10
1982,1982-04-20,MS,2,0,0,30.27,-89.38,18.0,133
1982,1982-04-25,MS,2,3,0,30.38,-88.53,0.1,10
1982,1982-04-25,AL,3,0,0,30.25,-88.13,1.5,100
1982,1982-04-25,GA,2,5,0,30.95,-82.98,1.0,400
1982,1982-04-25,TX,2,0,0,33.55,-95.35,13.0,100
1982,1982-04-25,AR,3,0,0,34.17,-92.98,9.0,880
1982,1982-04-25,AR,2,0,0,34.02,-92.38,2.0,200
1982,1982-04-25,LA,3,0,0,32.22,-94.03,7.0,200
1982,1982-04-25,LA,3,0,0,32.22,-94.03,7.0,200
1982,1982-04-25,AR,2,1,0,34.65,-92.2,0.5,300
1982,1982-04-25,LA,3,1,0,32.63,-93.38,23.0,500
1982,1982-04-26,AL,3,0,0,33.93,-88.0,12.0,200
1982,1982-04-26,GA,2,5,0,34.13,-84.85,5.0,300
1982,1982-04-27,NC,2,1,0,35.22,-80.12,0.1,27
1982,1982-04-02,OK,2,1,0,34.05,-95.48,0.5,30
1982,1982-04-02,OK,2,0,0,36.4,-95.55,1.0,50
1982,1982-04-02,OK,3,0,0,33.97,-97.12,0.5,30
1982,1982-04-02,OK,2,0,0,36.33,-95.27,0.5,10
1982,1982-04-02,OK,2,0,0,34.03,-96.13,0.5,10
1982,1982-04-02,OK,3,0,0,34.07,-95.95,8.0,100
1982,1982-04-02,TX,3,1,1,33.63,-96.28,32.0,150
1982,1982-04-02,TX,2,0,0,33.65,-96.17,1.0,50
1982,1982-04-02,AR,2,2,0,34.6,-92.02,1.0,100
1982,1982-04-02,OK,5,29,0,34.13,-95.57,53.0,500
1982,1982-04-02,AR,2,0,0,34.65,-91.58,2.5,17
1982,1982-04-02,TX,4,170,10,33.65,-95.63,23.0,250
1982,1982-04-02,TX,2,0,0,33.63,-95.22,5.0,100
1982,1982-04-02,TX,3,4,1,33.63,-95.03,52.0,233
1982,1982-04-02,AR,2,0,0,34.88,-91.18,0.1,10
1982,1982-04-02,AR,2,13,1,35.02,-90.77,1.6,60
1982,1982-04-02,AR,4,23,3,33.93,-94.28,45.0,200
1982,1982-04-02,AR,3,5,0,36.32,-93.0,1.0,100
1982,1982-04-02,AR,3,4,5,33.63,-93.8,18.0,200
1982,1982-04-02,TX,2,1,0,32.7,-95.3,2.0,150
1982,1982-04-02,MO,4,28,2,36.57,-92.22,20.0,500
1982,1982-04-02,AR,3,2,2,36.43,-92.12,1.5,880
1982,1982-04-02,AR,3,37,2,35.08,-92.45,3.5,440
1982,1982-04-02,TN,3,1,0,36.03,-89.38,8.0,77
1982,1982-04-02,TN,2,0,0,36.22,-89.07,11.5,77
1982,1982-04-02,MS,3,40,3,32.72,-89.52,42.0,400
1982,1982-04-02,IL,3,15,0,41.05,-87.98,12.0,750
1982,1982-04-03,MS,2,40,0,32.03,-91.03,0.1,10
1982,1982-04-03,OH,2,9,0,40.5,-82.55,0.8,50
1982,1982-04-05,GA,2,1,0,31.13,-84.95,8.0,100
1982,1982-04-08,FL,2,10,0,28.8,-81.27,3.0,50
1982,1982-04-09,FL,2,1,0,28.5,-81.83,3.0,20
1982,1982-05-10,NE,2,0,0,41.22,-98.25,0.3,20
1982,1982-05-10,NE,2,0,0,41.22,-98.45,0.3,20
1982,1982-05-10,MN,3,0,0,46.02,-96.47,15.0,80
1982,1982-05-11,OK,2,0,0,34.63,-99.5,5.7,150
1982,1982-05-11,OK,3,41,0,34.62,-99.32,4.0,350
1982,1982-05-11,OK,3,18,2,34.7,-99.27,10.0,700
1982,1982-05-11,OK,3,0,0,34.97,-99.23,7.0,100
1982,1982-05-11,TX,3,0,0,34.65,-100.72,15.0,40
1982,1982-05-11,OK,2,0,0,35.13,-99.25,7.0,50
1982,1982-05-12,TX,2,17,0,32.42,-102.75,21.0,100
1982,1982-05-12,TX,2,6,0,32.6,-97.83,8.0,150
1982,1982-05-12,TX,3,2,0,32.48,-98.23,9.0,100
1982,1982-05-12,TX,2,0,0,31.53,-98.57,10.0,100
1982,1982-05-12,TX,2,0,0,31.8,-98.47,10.0,100
1982,1982-05-12,TX,3,3,0,31.83,-98.68,13.0,100
1982,1982-05-12,TX,2,2,0,29.65,-101.17,19.0,120
1982,1982-05-12,TX,2,0,0,29.37,-100.92,5.0,80
1982,1982-05-12,TX,2,0,0,32.7,-98.0,20.0,73
1982,1982-05-13,TX,3,1,1,30.5,-94.05,8.5,150
1982,1982-05-13,TX,2,0,0,30.58,-94.0,6.5,60
1982,1982-05-14,MO,2,0,0,38.83,-92.73,1.0,77
1982,1982-05-15,OK,2,0,0,35.95,-99.63,3.0,50
1982,1982-05-15,OK,2,0,0,35.88,-98.98,0.5,50
1982,1982-05-16,OK,2,0,0,35.43,-99.43,0.5,50
1982,1982-05-16,TX,3,0,0,33.93,-99.4,15.0,150
1982,1982-05-17,IA,2,0,0,43.22,-93.82,13.0,80
1982,1982-05-17,MN,3,0,0,43.58,-93.28,46.0,100
1982,1982-05-17,MN,2,3,0,43.97,-92.08,26.0,800
1982,1982-05-17,MN,2,0,0,44.05,-92.52,4.0,10
1982,1982-05-18,CO,2,0,0,38.37,-102.88,2.0,200
1982,1982-05-19,CO,2,0,0,39.75,-102.68,3.5,200
1982,1982-05-19,TX,3,0,0,35.53,-101.03,1.5,587
1982,1982-05-19,TX,3,0,0,35.55,-100.88,4.0,880
1982,1982-05-19,TX,2,0,0,35.58,-100.75,6.0,1760
1982,1982-05-19,TX,3,0,0,35.55,-100.82,2.0,100
1982,1982-05-19,TX,2,0,0,35.55,-100.63,2.0,200
1982,1982-05-19,KS,3,0,0,39.07,-101.72,2.0,400
1982,1982-05-20,MO,2,0,0,38.42,-94.32,3.0,100
1982,1982-05-20,NE,2,0,0,41.57,-97.07,7.0,30
1982,1982-05-23,NE,2,0,0,42.55,-102.68,0.3,30
1982,1982-05-26,NE,2,0,0,41.0,-97.98,0.8,30
1982,1982-05-27,NM,2,0,0,32.9,-105.97,0.1,10
1982,1982-05-27,OK,2,0,0,35.82,-99.93,0.5,50
1982,1982-05-27,NM,2,0,0,32.7,-103.13,0.1,10
1982,1982-05-27,OK,2,0,0,34.38,-99.18,12.0,300
1982,1982-05-27,OK,2,13,0,35.1,-98.43,0.5,50
1982,1982-05-27,TX,2,0,0,32.17,-100.87,23.0,30
1982,1982-05-27,OK,2,2,0,36.1,-97.9,0.5,50
1982,1982-05-28,OK,2,0,0,35.45,-94.77,0.5,50
1982,1982-05-28,OK,2,0,0,34.22,-95.63,6.0,100
1982,1982-05-28,OK,2,0,0,34.52,-94.7,5.0,450
1982,1982-05-28,AR,2,0,1,35.23,-92.73,4.5,67
1982,1982-05-29,IL,3,7,0,38.03,-89.67,10.0,200
1982,1982-05-29,IL,4,181,10,37.8,-89.13,17.0,400
1982,1982-05-29,CO,2,0,0,40.03,-103.35,1.5,100
1982,1982-05-29,CO,2,0,0,39.47,-103.72,1.0,100
1982,1982-05-30,TX,2,0,0,33.0,-99.97,5.0,100
1982,1982-05-31,KY,2,4,0,37.72,-87.53,16.0,33
1982,1982-05-06,TX,2,0,0,29.95,-94.88,0.5,37
1982,1982-05-06,WI,2,0,0,44.37,-88.58,9.0,100
1982,1982-05-07,LA,2,0,0,29.78,-92.13,5.0,100
1982,1982-05-07,MS,3,0,0,31.48,-89.72,6.0,200
1982,1982-05-07,MS,3,1,0,31.28,-89.25,13.0,100
1982,1982-05-07,MT,2,0,0,48.9,-111.92,0.5,20
1982,1982-05-09,TX,3,1,0,35.15,-102.08,8.2,40
1982,1982-06-10,SC,2,16,0,34.18,-79.23,6.0,133
1982,1982-06-11,OK,2,0,0,35.15,-97.48,1.0,50
1982,1982-06-11,FL,2,0,0,29.17,-82.65,13.0,60
1982,1982-06-11,OK,2,0,0,35.63,-95.87,6.0,50
1982,1982-06-12,CO,3,0,0,39.82,-104.53,3.0,400
1982,1982-06-12,TX,2,0,0,31.97,-104.53,15.0,67
1982,1982-06-14,CO,2,0,0,39.48,-104.1,2.0,200
1982,1982-06-14,TX,2,10,0,36.2,-101.2,12.2,100
1982,1982-06-14,NE,2,0,0,40.73,-98.27,10.0,30
1982,1982-06-14,NE,2,0,0,40.4,-96.95,0.2,50
1982,1982-06-15,MI,2,0,0,43.22,-84.63,5.9,50
1982,1982-06-15,MI,2,3,0,43.32,-84.3,19.0,300
1982,1982-06-15,MI,3,1,1,42.35,-84.37,13.0,500
1982,1982-06-15,MI,2,0,0,43.35,-83.25,6.0,80
1982,1982-06-15,MI,2,2,0,42.45,-83.88,3.8,80
1982,1982-06-16,KY,2,4,0,37.98,-84.23,12.0,30
1982,1982-06-16,KY,2,1,0,38.4,-83.8,10.0,30
1982,1982-06-16,KY,2,3,0,38.58,-83.33,9.0,30
1982,1982-06-16,NC,2,0,0,35.53,-78.82,5.0,100
1982,1982-06-17,FL,2,4,1,26.72,-81.5,8.0,17
1982,1982-06-17,FL,2,9,0,27.42,-81.38,1.0,200
1982,1982-06-19,TX,2,0,0,31.83,-99.83,10.0,100
1982,1982-06-25,CO,2,0,0,40.38,-104.63,1.0,200
1982,1982-06-27,ND,2,0,0,48.15,-103.85,0.4,23
1982,1982-06-28,TX,2,0,0,31.07,-95.13,3.0,73
1982,1982-06-29,NJ,2,0,0,39.88,-74.25,1.5,23
1982,1982-06-04,NE,2,0,0,42.53,-103.0,0.8,40
1982,1982-06-05,TX,2,6,0,35.67,-101.38,3.0,67
1982,1982-06-05,WY,2,1,0,42.58,-105.63,7.0,33
1982,1982-06-05,WY,2,3,0,43.05,-104.67,1.0,17
1982,1982-06-05,SD,2,1,0,43.15,-103.95,7.0,33
1982,1982-06-06,IA,2,0,0,43.4,-95.72,2.0,67
1982,1982-06-06,ND,2,0,0,48.17,-101.1,10.0,100
1982,1982-06-08,KS,2,0,0,39.37,-95.97,10.0,200
1982,1982-07-04,ND,2,0,0,46.65,-99.5,5.0,200
1982,1982-07-09,MO,2,0,0,38.0,-92.87,0.5,40
1982,1982-08-24,IL,2,0,0,40.52,-88.88,23.5,300
1982,1982-08-27,OK,2,0,0,35.1,-97.37,1.0,50
1982,1982-08-27,OK,2,2,0,35.85,-95.38,1.0,50
1982,1982-09-11,LA,2,0,0,30.23,-92.75,1.0,150
1982,1982-09-11,LA,2,0,0,31.07,-91.97,0.8,100
1982,1982-09-11,LA,2,0,0,30.72,-92.37,2.5,150
1982,1982-09-12,LA,3,0,0,31.72,-91.53,2.0,133
1982,1982-09-12,WI,2,0,0,45.37,-91.2,12.0,200
1982,1982-09-12,WI,2,0,0,44.77,-91.5,5.0,200
1982,1982-09-12,MN,2,0,0,45.75,-93.93,0.8,10
1982,1982-09-12,WI,2,0,0,44.77,-91.93,0.5,33
1982,1982-09-12,WI,2,0,0,44.8,-91.55,5.0,77
1982,1982-09-13,IA,2,0,0,40.95,-92.45,26.0,100
1982,1982-09-13,OK,2,0,0,35.38,-96.32,1.0,50
1982,1982-09-26,FL,2,7,1,27.38,-81.03,4.0,60
1982,1982-09-26,NC,2,0,0,34.4,-77.47,1.0,17
1982,1982-09-28,NC,2,2,0,36.0,-75.7,0.3,33
1982,1982-09-07,CA,2,2,0,34.23,-116.37,0.5,20
1983,1983-10-13,VA,2,0,0,36.98,-78.6,5.0,30
1983,1983-10-13,VA,2,6,0,38.42,-77.88,1.0,40
1983,1983-10-13,VA,2,0,0,38.88,-77.2,1.0,40
1983,1983-10-13,MD,2,0,0,38.37,-76.57,4.0,37
1983,1983-10-19,OK,2,0,0,34.8,-98.32,2.6,50
1983,1983-11-15,AL,3,19,0,34.1,-86.87,17.0,200
1983,1983-11-15,AL,2,0,0,33.82,-86.58,0.5,33
1983,1983-11-15,AL,2,0,0,33.37,-87.32,0.2,40
1983,1983-11-19,TX,2,0,0,30.4,-96.23,1.1,100
1983,1983-11-19,LA,2,3,0,32.72,-92.7,1.0,100
1983,1983-11-19,LA,3,0,0,32.83,-92.63,2.0,200
1983,1983-11-19,LA,2,0,0,32.5,-91.52,3.0,100
1983,1983-11-19,LA,3,0,0,32.33,-90.93,0.5,100
1983,1983-11-20,FL,2,0,0,29.28,-81.05,3.0,50
1983,1983-11-20,FL,2,0,0,29.47,-81.13,3.0,50
1983,1983-11-20,MS,2,0,0,32.88,-90.88,2.3,100
1983,1983-11-22,OK,2,0,0,34.08,-95.73,1.0,100
1983,1983-11-22,OK,2,0,0,34.47,-95.27,2.0,100
1983,1983-11-22,OK,3,3,0,34.65,-95.12,3.0,100
1983,1983-11-22,OK,3,0,0,35.85,-94.75,19.0,100
1983,1983-11-22,TX,2,6,0,32.35,-96.68,3.0,40
1983,1983-11-23,AL,2,2,0,31.97,-87.3,4.0,77
1983,1983-11-23,AL,2,0,0,33.92,-87.22,0.5,150
1983,1983-12-10,TX,2,0,0,31.03,-95.23,10.0,50
1983,1983-12-10,TX,2,2,0,31.2,-94.68,18.0,50
1983,1983-12-10,TX,2,3,0,31.62,-94.72,8.0,50
1983,1983-12-10,TX,2,4,0,30.5,-94.55,26.0,700
1983,1983-12-11,FL,2,0,0,27.77,-82.67,8.0,100
1983,1983-12-12,FL,2,4,0,27.22,-81.87,1.0,50
1983,1983-12-13,FL,2,0,0,30.63,-87.03,1.5,300
1983,1983-12-28,AL,2,1,0,31.28,-86.63,15.0,80
1983,1983-12-02,LA,2,10,0,32.5,-92.12,2.0,50
1983,1983-12-03,MS,2,0,0,31.7,-89.13,1.0,100
1983,1983-12-03,AL,3,51,2,33.58,-85.83,4.0,150
1983,1983-12-03,GA,2,0,0,33.78,-84.52,0.5,80
1983,1983-12-06,LA,4,25,0,30.07,-90.52,7.0,200
1983,1983-12-06,AL,3,19,1,32.4,-87.07,13.0,500
1983,1983-01-31,TX,2,4,0,29.78,-96.13,3.0,60
1983,1983-01-31,TX,3,1,0,30.08,-94.18,1.0,40
1983,1983-01-31,LA,2,0,0,30.72,-92.37,3.0,50
1983,1983-01-31,LA,3,0,1,30.02,-92.27,6.0,100
1983,1983-01-31,LA,3,2,1,30.93,-92.17,5.0,100
1983,1983-01-31,LA,2,0,0,30.47,-91.93,7.0,100
1983,1983-01-31,LA,2,0,0,30.38,-91.23,0.5,33
1983,1983-02-22,AL,2,0,0,33.9,-87.3,8.0,90
1983,1983-02-22,AL,2,0,0,34.07,-86.77,1.5,60
1983,1983-02-22,AL,2,0,0,34.27,-86.22,2.2,440
1983,1983-02-01,FL,2,1,0,30.85,-86.28,0.3,30
1983,1983-02-02,FL,2,4,0,29.52,-82.27,0.3,20
1983,1983-02-02,FL,2,2,0,27.98,-82.22,4.0,40
1983,1983-02-02,FL,2,0,0,28.55,-81.37,1.0,20
1983,1983-02-02,FL,2,9,0,28.55,-81.37,5.0,50
1983,1983-02-02,FL,2,6,1,27.45,-81.4,1.0,40
1983,1983-02-02,FL,2,1,0,27.25,-80.23,2.0,50
1983,1983-02-09,TX,2,3,0,29.65,-95.45,1.5,50
1983,1983-02-09,TX,2,0,0,29.48,-95.35,8.0,50
1983,1983-02-09,LA,3,0,0,30.43,-92.33,3.0,150
1983,1983-02-09,LA,3,7,0,30.4,-92.18,21.0,150
1983,1983-03-15,TX,3,10,0,26.05,-98.32,6.1,900
1983,1983-03-17,FL,2,2,0,25.9,-80.93,52.5,60
1983,1983-03-18,NC,2,0,0,35.92,-76.83,3.0,17
1983,1983-03-20,LA,3,0,0,30.97,-90.03,2.0,200
1983,1983-03-20,MS,3,0,0,31.15,-88.57,1.0,200
1983,1983-03-21,FL,2,4,0,27.25,-80.83,5.0,50
1983,1983-03-24,FL,2,0,0,28.25,-81.03,18.0,90
1983,1983-03-26,OK,2,1,0,36.8,-95.15,1.0,50
1983,1983-03-26,KS,3,4,0,37.43,-94.7,7.0,100
1983,1983-03-26,AR,2,0,0,36.18,-92.85,2.0,293
1983,1983-03-01,CA,2,30,0,33.98,-118.37,3.5,100
1983,1983-03-03,TX,2,0,0,34.85,-101.0,5.0,880
1983,1983-03-03,TX,2,1,0,35.03,-100.95,5.0,880
1983,1983-03-04,TX,2,1,0,29.9,-98.83,4.0,100
1983,1983-03-04,TX,2,0,0,33.5,-94.62,5.0,50
1983,1983-03-04,LA,2,0,0,31.63,-92.2,4.0,100
1983,1983-03-06,NC,2,9,0,34.98,-80.55,2.0,33
1983,1983-03-07,FL,2,0,0,28.12,-80.63,5.0,60
1983,1983-04-22,LA,2,3,0,29.9,-90.1,2.0,100
1983,1983-04-23,FL,2,6,0,29.72,-82.9,15.0,80
1983,1983-04-23,SC,3,6,0,33.17,-81.45,33.0,200
1983,1983-04-27,OK,2,0,0,36.5,-96.77,0.5,50
1983,1983-04-27,OK,2,0,0,35.57,-97.05,0.5,77
1983,1983-04-29,OK,2,0,0,36.55,-95.45,1.5,100
1983,1983-04-29,MO,2,3,0,37.13,-93.5,1.0,100
1983,1983-04-29,MO,3,19,1,37.2,-93.45,5.5,100
1983,1983-04-01,LA,4,20,2,32.65,-92.02,9.0,1000
1983,1983-04-01,LA,3,0,0,32.12,-92.1,6.0,250
1983,1983-04-01,LA,3,4,0,32.22,-91.75,21.0,300
1983,1983-04-01,MS,2,0,0,33.58,-90.05,1.0,73
1983,1983-04-01,LA,3,0,0,32.43,-91.42,3.0,150
1983,1983-04-01,LA,3,0,0,32.53,-91.22,4.0,150
1983,1983-04-01,LA,2,0,0,31.78,-91.5,7.0,150
1983,1983-04-01,MS,2,3,0,32.22,-90.32,0.7,200
1983,1983-04-05,MS,2,4,0,31.45,-90.85,5.0,150
1983,1983-04-09,FL,3,2,3,28.72,-82.48,10.0,80
1983,1983-04-09,FL,2,0,0,29.17,-82.23,10.0,60
1983,1983-05-12,OK,2,0,0,34.85,-99.45,0.1,50
1983,1983-05-12,OK,2,0,0,34.77,-99.33,0.1,50
1983,1983-05-13,OK,2,0,0,34.72,-99.98,15.0,500
1983,1983-05-13,OK,3,0,0,35.85,-97.95,8.8,250
1983,1983-05-13,OK,2,0,0,34.97,-99.02,0.1,50
1983,1983-05-13,OK,2,0,0,35.05,-98.32,2.0,50
1983,1983-05-13,OK,2,1,0,34.42,-97.1,7.0,200
1983,1983-05-13,OK,2,0,0,35.08,-98.18,0.1,50
1983,1983-05-13,OK,2,0,0,34.98,-96.18,0.1,50
1983,1983-05-14,OK,2,0,0,34.93,-96.02,0.1,50
1983,1983-05-14,AR,2,0,0,35.63,-93.5,0.5,100
1983,1983-05-14,AR,3,2,0,34.18,-92.05,5.0,100
1983,1983-05-14,AR,3,0,0,34.5,-91.53,0.8,250
1983,1983-05-14,MS,2,2,0,34.72,-90.38,2.0,30
1983,1983-05-16,AL,3,1,0,31.38,-85.93,1.5,150
1983,1983-05-16,NC,2,1,0,36.33,-76.97,2.0,100
1983,1983-05-16,NC,2,3,0,36.42,-76.33,0.5,17
1983,1983-05-16,NC,2,5,0,35.83,-76.8,7.0,100
1983,1983-05-17,OK,2,0,0,36.62,-98.18,2.5,100
1983,1983-05-17,OK,2,0,0,35.55,-98.05,10.0,200
1983,1983-05-18,MS,2,0,0,33.42,-90.68,0.5,50
1983,1983-05-18,MS,2,3,0,34.23,-89.03,4.0,50
1983,1983-05-18,MS,2,0,0,33.75,-90.2,0.7,77
1983,1983-05-18,LA,3,0,0,32.05,-91.27,9.0,100
1983,1983-05-18,LA,2,0,0,32.35,-91.03,0.1,50
1983,1983-05-18,LA,2,0,0,31.92,-91.25,0.1,50
1983,1983-05-18,LA,2,0,0,32.05,-92.08,0.1,50
1983,1983-05-18,LA,3,0,0,32.33,-91.2,5.0,100
1983,1983-05-19,AL,2,0,0,34.27,-87.05,4.0,150
1983,1983-05-19,MS,2,2,0,32.45,-90.12,4.0,77
1983,1983-05-19,AL,2,0,0,31.62,-88.02,22.0,100
1983,1983-05-19,AL,3,3,0,34.48,-85.68,1.2,473
1983,1983-05-19,MI,2,0,0,42.83,-82.88,1.8,37
1983,1983-05-19,LA,3,0,0,31.6,-93.53,3.0,150
1983,1983-05-19,LA,3,0,0,31.78,-93.08,2.0,200
1983,1983-05-19,LA,3,10,0,31.87,-92.92,23.0,500
1983,1983-05-19,LA,3,35,1,31.87,-92.3,12.0,500
1983,1983-05-19,LA,3,6,0,32.18,-91.98,2.0,250
1983,1983-05-19,LA,2,0,0,31.98,-91.82,8.0,150
1983,1983-05-20,MS,2,0,0,32.25,-90.55,4.0,77
1983,1983-05-20,TX,2,5,1,30.07,-95.57,7.0,333
1983,1983-05-20,TX,2,7,1,29.83,-95.53,12.0,333
1983,1983-05-20,LA,3,0,0,30.92,-91.93,2.0,200
1983,1983-05-20,TX,2,9,1,29.95,-94.03,3.0,167
1983,1983-05-20,TX,2,2,1,29.9,-96.1,4.0,333
1983,1983-05-20,LA,3,0,0,29.75,-93.6,5.0,200
1983,1983-05-22,PA,2,10,0,40.28,-79.88,38.0,200
1983,1983-05-22,VA,3,0,0,37.08,-77.97,3.5,37
1983,1983-05-22,MD,3,0,0,39.7,-77.25,2.0,37
1983,1983-05-01,IA,2,3,0,40.63,-95.67,7.0,20
1983,1983-05-01,MO,3,3,0,38.45,-91.92,9.0,400
1983,1983-05-01,MO,2,3,0,38.83,-91.02,0.5,200
1983,1983-05-01,IL,3,15,0,39.3,-90.27,4.0,77
1983,1983-05-01,IL,2,1,0,39.13,-90.33,0.2,17
1983,1983-05-01,MO,2,3,0,38.78,-90.7,3.0,50
1983,1983-05-01,IL,2,1,0,39.05,-90.25,0.5,77
1983,1983-05-01,MO,3,3,0,38.63,-90.15,16.0,1000
1983,1983-05-01,IL,2,20,0,38.57,-89.83,4.0,100
1983,1983-05-01,MI,2,0,0,42.0,-84.18,1.9,400
1983,1983-05-01,MI,2,0,0,41.98,-84.1,5.9,500
1983,1983-05-01,MI,2,0,0,41.97,-83.97,2.0,100
1983,1983-05-02,MI,3,3,0,42.45,-82.95,23.0,200
1983,1983-05-02,OH,2,0,0,41.23,-84.02,5.0,83
1983,1983-05-02,OH,3,22,1,41.33,-83.83,5.0,100
1983,1983-05-02,OH,2,2,0,41.02,-82.6,2.0,50
1983,1983-05-02,PA,2,0,0,42.07,-80.03,1.0,33
1983,1983-05-02,OH,3,25,1,41.33,-81.65,12.0,100
1983,1983-05-02,NY,3,0,2,42.15,-79.62,28.0,450
1983,1983-05-02,PA,2,0,0,41.93,-77.45,9.8,30
1983,1983-05-02,NY,3,6,0,42.03,-76.68,15.0,300
1983,1983-05-02,NY,3,1,0,42.0,-76.53,2.0,880
1983,1983-05-02,NY,3,0,1,43.17,-76.62,20.0,200
1983,1983-05-02,NY,3,0,0,43.23,-76.3,3.0,150
1983,1983-05-02,NY,3,0,0,43.48,-75.37,3.0,450
1983,1983-05-06,IA,2,0,0,41.57,-95.95,15.0,20
1983,1983-05-06,KS,3,25,1,38.9,-95.87,19.0,150
1983,1983-05-06,IA,2,0,0,41.58,-93.53,1.0,60
1983,1983-06-12,KS,2,0,0,39.85,-100.38,15.0,200
1983,1983-06-13,MN,2,0,0,44.9,-94.37,1.0,200
1983,1983-06-19,SD,2,0,0,43.17,-103.22,22.0,40
1983,1983-06-20,NE,2,0,0,42.2,-103.8,0.3,40
1983,1983-06-21,SD,3,4,0,45.92,-100.28,6.0,600
1983,1983-06-21,SD,3,0,0,45.4,-101.72,6.0,300
1983,1983-06-22,SD,2,0,0,45.92,-100.3,0.2,13
1983,1983-06-27,OK,2,0,0,36.35,-96.05,0.5,100
1983,1983-06-27,OK,2,0,1,36.37,-95.87,5.0,100
1983,1983-06-28,OK,2,0,0,34.35,-96.72,0.1,10
1983,1983-06-30,MI,2,0,0,41.98,-84.98,1.0,40
1983,1983-06-04,CO,2,0,0,39.33,-104.58,8.0,200
1983,1983-06-07,NC,2,0,0,34.37,-78.85,6.0,450
1983,1983-07-13,MN,2,0,0,48.88,-95.25,4.0,867
1983,1983-07-15,NE,2,0,0,41.3,-101.92,0.3,100
1983,1983-07-18,SD,3,0,0,44.9,-97.17,0.5,100
1983,1983-07-19,WI,2,0,0,44.85,-90.8,1.0,200
1983,1983-07-21,DE,2,9,2,39.17,-75.72,1.0,20
1983,1983-07-21,MI,2,1,1,42.67,-86.2,13.6,200
1983,1983-07-21,NJ,3,0,0,39.67,-74.28,0.2,10
1983,1983-07-30,OK,2,0,0,35.33,-95.45,0.1,10
1983,1983-07-03,MN,4,4,0,45.22,-93.32,1.0,67
1983,1983-07-03,WI,2,0,0,44.63,-91.25,8.0,880
1983,1983-07-03,WI,2,0,0,44.82,-91.48,0.5,50
1983,1983-07-03,WI,2,0,0,44.85,-90.45,12.0,57
1983,1983-07-03,WI,3,8,0,44.08,-90.23,1.0,50
1983,1983-07-03,WI,4,0,0,42.97,-90.13,0.5,50
1983,1983-08-17,SD,2,0,0,43.2,-103.07,0.2,10
1983,1983-08-18,TX,2,0,0,32.1,-96.47,2.5,33
1983,1983-08-25,MN,2,0,0,48.0,-96.23,1.3,100
1983,1983-08-31,VA,2,0,0,37.97,-76.77,0.2,60
1983,1983-08-08,VT,2,0,0,44.53,-73.15,0.2,10
1983,1983-08-08,FL,2,2,0,26.7,-80.1,0.3,70
1983,1983-09-02,SD,2,0,0,44.9,-99.25,0.2,10
1983,1983-09-02,SD,2,0,0,44.8,-99.15,0.2,10
1983,1983-09-05,IA,2,0,0,42.38,-96.07,2.5,127
1984,1984-10-14,LA,3,3,0,30.65,-91.15,16.0,150
1984,1984-10-15,AL,2,0,0,31.3,-87.23,3.5,400
1984,1984-10-16,AR,2,3,0,35.63,-94.4,22.0,50
1984,1984-10-16,OK,2,0,0,35.42,-94.52,0.1,10
1984,1984-10-16,WI,2,3,0,43.77,-90.08,17.0,100
1984,1984-10-18,TX,2,2,1,33.27,-94.92,5.0,50
1984,1984-10-18,MO,3,1,1,36.77,-91.52,26.0,440
1984,1984-10-31,OK,3,0,0,36.22,-99.0,20.0,250
1984,1984-10-31,OK,2,0,0,36.02,-99.18,6.0,200
1984,1984-10-31,OK,2,0,0,36.18,-98.9,8.0,200
1984,1984-11-10,LA,2,5,0,32.63,-91.77,2.0,100
1984,1984-11-10,AL,2,0,0,33.23,-87.85,14.0,400
1984,1984-11-10,GA,2,8,0,34.02,-84.15,1.5,127
1984,1984-11-09,IL,2,11,0,38.82,-89.42,30.0,150
1984,1984-11-09,AR,3,0,0,33.73,-93.15,6.0,880
1984,1984-11-09,MO,2,15,1,37.93,-90.8,3.0,340
1984,1984-12-13,TX,3,28,0,32.72,-96.63,10.0,500
1984,1984-12-31,TX,2,53,0,29.6,-95.2,4.0,200
1984,1984-02-11,TX,2,3,0,31.08,-96.3,1.5,100
1984,1984-02-11,TX,2,0,0,32.83,-96.08,0.5,100
1984,1984-02-11,TX,2,3,0,31.75,-95.67,1.0,100
1984,1984-02-27,FL,3,1,0,30.05,-83.17,7.0,100
1984,1984-02-27,GA,2,0,0,30.85,-81.6,3.0,100
1984,1984-02-27,FL,2,2,0,29.78,-82.02,3.0,30
1984,1984-03-15,AR,4,13,2,35.58,-92.45,41.0,440
1984,1984-03-15,AR,4,12,5,35.47,-91.23,26.0,440
1984,1984-03-24,AL,2,0,0,31.52,-88.05,2.0,80
1984,1984-03-24,AL,3,0,0,31.52,-87.93,4.0,60
1984,1984-03-28,SC,2,43,0,34.55,-82.08,10.0,700
1984,1984-03-28,SC,2,38,1,34.23,-81.75,23.0,1000
1984,1984-03-28,SC,3,10,0,34.32,-81.42,19.0,870
1984,1984-03-28,SC,4,49,5,34.37,-81.32,21.0,1000
1984,1984-03-28,SC,4,36,0,34.53,-80.63,4.0,530
1984,1984-03-28,SC,2,0,0,34.57,-80.17,2.0,530
1984,1984-03-28,SC,4,24,0,34.58,-79.92,7.0,700
1984,1984-03-28,SC,4,100,7,34.65,-79.75,17.0,2113
1984,1984-03-28,SC,4,395,4,34.63,-79.6,40.0,2600
1984,1984-03-28,NC,3,101,12,34.83,-78.87,40.0,1407
1984,1984-03-28,NC,2,0,0,35.95,-77.83,2.0,177
1984,1984-03-28,NC,4,149,3,35.05,-78.25,21.0,1407
1984,1984-03-28,NC,3,81,0,35.2,-77.9,9.0,527
1984,1984-03-28,NC,4,153,16,35.33,-77.78,28.0,1223
1984,1984-03-28,NC,3,19,6,36.13,-77.2,6.0,880
1984,1984-03-28,NC,2,7,0,36.23,-77.0,5.0,527
1984,1984-03-28,NC,3,10,2,36.37,-76.7,14.0,880
1984,1984-03-28,SC,2,8,0,34.05,-78.98,16.0,353
1984,1984-03-28,NC,2,1,1,36.07,-76.58,6.0,177
1984,1984-03-05,AL,2,4,0,31.55,-85.82,0.9,50
1984,1984-03-05,AL,2,14,0,31.35,-85.73,8.0,50
1984,1984-04-21,MS,3,76,15,33.63,-89.4,71.0,10
1984,1984-04-21,TN,3,3,0,35.12,-90.17,3.0,20
1984,1984-04-21,MS,2,0,0,33.85,-90.33,36.0,10
1984,1984-04-22,AL,2,0,0,32.93,-87.17,1.0,80
1984,1984-04-25,NE,3,18,0,41.18,-98.5,8.0,40
1984,1984-04-25,NE,2,1,0,41.77,-97.75,0.5,10
1984,1984-04-26,IA,2,0,0,42.32,-94.92,22.0,200
1984,1984-04-26,MN,2,0,0,45.77,-95.9,12.5,800
1984,1984-04-26,MN,3,52,1,45.02,-93.23,5.5,60
1984,1984-04-26,OK,2,8,0,36.02,-97.07,6.0,70
1984,1984-04-26,KS,2,4,0,39.1,-95.88,0.6,100
1984,1984-04-26,KS,2,1,0,39.23,-95.72,10.0,400
1984,1984-04-26,KS,3,9,0,39.4,-95.43,32.0,1200
1984,1984-04-26,OK,4,37,3,36.08,-96.6,22.0,880
1984,1984-04-26,OK,2,0,0,36.47,-95.88,0.1,17
1984,1984-04-26,MO,2,0,0,40.2,-94.55,7.0,100
1984,1984-04-26,OK,2,1,0,36.05,-95.82,3.0,500
1984,1984-04-26,OK,3,95,8,35.47,-96.05,22.0,1760
1984,1984-04-27,KS,2,0,0,37.38,-94.92,8.5,40
1984,1984-04-27,OK,2,0,0,36.62,-94.77,2.0,20
1984,1984-04-27,WI,2,0,0,44.37,-89.53,5.5,20
1984,1984-04-27,WI,3,8,1,45.67,-89.82,29.0,87
1984,1984-04-27,WI,2,1,0,45.2,-89.22,7.5,10
1984,1984-04-27,WI,3,0,0,44.53,-88.92,32.0,440
1984,1984-04-27,WI,4,19,1,44.08,-88.75,27.5,60
1984,1984-04-27,WI,4,14,1,42.98,-88.37,6.5,10
1984,1984-04-27,IL,3,5,1,41.55,-88.33,9.0,200
1984,1984-04-29,OK,4,60,1,35.95,-96.5,27.0,200
1984,1984-04-29,KS,2,0,0,37.72,-97.25,2.0,20
1984,1984-04-29,MO,2,10,0,38.22,-91.6,14.0,10
1984,1984-04-29,MO,3,0,0,38.95,-90.92,8.0,50
1984,1984-04-03,AR,3,2,0,35.73,-90.87,49.0,200
1984,1984-04-04,NC,2,4,0,36.02,-78.88,1.7,67
1984,1984-04-08,MS,2,6,0,31.88,-91.13,8.0,10
1984,1984-05-12,SD,3,0,0,44.88,-97.73,27.0,1320
1984,1984-05-18,CO,2,0,0,40.12,-104.67,5.0,50
1984,1984-05-18,CO,2,0,0,40.12,-104.58,5.0,50
1984,1984-05-18,CO,2,0,0,40.18,-104.57,5.0,50
1984,1984-05-20,LA,3,0,0,29.8,-93.35,3.0,150
1984,1984-05-24,CO,2,0,0,40.35,-103.97,5.0,50
1984,1984-05-25,IL,2,0,0,39.55,-87.93,0.1,10
1984,1984-05-29,VA,2,0,0,37.5,-77.45,0.5,50
1984,1984-05-31,WY,2,0,0,44.3,-104.95,0.5,20
1984,1984-05-01,TX,3,1,0,34.05,-100.92,8.0,440
1984,1984-05-02,OK,2,0,0,34.65,-97.15,2.5,77
1984,1984-05-02,OK,2,0,0,34.63,-96.93,4.5,200
1984,1984-05-02,LA,3,9,0,32.28,-94.02,61.0,250
1984,1984-05-02,LA,2,0,0,32.42,-92.78,15.0,150
1984,1984-05-02,LA,2,4,0,32.6,-91.48,7.0,150
1984,1984-05-03,AL,3,37,5,32.37,-86.4,7.0,800
1984,1984-05-03,AL,2,0,0,33.25,-86.38,12.0,200
1984,1984-05-03,AL,2,0,0,32.43,-87.07,7.5,50
1984,1984-05-03,AL,2,0,0,31.28,-85.6,5.5,200
1984,1984-05-03,AL,2,2,0,33.43,-85.73,13.0,300
1984,1984-05-03,AL,2,0,0,33.53,-85.68,8.4,400
1984,1984-05-03,AL,2,0,0,33.52,-85.4,5.0,400
1984,1984-05-03,GA,2,30,0,32.37,-81.88,20.0,200
1984,1984-05-03,AL,2,0,0,32.43,-85.62,3.5,100
1984,1984-05-03,AL,2,1,0,32.52,-85.07,0.4,100
1984,1984-05-06,KY,2,8,0,37.13,-84.08,5.0,50
1984,1984-05-06,TN,2,0,0,36.58,-86.52,2.0,50
1984,1984-05-06,TN,2,0,0,36.6,-86.52,1.0,50
1984,1984-05-06,AR,2,8,0,35.43,-91.12,1.0,433
1984,1984-05-07,TN,2,0,0,36.47,-86.95,3.0,50
1984,1984-05-07,TN,3,36,0,36.28,-88.35,6.0,100
1984,1984-05-07,TN,2,0,0,35.73,-84.35,1.0,70
1984,1984-05-07,LA,3,0,0,32.73,-91.2,1.0,100
1984,1984-05-08,VA,2,0,0,37.33,-77.07,15.0,1000
1984,1984-05-08,VA,3,0,0,37.22,-77.42,2.0,1500
1984,1984-05-08,VA,3,15,0,37.3,-77.3,5.0,1500
1984,1984-06-11,NE,2,0,0,40.22,-102.03,1.0,30
1984,1984-06-11,NE,2,0,0,40.38,-101.62,2.0,30
1984,1984-06-11,SD,2,0,0,42.78,-96.98,0.1,10
1984,1984-06-11,KS,2,0,0,39.35,-101.62,12.0,400
1984,1984-06-11,NE,3,0,0,41.0,-98.58,14.0,200
1984,1984-06-11,NE,2,0,0,40.88,-98.78,0.5,20
1984,1984-06-12,NE,3,5,0,40.27,-97.8,13.0,200
1984,1984-06-12,MI,3,2,0,43.58,-83.93,48.0,500
1984,1984-06-12,NE,2,0,0,40.9,-96.83,20.0,150
1984,1984-06-12,NE,2,0,0,40.8,-96.15,11.0,100
1984,1984-06-12,NE,2,0,0,40.87,-95.93,0.5,50
1984,1984-06-13,WY,2,1,0,43.0,-104.67,4.0,30
1984,1984-06-17,NE,2,0,0,41.88,-97.25,1.0,50
1984,1984-06-05,SD,2,0,0,43.33,-97.77,0.1,10
1984,1984-06-07,LA,2,3,0,31.03,-91.98,1.0,100
1984,1984-06-07,IA,2,0,0,42.65,-95.73,10.0,77
1984,1984-06-07,KS,2,5,0,39.82,-95.72,18.0,300
1984,1984-06-07,IA,2,1,0,42.42,-95.58,16.0,150
1984,1984-06-07,IA,2,8,0,41.17,-95.07,23.0,150
1984,1984-06-07,IA,2,1,0,42.32,-95.38,12.0,100
1984,1984-06-07,IA,2,3,0,42.65,-95.2,4.0,100
1984,1984-06-07,IA,2,2,0,42.85,-94.85,25.0,100
1984,1984-06-07,IA,3,3,0,40.73,-95.03,25.0,100
1984,1984-06-07,IA,2,0,0,43.15,-95.15,2.0,77
1984,1984-06-07,IA,2,0,0,42.83,-94.7,8.0,100
1984,1984-06-07,IA,2,0,0,42.83,-94.12,22.0,150
1984,1984-06-07,IA,3,5,0,43.2,-94.22,9.0,150
1984,1984-06-07,IA,2,1,0,43.22,-94.07,21.0,150
1984,1984-06-07,MO,4,64,3,40.42,-94.03,134.0,250
1984,1984-06-07,IA,2,0,0,43.2,-93.82,18.0,127
1984,1984-06-07,MN,3,12,0,43.67,-93.35,14.0,100
1984,1984-06-07,MN,2,7,0,43.63,-92.98,5.0,100
1984,1984-06-07,IA,2,3,1,40.68,-94.23,14.0,150
1984,1984-06-07,IA,2,1,0,41.47,-92.0,24.0,200
1984,1984-06-07,WI,2,0,0,44.97,-90.93,12.0,150
1984,1984-06-07,SD,2,0,0,44.02,-97.53,0.1,60
1984,1984-06-07,MO,2,0,0,39.87,-94.1,1.0,100
1984,1984-06-07,MO,2,1,0,39.97,-93.82,3.0,100
1984,1984-06-07,WI,2,0,0,42.73,-90.33,11.0,40
1984,1984-06-07,WI,5,200,9,42.97,-89.98,36.0,450
1984,1984-06-08,WI,2,0,0,43.25,-89.33,18.0,50
1984,1984-06-08,WI,2,0,0,43.33,-89.37,16.0,50
1984,1984-06-08,WI,3,1,0,43.45,-89.23,29.0,200
1984,1984-06-08,WI,2,1,0,43.43,-88.93,11.0,50
1984,1984-07-10,WI,2,0,0,43.97,-89.97,4.0,500
1984,1984-07-14,MI,2,2,0,46.12,-86.18,27.0,100
1984,1984-07-18,DE,2,0,0,38.8,-75.58,1.5,80
1984,1984-07-26,KY,2,0,0,38.03,-85.35,2.5,70
1984,1984-07-05,CT,2,0,0,41.67,-72.95,3.0,200
1984,1984-07-05,PA,2,2,0,40.43,-75.82,7.0,300
1984,1984-07-05,PA,2,0,0,40.45,-75.77,3.0,300
1984,1984-07-05,PA,2,0,0,40.48,-75.7,8.0,300
1984,1984-07-05,PA,2,0,0,40.47,-75.63,5.0,300
1984,1984-07-06,PA,2,12,0,41.28,-76.15,0.3,300
1984,1984-08-21,CO,2,0,0,38.25,-104.6,1.0,50
1984,1984-08-30,MI,2,0,0,43.07,-84.53,2.5,27
1984,1984-08-30,MI,2,4,0,42.38,-83.35,5.6,150
1984,1984-08-07,MI,2,0,0,43.37,-83.58,0.4,40
1984,1984-08-08,MI,2,0,0,43.0,-83.77,3.0,60
1984,1984-08-08,MI,3,0,0,43.0,-83.7,0.8,67
1984,1984-09-24,WI,2,0,0,44.88,-89.93,12.0,150
1984,1984-09-25,MI,2,2,0,41.93,-84.42,2.1,90
1984,1984-09-02,MI,3,1,0,43.2,-82.78,15.6,400
1985,1985-10-17,TX,2,0,0,31.87,-97.07,7.0,50
1985,1985-10-18,TX,2,2,0,33.13,-96.5,2.0,150
1985,1985-11-18,AR,2,0,0,35.47,-93.47,18.0,30
1985,1985-11-18,AR,3,16,3,36.18,-92.67,34.0,440
1985,1985-11-30,OK,2,0,0,34.22,-96.08,4.0,300
1985,1985-12-10,TX,2,2,0,30.58,-97.67,5.0,100
1985,1985-02-23,OK,2,3,0,34.22,-96.08,10.0,500
1985,1985-03-11,CA,2,0,0,36.85,-121.4,0.5,20
1985,1985-03-17,FL,3,45,2,27.08,-82.48,3.0,400
1985,1985-03-28,IL,2,0,0,40.28,-89.48,4.5,800
1985,1985-03-28,OH,2,0,0,40.67,-82.58,2.0,77
1985,1985-04-20,NE,2,0,0,42.58,-98.07,35.0,440
1985,1985-04-20,SD,2,0,0,42.93,-97.67,3.5,1000
1985,1985-04-20,SD,2,0,0,42.9,-97.6,10.0,440
1985,1985-04-20,SD,2,0,0,43.18,-97.23,12.0,440
1985,1985-04-20,MN,3,2,0,43.9,-96.1,8.0,250
1985,1985-04-21,TX,3,0,3,33.23,-99.0,4.5,400
1985,1985-04-21,TX,2,2,0,33.38,-98.92,5.0,300
1985,1985-04-22,OK,2,0,0,35.57,-98.92,8.0,250
1985,1985-04-22,TX,2,0,0,30.03,-97.85,0.5,50
1985,1985-04-23,AR,2,0,0,34.65,-91.92,1.5,400
1985,1985-04-23,LA,3,0,0,33.0,-93.85,13.0,200
1985,1985-04-23,AR,2,0,0,34.58,-91.55,10.0,300
1985,1985-04-23,LA,2,0,0,32.9,-93.2,5.0,200
1985,1985-04-23,LA,2,0,0,32.23,-93.87,8.0,200
1985,1985-04-25,CO,2,0,0,37.35,-108.58,0.5,40
1985,1985-04-28,TX,2,0,1,32.12,-100.13,4.0,300
1985,1985-04-28,TX,2,0,0,32.6,-100.02,3.5,400
1985,1985-04-29,OK,2,1,0,34.05,-97.2,14.0,880
1985,1985-04-30,TN,2,0,0,35.53,-89.45,8.0,150
1985,1985-04-05,IL,2,3,1,38.22,-89.7,1.8,50
1985,1985-04-05,IN,2,0,0,38.4,-86.22,1.0,17
1985,1985-04-05,IN,2,0,0,38.65,-85.62,2.0,17
1985,1985-04-05,IN,2,0,0,38.73,-85.53,1.0,17
1985,1985-04-05,IN,2,0,0,38.5,-86.0,1.0,10
1985,1985-04-05,AL,3,0,0,34.27,-86.75,3.0,100
1985,1985-04-05,AL,3,5,0,34.2,-86.32,8.0,277
1985,1985-04-05,AL,3,1,0,34.13,-86.18,8.0,500
1985,1985-04-05,AL,2,5,0,33.57,-85.88,3.0,200
1985,1985-04-05,GA,2,0,0,34.5,-84.6,5.0,100
1985,1985-04-05,GA,2,0,0,34.23,-84.35,3.0,100
1985,1985-05-10,KS,3,0,0,38.93,-99.63,10.0,300
1985,1985-05-10,KS,3,0,0,39.18,-99.52,30.0,300
1985,1985-05-10,KS,4,0,0,39.42,-99.4,33.0,1000
1985,1985-05-10,NE,3,2,0,40.77,-99.0,17.0,500
1985,1985-05-10,KS,4,2,0,39.73,-99.15,56.0,1000
1985,1985-05-10,WY,2,0,0,44.17,-104.38,1.0,27
1985,1985-05-10,NE,2,4,0,40.88,-97.33,0.5,400
1985,1985-05-13,TX,2,16,0,32.35,-96.52,4.5,77
1985,1985-05-13,TX,2,23,0,33.1,-96.1,8.0,77
1985,1985-05-13,TX,2,8,0,33.62,-95.58,4.0,77
1985,1985-05-21,MS,2,0,0,30.38,-88.82,3.5,100
1985,1985-05-22,NC,3,0,0,36.1,-80.27,3.5,200
1985,1985-05-27,NE,3,0,0,41.75,-103.65,48.0,200
1985,1985-05-30,ND,2,0,0,47.2,-100.28,0.5,100
1985,1985-05-30,IA,3,27,2,42.85,-91.53,34.0,1500
1985,1985-05-30,WI,2,0,0,42.92,-90.45,16.0,500
1985,1985-05-30,WI,2,0,0,42.92,-89.82,21.0,100
1985,1985-05-31,OH,4,82,12,41.83,-80.55,14.0,400
1985,1985-05-31,OH,3,30,0,41.43,-81.0,15.0,440
1985,1985-05-31,PA,2,0,1,41.65,-80.42,4.0,200
1985,1985-05-31,OH,4,125,16,41.48,-80.52,56.2,350
1985,1985-05-31,PA,3,0,2,41.7,-80.15,23.0,277
1985,1985-05-31,PA,4,0,0,41.93,-79.95,28.0,440
1985,1985-05-31,OH,2,15,0,41.68,-80.72,10.0,220
1985,1985-05-31,PA,3,0,0,41.72,-79.8,8.0,427
1985,1985-05-31,NY,3,10,0,42.03,-79.23,13.0,177
1985,1985-05-31,OH,5,310,18,41.2,-81.15,47.0,450
1985,1985-05-31,PA,4,30,7,41.55,-79.62,29.0,800
1985,1985-05-31,PA,2,0,0,41.57,-78.95,19.0,300
1985,1985-05-31,OH,3,20,1,40.17,-82.72,29.0,150
1985,1985-05-31,PA,3,8,0,41.68,-79.48,17.0,800
1985,1985-05-31,PA,4,0,0,41.18,-78.67,69.0,3330
1985,1985-05-31,OH,2,20,0,40.88,-80.85,15.0,220
1985,1985-05-31,PA,2,1,0,41.22,-79.8,6.0,150
1985,1985-05-31,PA,4,40,4,41.63,-79.03,29.0,1000
1985,1985-05-31,PA,3,120,9,40.82,-80.47,39.0,243
1985,1985-05-31,PA,3,60,6,41.18,-77.15,19.0,910
1985,1985-05-01,MS,2,0,0,33.2,-88.95,1.0,50
1985,1985-05-01,AL,2,0,0,33.83,-88.13,3.2,100
1985,1985-06-15,IN,2,0,0,40.83,-85.55,0.3,33
1985,1985-06-17,MS,2,0,0,34.53,-88.22,2.0,70
1985,1985-06-22,OH,2,2,0,41.68,-81.05,33.4,40
1985,1985-06-24,ND,2,0,0,48.78,-98.23,0.5,400
1985,1985-06-02,SC,2,0,0,33.93,-79.03,5.0,100
1985,1985-06-04,TN,2,0,0,36.27,-86.45,5.0,100
1985,1985-06-08,WI,3,42,2,45.93,-90.47,68.0,2640
1985,1985-06-08,WI,2,0,0,44.8,-87.47,5.0,150
1985,1985-06-08,MI,2,0,0,43.97,-85.53,24.0,150
1985,1985-07-15,MI,2,0,0,42.73,-84.47,15.6,200
1985,1985-07-19,CO,2,0,0,39.53,-104.87,0.5,40
1985,1985-07-25,VA,3,0,0,38.2,-78.42,0.2,100
1985,1985-07-31,CO,2,2,0,40.23,-102.55,0.5,40
1985,1985-07-31,PA,2,2,0,40.17,-76.9,3.0,20
1985,1985-07-03,MN,2,0,0,46.3,-93.83,33.0,200
1985,1985-07-09,IL,2,8,0,40.95,-88.97,0.5,167
1985,1985-08-12,WI,2,14,0,44.57,-90.17,10.0,880
1985,1985-08-12,WI,2,22,2,43.78,-90.37,22.0,880
1985,1985-08-16,AL,2,1,1,33.73,-87.28,1.3,120
1985,1985-08-16,AL,2,5,0,33.83,-87.28,1.5,130
1985,1985-08-16,AL,2,2,0,34.65,-87.63,8.0,100
1985,1985-08-16,AL,3,2,0,34.37,-87.08,45.0,100
1985,1985-08-16,AL,2,0,0,33.48,-87.1,3.0,600
1985,1985-08-16,AL,3,6,0,34.07,-86.83,32.0,100
1985,1985-08-16,TN,3,1,0,35.23,-87.02,12.0,500
1985,1985-08-16,AL,2,0,0,34.68,-86.7,13.0,100
1985,1985-08-16,AL,2,0,0,33.97,-86.88,10.0,80
1985,1985-08-16,TN,2,0,0,35.33,-87.05,5.0,60
1985,1985-08-16,TN,2,0,0,35.1,-86.72,7.0,70
1985,1985-08-17,SC,2,39,0,34.97,-82.0,9.0,100
1985,1985-08-17,KS,3,0,0,38.8,-96.4,2.0,50
1985,1985-08-31,FL,2,0,0,28.8,-81.87,5.0,50
1985,1985-08-02,WY,3,0,0,44.83,-107.95,0.2,10
1985,1985-09-22,OK,2,0,0,36.73,-98.38,4.0,500
1985,1985-09-22,IA,2,0,0,40.87,-93.48,0.5,50
1985,1985-09-23,MS,2,0,0,30.43,-89.08,1.0,100
1985,1985-09-23,AL,2,4,0,31.3,-87.1,22.0,100
1986,1986-10-14,VA,3,0,0,36.78,-77.77,12.0,800
1986,1986-10-14,VA,3,0,0,37.3,-76.95,5.0,33
1986,1986-10-14,VA,2,1,0,36.97,-77.37,16.0,450
1986,1986-10-14,VA,2,0,0,37.27,-77.3,2.0,100
1986,1986-10-01,NY,2,0,0,42.28,-74.57,0.1,10
1986,1986-10-01,PA,2,2,0,39.92,-79.75,4.5,100
1986,1986-10-01,WV,3,1,0,39.3,-80.78,1.0,200
1986,1986-10-03,MO,2,0,0,38.33,-92.47,10.0,100
1986,1986-10-03,PA,2,0,0,41.13,-80.23,9.0,123
1986,1986-11-20,MS,2,0,0,31.02,-91.17,5.0,173
1986,1986-11-25,AL,3,4,0,31.38,-85.93,44.0,200
1986,1986-11-26,AL,2,1,0,31.77,-85.97,8.0,150
1986,1986-11-07,LA,2,0,0,32.18,-92.65,9.0,100
1986,1986-11-08,MS,2,0,0,34.62,-88.2,5.0,200
1986,1986-02-02,TX,2,2,0,32.65,-97.93,10.0,100
1986,1986-02-05,TX,2,5,0,29.83,-95.85,8.0,170
1986,1986-02-05,TX,2,0,0,30.02,-95.62,2.5,70
1986,1986-02-05,TX,3,0,2,30.03,-95.55,5.0,70
1986,1986-02-06,TN,3,5,0,35.23,-84.82,10.0,270
1986,1986-02-08,FL,2,0,0,27.88,-81.83,2.0,10
1986,1986-03-10,IN,3,22,0,39.37,-86.52,35.0,440
1986,1986-03-10,IN,2,0,0,39.57,-85.93,10.0,300
1986,1986-03-10,IN,2,1,1,39.57,-85.93,17.8,150
1986,1986-03-10,IN,2,0,0,39.8,-85.78,5.0,220
1986,1986-03-10,IN,2,25,0,38.68,-85.93,12.0,300
1986,1986-03-10,OH,2,0,0,39.35,-84.38,1.0,200
1986,1986-03-10,IN,2,0,0,39.82,-85.43,4.0,300
1986,1986-03-10,IN,3,0,0,40.03,-84.98,7.6,440
1986,1986-03-10,OH,2,10,0,39.45,-83.83,6.0,73
1986,1986-03-10,OH,2,10,1,39.48,-83.57,28.0,100
1986,1986-03-10,KY,2,20,0,38.03,-84.5,3.5,100
1986,1986-03-10,OH,2,0,0,38.73,-83.83,6.0,143
1986,1986-03-10,OH,2,10,1,41.05,-82.68,8.0,200
1986,1986-03-10,OH,2,3,1,39.97,-81.83,5.0,100
1986,1986-03-11,TX,2,0,0,32.77,-97.87,9.0,40
1986,1986-03-12,MS,2,0,0,31.32,-90.6,8.0,250
1986,1986-03-12,MS,3,2,0,31.9,-89.37,32.0,123
1986,1986-03-12,MS,2,0,0,32.23,-88.82,14.0,120
1986,1986-03-12,MS,4,8,0,32.42,-88.77,23.0,440
1986,1986-03-12,AL,3,0,2,33.18,-88.2,16.0,700
1986,1986-03-12,AL,3,0,0,33.55,-88.05,6.0,500
1986,1986-03-12,AL,3,0,0,33.93,-87.83,2.5,200
1986,1986-03-12,AL,2,0,0,33.93,-87.82,7.5,200
1986,1986-03-12,AL,2,5,0,34.3,-86.5,7.0,200
1986,1986-03-14,FL,2,0,0,29.65,-82.32,2.0,10
1986,1986-03-18,MS,2,0,0,32.87,-90.57,14.0,100
1986,1986-03-18,LA,2,2,0,32.3,-92.45,5.0,150
1986,1986-03-19,AL,2,0,0,33.82,-86.6,0.2,73
1986,1986-03-19,GA,2,15,0,33.97,-84.53,5.7,300
1986,1986-04-12,LA,2,3,0,31.98,-91.73,2.0,100
1986,1986-04-12,MS,2,0,0,31.52,-90.37,21.8,100
1986,1986-04-13,NE,2,0,0,40.57,-99.03,5.0,40
1986,1986-04-13,OK,2,2,0,36.05,-95.78,4.0,300
1986,1986-04-19,TX,3,100,1,32.45,-100.43,4.5,600
1986,1986-04-20,KY,3,2,0,36.83,-85.37,3.0,400
1986,1986-04-26,SD,2,0,0,43.23,-96.93,12.0,50
1986,1986-04-26,SD,2,0,0,43.3,-96.67,5.0,40
1986,1986-04-26,IA,2,4,1,43.4,-96.03,18.5,120
1986,1986-04-26,IA,2,0,0,43.35,-96.38,9.5,70
1986,1986-04-26,NE,2,0,0,40.17,-97.57,10.0,40
1986,1986-04-28,MI,2,0,0,42.9,-84.25,26.5,40
1986,1986-04-03,NE,2,0,0,41.15,-99.9,1.5,40
1986,1986-04-07,OK,2,0,0,36.48,-95.33,5.0,100
1986,1986-04-07,KS,2,0,0,38.05,-96.08,22.6,100
1986,1986-04-08,MS,2,1,0,31.7,-89.2,5.0,1000
1986,1986-05-13,WA,2,0,0,48.22,-122.05,0.3,10
1986,1986-05-14,OK,2,0,0,34.63,-98.95,3.0,500
1986,1986-05-14,TX,3,4,0,33.53,-98.7,20.0,250
1986,1986-05-15,IN,2,0,0,37.98,-87.55,0.2,10
1986,1986-05-15,MI,3,0,0,41.93,-84.97,1.2,200
1986,1986-05-15,MO,2,19,0,36.87,-89.62,9.0,500
1986,1986-05-15,IN,2,0,0,38.67,-87.17,0.2,10
1986,1986-05-15,MO,2,15,1,36.97,-89.7,4.0,400
1986,1986-05-15,IL,2,0,0,39.53,-87.7,5.0,10
1986,1986-05-19,NC,2,5,0,34.87,-79.22,19.0,100
1986,1986-05-04,MT,2,0,0,46.35,-108.08,0.1,10
1986,1986-05-07,TX,2,0,0,35.78,-100.45,8.0,100
1986,1986-05-07,TX,3,0,0,35.83,-100.45,7.0,300
1986,1986-05-08,OK,3,15,0,35.48,-97.53,4.0,200
1986,1986-06-11,WI,2,0,0,43.6,-88.35,8.0,100
1986,1986-06-15,ND,2,0,0,47.32,-98.23,2.0,100
1986,1986-06-15,ND,2,0,0,47.27,-98.13,0.1,30
1986,1986-06-17,NC,2,0,0,35.45,-76.17,0.5,60
1986,1986-06-19,MI,2,0,0,41.92,-86.0,1.3,700
1986,1986-06-26,ND,3,1,0,48.93,-100.6,8.0,2000
1986,1986-06-26,WI,2,0,0,43.93,-90.88,5.5,100
1986,1986-06-27,LA,2,5,0,33.0,-93.48,0.3,200
1986,1986-06-29,IA,2,0,0,41.85,-94.57,1.0,50
1986,1986-06-29,IA,2,0,0,41.52,-94.53,2.0,73
1986,1986-06-29,IA,2,0,0,41.58,-93.73,5.0,50
1986,1986-06-07,WY,2,0,0,43.22,-108.12,2.0,50
1986,1986-06-08,CO,2,6,0,39.72,-104.9,1.1,50
1986,1986-06-08,CO,2,0,0,39.83,-104.6,2.0,100
1986,1986-07-12,OH,2,0,0,38.58,-84.55,0.1,73
1986,1986-07-12,OH,2,0,0,41.23,-84.35,3.3,73
1986,1986-07-13,IA,2,0,0,41.02,-93.82,1.0,50
1986,1986-07-15,MI,2,0,0,42.55,-85.52,42.5,440
1986,1986-07-18,SD,2,0,0,44.57,-97.45,14.0,100
1986,1986-07-18,SD,2,0,0,44.57,-96.7,17.0,150
1986,1986-07-18,MN,2,0,0,45.0,-93.28,4.0,833
1986,1986-07-18,SD,2,0,0,45.52,-102.23,10.5,140
1986,1986-07-26,NY,2,2,0,41.6,-74.47,0.5,100
1986,1986-07-28,SD,2,0,0,43.78,-99.0,6.0,80
1986,1986-07-28,SD,2,0,0,43.65,-98.72,3.5,80
1986,1986-07-28,SD,2,0,0,43.43,-98.38,1.9,80
1986,1986-07-28,NE,4,2,0,42.68,-96.97,52.5,73
1986,1986-07-28,IA,2,0,0,42.55,-94.68,4.0,150
1986,1986-07-02,NC,2,10,3,34.75,-77.42,1.5,33
1986,1986-07-04,WI,3,12,0,45.73,-88.0,24.3,840
1986,1986-07-04,WI,2,0,0,45.73,-89.63,1.5,100
1986,1986-08-15,NY,2,3,1,44.28,-75.57,0.2,10
1986,1986-08-20,NC,2,0,0,35.43,-77.93,1.0,23
1986,1986-08-26,OH,2,2,0,41.4,-82.18,3.0,440
1986,1986-08-26,MI,2,0,0,42.58,-85.4,0.6,13
1986,1986-08-26,MI,2,0,0,42.63,-84.63,10.6,50
1986,1986-08-26,IN,2,2,0,40.9,-85.02,5.0,10
1986,1986-08-06,NE,2,0,0,42.05,-100.2,19.0,70
1986,1986-08-07,RI,2,20,0,41.77,-71.45,4.0,1000
1986,1986-08-09,FL,2,12,0,26.6,-81.97,1.5,200
1986,1986-09-10,MI,2,0,0,42.58,-83.48,7.7,50
1986,1986-09-18,CO,2,0,0,40.5,-103.83,25.0,300
1986,1986-09-18,KS,3,7,0,39.93,-97.98,7.0,500
1986,1986-09-18,NE,2,0,0,40.1,-98.65,2.0,50
1986,1986-09-18,NE,2,0,0,40.68,-98.27,1.0,40
1986,1986-09-23,PA,2,1,0,40.97,-79.43,0.5,40
1986,1986-09-24,CA,2,1,0,39.93,-122.05,2.0,100
1986,1986-09-24,IL,2,0,0,40.82,-89.2,2.5,73
1986,1986-09-26,OK,2,0,0,35.9,-95.65,8.0,73
1986,1986-09-28,WI,2,1,0,42.87,-88.73,9.0,100
1986,1986-09-28,IA,4,0,0,41.75,-93.6,20.0,250
1986,1986-09-28,IA,2,2,0,43.15,-92.62,0.2,23
1986,1986-09-29,OK,2,1,0,36.18,-95.73,2.0,100
1986,1986-09-29,MI,2,1,0,42.2,-85.85,3.8,400
1986,1986-09-29,IL,2,0,0,40.42,-89.42,2.0,50
1986,1986-09-29,OK,2,0,0,35.5,-97.2,5.0,100
1986,1986-09-29,OK,2,0,0,35.45,-97.4,0.1,73
1986,1986-09-29,IL,2,0,0,40.75,-88.65,9.0,50
1986,1986-09-29,MI,2,0,0,42.87,-83.8,5.6,400
1986,1986-09-30,PA,2,1,0,41.8,-79.95,0.5,60
1986,1986-09-03,WI,2,0,0,45.32,-91.63,4.0,100
1987,1987-11-15,TX,2,8,0,30.18,-96.95,1.5,200
1987,1987-11-15,TX,2,12,2,30.58,-96.68,10.0,500
1987,1987-11-15,OK,2,1,0,36.67,-95.17,1.5,50
1987,1987-11-15,TX,2,2,3,30.97,-96.07,10.0,200
1987,1987-11-15,TX,3,59,1,31.6,-95.7,10.5,250
1987,1987-11-15,TX,3,81,4,31.82,-95.33,33.0,500
1987,1987-11-15,TX,2,0,0,32.42,-95.12,6.0,300
1987,1987-11-15,TX,2,9,0,32.7,-94.75,7.0,900
1987,1987-11-15,TX,3,116,1,31.87,-94.18,48.0,500
1987,1987-11-15,TX,3,0,0,33.07,-94.53,12.2,200
1987,1987-11-16,MS,2,0,0,32.55,-90.32,21.0,73
1987,1987-11-16,MS,2,5,0,32.07,-90.38,20.0,150
1987,1987-11-16,MS,2,2,0,31.58,-90.6,20.0,150
1987,1987-11-16,MS,2,0,0,32.45,-89.92,4.0,100
1987,1987-11-16,MS,2,0,0,31.82,-90.02,20.0,100
1987,1987-11-16,MS,2,0,0,30.52,-89.48,3.0,73
1987,1987-12-14,AR,3,121,6,35.1,-90.23,25.0,200
1987,1987-12-15,MS,2,1,0,34.68,-88.6,8.0,100
1987,1987-12-06,TX,2,0,0,30.68,-94.97,1.0,200
1987,1987-12-06,TX,2,0,0,30.88,-94.85,1.0,200
1987,1987-02-14,OK,2,1,0,34.73,-98.5,3.5,200
1987,1987-02-15,LA,2,4,0,29.97,-91.2,3.0,173
1987,1987-02-15,LA,2,3,0,30.87,-90.5,3.5,150
1987,1987-02-15,MS,2,2,0,31.07,-90.15,3.0,73
1987,1987-02-15,MS,2,2,0,30.48,-89.7,3.0,100
1987,1987-02-28,LA,2,2,0,32.85,-91.38,7.0,150
1987,1987-02-28,MS,4,350,6,31.5,-89.25,35.0,1230
1987,1987-03-22,TX,3,0,0,36.2,-100.32,30.0,440
1987,1987-03-22,OK,2,0,0,36.48,-99.98,7.5,100
1987,1987-03-22,OK,2,0,0,36.62,-99.9,1.0,73
1987,1987-03-22,OK,2,6,0,36.55,-100.52,10.0,83
1987,1987-03-31,NC,2,7,0,35.22,-75.55,10.0,440
1987,1987-04-15,FL,2,7,1,28.8,-81.63,3.0,100
1987,1987-04-15,FL,2,0,0,28.65,-82.05,12.0,250
1987,1987-05-18,KS,2,0,0,38.45,-96.38,3.0,300
1987,1987-05-21,AL,2,0,1,34.17,-87.38,0.3,150
1987,1987-05-22,TX,4,121,30,31.0,-103.68,3.0,1000
1987,1987-05-25,TX,2,0,0,34.72,-100.43,6.0,90
1987,1987-05-25,TX,3,0,0,36.2,-101.4,3.0,530
1987,1987-05-25,TX,2,0,0,31.45,-103.07,11.0,100
1987,1987-05-25,TX,2,0,0,35.02,-101.68,6.0,150
1987,1987-05-25,TX,3,0,0,36.27,-101.05,3.0,700
1987,1987-05-25,TX,2,0,0,34.98,-101.8,2.0,150
1987,1987-05-28,TX,2,0,0,33.55,-100.42,13.0,100
1987,1987-05-29,TX,2,3,0,33.5,-102.03,8.0,80
1987,1987-05-03,KS,2,0,0,37.43,-100.97,3.0,100
1987,1987-06-18,WY,2,0,0,43.0,-106.32,7.0,50
1987,1987-06-20,CO,2,0,0,39.77,-104.62,1.0,30
1987,1987-06-21,MI,2,6,1,42.48,-83.47,0.3,80
1987,1987-06-27,OH,2,0,0,41.07,-80.65,1.5,40
1987,1987-06-02,IL,2,0,0,40.12,-88.03,0.1,10
1987,1987-06-02,TX,2,0,0,36.45,-100.32,6.0,1600
1987,1987-06-02,TX,2,0,0,36.15,-100.27,7.5,1600
1987,1987-07-11,SD,2,0,0,43.83,-96.73,5.0,100
1987,1987-07-11,MI,3,0,0,45.77,-87.87,71.0,150
1987,1987-07-14,TX,2,10,0,35.53,-100.97,4.5,150
1987,1987-07-21,WY,4,0,0,43.9,-110.33,24.3,2550
1987,1987-07-21,NJ,2,3,0,39.35,-74.58,0.5,100
1987,1987-07-21,ND,3,0,0,47.63,-98.05,1.0,100
1987,1987-07-21,WY,2,0,0,43.13,-106.72,5.0,140
1987,1987-07-23,MN,3,0,0,45.15,-93.48,5.0,170
1987,1987-07-27,MN,3,0,0,44.57,-92.72,30.0,220
1987,1987-07-29,IA,2,0,0,43.27,-91.72,10.0,30
1987,1987-07-30,NY,2,1,0,42.92,-78.77,1.5,30
1987,1987-07-01,TX,2,0,0,35.57,-101.28,4.5,200
1987,1987-07-01,TX,2,2,0,35.23,-101.37,9.0,150
1987,1987-07-02,CO,2,0,0,39.88,-104.73,1.0,250
1987,1987-07-05,KS,2,0,0,37.52,-97.02,0.2,50
1987,1987-07-06,IN,2,3,0,40.92,-87.43,0.9,250
1987,1987-07-06,NE,2,0,0,41.6,-99.2,4.0,50
1987,1987-07-07,SD,2,0,0,43.07,-96.62,8.0,50
1987,1987-07-07,CO,2,0,0,40.4,-104.37,5.0,100
1987,1987-08-15,MN,2,8,1,46.05,-95.73,1.0,50
1987,1987-08-16,IL,2,0,0,41.37,-88.85,1.0,10
1987,1987-08-17,NE,2,0,0,40.15,-97.17,0.2,50
1987,1987-08-31,SC,2,2,0,33.93,-80.85,0.2,10
1987,1987-08-05,SD,2,0,0,44.02,-99.87,1.2,80
1988,1988-10-16,IN,2,0,0,41.47,-86.0,6.0,40
1988,1988-10-17,IN,2,4,0,39.6,-87.52,3.5,200
1988,1988-10-17,IN,2,0,0,39.68,-86.38,0.5,100
1988,1988-11-15,KS,2,22,0,39.05,-95.68,5.0,70
1988,1988-11-15,KS,2,0,0,37.4,-95.43,7.5,50
1988,1988-11-15,MO,2,12,1,36.5,-94.23,28.0,23
1988,1988-11-15,IA,2,4,0,40.9,-93.03,4.0,60
1988,1988-11-15,AR,2,9,0,35.43,-93.42,16.0,150
1988,1988-11-15,IA,2,0,0,41.07,-92.33,6.0,63
1988,1988-11-15,MO,2,0,0,37.82,-92.23,3.0,50
1988,1988-11-15,AR,3,10,1,35.27,-92.6,29.0,400
1988,1988-11-15,AR,2,4,0,35.75,-92.35,13.0,400
1988,1988-11-15,AR,2,4,0,34.17,-93.38,27.0,400
1988,1988-11-15,MO,3,10,0,38.8,-90.7,1.0,200
1988,1988-11-15,IA,2,0,0,42.48,-91.47,11.0,63
1988,1988-11-15,IL,2,0,0,39.33,-90.23,0.1,50
1988,1988-11-15,AR,2,60,5,34.5,-92.35,49.0,250
1988,1988-11-15,IL,2,0,0,38.52,-90.08,0.4,50
1988,1988-11-15,IL,3,0,0,38.62,-90.0,9.0,200
1988,1988-11-17,NC,2,1,0,35.88,-76.4,9.0,50
1988,1988-11-19,MS,3,3,0,33.9,-90.53,4.0,100
1988,1988-11-19,MS,2,2,0,32.6,-89.77,12.0,90
1988,1988-11-19,TN,2,1,0,35.42,-88.9,12.0,90
1988,1988-11-19,MS,2,0,0,33.43,-89.98,7.0,120
1988,1988-11-19,MS,3,11,2,34.12,-88.65,12.5,120
1988,1988-11-20,AL,3,8,0,33.2,-87.57,0.5,400
1988,1988-11-26,MS,2,0,0,33.73,-90.57,2.0,40
1988,1988-11-26,MS,2,0,0,32.45,-90.82,9.0,600
1988,1988-11-27,NC,4,154,4,35.87,-78.75,83.0,400
1988,1988-11-28,NC,2,0,0,36.5,-77.32,3.0,100
1988,1988-11-28,VA,2,0,0,36.73,-76.95,12.0,200
1988,1988-11-04,FL,2,0,0,26.63,-81.85,1.5,400
1988,1988-11-04,MS,3,0,0,34.53,-88.52,12.0,150
1988,1988-11-04,MS,3,0,0,34.88,-88.22,7.0,200
1988,1988-11-04,TN,2,0,0,35.25,-87.83,13.0,73
1988,1988-11-04,AL,3,16,0,34.57,-88.08,60.0,200
1988,1988-11-04,AL,2,0,0,31.63,-88.32,12.0,200
1988,1988-11-04,MS,3,0,0,31.62,-88.6,8.0,200
1988,1988-11-05,FL,2,3,1,30.37,-83.35,8.0,50
1988,1988-11-05,NC,2,1,0,36.3,-76.22,2.0,50
1988,1988-12-24,TN,4,7,1,35.92,-86.9,6.0,150
1988,1988-12-27,MS,2,0,0,33.73,-90.23,18.0,73
1988,1988-12-27,MS,2,0,0,34.15,-89.63,5.0,73
1988,1988-12-27,MS,2,0,0,33.08,-90.62,10.0,73
1988,1988-01-19,AR,2,13,0,33.13,-91.95,15.0,600
1988,1988-01-19,MS,2,1,0,34.85,-90.12,9.5,70
1988,1988-01-19,MS,4,1,0,33.15,-89.58,13.0,700
1988,1988-01-19,TN,2,6,1,35.65,-89.22,3.0,60
1988,1988-01-19,TN,3,24,3,35.07,-89.45,22.0,200
1988,1988-01-19,TN,2,0,1,35.82,-88.9,4.0,60
1988,1988-01-19,MS,3,0,0,33.78,-88.87,10.0,100
1988,1988-01-19,AL,3,35,0,34.12,-86.9,10.0,440
1988,1988-03-24,IA,2,0,0,43.07,-92.03,9.0,100
1988,1988-03-24,MO,2,5,0,37.33,-91.92,12.0,50
1988,1988-03-24,AR,2,0,0,35.58,-91.75,2.0,100
1988,1988-03-03,MS,2,0,0,30.4,-88.9,1.2,30
1988,1988-04-18,GA,2,3,0,30.9,-84.65,2.7,80
1988,1988-04-18,FL,2,0,0,30.95,-85.17,15.0,300
1988,1988-04-19,FL,3,18,4,30.45,-83.42,12.0,300
1988,1988-04-19,FL,2,0,0,30.6,-83.25,2.0,30
1988,1988-04-01,TX,3,9,0,32.55,-94.92,13.0,440
1988,1988-04-05,IL,2,0,0,41.18,-88.28,30.0,50
1988,1988-05-19,CO,2,0,0,39.97,-102.38,1.5,73
1988,1988-05-30,CO,2,0,0,39.3,-102.67,1.0,50
1988,1988-05-02,KS,2,0,0,38.2,-99.42,5.0,70
1988,1988-05-06,WY,2,2,0,44.18,-105.35,1.5,50
1988,1988-05-07,NE,2,1,2,41.12,-96.47,16.2,73
1988,1988-05-07,IA,2,0,0,41.33,-95.95,7.2,73
1988,1988-05-08,IA,2,0,0,40.62,-93.33,47.0,43
1988,1988-05-08,IA,2,0,0,40.75,-92.48,71.0,60
1988,1988-05-08,IA,2,0,0,41.53,-92.4,59.0,60
1988,1988-05-08,IA,2,0,0,41.43,-92.17,36.0,60
1988,1988-05-08,WI,2,0,0,43.75,-90.77,27.0,800
1988,1988-05-08,IA,2,0,0,41.7,-91.17,7.0,90
1988,1988-05-08,IA,3,0,0,41.75,-90.78,32.0,150
1988,1988-05-08,WI,2,0,0,42.98,-90.85,10.0,40
1988,1988-05-08,WI,3,0,0,42.58,-90.23,16.0,123
1988,1988-05-08,WI,2,0,0,42.93,-90.58,7.5,200
1988,1988-05-08,WI,2,0,0,43.28,-90.45,20.0,150
1988,1988-05-08,WI,2,1,0,43.17,-89.33,7.0,100
1988,1988-05-08,WI,2,0,0,42.8,-89.35,27.0,173
1988,1988-05-08,WI,2,2,0,44.73,-89.95,13.0,250
1988,1988-05-08,IL,2,0,0,39.75,-89.53,0.1,50
1988,1988-05-09,AL,2,0,0,34.83,-85.9,15.0,50
1988,1988-05-09,KY,3,15,1,36.6,-83.75,5.0,500
1988,1988-06-13,CO,2,0,0,40.87,-102.93,1.5,50
1988,1988-06-15,CO,2,0,0,39.73,-104.93,0.5,400
1988,1988-06-15,CO,3,7,0,39.73,-104.93,2.5,200
1988,1988-06-18,TN,2,0,0,35.08,-86.45,7.0,73
1988,1988-06-25,FL,2,0,0,28.83,-82.33,2.0,40
1988,1988-06-05,CO,2,0,0,40.0,-104.97,2.0,50
1988,1988-06-05,CO,2,0,0,39.95,-105.07,0.5,50
1988,1988-07-14,NY,3,1,0,41.33,-74.53,7.2,80
1988,1988-07-15,IA,2,42,0,41.27,-95.87,2.3,100
1988,1988-07-15,IA,3,34,0,41.27,-95.87,2.8,73
1988,1988-07-05,MT,3,2,0,47.72,-109.83,3.0,200
1988,1988-07-05,MT,3,0,0,47.97,-109.98,12.0,200
1988,1988-07-05,MT,3,0,0,47.87,-109.92,10.0,200
1988,1988-08-14,MI,2,0,1,42.7,-84.47,26.6,127
1988,1988-08-17,NJ,2,0,0,40.28,-74.78,4.5,200
1988,1988-08-17,NJ,2,0,0,39.72,-75.47,1.5,400
1988,1988-08-28,SC,2,1,1,33.67,-80.27,0.8,200
1988,1988-08-28,PA,2,0,0,41.57,-76.07,1.5,60
1988,1988-08-29,VA,2,1,0,36.7,-78.45,4.0,10
1988,1988-08-03,VA,2,0,0,36.85,-75.98,0.2,50
1988,1988-09-14,TX,2,0,0,35.2,-101.82,0.7,173
1988,1988-09-17,TX,2,3,0,29.4,-98.63,5.0,50
1988,1988-09-17,TX,2,2,0,29.37,-100.9,11.0,63
1989,1989-10-14,NY,2,3,2,42.5,-75.77,2.0,300
1989,1989-10-16,MS,2,0,0,32.73,-90.55,3.0,80
1989,1989-10-16,IL,2,0,0,38.38,-88.37,2.0,800
1989,1989-10-01,GA,2,12,2,31.07,-83.93,10.0,100
1989,1989-10-01,GA,2,0,0,32.02,-83.68,4.0,100
1989,1989-10-01,GA,2,0,0,32.83,-82.62,4.0,100
1989,1989-10-01,SC,2,0,0,33.15,-81.7,16.5,200
1989,1989-10-01,GA,2,0,0,33.6,-84.18,4.0,300
1989,1989-10-01,GA,2,0,0,33.7,-83.95,2.0,300
1989,1989-11-15,TN,2,0,0,35.97,-88.97,5.0,80
1989,1989-11-15,SC,2,1,0,34.22,-82.12,0.7,267
1989,1989-11-15,OH,2,0,0,40.43,-82.93,23.0,73
1989,1989-11-15,AL,4,463,21,34.65,-86.65,18.5,880
1989,1989-11-15,GA,2,0,0,33.45,-84.67,4.0,300
1989,1989-11-15,GA,2,14,0,33.48,-84.65,7.0,300
1989,1989-11-15,GA,2,1,0,34.25,-85.45,8.0,500
1989,1989-11-15,GA,3,3,0,34.62,-83.6,8.0,1760
1989,1989-11-16,WV,2,3,0,39.25,-77.78,9.0,50
1989,1989-11-20,PA,2,0,0,40.62,-77.82,3.5,1230
1989,1989-11-22,MS,2,0,0,31.05,-89.4,2.5,400
1989,1989-11-27,MI,2,0,0,42.83,-84.92,6.0,100
1989,1989-11-27,OH,2,1,0,41.08,-82.8,15.0,73
1989,1989-11-08,GA,2,8,1,32.12,-83.5,0.8,100
1989,1989-01-07,IL,2,6,0,38.22,-88.4,27.0,100
1989,1989-01-07,IL,4,55,0,38.48,-87.78,19.0,200
1989,1989-01-07,MS,2,0,0,33.8,-88.68,4.0,100
1989,1989-02-20,AL,2,0,0,33.95,-88.13,9.0,440
1989,1989-02-20,AL,2,0,0,34.03,-87.98,10.0,440
1989,1989-02-20,MS,2,0,0,33.78,-88.55,2.5,100
1989,1989-02-20,AL,2,0,0,34.25,-87.6,5.0,200
1989,1989-03-20,NC,2,0,0,34.7,-76.55,0.2,100
1989,1989-03-29,KY,2,0,0,37.5,-86.22,7.0,50
1989,1989-03-30,NC,2,11,0,36.37,-77.47,22.0,100
1989,1989-03-04,MS,3,5,0,32.38,-90.37,11.0,350
1989,1989-03-05,AL,2,2,0,33.27,-86.37,20.0,100
1989,1989-03-05,AL,2,6,1,32.9,-85.52,45.5,167
1989,1989-03-05,GA,3,23,0,33.28,-84.83,14.0,120
1989,1989-04-25,OH,2,16,0,39.68,-83.93,5.0,123
1989,1989-04-27,IA,2,0,0,40.8,-92.27,18.0,60
1989,1989-04-03,IN,3,8,0,38.25,-87.63,3.1,100
1989,1989-04-03,KY,2,1,0,37.4,-87.77,10.0,100
1989,1989-04-03,KY,2,0,0,37.37,-87.22,3.5,100
1989,1989-04-04,GA,2,0,0,34.22,-85.18,4.0,150
1989,1989-04-04,GA,2,0,0,34.1,-84.7,3.0,150
1989,1989-04-04,GA,2,0,0,34.1,-84.62,6.0,150
1989,1989-04-04,GA,2,3,0,34.5,-83.57,8.0,50
1989,1989-04-04,SC,2,0,0,34.67,-83.1,6.0,50
1989,1989-04-04,GA,2,0,0,34.42,-83.77,7.5,50
1989,1989-04-04,GA,2,0,0,34.42,-83.98,9.0,100
1989,1989-04-04,GA,2,0,0,34.17,-84.0,3.3,50
1989,1989-04-04,GA,2,0,0,34.43,-83.45,5.0,50
1989,1989-04-04,SC,2,0,0,34.75,-82.53,5.0,73
1989,1989-04-04,SC,2,0,0,34.9,-82.05,2.0,73
1989,1989-05-12,TX,2,0,0,35.68,-102.43,7.0,200
1989,1989-05-13,TX,2,0,0,32.58,-99.93,1.5,150
1989,1989-05-14,TX,2,0,0,31.67,-100.87,6.0,600
1989,1989-05-14,TX,2,0,0,31.13,-99.33,1.0,100
1989,1989-05-15,TX,2,0,0,33.67,-100.38,7.0,90
1989,1989-05-16,TX,2,0,0,35.15,-102.07,10.0,300
1989,1989-05-16,TX,4,0,0,29.28,-100.42,17.0,300
1989,1989-05-17,TX,3,28,1,30.77,-97.62,3.0,1700
1989,1989-05-17,TX,2,0,0,30.35,-98.87,2.0,100
1989,1989-05-17,TX,2,14,0,31.2,-94.97,31.0,400
1989,1989-05-17,TX,2,0,0,30.8,-94.88,3.0,150
1989,1989-05-18,LA,2,1,0,30.23,-92.22,1.0,40
1989,1989-05-18,LA,2,0,0,30.87,-91.02,5.0,50
1989,1989-05-18,AR,2,0,0,35.47,-94.35,0.7,120
1989,1989-05-19,KY,2,0,0,37.67,-87.03,3.3,40
1989,1989-05-19,KY,2,0,0,37.67,-86.98,8.0,90
1989,1989-05-22,MO,2,0,0,37.3,-93.25,1.0,30
1989,1989-05-22,KY,2,0,0,36.72,-86.57,5.0,50
1989,1989-05-22,TN,2,2,1,35.05,-87.15,9.0,100
1989,1989-05-24,IA,4,0,0,40.98,-94.72,49.0,1760
1989,1989-05-24,IA,4,0,0,42.23,-93.82,66.0,150
1989,1989-05-24,MO,2,0,0,40.43,-93.77,2.5,73
1989,1989-05-30,MI,2,0,0,42.38,-86.03,1.0,50
1989,1989-05-30,MI,2,0,0,42.4,-86.2,10.2,100
1989,1989-05-30,IA,4,3,0,42.28,-93.17,11.0,200
1989,1989-05-01,FL,2,0,0,30.47,-86.53,2.0,100
1989,1989-05-01,SC,2,12,0,33.4,-81.43,4.0,50
1989,1989-05-02,VA,2,0,0,37.88,-76.4,5.0,50
1989,1989-05-04,TX,2,22,0,32.48,-97.87,3.5,500
1989,1989-05-05,KY,2,1,0,37.7,-87.28,1.0,40
1989,1989-05-05,GA,2,15,0,34.55,-83.32,10.5,300
1989,1989-05-05,SC,4,35,2,35.08,-81.93,15.0,700
1989,1989-05-05,NC,4,52,4,35.47,-81.58,14.0,800
1989,1989-05-05,NC,2,0,0,35.92,-78.97,8.7,100
1989,1989-05-05,NC,2,0,0,35.95,-81.68,15.0,73
1989,1989-05-05,NC,2,8,0,36.02,-80.38,0.5,100
1989,1989-05-05,NC,3,30,0,36.1,-80.25,10.5,200
1989,1989-05-05,NC,4,6,1,34.98,-80.73,13.0,500
1989,1989-05-05,NC,2,10,0,36.13,-80.22,5.5,100
1989,1989-05-08,OK,2,1,0,36.25,-94.65,5.0,50
1989,1989-06-11,AR,2,6,0,35.48,-92.4,1.0,50
1989,1989-06-15,PA,2,6,0,39.97,-76.67,16.0,100
1989,1989-06-20,PA,2,1,0,40.37,-77.5,2.0,23
1989,1989-06-25,NE,3,2,0,41.17,-100.78,8.0,123
1989,1989-06-26,WI,2,0,0,43.42,-90.12,0.3,73
1989,1989-06-03,TX,2,0,0,34.22,-102.7,8.0,880
1989,1989-06-04,TN,2,0,0,35.35,-89.9,7.0,100
1989,1989-06-06,TX,2,0,0,34.18,-101.65,2.5,200
1989,1989-06-06,KS,3,0,0,37.18,-101.02,12.0,500
1989,1989-06-06,TX,3,0,0,33.62,-101.53,30.0,900
1989,1989-06-07,TX,2,0,0,32.38,-99.47,6.0,80
1989,1989-06-07,TX,2,0,0,33.37,-95.1,12.0,200
1989,1989-06-07,TX,3,0,0,32.02,-94.42,6.0,447
1989,1989-06-07,TX,2,4,0,30.67,-96.8,10.0,150
1989,1989-06-07,LA,2,6,0,30.68,-93.23,5.0,77
1989,1989-06-08,LA,2,30,2,30.35,-91.48,10.0,77
1989,1989-06-08,LA,2,60,0,30.52,-91.25,9.5,60
1989,1989-06-08,LA,2,0,0,30.63,-90.9,4.0,50
1989,1989-06-08,FL,2,4,3,29.72,-84.92,3.0,300
1989,1989-06-09,DE,2,1,0,39.78,-75.68,2.0,100
1989,1989-06-09,PA,2,1,0,39.95,-75.15,2.0,50
1989,1989-07-10,NY,4,20,0,42.83,-74.53,42.0,1320
1989,1989-07-10,CT,2,4,0,41.83,-73.33,10.0,73
1989,1989-07-10,CT,2,70,0,41.6,-73.12,5.0,100
1989,1989-07-10,CT,4,40,0,41.38,-72.9,3.0,100
1989,1989-07-10,NY,2,5,0,41.42,-73.68,0.5,100
1989,1989-07-10,NY,2,1,0,40.82,-72.78,0.2,40
1989,1989-07-23,FL,2,0,0,26.63,-81.85,1.0,300
1989,1989-07-02,AL,2,0,0,30.5,-88.1,1.0,73
1989,1989-09-01,IN,2,3,0,41.07,-86.38,1.5,500
1990,1990-10-18,VA,3,1,0,38.3,-77.97,3.5,33
1990,1990-10-18,MD,2,59,0,39.47,-76.82,0.1,100
1990,1990-10-18,NC,3,2,0,34.98,-80.68,12.0,100
1990,1990-10-18,VA,3,0,1,37.62,-77.1,5.0,430
1990,1990-10-18,DE,2,0,0,39.78,-75.58,1.0,430
1990,1990-10-18,NJ,3,8,0,40.48,-74.77,0.5,100
1990,1990-10-22,SC,2,4,1,33.58,-80.78,0.1,20
1990,1990-10-03,IL,2,0,0,37.58,-88.43,1.0,100
1990,1990-10-04,MI,2,1,0,43.03,-83.67,3.0,50
1990,1990-11-10,NC,2,1,0,35.23,-75.63,12.0,40
1990,1990-11-27,MO,3,0,0,38.88,-92.45,1.0,50
1990,1990-11-27,MO,3,3,0,38.95,-92.33,12.0,50
1990,1990-11-27,IL,2,0,0,40.1,-90.58,6.0,100
1990,1990-11-27,IL,2,2,0,40.47,-89.73,1.0,200
1990,1990-11-27,MO,2,30,0,38.78,-90.72,4.0,50
1990,1990-12-21,LA,2,3,0,32.37,-91.07,5.0,300
1990,1990-12-21,MS,2,0,0,33.3,-90.37,16.0,300
1990,1990-12-21,LA,2,4,0,32.4,-91.17,5.0,100
1990,1990-12-21,MS,3,0,0,33.75,-89.95,3.5,440
1990,1990-12-21,LA,3,0,0,31.8,-91.5,18.0,300
1990,1990-12-21,MS,3,15,1,33.18,-89.93,20.0,880
1990,1990-12-21,LA,2,0,0,32.22,-91.07,5.0,250
1990,1990-12-21,MS,3,0,0,32.7,-90.07,11.0,880
1990,1990-12-30,AR,2,0,0,33.02,-91.67,10.0,100
1990,1990-01-19,TX,2,1,0,32.92,-96.63,0.8,50
1990,1990-01-19,TX,3,2,0,31.22,-94.95,13.0,100
1990,1990-01-29,GA,2,6,0,33.33,-82.18,0.9,100
1990,1990-02-10,GA,2,2,0,33.87,-84.6,1.3,200
1990,1990-02-10,NC,2,0,0,35.2,-81.55,0.4,50
1990,1990-02-16,GA,2,11,0,33.58,-85.05,7.0,100
1990,1990-02-09,TX,2,1,0,31.7,-94.83,25.0,100
1990,1990-03-13,KS,5,60,1,37.77,-98.02,48.0,1320
1990,1990-03-13,OK,2,1,0,34.88,-97.72,28.0,200
1990,1990-03-13,IA,3,1,0,41.6,-90.28,15.5,250
1990,1990-03-13,IA,4,0,0,42.23,-91.42,19.0,200
1990,1990-03-13,NE,3,0,0,40.53,-99.0,32.0,200
1990,1990-03-13,NE,4,8,0,40.05,-98.53,131.0,440
1990,1990-03-13,OK,3,0,0,36.73,-97.98,19.0,200
1990,1990-03-13,NE,2,0,0,40.37,-99.23,8.0,100
1990,1990-03-13,NE,2,0,0,40.67,-98.65,9.0,80
1990,1990-03-13,KS,5,0,1,38.15,-97.43,22.0,1320
1990,1990-03-13,OK,2,0,0,34.97,-97.6,18.0,150
1990,1990-03-13,NE,3,0,0,40.88,-98.47,27.0,200
1990,1990-03-13,OK,3,0,0,36.95,-97.83,22.0,200
1990,1990-03-13,OK,2,1,0,35.3,-97.23,19.0,200
1990,1990-03-13,KS,2,0,0,38.47,-97.08,55.0,220
1990,1990-03-13,NE,2,0,0,41.25,-98.27,13.0,100
1990,1990-03-13,KS,3,0,0,38.15,-97.73,18.0,200
1990,1990-03-13,OK,3,1,0,34.27,-97.75,22.0,200
1990,1990-03-13,KS,2,0,0,39.72,-97.85,15.0,440
1990,1990-03-13,IA,2,0,0,42.03,-94.03,22.0,50
1990,1990-03-13,NE,3,0,0,40.32,-97.67,25.0,180
1990,1990-03-13,NE,3,0,0,40.02,-97.62,13.0,150
1990,1990-03-13,OK,2,0,0,34.5,-97.45,28.0,150
1990,1990-03-13,IA,2,15,0,41.73,-93.62,15.0,60
1990,1990-03-13,OK,2,0,0,35.7,-96.23,9.0,340
1990,1990-03-13,IA,3,1,0,42.02,-93.38,9.0,100
1990,1990-03-13,MO,2,0,0,37.47,-93.28,2.0,600
1990,1990-03-14,TX,3,0,0,31.07,-97.5,9.0,50
1990,1990-03-14,TX,2,0,0,31.97,-97.13,0.2,10
1990,1990-03-14,TX,2,0,0,32.87,-95.93,4.0,50
1990,1990-03-14,AR,2,6,1,33.82,-92.42,2.0,200
1990,1990-03-08,IL,2,0,0,40.2,-90.95,42.0,10
1990,1990-04-15,TX,2,0,0,30.9,-102.83,3.5,250
1990,1990-04-24,OK,2,5,0,36.02,-99.83,19.0,250
1990,1990-04-25,TX,2,0,0,32.73,-97.85,4.0,300
1990,1990-04-25,TX,4,0,0,32.78,-97.83,10.0,880
1990,1990-04-25,TX,2,0,0,33.07,-97.72,5.0,100
1990,1990-04-25,KS,3,0,0,38.62,-99.73,37.0,500
1990,1990-04-25,TX,2,0,0,33.25,-97.62,0.2,10
1990,1990-04-25,TX,2,0,0,32.08,-98.47,4.0,50
1990,1990-04-27,MS,2,0,0,31.87,-89.7,5.0,100
1990,1990-04-27,TX,2,0,0,31.92,-96.8,0.2,10
1990,1990-04-27,TX,2,0,0,32.02,-97.5,0.2,10
1990,1990-04-27,TX,3,0,0,31.6,-96.5,4.0,100
1990,1990-04-27,TX,2,8,0,31.67,-96.7,16.0,880
1990,1990-04-27,TX,2,0,0,32.6,-94.03,1.0,100
1990,1990-04-27,TX,2,0,0,32.47,-94.08,0.2,10
1990,1990-04-02,VA,2,0,0,37.35,-77.45,0.2,100
1990,1990-04-05,TX,2,0,0,32.45,-99.73,0.2,10
1990,1990-04-05,TX,2,0,0,32.58,-99.9,0.2,10
1990,1990-04-05,TX,2,0,0,32.83,-97.98,0.2,10
1990,1990-04-05,TX,2,0,0,32.82,-97.97,0.2,10
1990,1990-04-05,TX,2,0,0,32.75,-97.35,0.2,10
1990,1990-04-09,OK,2,4,0,34.13,-97.27,11.0,440
1990,1990-05-10,NJ,2,0,0,39.48,-75.03,0.5,200
1990,1990-05-12,MO,2,0,0,37.07,-92.65,18.0,100
1990,1990-05-12,IL,2,0,0,39.07,-89.62,0.2,100
1990,1990-05-12,MS,2,4,0,31.27,-91.4,19.0,100
1990,1990-05-14,TX,2,2,0,32.93,-100.02,2.0,100
1990,1990-05-14,TX,2,2,0,32.88,-100.0,0.2,10
1990,1990-05-14,TX,2,3,0,32.83,-100.0,0.2,10
1990,1990-05-14,TX,3,2,0,32.88,-99.88,0.2,10
1990,1990-05-15,OK,3,12,1,36.12,-97.15,7.0,440
1990,1990-05-15,OK,2,8,0,36.43,-95.55,4.0,73
1990,1990-05-15,OK,2,0,0,36.43,-95.42,8.0,123
1990,1990-05-16,TX,2,0,0,33.13,-94.75,0.2,10
1990,1990-05-16,TX,2,0,0,33.33,-94.35,0.2,10
1990,1990-05-16,TX,2,0,0,33.27,-94.38,0.2,10
1990,1990-05-16,TX,2,0,0,33.42,-94.08,0.2,10
1990,1990-05-16,AR,2,0,0,33.17,-93.42,26.5,77
1990,1990-05-16,AR,2,1,1,36.45,-90.58,15.0,77
1990,1990-05-17,MO,2,0,0,36.6,-90.27,3.0,50
1990,1990-05-18,TX,2,0,0,31.65,-97.13,0.2,10
1990,1990-05-18,NE,2,0,0,41.03,-100.93,20.0,73
1990,1990-05-20,MO,2,9,0,37.12,-93.2,12.0,100
1990,1990-05-21,KY,2,1,0,37.75,-84.3,0.5,50
1990,1990-05-24,KS,3,6,0,38.45,-98.55,26.0,1320
1990,1990-05-24,KS,3,0,0,38.5,-98.18,60.0,400
1990,1990-05-24,WY,2,0,0,41.43,-104.42,5.0,400
1990,1990-05-26,WV,2,0,0,38.15,-81.22,0.5,250
1990,1990-05-26,OK,3,0,0,35.47,-98.33,3.0,200
1990,1990-05-26,OK,2,0,0,35.32,-98.3,2.0,200
1990,1990-05-29,TX,2,0,0,34.07,-102.43,2.4,150
1990,1990-05-30,TX,2,0,0,32.9,-94.48,0.2,10
1990,1990-05-30,TX,2,0,0,32.98,-94.25,0.2,10
1990,1990-05-30,TX,2,0,0,32.47,-94.43,0.2,10
1990,1990-05-30,TX,2,0,0,32.48,-94.08,0.2,10
1990,1990-05-30,TX,2,0,0,32.75,-94.18,2.0,100
1990,1990-05-30,TX,2,0,0,32.25,-94.97,1.5,100
1990,1990-05-30,TX,2,0,0,32.25,-94.92,0.2,10
1990,1990-05-30,TX,2,0,0,32.3,-94.17,0.2,10
1990,1990-05-30,TX,2,0,0,32.15,-94.33,0.2,10
1990,1990-05-30,TX,2,0,0,32.28,-94.53,0.2,10
1990,1990-05-30,TX,2,0,0,32.75,-94.18,0.2,10
1990,1990-05-30,TX,2,0,0,32.77,-94.07,0.2,10
1990,1990-05-31,TX,3,0,0,36.17,-101.05,14.0,1407
1990,1990-05-31,TX,2,0,0,36.17,-101.3,5.5,600
1990,1990-05-31,TX,2,0,0,36.08,-100.97,3.0,450
1990,1990-05-02,TX,2,0,0,31.97,-97.57,0.2,10
1990,1990-05-03,TX,2,13,0,33.65,-95.53,2.0,100
1990,1990-05-04,VA,2,10,2,38.1,-79.33,7.0,27
1990,1990-05-04,VA,3,0,0,37.32,-77.82,8.0,500
1990,1990-05-04,OH,2,5,1,39.5,-84.38,0.2,150
1990,1990-05-09,IL,2,0,0,39.5,-89.77,0.2,50
1990,1990-05-09,IL,2,0,0,38.1,-88.62,0.5,50
1990,1990-06-13,IA,2,0,0,42.85,-91.4,8.0,67
1990,1990-06-13,IA,2,0,0,40.87,-95.65,10.5,67
1990,1990-06-14,CO,2,0,0,40.05,-103.62,7.0,100
1990,1990-06-15,NE,4,1,0,40.15,-101.23,28.0,2640
1990,1990-06-16,IA,2,0,0,40.92,-92.52,6.5,53
1990,1990-06-18,NE,2,0,0,40.4,-98.45,0.7,440
1990,1990-06-18,ND,2,1,0,47.12,-101.58,6.0,93
1990,1990-06-19,IA,2,0,0,42.8,-94.53,16.0,77
1990,1990-06-19,KS,2,0,0,37.77,-101.63,1.5,150
1990,1990-06-19,KS,2,0,0,37.7,-101.57,1.5,150
1990,1990-06-19,KS,2,2,0,37.65,-101.45,20.0,300
1990,1990-06-19,IL,2,0,0,40.57,-90.12,0.3,100
1990,1990-06-20,IL,2,0,0,39.92,-88.27,8.0,100
1990,1990-06-22,WV,2,0,0,37.63,-80.47,5.0,150
1990,1990-06-22,IL,2,0,0,41.02,-87.93,3.0,100
1990,1990-06-22,OH,2,1,0,40.6,-82.67,22.0,200
1990,1990-06-28,IA,3,0,0,42.63,-93.17,9.0,90
1990,1990-06-30,PA,2,0,0,40.12,-80.15,0.2,250
1990,1990-06-01,TX,4,21,2,31.08,-102.35,22.0,1233
1990,1990-06-01,NE,2,0,0,40.63,-101.63,15.0,100
1990,1990-06-01,NE,3,0,0,41.27,-99.83,25.0,50
1990,1990-06-01,MN,2,0,0,45.95,-95.33,10.0,20
1990,1990-06-02,IA,2,0,0,42.4,-91.68,10.5,67
1990,1990-06-02,WI,2,1,0,43.78,-88.45,1.0,100
1990,1990-06-02,IL,2,2,0,39.48,-88.88,8.0,600
1990,1990-06-02,IL,4,2,0,38.57,-88.47,23.0,300
1990,1990-06-02,IN,2,12,0,40.0,-86.9,10.0,100
1990,1990-06-02,IL,2,0,0,39.7,-87.72,17.5,150
1990,1990-06-02,IL,2,6,0,39.72,-87.58,8.0,100
1990,1990-06-02,IL,4,6,0,38.95,-88.27,12.5,200
1990,1990-06-02,IN,3,0,0,38.65,-87.05,7.0,200
1990,1990-06-02,IL,4,12,1,38.25,-88.47,106.0,300
1990,1990-06-02,IN,2,0,0,39.05,-87.12,10.0,50
1990,1990-06-02,IL,2,1,0,38.77,-87.67,5.0,50
1990,1990-06-02,IN,4,51,1,38.78,-86.53,11.0,400
1990,1990-06-02,IN,4,60,6,38.47,-87.48,13.0,200
1990,1990-06-02,IN,2,6,1,39.78,-86.73,3.5,50
1990,1990-06-02,IN,2,9,0,41.28,-85.52,3.5,220
1990,1990-06-02,IN,2,0,0,38.98,-85.78,18.0,60
1990,1990-06-02,MI,2,0,0,42.32,-84.08,15.0,160
1990,1990-06-02,IN,4,9,0,38.85,-86.28,18.0,200
1990,1990-06-02,IN,2,2,0,38.58,-86.07,4.5,150
1990,1990-06-02,IN,3,0,0,38.75,-86.1,41.0,150
1990,1990-06-02,IN,2,3,0,39.08,-85.42,23.0,440
1990,1990-06-02,IN,2,9,0,38.25,-86.43,11.0,100
1990,1990-06-02,IN,3,7,0,38.37,-85.95,12.0,300
1990,1990-06-02,IN,4,37,0,39.22,-84.92,33.0,1350
1990,1990-06-02,KY,3,5,0,38.4,-85.5,10.0,73
1990,1990-06-02,IN,3,5,0,38.57,-85.63,17.0,440
1990,1990-06-02,KY,2,0,0,38.23,-85.23,1.0,100
1990,1990-06-02,OH,2,0,0,38.87,-84.18,4.0,200
1990,1990-06-06,CO,3,0,0,39.13,-103.88,7.0,500
1990,1990-06-06,CO,3,14,0,39.17,-103.7,7.0,500
1990,1990-06-06,CO,2,2,0,38.83,-104.07,2.0,100
1990,1990-06-07,KS,2,17,0,38.33,-96.27,10.0,100
1990,1990-06-07,MO,2,0,0,38.45,-92.58,0.5,73
1990,1990-06-07,KS,2,0,0,37.78,-97.95,7.0,100
1990,1990-06-08,PA,2,1,0,39.82,-76.9,1.0,60
1990,1990-06-08,TX,2,0,0,35.28,-101.3,2.6,300
1990,1990-06-08,TX,2,0,0,35.45,-100.25,1.6,200
1990,1990-06-09,ID,2,0,0,42.73,-114.48,0.2,10
1990,1990-06-09,CO,2,0,0,40.72,-104.97,23.0,200
1990,1990-07-23,NY,2,0,0,43.13,-75.58,17.0,77
1990,1990-07-25,IA,2,0,0,40.82,-94.13,4.0,73
1990,1990-07-01,NC,2,0,0,34.52,-78.45,0.2,30
1990,1990-08-17,ID,2,0,0,42.78,-112.83,4.0,100
1990,1990-08-18,IA,2,0,0,43.47,-95.27,8.5,63
1990,1990-08-28,IL,5,350,29,41.68,-88.35,16.4,600
1990,1990-08-28,NY,2,0,0,42.5,-76.87,2.5,100
1990,1990-08-02,IA,2,0,0,43.27,-93.82,7.0,63
1990,1990-09-11,WI,2,0,0,45.5,-91.88,1.5,100
1990,1990-09-11,WI,2,0,0,45.43,-91.65,3.0,2500
1990,1990-09-14,MI,3,0,0,42.48,-83.47,24.0,90
1990,1990-09-14,OH,2,6,0,39.55,-84.05,35.0,200
1990,1990-09-15,NC,2,0,0,34.7,-76.55,0.5,40
1991,1991-10-27,TX,2,0,0,32.23,-101.97,1.0,200
1991,1991-11-19,TX,2,0,0,32.43,-95.35,7.0,150
1991,1991-11-19,TX,2,0,0,32.52,-95.28,2.5,100
1991,1991-11-19,IL,3,16,0,37.73,-88.93,1.5,70
1991,1991-11-19,LA,2,1,0,31.12,-92.25,10.0,100
1991,1991-11-19,LA,2,6,0,32.8,-91.18,0.7,100
1991,1991-11-29,MO,4,64,2,37.1,-93.3,10.0,400
1991,1991-01-14,TX,2,0,0,29.98,-97.2,5.0,60
1991,1991-02-18,TX,2,0,0,32.37,-94.08,4.0,300
1991,1991-02-19,TX,2,0,0,29.27,-97.63,0.2,10
1991,1991-02-19,TX,3,0,0,31.5,-94.25,5.0,300
1991,1991-02-19,TX,2,0,0,31.53,-94.15,5.0,200
1991,1991-03-21,OK,3,2,0,34.77,-96.78,11.0,350
1991,1991-03-21,OK,2,6,0,34.3,-96.28,19.0,400
1991,1991-03-21,OK,2,0,0,34.02,-96.4,5.0,150
1991,1991-03-21,AR,2,12,0,36.13,-93.02,4.0,100
1991,1991-03-22,AR,2,1,0,35.62,-91.95,15.0,50
1991,1991-03-22,IA,2,0,0,41.97,-94.1,7.0,50
1991,1991-03-22,MS,3,3,0,34.72,-89.17,23.0,500
1991,1991-03-22,IA,3,0,0,41.9,-93.63,43.0,70
1991,1991-03-22,TN,3,45,4,35.05,-88.72,22.0,200
1991,1991-03-22,TN,2,0,0,36.23,-88.08,7.0,150
1991,1991-03-22,IA,2,0,0,42.27,-93.0,20.0,50
1991,1991-03-22,KY,2,12,1,36.65,-87.18,39.0,400
1991,1991-03-22,TN,2,14,1,35.48,-87.63,5.0,50
1991,1991-03-22,IA,2,0,0,41.53,-91.37,14.0,80
1991,1991-03-22,IA,2,1,0,42.35,-91.53,17.0,80
1991,1991-03-22,IA,2,0,0,41.88,-90.85,7.0,60
1991,1991-03-26,KS,3,1,0,37.8,-98.5,26.0,220
1991,1991-03-26,KS,4,5,0,37.97,-98.05,13.0,300
1991,1991-03-26,OK,2,0,0,36.48,-98.23,9.0,300
1991,1991-03-26,OK,3,0,0,36.7,-98.0,67.0,500
1991,1991-03-26,KS,3,6,0,37.25,-96.75,15.0,200
1991,1991-03-26,KS,2,1,0,37.82,-95.45,8.0,100
1991,1991-03-27,IA,2,1,0,42.28,-90.7,1.5,100
1991,1991-03-27,WI,2,5,1,42.83,-89.4,32.0,440
1991,1991-03-27,IL,3,7,0,41.58,-88.1,15.0,200
1991,1991-03-27,MI,2,0,0,44.03,-85.15,4.0,70
1991,1991-03-27,MI,2,0,0,44.25,-84.27,6.0,100
1991,1991-03-27,MI,3,0,0,44.33,-83.97,35.0,100
1991,1991-03-27,MI,3,0,0,44.48,-84.05,21.0,100
1991,1991-03-27,MI,2,0,0,42.45,-84.43,5.0,60
1991,1991-03-27,MI,3,18,0,42.38,-84.9,2.0,400
1991,1991-03-27,MI,3,0,0,41.72,-84.6,5.0,400
1991,1991-03-27,IN,3,24,1,41.53,-85.07,21.0,200
1991,1991-03-29,GA,2,2,0,33.75,-84.77,3.0,200
1991,1991-03-29,GA,3,25,0,33.83,-84.65,5.0,1320
1991,1991-03-29,AL,2,16,0,32.47,-85.07,2.0,300
1991,1991-03-29,SC,2,0,0,33.22,-81.68,0.2,10
1991,1991-03-29,NC,2,0,0,35.63,-80.02,28.0,300
1991,1991-03-29,NC,2,0,0,35.7,-79.47,26.0,300
1991,1991-03-01,SC,2,0,0,33.37,-81.7,1.5,150
1991,1991-03-03,SC,2,0,0,33.32,-81.63,5.0,200
1991,1991-03-03,SC,2,0,0,33.32,-81.62,6.0,300
1991,1991-04-11,NE,2,0,0,40.17,-98.33,21.0,73
1991,1991-04-11,KS,3,1,0,39.43,-99.42,6.0,400
1991,1991-04-12,LA,2,0,0,32.42,-93.68,15.0,100
1991,1991-04-12,OK,2,0,0,36.23,-98.18,9.0,300
1991,1991-04-12,OK,2,0,0,36.4,-98.03,6.0,50
1991,1991-04-12,OK,3,0,0,36.52,-97.92,9.0,800
1991,1991-04-12,OK,3,0,0,36.65,-97.82,9.5,500
1991,1991-04-12,TX,2,0,0,32.28,-97.75,2.0,100
1991,1991-04-12,TX,2,0,0,32.25,-97.75,3.0,150
1991,1991-04-12,TX,2,0,0,32.28,-97.47,2.0,200
1991,1991-04-12,TX,2,0,0,32.23,-97.53,1.5,300
1991,1991-04-12,TX,2,0,0,32.28,-97.47,0.2,10
1991,1991-04-13,TX,2,0,0,33.63,-95.22,12.0,100
1991,1991-04-13,TX,2,0,0,33.58,-94.78,2.5,200
1991,1991-04-13,AR,2,0,0,33.2,-92.67,2.0,150
1991,1991-04-24,TX,2,0,0,33.3,-100.75,12.1,350
1991,1991-04-24,TX,3,1,0,33.15,-99.77,3.5,200
1991,1991-04-26,OK,2,0,0,36.68,-97.3,1.0,100
1991,1991-04-26,KS,2,0,0,37.27,-95.55,6.0,100
1991,1991-04-26,KS,2,6,0,39.82,-97.12,3.5,100
1991,1991-04-26,KS,3,0,0,39.95,-96.95,24.0,200
1991,1991-04-26,KS,2,0,0,38.73,-96.25,44.0,200
1991,1991-04-26,NE,2,0,0,40.43,-96.5,4.0,150
1991,1991-04-26,NE,3,2,0,40.6,-96.4,14.0,350
1991,1991-04-26,KS,5,225,17,37.47,-97.48,46.0,440
1991,1991-04-26,OK,3,0,0,36.4,-97.77,6.0,350
1991,1991-04-26,OK,4,6,0,36.43,-97.55,66.0,1500
1991,1991-04-26,KS,4,0,1,37.07,-97.15,25.0,500
1991,1991-04-26,TX,2,0,0,32.02,-95.38,0.2,10
1991,1991-04-26,KS,2,4,0,37.93,-96.72,21.0,100
1991,1991-04-26,TX,3,1,0,32.05,-95.3,3.0,200
1991,1991-04-26,KS,3,2,1,37.47,-96.42,14.0,200
1991,1991-04-26,OK,2,0,0,36.03,-96.83,6.5,800
1991,1991-04-26,TX,2,0,0,32.18,-95.02,3.0,100
1991,1991-04-26,IA,3,0,0,42.02,-95.35,7.7,150
1991,1991-04-26,TX,2,0,0,32.15,-94.87,0.2,10
1991,1991-04-26,OK,4,24,1,36.17,-96.52,32.0,1700
1991,1991-04-26,KS,3,0,0,37.75,-96.08,15.0,50
1991,1991-04-26,IA,2,0,0,43.27,-95.23,18.0,60
1991,1991-04-26,OK,2,10,1,36.88,-95.93,6.0,100
1991,1991-04-26,KS,2,2,0,39.35,-95.42,25.0,27
1991,1991-04-26,OK,4,22,0,36.45,-95.72,4.0,1300
1991,1991-04-26,TX,2,0,0,33.63,-95.27,0.2,10
1991,1991-04-26,TX,2,0,0,33.75,-95.08,0.2,10
1991,1991-04-26,IA,2,0,0,40.7,-93.37,9.0,60
1991,1991-04-26,IA,2,2,0,40.63,-93.27,15.0,77
1991,1991-04-27,IA,2,0,0,41.7,-92.3,4.5,50
1991,1991-04-28,TX,2,0,0,31.67,-98.12,0.2,10
1991,1991-04-28,TX,2,0,0,33.17,-96.87,0.5,77
1991,1991-04-02,OK,2,0,0,36.87,-99.28,5.0,100
1991,1991-04-09,KY,2,0,0,36.65,-87.17,18.0,300
1991,1991-04-09,KY,2,3,0,36.97,-85.87,0.5,400
1991,1991-04-09,ID,2,0,0,48.18,-116.9,1.0,100
1991,1991-05-10,TX,3,0,0,33.83,-102.57,8.5,450
1991,1991-05-10,TX,2,1,0,34.42,-102.67,3.0,100
1991,1991-05-11,SD,2,5,0,44.18,-103.22,1.0,300
1991,1991-05-11,SD,3,20,0,44.2,-103.22,2.0,500
1991,1991-05-15,OK,3,3,0,36.65,-99.98,11.5,900
1991,1991-05-15,TX,3,0,0,35.07,-100.25,15.0,450
1991,1991-05-16,KS,3,2,0,37.93,-100.15,22.0,880
1991,1991-05-16,KS,3,0,0,37.5,-97.45,20.0,200
1991,1991-05-16,NE,2,0,0,40.8,-97.22,11.0,100
1991,1991-05-16,OK,2,0,0,36.2,-95.72,4.0,100
1991,1991-05-17,IA,2,0,0,42.48,-93.7,9.0,60
1991,1991-05-18,ID,2,0,0,42.62,-113.67,0.2,50
1991,1991-05-26,OK,3,0,0,36.43,-99.33,12.5,1000
1991,1991-05-27,NE,3,2,0,41.88,-96.47,6.0,1760
1991,1991-05-28,NE,2,0,0,41.93,-96.4,1.0,440
1991,1991-05-28,IA,2,0,0,41.93,-95.95,5.0,60
1991,1991-05-28,MI,3,0,0,45.48,-87.73,10.0,150
1991,1991-05-28,MI,2,0,0,45.7,-87.78,12.0,80
1991,1991-05-28,MI,2,0,0,43.68,-86.38,3.0,60
1991,1991-05-30,NE,2,0,0,40.13,-99.58,1.0,50
1991,1991-05-31,NM,2,21,0,32.3,-104.22,1.0,283
1991,1991-05-02,TX,2,0,0,32.88,-100.13,0.2,10
1991,1991-05-02,NE,3,0,0,40.75,-101.83,13.0,173
1991,1991-05-05,TX,2,0,0,26.52,-98.48,1.0,200
1991,1991-05-06,PA,2,3,0,40.08,-76.67,1.0,100
1991,1991-05-07,TX,2,0,0,32.47,-101.85,3.5,120
1991,1991-06-27,WI,2,0,0,45.78,-89.97,6.0,400
1991,1991-06-04,NE,2,0,0,41.9,-97.55,3.0,100
1991,1991-06-06,NM,2,0,0,32.6,-103.13,4.5,100
1991,1991-06-06,NM,2,0,0,32.7,-103.37,17.5,150
1991,1991-06-06,NM,2,5,0,32.63,-103.2,10.0,150
1991,1991-06-06,NM,2,0,0,32.63,-103.2,10.0,150
1991,1991-06-09,NE,3,0,0,41.8,-103.52,3.5,150
1991,1991-07-05,MN,2,0,0,47.1,-94.12,2.5,13
1991,1991-07-05,MN,3,3,0,46.47,-94.35,6.0,43
1991,1991-07-07,MI,2,0,0,42.63,-83.6,2.5,50
1991,1991-08-07,IA,2,0,0,42.78,-96.17,1.5,63
1991,1991-08-07,IA,2,0,0,42.82,-95.9,8.0,80
1991,1991-08-08,IN,2,0,0,40.5,-87.32,9.0,127
1991,1991-09-12,IA,2,0,0,41.67,-91.83,7.0,70
1991,1991-09-18,PA,2,3,0,40.67,-77.82,4.0,330
1991,1991-09-18,PA,2,0,0,41.78,-75.53,4.0,440
1992,1992-10-10,MS,2,16,0,33.5,-88.43,2.0,440
1992,1992-10-24,AZ,2,0,0,35.43,-111.53,5.5,200
1992,1992-10-03,FL,2,0,1,27.88,-82.8,3.0,200
1992,1992-10-03,FL,3,75,3,27.83,-82.7,2.6,500
1992,1992-10-08,IN,2,9,0,41.07,-85.13,2.0,20
1992,1992-10-09,PA,2,0,0,40.12,-76.95,2.0,100
1992,1992-11-12,LA,2,0,0,31.58,-92.55,1.5,57
1992,1992-11-21,TX,2,11,0,29.68,-95.8,25.0,200
1992,1992-11-21,TX,3,1,0,30.02,-95.08,32.0,300
1992,1992-11-21,TX,2,6,0,29.7,-95.38,12.0,200
1992,1992-11-21,TX,4,16,0,29.73,-95.28,30.0,1800
1992,1992-11-21,TX,2,0,0,30.58,-94.8,2.0,200
1992,1992-11-21,LA,2,0,0,31.2,-93.13,6.0,150
1992,1992-11-21,LA,3,2,0,30.22,-93.03,6.0,73
1992,1992-11-21,LA,2,0,0,31.38,-92.43,0.5,150
1992,1992-11-21,LA,2,4,0,30.05,-91.92,15.0,73
1992,1992-11-21,LA,2,0,0,31.47,-91.72,0.5,100
1992,1992-11-21,LA,3,6,0,31.47,-91.72,3.0,100
1992,1992-11-21,LA,3,11,0,31.82,-91.6,38.0,200
1992,1992-11-21,LA,2,0,0,30.87,-91.27,13.0,100
1992,1992-11-21,LA,2,0,0,31.83,-91.42,16.0,100
1992,1992-11-21,MS,2,0,0,31.48,-90.55,16.0,440
1992,1992-11-21,MS,3,105,0,31.43,-89.92,27.0,880
1992,1992-11-21,MS,4,122,12,31.97,-90.23,128.0,880
1992,1992-11-22,MS,4,20,0,31.85,-89.52,40.0,1760
1992,1992-11-22,MS,2,1,1,32.8,-88.7,27.0,880
1992,1992-11-22,MS,2,15,0,33.1,-88.4,15.0,440
1992,1992-11-22,MS,2,0,0,32.6,-88.63,23.0,880
1992,1992-11-22,AL,2,0,0,32.9,-88.3,6.0,100
1992,1992-11-22,AL,2,7,0,33.42,-88.22,2.0,127
1992,1992-11-22,AL,2,5,0,34.53,-86.4,6.0,100
1992,1992-11-22,AL,2,6,0,34.27,-86.03,5.0,73
1992,1992-11-22,AL,2,12,0,34.18,-86.1,12.0,73
1992,1992-11-22,AL,2,4,0,34.67,-85.68,10.5,500
1992,1992-11-22,GA,4,46,0,33.92,-84.67,20.0,867
1992,1992-11-22,GA,3,7,1,34.57,-83.93,10.0,867
1992,1992-11-22,GA,2,3,0,33.28,-84.42,10.0,100
1992,1992-11-22,IN,3,3,0,39.25,-86.65,5.3,867
1992,1992-11-22,IN,3,1,0,39.72,-86.9,12.0,867
1992,1992-11-22,IN,3,0,0,39.4,-86.52,15.0,867
1992,1992-11-22,GA,2,1,0,33.03,-83.8,10.0,100
1992,1992-11-22,IN,3,0,0,39.87,-86.12,9.0,433
1992,1992-11-22,GA,4,86,5,33.18,-83.45,32.0,867
1992,1992-11-22,KY,4,10,1,38.6,-85.07,26.7,60
1992,1992-11-22,IN,3,0,0,39.43,-85.88,10.0,50
1992,1992-11-22,IN,2,0,0,40.02,-85.88,2.0,100
1992,1992-11-22,IN,2,0,0,39.15,-85.73,5.0,50
1992,1992-11-22,IN,2,0,0,39.65,-85.67,7.5,50
1992,1992-11-22,OH,3,21,0,39.78,-84.75,20.0,500
1992,1992-11-22,IN,2,0,0,39.6,-84.98,12.0,200
1992,1992-11-22,GA,3,9,1,33.68,-82.48,67.0,400
1992,1992-11-22,SC,2,0,0,33.88,-81.83,30.0,550
1992,1992-11-23,NC,3,10,2,36.08,-79.18,5.5,1200
1992,1992-11-23,NC,3,44,0,35.47,-78.68,160.0,100
1992,1992-11-01,LA,2,0,0,30.08,-91.9,0.5,40
1992,1992-11-03,LA,3,0,0,32.45,-93.1,7.0,300
1992,1992-01-07,NE,2,0,0,41.15,-98.8,0.1,30
1992,1992-02-15,LA,2,10,0,30.58,-90.55,0.8,527
1992,1992-02-18,OH,4,6,0,40.73,-84.57,2.8,40
1992,1992-03-10,MS,3,57,3,32.25,-88.78,20.0,1760
1992,1992-03-10,AL,3,7,2,32.58,-87.82,18.0,440
1992,1992-03-10,NC,2,18,0,35.12,-81.0,3.4,180
1992,1992-03-27,TX,2,0,0,34.4,-103.03,10.0,60
1992,1992-03-03,TX,2,1,0,31.83,-99.43,0.5,100
1992,1992-03-04,LA,2,6,0,30.33,-92.48,18.0,173
1992,1992-03-09,MS,4,1,0,33.05,-90.88,20.0,880
1992,1992-04-16,MI,2,4,0,42.37,-83.52,2.0,50
1992,1992-05-11,OK,2,0,0,34.55,-96.9,3.0,150
1992,1992-05-11,OK,2,0,0,34.62,-96.63,5.0,150
1992,1992-05-11,OK,3,1,0,34.65,-96.43,12.0,150
1992,1992-05-11,OK,2,0,0,34.67,-96.18,10.0,300
1992,1992-05-11,OK,4,3,0,34.75,-95.95,10.0,400
1992,1992-05-11,OK,2,13,0,34.0,-96.72,2.0,100
1992,1992-05-11,OK,2,0,0,34.53,-95.73,16.0,100
1992,1992-05-11,OK,2,1,0,34.68,-95.45,16.0,400
1992,1992-05-11,OK,2,0,0,33.9,-96.2,1.0,100
1992,1992-05-11,TX,2,0,0,33.37,-96.08,0.2,200
1992,1992-05-11,TX,2,0,0,33.05,-95.78,4.0,400
1992,1992-05-15,NE,2,0,0,42.82,-98.97,1.0,50
1992,1992-05-15,NE,2,0,0,42.75,-99.22,1.0,50
1992,1992-05-15,NE,2,0,0,42.73,-98.93,0.5,50
1992,1992-05-15,NE,2,0,0,42.77,-98.65,1.0,50
1992,1992-05-16,NE,2,0,0,42.4,-97.03,10.0,100
1992,1992-05-16,WI,2,0,0,44.37,-89.57,11.0,400
1992,1992-05-22,TX,2,0,0,31.73,-103.8,5.0,400
1992,1992-06-13,LA,2,0,0,30.23,-92.1,6.0,60
1992,1992-06-15,SD,2,0,0,44.03,-101.67,2.0,50
1992,1992-06-15,KS,2,0,0,39.38,-98.47,3.5,100
1992,1992-06-15,KS,2,0,0,39.4,-98.4,3.0,100
1992,1992-06-15,KS,2,0,0,39.78,-98.17,1.5,73
1992,1992-06-15,KS,2,0,0,39.33,-98.33,4.0,100
1992,1992-06-15,KS,4,0,0,39.42,-98.22,3.0,100
1992,1992-06-15,KS,2,0,0,39.38,-98.23,2.0,50
1992,1992-06-15,KS,2,0,0,39.4,-98.2,2.0,73
1992,1992-06-15,NE,2,0,0,41.17,-97.58,2.0,150
1992,1992-06-15,KS,3,0,0,39.42,-98.2,2.0,100
1992,1992-06-15,NE,2,0,0,40.9,-97.9,0.1,30
1992,1992-06-15,NE,3,0,0,40.48,-97.33,21.0,500
1992,1992-06-15,KS,3,0,0,39.28,-97.83,3.0,800
1992,1992-06-15,NE,3,1,0,40.77,-96.95,14.0,500
1992,1992-06-15,KS,4,10,0,38.37,-97.67,6.0,73
1992,1992-06-15,KS,2,0,0,38.55,-97.5,7.0,73
1992,1992-06-16,SD,2,0,0,43.72,-98.15,3.0,73
1992,1992-06-16,SD,2,0,0,43.72,-98.15,3.0,73
1992,1992-06-16,SD,2,1,0,43.98,-97.83,0.5,50
1992,1992-06-16,SD,3,0,0,44.08,-97.53,3.0,73
1992,1992-06-16,SD,3,0,0,44.35,-97.17,4.0,100
1992,1992-06-16,MN,5,35,1,43.8,-96.02,16.0,280
1992,1992-06-16,SD,3,8,0,44.05,-99.43,2.0,73
1992,1992-06-16,MN,4,3,0,43.95,-95.9,7.0,160
1992,1992-06-16,MN,3,0,0,44.78,-95.85,6.0,23
1992,1992-06-16,MN,2,0,0,44.0,-95.85,13.0,40
1992,1992-06-16,MN,3,0,0,44.1,-95.82,12.0,80
1992,1992-06-16,MN,2,0,0,44.32,-95.62,2.0,30
1992,1992-06-16,MN,3,0,0,44.23,-95.58,16.0,90
1992,1992-06-16,MN,2,0,0,45.32,-95.73,1.5,13
1992,1992-06-16,MN,3,0,0,44.35,-95.37,13.0,80
1992,1992-06-16,MN,2,0,0,44.52,-95.42,12.0,60
1992,1992-06-16,MN,2,0,0,44.52,-95.25,8.0,30
1992,1992-06-16,MN,2,0,0,44.57,-95.17,5.5,23
1992,1992-06-16,MN,2,0,0,44.65,-95.18,5.0,23
1992,1992-06-16,MN,2,0,0,44.67,-95.1,3.0,13
1992,1992-06-16,MN,2,0,0,44.78,-95.42,2.5,13
1992,1992-06-16,SD,2,0,0,43.78,-96.93,5.0,50
1992,1992-06-16,MN,2,0,0,43.92,-95.98,4.0,40
1992,1992-06-16,MN,2,0,0,43.98,-95.77,0.5,30
1992,1992-06-16,IA,3,3,0,41.65,-95.8,26.0,200
1992,1992-06-16,MN,3,6,0,44.78,-95.8,2.5,100
1992,1992-06-16,MN,2,0,0,44.73,-95.1,2.0,20
1992,1992-06-16,MN,2,0,0,43.95,-95.43,7.5,90
1992,1992-06-16,NE,2,0,0,41.87,-96.42,4.0,150
1992,1992-06-16,MN,3,8,0,45.02,-94.23,10.0,120
1992,1992-06-16,MN,2,0,0,45.23,-94.07,10.0,80
1992,1992-06-16,MN,2,0,0,45.67,-93.93,0.3,30
1992,1992-06-16,IA,2,0,0,41.35,-95.35,4.0,100
1992,1992-06-16,IA,2,0,0,41.15,-95.9,3.0,73
1992,1992-06-17,WI,3,30,0,42.88,-89.53,16.0,400
1992,1992-06-17,IL,2,1,0,40.88,-87.95,0.1,20
1992,1992-06-27,NM,2,0,0,35.68,-104.4,0.8,73
1992,1992-06-27,TX,3,0,0,35.7,-101.95,5.0,300
1992,1992-06-27,TX,4,7,0,35.68,-101.73,20.0,1583
1992,1992-06-27,TX,2,0,0,35.63,-101.58,4.0,150
1992,1992-06-27,TX,2,0,0,34.03,-102.93,0.9,100
1992,1992-06-30,SD,2,0,0,44.37,-99.92,0.3,30
1992,1992-06-07,TX,2,5,0,34.15,-99.27,1.0,100
1992,1992-06-07,NM,2,6,0,32.42,-104.25,0.5,73
1992,1992-07-12,FL,2,6,0,28.02,-82.78,4.5,60
1992,1992-07-12,OH,2,8,0,41.53,-84.23,2.0,150
1992,1992-07-12,OH,2,1,0,41.52,-83.82,7.0,200
1992,1992-07-12,OH,2,5,0,41.55,-83.63,0.1,150
1992,1992-07-12,OH,2,5,0,41.37,-83.67,0.1,100
1992,1992-07-12,OH,2,0,0,41.52,-83.37,10.0,150
1992,1992-07-12,OH,2,0,0,40.68,-84.75,3.0,73
1992,1992-07-12,OH,2,0,0,41.45,-82.72,2.0,400
1992,1992-07-12,NY,2,0,0,42.43,-79.33,4.0,23
1992,1992-07-12,OH,2,3,0,41.23,-82.12,2.0,200
1992,1992-07-12,OH,2,0,0,41.18,-82.35,0.5,100
1992,1992-07-12,OH,3,4,0,41.23,-82.0,7.0,300
1992,1992-07-12,OH,3,0,0,41.13,-81.48,8.0,100
1992,1992-07-12,OH,2,0,0,41.05,-81.22,1.0,100
1992,1992-07-13,IA,3,0,0,42.18,-91.13,5.0,73
1992,1992-07-13,IA,2,0,0,41.97,-91.07,5.7,73
1992,1992-07-13,OH,2,0,0,41.05,-83.32,16.0,100
1992,1992-07-13,MI,2,25,0,42.03,-86.17,4.0,80
1992,1992-07-14,IN,2,28,0,41.45,-85.28,8.0,150
1992,1992-07-15,PA,2,2,0,40.88,-76.0,1.5,50
1992,1992-07-15,IA,2,0,0,40.72,-92.83,3.0,17
1992,1992-07-17,PA,2,0,0,40.4,-76.38,1.0,30
1992,1992-07-17,PA,2,0,0,39.9,-75.78,4.0,100
1992,1992-07-19,MI,2,2,0,45.85,-87.02,0.2,10
1992,1992-07-29,NE,2,0,0,40.75,-100.27,0.4,50
1992,1992-07-30,IN,2,0,0,39.52,-86.65,6.0,200
1992,1992-07-30,IN,3,25,0,39.37,-86.13,7.0,200
1992,1992-07-31,DE,2,0,0,39.02,-75.52,4.0,20
1992,1992-07-02,IN,2,0,0,40.83,-85.0,1.5,50
1992,1992-07-02,OK,3,1,0,36.4,-95.83,4.0,100
1992,1992-08-25,LA,3,32,2,30.07,-90.45,9.0,150
1992,1992-08-28,PA,2,3,0,39.95,-75.97,2.0,100
1992,1992-08-29,WI,3,30,1,44.07,-89.52,28.0,800
1992,1992-08-08,PA,2,11,0,41.1,-80.48,1.5,100
1992,1992-08-08,PA,2,0,0,41.07,-80.35,2.0,150
1992,1992-08-09,SD,2,0,0,43.87,-96.93,3.0,250
1992,1992-09-02,OK,2,1,0,35.0,-97.4,8.0,400
1992,1992-09-05,KS,2,1,0,37.7,-97.33,3.0,200
1992,1992-09-07,WI,2,1,0,43.9,-89.03,8.5,400
1992,1992-09-07,MO,2,0,0,38.87,-92.92,10.2,60
1993,1993-10-12,TX,2,12,0,32.12,-98.62,2.0,800
1993,1993-10-18,TX,2,0,1,32.83,-95.7,2.0,100
1993,1993-10-18,TX,2,0,0,32.83,-95.62,10.0,100
1993,1993-10-30,GA,2,27,3,31.67,-84.17,5.0,750
1993,1993-10-08,MO,2,0,0,37.15,-94.52,6.0,220
1993,1993-10-08,MO,2,0,0,37.18,-94.57,7.0,200
1993,1993-10-08,MO,2,0,0,36.72,-94.22,7.0,220
1993,1993-10-08,AR,2,0,0,36.4,-94.07,1.5,100
1993,1993-11-13,AR,2,0,0,34.5,-92.63,1.0,50
1993,1993-11-13,AR,2,11,0,34.43,-94.45,20.0,100
1993,1993-12-08,OR,2,0,0,45.28,-122.95,6.0,120
1993,1993-01-17,AZ,2,0,0,33.62,-111.9,2.1,50
1993,1993-02-21,TN,3,6,0,36.17,-85.6,10.0,100
1993,1993-02-21,TN,3,3,0,36.02,-84.25,16.0,150
1993,1993-02-21,TN,3,55,1,35.83,-84.42,30.0,100
1993,1993-02-21,TN,3,17,0,35.43,-84.5,19.0,73
1993,1993-02-21,AL,3,5,0,34.0,-85.65,19.0,100
1993,1993-02-21,GA,3,35,1,33.95,-85.38,9.0,880
1993,1993-02-21,GA,3,3,0,33.93,-84.7,8.0,880
1993,1993-02-21,GA,2,2,1,33.07,-84.47,8.0,100
1993,1993-03-12,FL,2,10,3,29.5,-82.88,1.0,80
1993,1993-03-12,FL,2,0,0,29.08,-82.23,15.0,100
1993,1993-03-12,FL,2,60,1,28.68,-81.77,30.0,200
1993,1993-04-14,LA,2,3,0,31.62,-93.43,10.0,120
1993,1993-04-15,SC,2,2,0,34.7,-81.58,6.0,600
1993,1993-04-19,MO,2,4,0,36.75,-90.5,2.0,150
1993,1993-04-24,MI,2,3,0,44.15,-84.13,7.0,440
1993,1993-04-24,OK,4,100,7,36.15,-95.83,5.5,250
1993,1993-04-24,OK,3,30,0,36.13,-95.82,8.0,250
1993,1993-04-24,OK,2,1,0,36.2,-95.25,4.5,150
1993,1993-04-30,KS,2,0,0,38.52,-99.9,4.0,50
1993,1993-04-04,FL,2,1,0,26.97,-82.1,2.0,100
1993,1993-04-07,TX,2,0,0,29.42,-96.28,0.5,400
1993,1993-04-07,LA,2,5,0,30.42,-93.67,43.0,100
1993,1993-04-08,LA,2,39,3,29.2,-90.17,6.0,250
1993,1993-05-16,AZ,2,0,0,34.72,-112.48,0.3,20
1993,1993-05-03,AL,2,3,0,33.28,-87.28,6.0,50
1993,1993-05-05,OK,3,0,0,36.5,-101.38,12.0,500
1993,1993-05-05,OK,3,0,0,36.88,-101.35,18.5,1200
1993,1993-05-05,NE,3,0,0,42.48,-102.68,13.0,250
1993,1993-05-05,KS,4,0,0,37.12,-101.27,23.0,880
1993,1993-05-06,KS,2,0,0,39.62,-96.13,23.0,440
1993,1993-05-06,KS,2,0,0,39.7,-95.73,8.0,300
1993,1993-05-06,KS,2,0,0,39.47,-95.55,12.0,500
1993,1993-05-06,IA,2,0,0,40.58,-94.83,9.0,70
1993,1993-05-07,SD,2,1,0,43.15,-96.78,15.0,100
1993,1993-05-07,SD,2,0,0,43.15,-96.78,15.0,100
1993,1993-05-07,IA,2,0,0,43.47,-96.48,11.5,100
1993,1993-05-07,MN,2,0,0,43.85,-96.28,8.0,150
1993,1993-05-07,KS,4,6,1,38.9,-98.52,25.5,880
1993,1993-05-07,SD,2,0,0,43.58,-97.55,1.0,73
1993,1993-05-07,SD,2,0,0,43.38,-97.48,2.0,73
1993,1993-05-07,SD,3,0,0,43.6,-97.3,10.0,100
1993,1993-05-07,NE,2,0,0,40.27,-98.97,40.0,200
1993,1993-05-07,KS,2,0,0,37.8,-98.9,19.5,440
1993,1993-05-07,NE,2,0,0,40.7,-98.57,2.0,150
1993,1993-05-07,NE,3,0,0,40.27,-98.45,75.0,2633
1993,1993-05-09,TX,2,63,1,32.98,-96.57,12.0,100
1993,1993-06-12,SD,2,0,0,44.37,-100.33,1.0,100
1993,1993-06-19,IA,3,0,0,42.42,-91.53,9.0,200
1993,1993-06-19,IA,3,0,0,42.32,-90.72,14.0,300
1993,1993-06-23,SD,2,0,0,43.38,-99.48,3.0,100
1993,1993-06-29,WY,3,0,0,44.37,-104.05,3.0,150
1993,1993-06-29,SD,2,0,0,43.37,-99.87,5.0,100
1993,1993-06-29,IA,2,0,0,42.83,-94.75,15.0,70
1993,1993-06-30,OH,2,0,0,40.05,-84.73,5.0,20
1993,1993-06-30,OH,2,0,0,39.98,-84.48,7.0,20
1993,1993-06-30,OH,3,3,0,39.2,-83.62,15.0,400
1993,1993-06-30,MO,2,0,0,39.67,-91.67,3.0,150
1993,1993-06-06,NE,3,2,0,40.53,-99.63,60.0,1760
1993,1993-06-06,NE,2,0,0,40.72,-99.37,7.0,880
1993,1993-06-06,NE,3,0,0,40.78,-99.17,50.0,880
1993,1993-06-06,NE,3,0,0,40.72,-99.48,10.0,880
1993,1993-06-07,SD,3,0,0,44.65,-98.62,5.0,400
1993,1993-06-07,SD,2,0,0,44.02,-97.78,3.0,73
1993,1993-06-07,SD,2,0,0,44.02,-97.53,3.0,73
1993,1993-06-07,SD,2,0,0,44.02,-97.53,3.0,73
1993,1993-06-07,SD,2,0,0,43.95,-98.0,9.0,100
1993,1993-06-07,SD,2,0,0,44.73,-98.5,10.0,100
1993,1993-06-07,SD,2,0,0,44.73,-98.5,10.0,100
1993,1993-06-07,SD,2,0,0,44.73,-98.5,10.0,100
1993,1993-06-07,SD,3,0,0,43.8,-97.28,5.0,250
1993,1993-06-07,SD,4,5,0,43.72,-96.92,54.0,800
1993,1993-06-07,SD,4,4,0,43.88,-97.28,10.0,500
1993,1993-06-07,SD,3,0,0,43.88,-96.97,6.0,100
1993,1993-06-07,SD,3,0,0,44.0,-96.97,6.0,100
1993,1993-06-07,IA,2,5,0,43.35,-95.9,10.0,127
1993,1993-06-08,IA,2,0,0,43.22,-92.78,6.0,100
1993,1993-06-08,WI,2,0,0,43.65,-89.32,28.0,1000
1993,1993-06-08,OK,3,0,0,36.83,-97.07,11.5,150
1993,1993-07-10,IA,2,0,0,43.15,-93.0,12.0,110
1993,1993-07-12,SD,2,0,0,44.4,-103.55,2.0,40
1993,1993-07-21,CO,3,6,0,39.68,-103.3,12.0,150
1993,1993-07-24,KS,2,0,0,39.92,-99.98,2.0,30
1993,1993-07-24,NE,3,0,0,40.3,-97.07,9.0,1760
1993,1993-07-24,NE,2,0,0,40.07,-97.13,9.0,300
1993,1993-07-24,NE,2,1,0,40.85,-95.9,0.8,100
1993,1993-07-26,NE,2,12,0,41.9,-103.7,3.8,100
1993,1993-07-07,CO,3,8,0,39.23,-102.48,9.0,500
1993,1993-07-07,KS,2,0,0,39.33,-102.05,2.0,150
1993,1993-07-08,IL,2,0,0,41.87,-89.22,0.3,30
1993,1993-08-11,UT,3,0,0,40.23,-110.32,17.0,880
1993,1993-08-15,IL,2,0,0,41.52,-87.97,0.2,20
1993,1993-08-21,NJ,2,0,0,39.63,-74.82,1.5,330
1993,1993-08-06,VA,2,0,0,36.98,-78.13,38.0,173
1993,1993-08-06,VA,4,246,4,37.2,-77.43,1.0,250
1993,1993-08-06,VA,3,0,0,37.58,-76.58,2.9,100
1993,1993-08-06,VA,2,0,0,36.82,-76.27,2.5,200
1993,1993-08-09,IA,2,2,0,43.07,-92.45,5.0,53
1993,1993-09-13,TX,2,0,0,32.57,-97.23,8.0,100
1993,1993-09-13,TX,2,5,0,32.73,-97.12,2.0,100
1993,1993-09-14,AR,2,0,0,35.6,-91.47,5.0,73
1993,1993-09-22,MO,2,0,0,39.1,-91.65,12.0,120
1993,1993-09-27,VA,2,2,0,38.78,-77.7,3.0,100
1993,1993-09-27,DE,2,0,0,39.53,-75.75,10.0,100
1993,1993-09-03,NY,2,0,0,42.3,-78.02,3.5,50
1994,1994-10-17,NE,2,0,0,40.45,-99.38,4.0,73
1994,1994-10-02,GA,2,1,0,30.73,-81.55,0.2,300
1994,1994-10-05,CO,2,0,0,39.23,-102.6,6.3,100
1994,1994-11-15,FL,2,40,1,27.88,-80.5,2.5,50
1994,1994-11-27,TN,3,3,1,35.77,-89.47,16.0,100
1994,1994-11-27,TN,3,2,0,36.42,-88.73,6.0,300
1994,1994-11-27,TN,3,25,3,35.07,-89.83,16.0,200
1994,1994-11-27,MS,3,0,2,31.88,-89.75,40.0,200
1994,1994-11-05,TX,2,1,0,30.15,-94.4,2.0,700
1994,1994-11-05,TX,2,0,0,30.42,-97.15,2.0,100
1994,1994-01-27,MS,2,7,0,31.52,-90.52,6.0,40
1994,1994-02-10,CA,2,2,0,39.52,-121.57,0.3,20
1994,1994-02-19,TX,2,0,0,32.92,-99.52,0.1,10
1994,1994-03-27,AL,4,150,22,33.72,-86.15,50.0,880
1994,1994-03-27,AL,2,30,0,34.33,-86.25,6.0,400
1994,1994-03-27,GA,4,20,3,34.13,-85.03,49.0,1760
1994,1994-03-27,AL,3,20,0,34.43,-85.98,23.0,700
1994,1994-03-27,GA,3,45,3,34.5,-84.22,44.0,2613
1994,1994-03-27,GA,3,70,9,34.3,-84.95,40.0,2613
1994,1994-03-27,GA,3,15,3,34.57,-84.03,23.0,1320
1994,1994-03-27,GA,2,0,0,34.33,-84.85,2.0,440
1994,1994-03-27,GA,3,37,0,34.7,-83.42,28.0,1760
1994,1994-03-27,SC,2,13,0,35.05,-82.05,45.4,100
1994,1994-03-27,GA,3,30,0,34.08,-85.33,21.0,880
1994,1994-03-27,SC,3,2,0,35.15,-81.07,18.5,200
1994,1994-03-27,AL,2,53,0,33.3,-86.85,12.0,300
1994,1994-03-09,AL,2,0,0,31.6,-85.83,3.0,100
1994,1994-04-11,AR,2,0,0,33.27,-93.23,2.0,43
1994,1994-04-12,MS,2,16,2,30.47,-89.05,2.0,100
1994,1994-04-14,IA,3,0,0,41.27,-94.7,14.0,130
1994,1994-04-15,TN,3,9,1,35.32,-85.0,15.0,880
1994,1994-04-15,TX,2,20,1,29.95,-95.15,5.0,300
1994,1994-04-15,SC,2,4,1,34.75,-81.28,3.0,73
1994,1994-04-24,MT,2,0,0,47.13,-110.27,1.5,100
1994,1994-04-24,MT,2,0,0,47.13,-110.27,1.0,300
1994,1994-04-25,TX,2,7,0,32.58,-96.85,2.0,400
1994,1994-04-25,TX,4,48,3,32.6,-96.75,6.0,800
1994,1994-04-26,MN,2,1,0,45.07,-92.88,5.0,1300
1994,1994-04-26,TX,2,0,0,33.45,-98.62,9.5,150
1994,1994-04-26,WI,2,0,0,45.42,-91.62,4.0,1200
1994,1994-04-26,WI,2,0,0,45.4,-90.37,12.0,1200
1994,1994-04-26,TX,2,8,0,33.53,-97.27,16.0,200
1994,1994-04-26,TX,2,1,0,32.07,-97.87,1.0,100
1994,1994-04-26,TX,2,0,0,33.8,-95.82,6.0,100
1994,1994-04-26,IN,2,0,0,40.98,-86.87,20.0,440
1994,1994-04-26,IL,2,3,0,38.92,-88.48,6.0,50
1994,1994-04-26,IN,4,70,3,40.48,-86.95,14.0,100
1994,1994-04-29,TX,2,0,0,32.77,-95.8,12.0,100
1994,1994-04-30,PA,2,2,0,39.8,-77.65,6.0,53
1994,1994-04-02,OK,2,0,0,34.82,-95.9,0.3,73
1994,1994-04-09,KS,2,8,0,37.15,-100.77,25.0,1700
1994,1994-04-09,KS,2,0,0,37.45,-99.77,0.8,200
1994,1994-05-12,TX,2,0,0,32.78,-100.6,2.0,73
1994,1994-05-13,TX,3,1,0,30.57,-98.27,3.5,880
1994,1994-05-13,TX,2,0,0,29.38,-96.78,0.2,50
1994,1994-05-13,TX,2,0,0,30.05,-96.42,3.0,50
1994,1994-05-29,TX,3,0,0,32.62,-99.1,2.0,400
1994,1994-05-29,TX,3,0,0,33.33,-98.82,7.0,600
1994,1994-05-30,WI,2,3,0,45.55,-88.93,12.0,880
1994,1994-06-12,IA,2,0,0,43.13,-94.92,13.0,83
1994,1994-06-12,IA,2,0,0,42.78,-96.27,17.5,370
1994,1994-06-13,MI,2,2,0,42.4,-84.32,16.0,200
1994,1994-06-13,NY,2,1,0,42.22,-79.1,3.0,33
1994,1994-06-18,IA,3,0,0,43.1,-93.62,6.0,173
1994,1994-06-25,MO,2,2,1,40.05,-94.72,0.8,100
1994,1994-06-26,TN,2,6,0,35.43,-85.82,4.0,50
1994,1994-06-26,TN,2,0,0,35.33,-85.32,2.0,100
1994,1994-06-26,TN,3,22,0,35.15,-87.95,38.0,880
1994,1994-06-26,AL,3,0,0,34.82,-87.02,3.0,300
1994,1994-06-26,GA,2,1,0,34.02,-84.65,2.0,440
1994,1994-06-26,SC,2,1,0,34.85,-83.03,12.0,900
1994,1994-06-26,AL,2,2,0,34.7,-86.77,7.0,200
1994,1994-06-27,GA,2,0,1,33.88,-84.03,8.0,200
1994,1994-06-27,GA,2,0,0,33.73,-83.58,5.0,100
1994,1994-06-04,NE,3,0,0,42.57,-102.75,12.0,500
1994,1994-06-07,SD,2,0,0,44.12,-102.45,10.0,800
1994,1994-06-07,KS,2,0,0,39.83,-102.0,10.0,800
1994,1994-06-07,CO,2,0,0,39.92,-102.08,7.0,800
1994,1994-06-07,KS,2,0,0,39.68,-101.8,7.0,800
1994,1994-06-07,KS,2,0,0,39.57,-101.6,2.0,500
1994,1994-07-19,IA,2,0,0,43.25,-92.43,8.5,40
1994,1994-07-19,IA,3,0,0,43.3,-92.25,23.0,150
1994,1994-07-27,MD,2,0,0,38.45,-76.78,0.8,200
1994,1994-07-27,MD,2,0,0,38.52,-76.95,0.8,150
1994,1994-07-27,MD,2,0,0,39.08,-76.53,7.0,200
1994,1994-07-27,MD,2,0,0,39.28,-76.1,4.0,150
1994,1994-07-27,PA,3,11,0,39.73,-75.78,4.0,100
1994,1994-07-27,PA,3,25,3,40.23,-75.52,2.0,100
1994,1994-07-28,AZ,2,0,0,32.38,-111.02,2.0,23
1994,1994-07-02,AR,2,1,0,36.25,-90.97,2.0,73
1994,1994-07-04,WI,2,0,0,43.3,-89.75,8.0,500
1994,1994-07-04,MI,2,0,0,43.1,-85.08,0.3,150
1994,1994-07-05,WI,4,2,0,44.28,-87.82,3.5,150
1994,1994-07-05,WI,2,0,0,44.3,-87.8,1.0,150
1994,1994-07-05,IA,3,0,0,42.33,-96.3,1.8,150
1994,1994-07-06,NE,2,1,0,41.68,-103.0,6.0,150
1994,1994-07-07,IA,2,0,0,42.97,-92.48,9.5,100
1994,1994-08-16,SC,2,0,0,33.88,-81.33,0.1,50
1994,1994-08-16,SC,2,0,0,33.9,-81.25,2.0,23
1994,1994-08-16,SC,3,40,0,33.93,-81.23,8.0,440
1994,1994-08-16,SC,3,0,0,33.92,-81.25,0.3,73
1994,1994-08-16,GA,2,0,0,33.95,-83.12,1.0,200
1994,1994-08-16,SC,3,0,0,34.63,-81.52,30.0,250
1994,1994-08-16,SC,2,0,0,34.4,-80.82,0.3,50
1994,1994-08-16,SC,2,0,0,35.12,-81.5,4.0,100
1994,1994-08-16,SC,2,1,0,34.82,-81.65,10.0,150
1994,1994-08-16,NC,2,1,0,35.73,-81.32,1.5,200
1994,1994-08-17,VA,2,10,0,36.68,-79.87,4.3,300
1994,1994-08-17,TX,2,0,0,33.98,-99.72,2.0,40
1994,1994-08-27,WI,3,25,2,44.65,-91.42,10.0,700
1994,1994-08-27,WI,3,22,2,44.1,-89.92,10.5,850
1994,1994-08-27,WI,2,0,0,43.9,-89.37,10.0,1740
1994,1994-08-27,WI,2,0,0,43.88,-89.17,10.0,1740
1994,1994-08-07,MN,2,0,0,43.95,-94.08,5.0,40
1994,1994-08-07,IA,3,1,0,43.47,-95.85,4.5,73
1994,1994-09-26,PA,2,0,0,40.7,-78.62,3.5,300
1995,1995-10-26,AR,2,0,0,34.73,-93.68,12.5,800
1995,1995-10-27,AR,2,0,0,34.53,-92.4,0.5,50
1995,1995-10-27,NC,2,0,0,36.5,-78.93,4.0,73
1995,1995-10-27,NC,2,0,0,36.22,-78.53,2.0,73
1995,1995-10-27,NC,2,0,0,36.33,-78.48,3.0,50
1995,1995-10-04,FL,2,3,1,30.75,-86.6,1.8,170
1995,1995-10-05,MD,2,3,0,38.82,-76.95,2.5,200
1995,1995-11-10,MO,2,0,0,37.68,-92.77,10.0,200
1995,1995-11-10,AR,2,1,2,35.03,-91.53,8.5,100
1995,1995-11-11,MS,3,2,0,32.52,-90.4,15.0,200
1995,1995-11-11,MS,3,2,0,31.73,-89.67,7.0,400
1995,1995-11-11,NC,2,0,0,36.33,-77.22,0.3,100
1995,1995-11-02,SC,3,0,0,33.82,-81.1,1.5,250
1995,1995-11-02,SC,2,0,0,33.82,-80.92,1.0,200
1995,1995-11-07,GA,2,36,0,31.53,-84.22,5.0,150
1995,1995-11-07,SC,2,1,0,33.85,-81.62,1.5,250
1995,1995-11-07,SC,2,0,0,33.57,-80.68,1.5,250
1995,1995-11-07,SC,2,4,0,34.2,-79.7,0.5,40
1995,1995-11-07,SC,4,1,0,34.1436,-79.3545,0.7,100
1995,1995-11-07,SC,2,0,0,33.83,-79.05,5.0,100
1995,1995-11-07,NC,2,122,0,34.28,-78.7,0.7,40
1995,1995-12-17,LA,2,1,0,30.55,-91.55,0.2,20
1995,1995-12-19,FL,2,1,1,30.68,-84.68,0.3,50
1995,1995-01-07,FL,2,20,1,29.0,-82.12,12.0,440
1995,1995-02-16,AL,3,130,6,34.25,-86.58,14.0,703
1995,1995-02-16,AL,2,3,0,34.33,-86.22,12.0,700
1995,1995-03-07,LA,2,0,0,32.07,-91.38,1.0,40
1995,1995-03-07,LA,2,1,0,32.17,-91.35,1.0,40
1995,1995-04-11,MS,2,0,0,31.0,-90.08,23.0,500
1995,1995-04-17,OK,2,0,0,35.85,-95.3,4.5,123
1995,1995-04-17,OK,2,0,0,35.75,-95.05,7.0,200
1995,1995-04-19,TX,2,0,0,32.73,-97.32,5.0,50
1995,1995-04-20,LA,2,3,0,32.85,-91.9,2.0,100
1995,1995-04-20,MS,2,0,0,33.1,-89.05,1.0,50
1995,1995-04-20,MS,2,0,0,32.48,-90.82,1.0,100
1995,1995-04-20,MS,2,0,0,33.3,-88.62,32.0,100
1995,1995-04-21,TN,2,0,0,35.15,-85.28,5.0,330
1995,1995-04-24,FL,2,5,0,29.65,-81.73,10.0,350
1995,1995-05-10,TX,2,22,0,29.38,-100.93,0.5,200
1995,1995-05-12,KS,2,1,0,39.42,-101.05,18.0,1500
1995,1995-05-12,KS,2,0,0,39.37,-100.28,0.8,200
1995,1995-05-13,MO,2,3,0,40.47,-92.02,8.0,200
1995,1995-05-13,IL,4,7,0,40.58,-91.31,50.0,1000
1995,1995-05-13,IL,2,2,0,40.73,-90.38,14.0,880
1995,1995-05-13,IL,4,45,0,40.37,-90.3,7.0,880
1995,1995-05-13,IL,3,25,0,40.42,-89.93,25.0,880
1995,1995-05-13,IN,2,10,3,39.98,-86.9,14.0,250
1995,1995-05-13,KY,2,0,0,37.83,-85.8,15.0,200
1995,1995-05-13,IN,2,0,0,39.77,-86.17,6.5,400
1995,1995-05-13,KY,2,0,0,37.18,-88.13,8.0,73
1995,1995-05-14,TX,3,0,0,31.47,-100.15,5.0,100
1995,1995-05-15,KS,2,0,0,37.97,-100.62,3.0,300
1995,1995-05-15,KS,3,3,0,37.97,-100.62,6.0,900
1995,1995-05-16,KS,3,0,0,37.88,-100.9,10.0,800
1995,1995-05-16,KS,2,0,0,38.1,-99.73,2.5,200
1995,1995-05-16,KS,3,0,0,38.08,-99.63,7.0,1000
1995,1995-05-17,MO,3,9,0,37.83,-94.47,14.0,400
1995,1995-05-17,OK,2,0,0,36.47,-98.57,12.0,400
1995,1995-05-18,KY,2,8,0,37.82,-84.93,1.0,200
1995,1995-05-18,KY,2,0,0,37.92,-84.87,1.0,200
1995,1995-05-18,KY,2,0,0,38.18,-83.52,2.0,200
1995,1995-05-18,MO,2,3,0,38.17,-90.48,7.2,150
1995,1995-05-18,TN,2,28,0,36.3,-86.72,15.0,73
1995,1995-05-18,IL,2,0,0,38.23,-90.28,4.0,300
1995,1995-05-18,IL,2,0,0,38.25,-90.13,4.2,170
1995,1995-05-18,TN,2,0,0,36.43,-89.47,24.0,150
1995,1995-05-18,MD,2,0,0,38.87,-76.0,10.0,200
1995,1995-05-18,KY,2,0,0,36.87,-87.75,10.0,73
1995,1995-05-18,KY,2,0,0,37.83,-85.95,0.5,200
1995,1995-05-18,KY,2,0,0,37.8,-86.4,1.0,200
1995,1995-05-18,TN,4,32,3,35.0,-87.48,29.0,1000
1995,1995-05-18,KY,2,0,0,36.98,-85.6,3.0,200
1995,1995-05-18,KY,2,0,0,37.18,-84.12,3.0,300
1995,1995-05-18,KY,2,0,0,36.98,-86.53,2.5,100
1995,1995-05-18,KY,2,0,0,36.98,-86.43,1.5,100
1995,1995-05-18,KY,2,0,0,37.38,-83.38,24.0,100
1995,1995-05-18,AL,4,55,1,34.83,-87.03,39.0,1300
1995,1995-05-18,KY,2,0,0,36.98,-86.33,5.0,100
1995,1995-05-18,TN,3,20,0,35.8,-85.2,9.0,100
1995,1995-05-21,NE,2,0,0,40.87,-101.52,5.0,1000
1995,1995-05-22,KS,2,0,0,37.1,-101.08,3.5,200
1995,1995-05-27,IA,4,0,0,42.07,-94.9,36.0,400
1995,1995-05-27,IA,4,2,0,41.07,-94.42,57.0,500
1995,1995-05-27,IA,4,1,0,41.78,-94.65,30.0,250
1995,1995-05-27,IA,2,0,0,41.87,-94.82,22.5,100
1995,1995-05-27,MO,3,0,0,40.57,-94.0,30.4,150
1995,1995-05-28,MI,2,0,0,44.57,-84.13,1.0,880
1995,1995-05-28,OH,2,0,0,41.47,-81.07,0.7,60
1995,1995-05-29,PA,2,1,0,40.0,-76.42,2.5,100
1995,1995-05-29,MA,4,24,3,42.2,-73.43,11.5,300
1995,1995-05-29,NY,2,5,0,42.2,-73.78,15.0,300
1995,1995-05-07,TX,2,12,1,34.98,-102.0,12.0,200
1995,1995-05-07,TX,3,11,2,33.52,-97.53,26.0,880
1995,1995-05-07,TX,3,6,3,33.8,-97.43,34.1,880
1995,1995-05-07,OK,2,0,0,35.1,-96.38,6.0,50
1995,1995-05-07,TX,2,2,0,30.0,-99.75,2.0,300
1995,1995-05-07,TX,2,2,0,30.22,-99.32,2.0,400
1995,1995-05-08,MS,2,0,0,32.25,-89.78,7.0,440
1995,1995-05-08,NE,2,0,0,40.37,-95.88,1.5,400
1995,1995-05-08,LA,2,0,0,29.95,-90.0,0.8,40
1995,1995-05-09,IA,2,0,0,41.82,-91.32,7.0,100
1995,1995-05-09,IA,3,0,0,41.58,-90.87,10.0,73
1995,1995-05-09,IL,3,6,0,39.88,-89.73,50.0,880
1995,1995-05-09,IL,3,0,0,41.3,-89.8,22.0,300
1995,1995-06-02,TX,3,12,0,34.6,-102.78,10.0,500
1995,1995-06-02,TX,2,3,0,34.5,-102.32,6.0,100
1995,1995-06-05,TX,2,0,0,34.02,-101.18,13.0,350
1995,1995-06-07,KS,2,1,0,38.58,-96.67,0.5,70
1995,1995-06-08,TX,4,7,0,35.5,-101.02,3.0,200
1995,1995-06-08,TX,2,0,0,35.55,-100.93,6.0,40
1995,1995-06-08,TX,2,0,0,35.05,-100.83,10.0,500
1995,1995-06-08,TX,2,0,0,35.18,-100.65,4.0,200
1995,1995-06-08,TX,2,0,0,35.12,-100.75,9.0,400
1995,1995-06-08,TX,4,0,0,35.25,-100.6,29.0,600
1995,1995-06-08,TX,4,0,0,35.5,-100.22,15.0,2200
1995,1995-06-08,OK,2,0,0,35.77,-99.98,5.0,300
1995,1995-06-09,OK,2,0,0,35.78,-96.67,0.2,23
1995,1995-06-09,OK,2,0,0,35.18,-96.68,5.2,300
1995,1995-07-11,MT,2,0,0,47.17,-105.97,0.5,80
1995,1995-07-13,MI,2,0,0,44.12,-84.12,5.0,10
1995,1995-07-21,MN,2,0,0,45.63,-93.63,10.0,100
1995,1995-07-25,KS,2,0,0,37.47,-99.6,3.0,200
1995,1995-07-27,MN,2,0,0,43.57,-92.73,3.5,40
1995,1995-07-27,IA,3,0,0,42.6,-91.68,20.0,150
1995,1995-07-27,IA,2,0,0,41.93,-90.75,10.5,70
1995,1995-07-27,IA,2,0,0,41.75,-90.78,5.5,60
1995,1995-07-27,IA,2,0,0,41.82,-90.62,20.0,400
1995,1995-07-27,IA,2,0,0,41.65,-91.28,7.5,100
1995,1995-07-04,MO,3,0,0,39.4,-92.43,26.0,23
1995,1995-09-06,MN,2,0,0,44.23,-93.38,8.0,250
1996,1996-10-26,MN,2,4,0,45.82,-95.48,9.0,880
1996,1996-10-26,MN,2,1,0,46.32,-95.37,17.0,75
1996,1996-10-26,MN,2,3,0,45.58,-94.63,5.0,350
1996,1996-10-26,MN,2,0,0,46.58,-95.1,4.0,75
1996,1996-10-26,MN,2,0,0,46.58,-93.88,0.7,150
1996,1996-10-07,FL,2,0,0,28.97,-80.88,6.0,400
1996,1996-10-08,NC,2,0,0,35.48,-76.87,1.0,50
1996,1996-11-30,LA,2,9,2,32.53,-92.78,10.0,250
1996,1996-11-30,FL,2,7,0,30.43,-87.1,0.4,90
1996,1996-11-07,TX,2,0,0,32.53,-94.37,5.0,1760
1996,1996-11-07,TN,2,1,0,35.05,-86.3,7.9,175
1996,1996-11-08,GA,2,6,1,32.38,-83.17,4.0,50
1996,1996-11-08,PA,2,1,0,40.8,-75.53,2.0,67
1996,1996-12-01,FL,2,0,0,30.47,-86.38,0.4,75
1996,1996-12-07,FL,2,0,1,27.83,-82.3,2.0,83
1996,1996-01-17,TX,2,5,0,33.72,-96.15,2.5,150
1996,1996-01-17,TX,2,0,0,32.6,-96.75,0.5,50
1996,1996-01-23,LA,2,30,0,32.48,-93.75,7.5,400
1996,1996-02-19,MS,2,10,0,30.82,-89.67,23.0,430
1996,1996-02-19,MS,2,4,0,31.35,-88.85,18.0,400
1996,1996-02-02,FL,2,0,0,30.32,-81.72,6.0,80
1996,1996-03-16,TN,2,1,0,36.38,-85.33,6.0,400
1996,1996-03-18,AL,2,5,0,31.53,-87.45,11.0,200
1996,1996-03-18,AL,2,2,0,32.15,-86.75,19.0,100
1996,1996-03-18,AL,3,0,0,32.65,-86.02,24.0,440
1996,1996-03-24,AR,2,0,0,36.15,-91.92,11.0,50
1996,1996-03-05,AR,3,2,0,36.0,-92.0,46.5,150
1996,1996-03-06,AL,3,40,4,32.42,-87.23,19.0,400
1996,1996-03-06,AL,2,17,2,32.33,-86.13,4.0,200
1996,1996-03-06,GA,2,0,0,31.58,-83.93,10.0,200
1996,1996-04-12,TX,2,0,0,31.02,-97.17,1.0,250
1996,1996-04-13,TX,2,0,0,33.05,-97.62,0.5,75
1996,1996-04-14,AR,4,35,7,35.82,-92.35,44.0,880
1996,1996-04-15,NC,2,0,0,34.9,-77.95,1.5,75
1996,1996-04-15,NC,2,3,0,34.92,-77.95,1.0,75
1996,1996-04-15,NC,2,0,0,34.92,-77.95,0.8,75
1996,1996-04-15,NC,2,0,0,35.02,-77.95,1.0,75
1996,1996-04-15,NC,2,0,0,35.47,-77.53,1.3,75
1996,1996-04-15,NC,2,5,0,35.88,-78.27,2.0,400
1996,1996-04-19,IL,2,1,0,40.2,-90.15,9.0,250
1996,1996-04-19,IL,2,1,0,39.73,-90.2,6.0,880
1996,1996-04-19,IL,3,0,0,40.32,-89.35,9.4,880
1996,1996-04-19,IL,3,29,0,39.82,-89.18,14.5,440
1996,1996-04-19,IL,2,7,0,38.58,-89.05,20.0,150
1996,1996-04-19,TX,2,0,0,33.28,-95.9,0.5,50
1996,1996-04-19,IL,3,12,0,40.07,-88.25,4.0,220
1996,1996-04-19,IL,3,13,1,40.12,-87.95,2.0,1500
1996,1996-04-19,IL,3,0,0,38.15,-88.75,17.0,400
1996,1996-04-19,MO,3,0,0,37.73,-89.87,11.5,175
1996,1996-04-19,MO,2,0,0,36.6,-90.87,10.0,100
1996,1996-04-19,MO,2,0,0,36.8,-90.53,2.5,75
1996,1996-04-19,IL,2,2,0,42.45,-87.83,2.0,100
1996,1996-04-19,IN,2,0,0,37.92,-87.33,2.0,100
1996,1996-04-19,IN,2,0,0,38.33,-87.25,0.8,100
1996,1996-04-20,IN,2,1,0,38.38,-86.02,1.0,100
1996,1996-04-20,KY,2,7,0,37.45,-84.77,12.0,300
1996,1996-04-20,KY,2,10,0,37.57,-84.3,2.0,200
1996,1996-04-20,TN,2,12,0,35.43,-87.38,0.5,200
1996,1996-04-20,TN,2,0,0,35.43,-87.3,1.0,440
1996,1996-04-20,TN,2,0,0,35.38,-87.23,1.0,440
1996,1996-04-20,TN,2,0,0,35.38,-86.92,1.5,440
1996,1996-04-21,OK,3,89,2,35.38,-94.45,10.1,1050
1996,1996-04-21,AR,2,2,0,35.62,-94.03,3.0,400
1996,1996-04-21,AR,3,6,2,35.77,-93.77,15.0,1050
1996,1996-04-22,AR,2,6,0,36.22,-92.73,12.0,200
1996,1996-04-22,LA,2,1,0,32.25,-91.22,15.0,440
1996,1996-04-22,MS,2,0,0,32.37,-90.97,21.0,440
1996,1996-05-17,SD,3,0,0,45.18,-96.58,18.0,200
1996,1996-05-25,TX,2,0,0,35.05,-102.67,3.0,200
1996,1996-05-26,KS,3,0,0,37.1,-101.1,13.0,200
1996,1996-05-26,KS,2,0,0,37.2,-100.93,20.0,450
1996,1996-05-26,KS,3,0,0,37.57,-100.75,28.0,900
1996,1996-05-26,OK,2,1,0,36.55,-95.7,30.0,880
1996,1996-05-27,AR,3,0,0,33.97,-93.35,26.0,440
1996,1996-05-27,AR,3,0,0,34.02,-92.9,15.0,440
1996,1996-05-28,IN,2,0,0,38.17,-86.32,10.0,575
1996,1996-05-28,KY,4,10,0,38.15,-85.75,30.0,850
1996,1996-05-28,KY,2,1,0,37.98,-84.97,10.0,575
1996,1996-05-30,CO,3,0,0,39.92,-103.18,0.5,1320
1996,1996-05-30,CO,2,0,0,40.2,-103.87,1.0,880
1996,1996-05-31,SD,3,1,0,45.47,-98.48,32.0,400
1996,1996-05-08,IN,2,0,0,38.97,-85.97,5.5,200
1996,1996-05-08,KY,2,2,0,38.78,-84.37,2.0,200
1996,1996-05-08,NE,2,15,0,40.28,-96.82,9.5,880
1996,1996-05-09,KS,2,0,0,39.57,-97.32,1.5,100
1996,1996-06-19,NE,2,0,0,42.52,-98.77,3.0,350
1996,1996-06-21,MI,3,0,0,43.33,-83.75,1.0,100
1996,1996-06-21,MI,2,0,0,43.13,-82.78,0.2,30
1996,1996-06-24,VA,2,1,0,38.85,-77.53,20.0,200
1996,1996-06-25,MT,2,0,0,47.4,-109.8,2.0,30
1996,1996-06-05,MN,2,0,0,46.97,-96.22,5.0,100
1996,1996-06-09,VA,2,0,0,37.17,-79.75,0.1,30
1996,1996-07-13,CO,2,0,0,40.97,-103.08,0.5,100
1996,1996-07-13,CO,2,0,0,39.8,-104.4,12.0,440
1996,1996-07-15,VA,2,0,0,37.35,-79.57,0.5,30
1996,1996-07-17,SD,2,0,0,45.48,-97.85,5.0,150
1996,1996-07-18,WI,2,1,1,43.95,-88.27,6.4,200
1996,1996-07-18,WI,5,12,0,43.7,-88.62,13.3,400
1996,1996-07-19,PA,2,0,0,41.08,-79.32,10.0,100
1996,1996-07-19,PA,2,6,0,40.93,-78.95,27.4,200
1996,1996-07-19,PA,2,0,0,40.55,-78.75,6.0,100
1996,1996-07-19,MD,2,0,0,39.38,-77.7,2.0,125
1996,1996-07-19,MD,3,3,0,39.5,-76.98,2.2,350
1996,1996-07-25,NM,2,5,0,36.5,-104.92,2.0,50
1996,1996-07-30,CO,2,0,0,40.35,-103.97,0.5,100
1996,1996-07-31,CO,2,0,0,40.45,-104.53,5.0,100
1996,1996-07-08,ME,2,0,0,44.28,-69.97,1.5,200
1996,1996-08-10,NE,2,0,0,40.27,-100.42,6.0,300
1996,1996-08-07,WI,2,0,0,45.07,-90.07,2.5,200
1996,1996-09-15,TX,2,1,0,29.53,-99.53,4.0,700
1996,1996-09-16,SC,2,2,0,34.62,-82.8,6.0,440
1996,1996-09-16,SC,2,0,0,33.92,-79.92,1.5,150
1996,1996-09-16,NC,2,0,0,35.25,-78.53,1.4,100
1996,1996-09-16,NC,2,1,0,35.22,-77.58,1.0,100
1996,1996-09-26,AR,2,15,0,34.37,-92.8,9.0,60
1996,1996-09-26,AR,2,0,0,34.45,-92.68,2.0,200
1996,1996-09-28,AL,2,0,0,34.5,-86.25,2.5,80
1997,1997-10-10,CO,2,0,0,37.68,-106.92,3.0,400
1997,1997-10-23,TX,2,0,0,29.9,-95.07,7.0,440
1997,1997-10-23,TX,2,1,0,30.3,-95.35,5.0,440
1997,1997-10-23,LA,2,4,0,30.72,-93.57,4.0,200
1997,1997-10-26,GA,2,1,0,31.53,-82.43,6.0,30
1997,1997-11-21,LA,2,43,0,30.48,-90.22,9.0,200
1997,1997-11-21,AL,3,0,0,30.82,-88.07,1.0,300
1997,1997-11-01,FL,3,32,0,29.02,-80.93,3.0,400
1997,1997-12-24,AL,2,5,0,31.2,-85.63,3.0,300
1997,1997-12-27,FL,2,18,0,28.07,-81.67,5.8,150
1997,1997-01-15,FL,2,1,0,30.55,-85.35,0.5,150
1997,1997-01-23,LA,2,0,0,31.95,-93.45,5.0,400
1997,1997-01-24,TN,2,0,0,35.98,-86.53,4.8,440
1997,1997-01-24,TN,2,0,0,35.13,-86.78,4.2,200
1997,1997-01-24,TN,2,3,0,36.03,-86.37,10.7,400
1997,1997-01-24,TN,2,0,0,35.48,-86.63,2.8,440
1997,1997-01-24,AL,2,10,1,33.13,-87.57,10.0,200
1997,1997-01-24,TN,4,18,0,35.78,-86.5,6.5,300
1997,1997-01-24,TN,2,1,0,36.08,-86.03,2.0,220
1997,1997-01-24,TN,2,6,0,36.12,-86.03,14.0,440
1997,1997-01-24,TN,2,2,0,35.87,-86.03,3.2,440
1997,1997-01-24,KY,2,2,0,36.98,-85.9,5.0,600
1997,1997-01-24,TN,2,0,0,35.97,-85.85,7.3,440
1997,1997-01-24,TN,2,0,0,36.25,-85.53,3.2,70
1997,1997-01-28,AL,2,1,0,33.3,-87.7,2.0,73
1997,1997-01-05,AL,2,0,0,31.45,-85.33,6.0,100
1997,1997-02-21,MS,2,1,0,32.52,-89.57,5.0,200
1997,1997-02-21,MS,2,0,0,32.57,-89.48,1.0,200
1997,1997-02-21,SC,2,0,0,34.92,-81.97,1.0,73
1997,1997-03-28,KY,3,14,1,37.37,-85.92,9.0,1200
1997,1997-03-28,KY,3,1,0,37.43,-85.78,2.0,1200
1997,1997-03-28,KY,2,0,0,37.43,-85.65,3.0,300
1997,1997-03-28,KY,2,0,0,37.45,-85.62,5.0,300
1997,1997-03-28,KY,2,0,0,37.5,-85.48,3.0,300
1997,1997-03-28,KY,2,6,1,37.18,-85.32,10.0,200
1997,1997-03-28,KY,3,7,0,36.88,-85.72,15.0,500
1997,1997-03-28,KY,2,0,0,36.97,-85.43,1.0,200
1997,1997-03-28,TN,2,2,0,36.37,-85.33,5.9,440
1997,1997-03-28,TN,2,0,0,35.47,-85.55,6.0,440
1997,1997-03-29,TN,3,44,0,35.05,-85.32,8.0,100
1997,1997-03-29,TN,3,50,0,35.15,-84.9,4.0,100
1997,1997-03-01,TN,2,0,0,35.43,-87.52,3.9,440
1997,1997-03-01,TN,2,2,0,35.4,-87.67,7.8,440
1997,1997-03-01,MS,3,1,0,34.07,-89.43,5.0,400
1997,1997-03-01,MS,3,0,0,34.17,-89.37,5.0,400
1997,1997-03-01,MS,3,0,0,34.27,-89.23,10.0,400
1997,1997-03-01,MS,3,16,0,34.38,-89.03,30.0,400
1997,1997-03-01,KY,2,0,0,36.63,-85.87,4.0,500
1997,1997-03-01,TN,2,0,0,35.07,-88.63,5.0,200
1997,1997-03-01,AR,3,2,0,33.68,-93.57,18.0,880
1997,1997-03-01,AR,4,100,6,33.9,-93.33,27.0,1053
1997,1997-03-01,AR,3,5,0,35.07,-92.02,13.0,100
1997,1997-03-01,AR,4,11,0,34.15,-93.0,24.0,527
1997,1997-03-01,AR,2,14,0,35.4,-91.63,4.0,150
1997,1997-03-01,AR,4,40,10,34.52,-92.52,14.0,1407
1997,1997-03-01,AR,2,30,2,35.43,-91.58,8.5,1053
1997,1997-03-01,AR,2,0,0,35.53,-91.47,7.5,880
1997,1997-03-01,AR,2,0,0,34.58,-92.4,2.0,350
1997,1997-03-01,AR,2,1,0,35.38,-92.85,8.0,880
1997,1997-03-01,AR,4,180,5,34.62,-92.35,11.0,1407
1997,1997-03-01,AR,2,30,1,35.6,-91.37,23.0,880
1997,1997-03-01,AR,2,0,0,34.68,-92.23,5.0,350
1997,1997-03-01,AR,2,0,0,35.43,-92.72,2.0,880
1997,1997-03-01,TN,2,0,0,35.77,-89.15,5.0,100
1997,1997-03-01,AR,2,3,0,34.87,-91.98,2.3,100
1997,1997-03-01,TN,2,0,0,35.82,-88.93,15.0,100
1997,1997-03-01,AR,3,2,0,35.83,-90.98,5.0,200
1997,1997-03-01,TN,2,0,0,35.97,-88.67,10.0,100
1997,1997-03-01,AR,3,2,0,35.93,-90.9,5.0,200
1997,1997-03-01,AR,3,5,1,35.98,-90.83,15.0,200
1997,1997-03-01,AR,2,0,0,35.25,-91.27,12.0,880
1997,1997-03-01,AR,3,0,0,35.38,-91.02,3.0,200
1997,1997-03-01,AR,3,0,0,35.43,-90.98,1.0,200
1997,1997-03-01,AR,4,0,0,35.77,-90.18,20.0,200
1997,1997-03-01,TN,4,15,1,35.95,-89.67,15.0,200
1997,1997-03-01,TN,4,0,0,36.1,-89.17,10.0,200
1997,1997-04-10,TX,2,0,0,32.72,-102.42,2.6,250
1997,1997-04-22,AL,2,10,0,34.47,-85.9,5.0,220
1997,1997-05-18,IL,2,0,0,42.42,-88.05,6.0,73
1997,1997-05-25,OK,2,2,0,34.98,-97.48,6.0,1320
1997,1997-05-25,KS,2,0,0,37.13,-97.5,8.0,1700
1997,1997-05-25,TX,2,0,0,33.62,-97.43,1.0,73
1997,1997-05-26,OK,2,0,0,35.73,-96.07,8.1,100
1997,1997-05-26,OK,3,1,0,35.17,-95.88,5.0,440
1997,1997-05-27,AR,2,0,0,35.32,-90.78,0.2,23
1997,1997-05-27,TX,2,0,0,31.38,-97.32,2.0,73
1997,1997-05-27,TX,3,0,0,31.32,-97.33,3.7,150
1997,1997-05-27,TX,3,0,0,31.17,-97.47,1.4,273
1997,1997-05-27,TX,2,0,0,30.87,-97.6,2.0,200
1997,1997-05-27,TX,2,0,0,30.83,-97.62,0.5,150
1997,1997-05-27,TX,5,12,27,30.82,-97.62,5.1,650
1997,1997-05-27,TX,3,15,0,30.55,-97.82,9.2,200
1997,1997-05-27,TX,4,5,1,30.37,-98.02,5.6,440
1997,1997-05-31,ID,2,0,0,47.87,-116.58,5.0,50
1997,1997-05-02,TN,2,0,0,35.02,-86.27,0.9,150
1997,1997-05-02,MS,3,0,0,33.17,-90.23,20.0,200
1997,1997-05-03,AL,2,12,0,34.77,-87.0,3.2,73
1997,1997-05-03,AL,2,1,0,34.87,-86.58,1.3,70
1997,1997-06-11,TX,3,13,0,35.33,-100.45,9.0,600
1997,1997-06-13,KY,2,2,0,37.13,-87.27,6.0,120
1997,1997-06-15,WI,2,0,0,44.77,-92.03,1.0,500
1997,1997-06-27,MN,2,1,0,48.8,-96.03,11.0,150
1997,1997-07-16,WI,2,0,0,45.12,-89.47,3.4,100
1997,1997-07-23,ND,2,2,1,48.5,-101.7,0.2,30
1997,1997-07-23,SC,2,6,1,33.85,-81.05,3.5,200
1997,1997-07-23,SC,2,1,0,34.22,-80.57,6.0,123
1997,1997-07-01,MN,3,0,0,45.12,-94.02,5.0,800
1997,1997-07-01,MN,2,0,0,45.3,-93.93,5.0,400
1997,1997-07-01,MN,2,0,0,45.27,-93.82,2.0,550
1997,1997-07-02,MI,3,0,0,43.17,-83.72,2.0,1000
1997,1997-07-02,IN,2,0,0,40.1,-85.68,5.0,110
1997,1997-07-02,MI,3,1,1,43.18,-83.62,1.7,1500
1997,1997-07-02,MI,2,90,0,42.4,-83.25,5.0,2500
1997,1997-07-02,OH,2,0,0,39.68,-83.82,0.2,300
1997,1997-07-02,OH,3,0,0,38.85,-84.18,12.0,500
1997,1997-07-03,MA,2,0,0,42.17,-73.22,4.5,600
1997,1997-07-03,MA,2,0,0,42.18,-73.17,3.7,600
1997,1997-07-03,NY,2,0,0,42.4,-73.42,1.5,100
1997,1997-07-03,NH,2,0,0,42.95,-71.85,2.0,250
1997,1997-08-15,PA,2,2,0,40.33,-79.32,3.5,200
1997,1997-08-16,PA,2,0,0,41.9,-79.85,2.0,100
1997,1997-09-18,MN,3,1,1,46.07,-94.05,17.0,800
1997,1997-09-18,MN,2,0,0,46.12,-93.43,17.0,450
1997,1997-09-18,MN,2,0,0,45.88,-94.3,8.0,300
1998,1998-10-16,NE,2,0,0,40.45,-99.57,24.0,500
1998,1998-10-16,KS,3,1,0,38.75,-99.63,26.0,1300
1998,1998-10-17,TX,2,4,1,31.97,-96.63,3.5,100
1998,1998-10-17,TX,2,0,0,31.42,-97.52,0.1,30
1998,1998-10-17,TX,2,0,0,30.5,-96.68,3.5,100
1998,1998-10-18,TX,2,1,1,29.82,-95.93,1.0,50
1998,1998-10-28,NE,2,0,0,42.53,-98.97,2.0,100
1998,1998-10-04,OK,2,0,0,36.52,-98.65,10.0,440
1998,1998-10-04,OK,2,0,0,35.82,-98.45,12.0,200
1998,1998-10-04,OK,2,0,0,34.9,-98.07,1.5,200
1998,1998-10-04,OK,2,0,0,35.18,-97.62,5.0,80
1998,1998-10-04,OK,2,0,0,35.33,-97.5,3.0,580
1998,1998-10-04,OK,2,0,0,35.47,-96.85,3.0,580
1998,1998-10-04,OK,2,0,0,35.48,-96.8,6.0,580
1998,1998-10-04,OK,3,1,0,35.38,-96.77,10.0,880
1998,1998-10-04,OK,2,4,0,35.48,-96.45,27.0,1410
1998,1998-11-10,MO,3,16,0,38.95,-92.33,2.0,70
1998,1998-11-04,FL,2,20,0,25.08,-80.45,12.0,80
1998,1998-01-05,TX,2,0,0,32.23,-95.35,4.2,80
1998,1998-01-07,SC,2,4,0,34.8,-82.6,1.5,40
1998,1998-01-08,WV,2,0,0,39.22,-81.42,2.0,100
1998,1998-02-22,FL,2,3,1,29.17,-81.1,8.0,150
1998,1998-02-22,FL,3,70,3,28.48,-81.72,18.0,200
1998,1998-02-22,FL,3,36,13,28.7,-81.35,16.0,200
1998,1998-02-22,FL,3,150,25,28.23,-81.48,28.0,250
1998,1998-02-22,FL,2,0,0,28.85,-80.93,5.0,150
1998,1998-02-02,FL,2,0,0,25.8,-80.28,21.0,200
1998,1998-03-20,GA,3,171,12,34.38,-83.9,4.0,100
1998,1998-03-20,NC,3,27,2,36.4,-79.98,12.0,300
1998,1998-03-20,NC,2,1,0,36.22,-78.82,2.5,100
1998,1998-03-20,NC,2,2,0,35.72,-78.62,1.5,100
1998,1998-03-20,NC,2,0,0,36.32,-78.73,1.5,100
1998,1998-03-28,IL,2,3,0,39.47,-88.38,1.5,220
1998,1998-03-29,MN,2,0,0,43.78,-95.95,0.1,80
1998,1998-03-29,MN,2,0,0,43.8,-95.9,0.1,80
1998,1998-03-29,MN,4,19,1,43.95,-95.53,73.5,1500
1998,1998-03-29,MN,3,0,1,44.28,-94.17,12.0,2200
1998,1998-03-29,MN,3,0,0,44.33,-93.95,6.0,2200
1998,1998-03-29,MN,2,2,0,44.37,-93.83,17.0,1760
1998,1998-03-29,MN,2,0,0,44.47,-93.43,5.0,440
1998,1998-03-29,MN,2,0,0,44.55,-93.25,3.0,440
1998,1998-03-08,SC,2,0,0,33.53,-81.08,1.3,80
1998,1998-03-08,SC,2,0,0,33.38,-80.45,5.0,100
1998,1998-03-08,NC,2,0,0,35.45,-77.9,1.0,50
1998,1998-03-09,FL,2,4,0,27.83,-81.5,10.4,250
1998,1998-04-15,IL,2,1,0,38.42,-89.08,5.5,250
1998,1998-04-15,IL,2,0,0,38.5,-89.03,4.0,300
1998,1998-04-15,IL,2,8,0,38.65,-88.53,9.5,150
1998,1998-04-15,IL,2,0,0,38.72,-88.38,16.0,130
1998,1998-04-15,IN,2,0,0,38.48,-87.15,4.0,50
1998,1998-04-16,AR,4,12,2,35.87,-90.18,5.0,400
1998,1998-04-16,TN,3,3,2,36.03,-89.32,4.0,100
1998,1998-04-16,TN,2,2,0,35.82,-89.23,5.0,100
1998,1998-04-16,TN,3,5,0,36.0,-87.33,2.0,1300
1998,1998-04-16,TN,2,0,0,36.57,-87.15,1.1,200
1998,1998-04-16,TN,3,0,0,36.57,-87.13,7.2,400
1998,1998-04-16,TN,2,0,0,36.43,-85.83,3.0,800
1998,1998-04-16,TN,3,60,1,36.07,-86.92,42.1,880
1998,1998-04-16,KY,3,9,2,36.92,-86.78,48.0,100
1998,1998-04-16,TN,2,0,0,36.18,-86.68,27.7,880
1998,1998-04-16,TN,5,36,3,35.22,-88.02,69.4,1760
1998,1998-04-16,KY,2,0,1,37.0,-85.7,8.0,100
1998,1998-04-16,TN,2,0,0,36.13,-86.83,1.0,800
1998,1998-04-16,KY,3,0,0,37.12,-85.43,20.0,100
1998,1998-04-16,TN,3,4,0,36.53,-85.18,8.6,880
1998,1998-04-16,KY,2,0,0,36.62,-84.77,18.6,100
1998,1998-04-26,TX,2,0,0,34.1,-101.83,0.3,30
1998,1998-04-01,VA,3,0,2,37.88,-77.62,5.0,400
1998,1998-04-01,VA,2,1,0,37.88,-77.5,4.0,200
1998,1998-04-03,TN,2,0,0,36.47,-87.4,6.4,200
1998,1998-04-03,TN,2,3,0,36.4,-86.93,5.6,200
1998,1998-04-03,TN,2,0,0,36.45,-86.48,15.8,200
1998,1998-04-03,TN,2,0,0,36.47,-85.77,10.0,200
1998,1998-04-07,IL,2,0,0,40.08,-90.27,3.0,70
1998,1998-04-07,IL,2,0,0,40.33,-90.07,11.0,30
1998,1998-04-07,IL,2,8,0,39.65,-88.52,11.0,100
1998,1998-04-08,AL,3,1,0,33.28,-87.9,19.5,300
1998,1998-04-08,AL,5,259,32,33.42,-87.35,30.3,1320
1998,1998-04-08,AL,2,12,2,33.62,-86.48,14.4,200
1998,1998-04-08,GA,2,4,0,33.88,-84.52,3.5,200
1998,1998-04-08,GA,2,10,1,33.95,-84.33,19.0,800
1998,1998-04-09,GA,3,17,2,32.17,-81.58,8.0,440
1998,1998-04-09,GA,2,31,4,31.83,-81.78,24.5,400
1998,1998-05-10,SC,2,7,1,33.02,-80.18,10.5,670
1998,1998-05-15,NE,2,0,0,40.67,-97.57,9.0,70
1998,1998-05-15,IA,2,0,0,43.02,-94.23,31.3,180
1998,1998-05-15,IA,3,47,0,41.28,-91.73,47.0,400
1998,1998-05-15,WI,3,6,0,44.57,-91.83,8.0,60
1998,1998-05-15,WI,2,11,0,42.55,-90.4,20.0,150
1998,1998-05-21,NE,2,0,0,41.93,-103.97,4.0,50
1998,1998-05-24,OK,3,0,0,36.65,-97.55,5.3,1300
1998,1998-05-28,NE,2,1,0,42.55,-97.13,8.0,250
1998,1998-05-30,SD,2,0,0,43.77,-97.82,6.0,200
1998,1998-05-30,SD,4,150,6,43.75,-97.68,14.0,1150
1998,1998-05-30,SD,2,0,0,43.7,-97.43,6.0,700
1998,1998-05-30,WI,2,8,0,44.88,-91.77,1.0,100
1998,1998-05-31,NY,3,68,0,42.92,-73.77,30.5,970
1998,1998-05-31,NY,3,12,0,42.07,-76.15,62.0,200
1998,1998-05-31,NY,2,0,0,42.62,-75.6,1.0,1500
1998,1998-05-31,NH,2,0,0,43.03,-71.95,0.5,90
1998,1998-05-31,NY,3,3,0,42.53,-75.1,5.0,800
1998,1998-05-31,NY,2,0,0,42.58,-73.65,8.0,200
1998,1998-05-31,PA,2,0,0,41.33,-75.2,2.0,550
1998,1998-05-31,PA,3,2,0,41.3,-75.1,20.0,200
1998,1998-05-31,PA,2,0,0,41.37,-75.17,3.0,200
1998,1998-05-31,PA,3,15,1,39.75,-79.08,13.0,880
1998,1998-05-31,PA,3,7,0,40.48,-75.9,8.3,120
1998,1998-05-31,KY,2,0,0,37.22,-85.08,1.0,100
1998,1998-05-31,PA,2,0,0,39.9,-76.17,7.0,880
1998,1998-05-31,PA,2,0,0,40.12,-75.03,5.6,200
1998,1998-05-05,CA,2,1,0,37.37,-122.03,0.6,100
1998,1998-05-07,NC,4,2,0,35.87,-81.38,4.0,1320
1998,1998-05-07,NC,2,0,0,35.62,-81.98,3.7,880
1998,1998-05-07,NC,3,5,0,36.02,-80.38,2.0,30
1998,1998-05-07,NC,2,0,0,35.55,-81.42,2.0,440
1998,1998-05-07,SC,3,0,0,33.88,-82.03,5.0,880
1998,1998-05-07,GA,2,8,0,33.77,-82.47,1.0,200
1998,1998-05-07,SC,2,2,0,33.83,-81.88,6.0,440
1998,1998-05-07,GA,2,0,0,33.72,-82.3,0.5,200
1998,1998-05-07,SC,3,9,1,33.67,-82.07,12.0,880
1998,1998-06-11,IN,4,4,0,39.78,-85.95,13.2,400
1998,1998-06-11,IN,2,1,0,41.1,-86.67,9.0,100
1998,1998-06-11,IN,2,0,0,39.88,-85.75,16.0,300
1998,1998-06-11,IN,3,8,0,40.4,-86.07,18.5,800
1998,1998-06-13,OK,2,4,0,35.55,-97.55,1.5,80
1998,1998-06-13,OK,2,17,0,35.48,-97.53,5.5,200
1998,1998-06-13,KS,2,0,0,39.9,-95.78,1.0,100
1998,1998-06-18,IA,2,0,0,42.48,-92.05,20.0,30
1998,1998-06-18,IL,2,0,0,41.1,-90.8,6.0,880
1998,1998-06-23,NE,2,17,0,41.48,-97.3,6.0,1760
1998,1998-06-23,IA,2,0,0,42.2,-96.25,2.0,50
1998,1998-06-23,NE,2,0,0,41.6,-97.07,2.7,1000
1998,1998-06-24,OH,2,13,0,41.52,-82.95,3.5,100
1998,1998-06-25,WI,2,0,0,42.75,-89.18,2.5,100
1998,1998-06-27,OH,2,1,1,39.8,-81.38,0.3,200
1998,1998-06-27,IA,2,0,0,42.98,-93.43,7.5,50
1998,1998-06-27,IA,2,0,0,42.98,-93.33,12.5,50
1998,1998-06-27,IA,2,0,0,42.58,-92.93,25.5,80
1998,1998-06-29,IA,2,0,0,41.92,-95.5,11.0,60
1998,1998-06-29,IA,2,85,0,41.92,-94.08,34.1,100
1998,1998-06-02,NY,2,0,0,42.75,-78.25,15.0,250
1998,1998-06-02,PA,2,0,0,39.85,-79.23,15.0,880
1998,1998-06-02,PA,4,5,0,40.05,-79.22,36.5,1200
1998,1998-06-02,PA,2,0,0,39.75,-79.65,12.0,300
1998,1998-06-02,PA,3,15,2,41.62,-76.05,26.0,500
1998,1998-06-02,WV,2,5,0,39.38,-79.05,15.0,150
1998,1998-06-08,OK,2,0,0,35.12,-96.52,8.0,440
1998,1998-06-08,OK,2,0,0,35.13,-96.42,8.0,590
1998,1998-06-08,OK,2,0,0,35.08,-95.23,0.5,50
1998,1998-08-23,WI,3,2,0,45.02,-87.33,5.1,1300
1998,1998-08-25,MI,2,0,0,41.83,-86.25,26.0,300
1998,1998-08-25,OH,2,0,0,40.23,-82.48,10.0,250
1998,1998-09-10,LA,2,6,1,29.55,-90.35,4.0,50
1998,1998-09-29,FL,2,5,0,30.3,-83.1,2.0,100
1998,1998-09-03,FL,2,2,0,28.97,-82.5,4.5,50
1998,1998-09-03,SC,2,4,1,32.35,-80.43,18.0,80
1998,1998-09-03,GA,2,7,0,32.75,-81.65,8.0,350
1998,1998-09-03,SC,2,9,0,33.18,-80.0,7.0,430
1998,1998-09-07,NY,2,6,0,40.65,-73.68,0.2,200
1999,1999-10-13,OH,3,6,0,39.6,-82.98,3.6,0
1999,1999-10-17,NC,2,1,0,36.22,-76.17,0.2,50
1999,1999-12-02,OK,2,1,0,35.82,-97.52,12.0,100
1999,1999-12-09,MS,3,1,0,32.63,-90.35,6.0,400
1999,1999-01-17,AR,2,0,0,35.58,-91.43,7.0,250
1999,1999-01-17,AR,2,0,0,35.77,-90.5,11.0,0
1999,1999-01-17,TN,2,11,0,35.87,-89.43,3.5,0
1999,1999-01-17,TN,3,4,0,35.77,-89.12,10.0,0
1999,1999-01-17,TN,3,2,0,35.42,-89.18,22.0,300
1999,1999-01-17,TN,4,106,6,35.58,-88.88,16.0,500
1999,1999-01-21,AR,2,7,0,35.13,-92.15,8.0,250
1999,1999-01-21,AR,3,0,0,33.92,-92.63,11.0,500
1999,1999-01-21,AR,3,2,0,35.43,-91.73,19.0,700
1999,1999-01-21,AR,2,2,2,35.2,-91.95,16.0,0
1999,1999-01-21,AR,2,3,0,35.57,-91.55,20.0,500
1999,1999-01-21,AR,3,9,0,34.68,-91.27,16.0,200
1999,1999-01-21,AR,4,0,0,36.28,-90.55,16.0,400
1999,1999-01-21,AR,2,0,0,35.25,-91.98,10.0,300
1999,1999-01-21,AR,3,0,0,35.65,-91.43,31.0,0
1999,1999-01-21,AR,2,0,0,34.75,-91.62,7.0,250
1999,1999-01-21,AR,3,0,0,34.3,-92.72,11.0,400
1999,1999-01-21,AR,2,3,1,35.5,-91.7,11.0,350
1999,1999-01-21,AR,3,0,0,34.85,-91.65,39.0,417
1999,1999-01-21,AR,3,72,3,34.55,-92.42,39.0,417
1999,1999-01-21,IL,2,0,0,37.22,-89.45,8.0,300
1999,1999-01-21,AR,2,6,0,34.67,-92.2,15.0,400
1999,1999-01-21,AR,2,0,0,36.08,-90.97,0.1,10
1999,1999-01-21,AR,3,29,2,35.05,-91.92,8.0,1000
1999,1999-01-21,AR,2,0,0,36.38,-90.67,7.0,100
1999,1999-01-21,AR,2,0,0,35.65,-91.52,7.0,400
1999,1999-01-21,LA,2,1,0,31.3,-92.47,2.0,400
1999,1999-01-21,AR,2,0,0,33.72,-93.75,21.1,50
1999,1999-01-21,LA,3,0,0,31.97,-91.6,22.0,0
1999,1999-01-21,MS,2,0,0,33.48,-90.62,15.0,100
1999,1999-01-22,IL,2,0,0,37.32,-88.52,1.5,150
1999,1999-01-22,TN,3,5,1,36.05,-88.17,15.0,220
1999,1999-01-22,TN,3,5,0,36.53,-87.35,4.3,880
1999,1999-01-22,TN,2,1,0,36.1,-87.7,4.0,220
1999,1999-01-29,TX,2,0,0,30.62,-94.18,17.0,300
1999,1999-01-01,TX,2,0,0,30.83,-95.38,5.0,500
1999,1999-01-01,LA,2,1,0,32.38,-93.8,3.2,0
1999,1999-01-01,LA,2,0,0,32.48,-93.47,7.9,50
1999,1999-01-01,TX,2,0,0,29.97,-94.42,4.0,100
1999,1999-01-01,TX,3,5,0,30.0,-94.45,5.5,400
1999,1999-01-02,TX,2,10,1,30.35,-93.97,4.5,250
1999,1999-01-02,LA,2,0,0,30.47,-93.23,1.0,100
1999,1999-01-02,LA,2,0,0,30.83,-93.07,5.0,400
1999,1999-01-02,LA,2,2,0,30.08,-92.93,4.0,400
1999,1999-01-02,LA,2,0,0,30.27,-92.53,10.0,400
1999,1999-01-02,FL,2,7,0,30.18,-85.8,3.8,100
1999,1999-02-11,MO,2,0,0,39.23,-90.87,21.1,0
1999,1999-02-27,MS,3,0,0,31.62,-90.23,17.0,440
1999,1999-02-27,AL,2,0,0,34.9,-87.48,1.7,150
1999,1999-02-27,AL,2,1,0,33.93,-86.65,0.4,50
1999,1999-02-06,AR,2,0,0,35.23,-93.07,8.0,250
1999,1999-03-12,TX,2,0,0,31.0,-99.18,2.0,0
1999,1999-03-12,TX,2,0,0,31.07,-99.05,8.0,100
1999,1999-03-02,TX,2,0,0,31.68,-94.42,5.5,150
1999,1999-03-02,TX,3,6,1,30.9,-93.9,12.0,500
1999,1999-03-02,LA,2,0,0,30.45,-93.55,8.0,0
1999,1999-03-05,AR,2,0,0,35.45,-93.6,7.0,200
1999,1999-03-05,AR,2,0,0,34.62,-94.2,12.0,200
1999,1999-03-05,AR,2,0,0,34.2,-94.37,27.2,183
1999,1999-03-05,AR,2,0,0,34.2,-93.92,10.0,200
1999,1999-03-05,AR,3,0,0,35.48,-92.62,10.0,350
1999,1999-03-05,AR,3,0,0,34.23,-93.65,13.0,400
1999,1999-03-05,AR,2,0,0,34.2,-93.37,23.0,200
1999,1999-03-08,OK,2,4,0,35.43,-95.82,1.2,200
1999,1999-03-08,OK,2,0,0,35.43,-95.72,9.0,100
1999,1999-04-14,MS,3,33,1,31.7,-89.47,25.5,880
1999,1999-04-15,GA,3,28,0,32.05,-83.97,14.5,700
1999,1999-04-15,SC,2,0,0,33.12,-81.22,3.0,150
1999,1999-04-15,NC,2,4,1,34.68,-79.13,0.3,0
1999,1999-04-15,NC,2,5,0,34.72,-78.78,0.1,30
1999,1999-04-15,NC,2,19,0,34.95,-77.95,30.0,900
1999,1999-04-21,NE,2,0,0,41.13,-98.55,2.0,30
1999,1999-04-21,OK,2,0,0,36.47,-98.08,8.5,500
1999,1999-04-26,AR,2,2,0,35.28,-93.13,6.5,150
1999,1999-04-30,TX,2,0,0,31.7,-103.75,1.0,170
1999,1999-04-30,TX,2,0,0,31.77,-103.68,6.0,170
1999,1999-04-03,TX,3,1,0,31.95,-94.03,5.4,150
1999,1999-04-03,LA,4,102,7,32.53,-93.83,19.3,200
1999,1999-04-03,LA,3,0,0,32.6,-93.08,8.5,200
1999,1999-04-03,LA,3,0,0,32.82,-92.87,14.5,600
1999,1999-04-04,TX,2,0,0,31.78,-95.32,4.5,50
1999,1999-04-05,AR,2,1,0,35.9,-91.43,7.0,0
1999,1999-04-05,AR,2,0,0,36.27,-90.97,2.0,200
1999,1999-04-05,IL,2,0,0,40.53,-90.72,9.4,100
1999,1999-04-08,IA,4,3,0,40.85,-94.9,49.0,1000
1999,1999-04-08,IA,4,1,0,41.03,-94.32,56.0,1250
1999,1999-04-08,MO,2,2,0,39.47,-93.4,53.5,280
1999,1999-04-08,IA,2,0,0,41.18,-93.75,32.0,0
1999,1999-04-08,IA,3,5,0,41.07,-93.52,39.0,0
1999,1999-04-08,MO,2,0,0,39.88,-92.47,17.0,270
1999,1999-04-08,MO,2,5,0,39.02,-92.45,4.0,120
1999,1999-04-08,MO,2,2,0,40.1,-91.92,16.0,150
1999,1999-04-08,MO,2,0,0,39.05,-92.35,10.0,120
1999,1999-04-08,IA,3,0,0,40.75,-92.42,16.0,300
1999,1999-04-08,IL,3,0,0,40.35,-91.45,7.5,200
1999,1999-04-08,MO,2,0,0,39.45,-91.05,27.3,120
1999,1999-04-09,IN,3,0,0,38.88,-85.5,3.0,250
1999,1999-04-09,IN,3,2,0,38.88,-85.42,15.0,450
1999,1999-04-09,OH,4,65,4,39.23,-84.37,10.0,270
1999,1999-04-09,OH,2,0,0,39.35,-84.18,1.5,100
1999,1999-05-11,TX,4,6,1,30.68,-99.1,7.0,1400
1999,1999-05-11,TX,3,0,0,30.3,-99.2,3.5,200
1999,1999-05-16,IA,2,0,0,42.08,-95.75,22.5,90
1999,1999-05-16,IA,3,0,0,41.63,-95.9,6.2,200
1999,1999-05-16,IA,3,16,2,41.6,-95.87,7.5,440
1999,1999-05-16,IA,2,0,0,41.2,-95.58,5.0,120
1999,1999-05-31,MI,2,0,0,43.65,-84.23,1.8,200
1999,1999-05-31,CO,2,0,0,39.32,-103.53,7.0,100
1999,1999-05-31,CO,3,0,0,39.35,-103.58,7.0,200
1999,1999-05-02,NE,2,0,0,40.58,-98.72,10.0,250
1999,1999-05-02,NE,2,0,0,41.08,-98.23,11.0,0
1999,1999-05-03,OK,3,3,0,34.88,-98.32,6.0,100
1999,1999-05-03,OK,3,4,0,34.97,-98.12,9.0,880
1999,1999-05-03,OK,2,4,0,35.08,-97.98,4.0,500
1999,1999-05-03,OK,5,583,36,35.13,-97.85,37.0,1430
1999,1999-05-03,OK,2,4,0,35.47,-97.3,7.0,220
1999,1999-05-03,KS,4,150,6,37.32,-97.4,24.0,880
1999,1999-05-03,OK,3,4,0,35.65,-98.28,21.0,0
1999,1999-05-03,OK,2,0,0,35.65,-97.78,8.1,200
1999,1999-05-03,OK,2,10,1,35.37,-97.0,18.0,150
1999,1999-05-03,OK,4,11,1,35.93,-97.95,15.0,880
1999,1999-05-03,OK,4,26,2,35.88,-97.68,35.0,1760
1999,1999-05-03,OK,2,0,0,36.1,-97.88,1.0,150
1999,1999-05-03,OK,3,0,0,35.55,-97.97,22.0,350
1999,1999-05-03,OK,3,13,0,35.65,-96.8,16.0,450
1999,1999-05-03,OK,2,0,0,36.12,-97.65,8.0,440
1999,1999-05-03,OK,3,13,0,35.92,-97.6,13.0,880
1999,1999-05-03,OK,2,0,0,36.03,-97.42,2.0,440
1999,1999-05-04,TX,2,0,0,30.95,-100.73,23.0,250
1999,1999-05-04,TX,2,7,0,33.83,-95.05,14.6,100
1999,1999-05-04,OK,3,0,0,35.57,-94.55,38.2,0
1999,1999-05-04,MO,3,1,0,37.98,-93.93,3.0,200
1999,1999-05-04,TX,3,22,1,33.18,-95.17,71.5,50
1999,1999-05-04,TX,2,0,0,32.38,-94.88,2.2,117
1999,1999-05-04,TX,2,2,0,32.38,-94.88,9.7,0
1999,1999-05-04,LA,2,0,0,32.87,-93.75,10.0,250
1999,1999-05-04,AR,2,0,0,33.1,-93.4,6.5,100
1999,1999-05-04,AR,3,0,0,33.25,-93.22,9.0,100
1999,1999-05-04,TX,2,0,0,31.75,-95.1,22.7,200
1999,1999-05-05,IN,2,0,0,38.35,-87.27,1.3,150
1999,1999-05-05,IN,2,0,0,38.4,-87.28,3.0,200
1999,1999-05-05,TN,4,0,3,35.57,-87.92,6.0,580
1999,1999-05-05,TN,2,17,0,36.38,-86.47,0.7,220
1999,1999-05-07,GA,2,3,0,33.65,-85.22,10.0,150
1999,1999-06-20,MT,2,0,0,46.53,-104.18,5.0,300
1999,1999-06-22,KS,3,0,0,38.37,-101.35,4.0,880
1999,1999-06-01,OK,3,5,2,35.97,-95.25,2.0,350
1999,1999-06-01,MO,3,0,0,38.0,-91.68,7.0,300
1999,1999-06-01,OK,3,0,0,35.43,-95.52,4.5,350
1999,1999-06-01,OK,2,0,0,35.42,-95.53,2.0,0
1999,1999-06-01,IL,3,4,1,39.32,-89.67,10.0,200
1999,1999-06-01,MO,2,0,0,37.73,-91.82,2.0,250
1999,1999-06-01,IL,2,0,0,38.98,-88.93,10.0,150
1999,1999-06-01,IL,2,4,0,39.37,-89.03,15.5,450
1999,1999-06-03,ND,2,0,0,46.83,-99.9,4.0,50
1999,1999-06-03,KS,3,0,0,39.83,-99.8,10.0,1320
1999,1999-06-03,NE,2,0,0,41.52,-99.28,5.5,300
1999,1999-06-03,NE,3,0,0,41.6,-99.17,14.0,1000
1999,1999-06-04,SD,2,54,1,43.05,-102.85,15.0,0
1999,1999-06-04,SD,2,0,0,43.17,-102.78,4.0,400
1999,1999-06-04,NE,2,0,0,42.02,-100.6,4.0,250
1999,1999-06-04,NE,2,0,0,42.08,-100.5,19.0,250
1999,1999-06-06,ND,2,0,0,48.27,-98.0,3.1,80
1999,1999-06-06,ND,2,0,0,48.22,-98.07,3.0,150
1999,1999-06-06,ND,4,0,0,48.6,-97.78,8.0,500
1999,1999-07-14,MN,2,0,0,48.2,-97.13,2.0,150
1999,1999-07-27,ND,2,0,0,45.98,-98.52,2.0,40
1999,1999-07-02,IA,2,0,0,42.57,-92.88,8.5,50
1999,1999-07-06,NH,2,0,0,43.3,-71.33,7.5,0
1999,1999-07-08,MN,2,2,0,44.0,-91.9,3.5,100
1999,1999-08-11,UT,2,80,1,40.73,-111.87,4.3,150
1999,1999-08-14,MT,2,3,0,47.07,-109.42,5.0,100
1999,1999-08-15,ND,2,0,0,46.62,-99.58,15.0,50
1999,1999-08-15,ND,2,0,0,46.63,-98.2,28.5,283
1999,1999-08-20,NJ,2,1,0,39.55,-74.25,0.4,100
1999,1999-08-08,NY,2,1,0,41.0,-72.52,4.0,300
1999,1999-08-09,IA,2,0,0,43.47,-93.62,11.5,40
1999,1999-09-15,NC,2,0,0,34.68,-76.92,2.0,20
1999,1999-09-15,NC,2,0,0,35.25,-76.57,10.0,50
1999,1999-09-29,NC,2,0,0,35.27,-80.43,0.1,50
1999,1999-09-29,NC,2,0,0,35.37,-80.22,6.0,100
1999,1999-09-04,VA,2,6,0,37.02,-76.35,1.0,300
2000,2000-10-31,KS,2,0,0,39.05,-102.07,12.0,240
2000,2000-10-31,NE,2,0,0,40.85,-99.85,23.0,220
2000,2000-10-31,NE,2,0,0,41.33,-99.55,12.0,250
2000,2000-11-06,LA,2,3,0,30.9,-92.22,3.0,20
2000,2000-11-06,AL,2,2,0,30.5,-88.23,1.5,300
2000,2000-11-08,LA,2,0,0,31.85,-91.67,25.0,500
2000,2000-12-16,AL,2,9,1,31.02,-85.9,4.5,100
2000,2000-12-16,AL,2,0,0,31.25,-85.63,29.0,170
2000,2000-12-16,MS,2,17,0,32.4,-88.67,12.0,440
2000,2000-12-16,AL,2,0,0,34.85,-87.05,4.8,60
2000,2000-12-16,AL,4,144,11,33.05,-87.7,18.0,750
2000,2000-12-16,FL,2,0,0,30.77,-85.67,3.0,100
2000,2000-12-16,AL,2,2,0,33.78,-86.32,8.5,200
2000,2000-12-16,AL,3,14,0,34.05,-85.93,12.8,500
2000,2000-12-16,GA,2,0,0,31.58,-84.33,6.0,70
2000,2000-12-16,GA,2,0,0,32.0,-84.17,10.0,100
2000,2000-12-16,GA,2,8,0,33.32,-81.97,2.0,60
2000,2000-01-03,MS,3,0,0,34.17,-89.55,43.2,500
2000,2000-01-03,KY,3,3,0,37.27,-88.08,24.0,440
2000,2000-01-03,KY,3,18,0,37.72,-87.18,7.0,880
2000,2000-01-03,MS,2,0,0,32.18,-89.15,6.0,210
2000,2000-02-13,AR,2,2,0,34.88,-91.98,32.7,100
2000,2000-02-13,GA,3,175,11,31.17,-84.27,9.2,300
2000,2000-02-13,GA,3,15,7,31.02,-84.2,15.0,300
2000,2000-02-14,GA,2,0,1,31.32,-83.63,6.0,200
2000,2000-03-10,TX,3,2,0,30.42,-96.68,21.0,800
2000,2000-03-15,LA,2,36,0,29.6,-90.72,3.0,40
2000,2000-03-16,TX,2,0,0,30.6,-97.85,1.5,200
2000,2000-03-22,TX,2,5,0,31.57,-101.58,12.0,300
2000,2000-03-26,OK,2,0,0,34.85,-94.63,4.0,300
2000,2000-03-28,TX,3,80,2,32.75,-97.35,4.0,250
2000,2000-03-28,TX,3,0,0,32.73,-97.12,8.0,300
2000,2000-04-19,KS,2,3,0,37.5,-95.33,25.0,280
2000,2000-04-19,KS,3,0,0,37.22,-95.55,34.0,290
2000,2000-04-23,TX,2,0,0,33.83,-95.27,12.5,70
2000,2000-04-23,OK,2,2,0,34.03,-94.98,20.1,50
2000,2000-04-23,OK,2,0,0,34.33,-95.65,9.0,150
2000,2000-04-23,OK,2,0,0,34.3,-95.37,9.0,170
2000,2000-04-23,TX,2,0,0,33.17,-94.93,16.8,150
2000,2000-04-23,TX,2,0,0,33.08,-94.75,7.0,180
2000,2000-04-23,TX,2,0,0,33.07,-94.6,11.8,150
2000,2000-04-23,TX,2,0,0,32.47,-94.5,10.6,150
2000,2000-04-23,TX,2,0,0,33.2,-94.43,14.0,150
2000,2000-04-23,TX,3,0,0,33.05,-94.38,16.0,880
2000,2000-04-23,TX,2,0,0,32.52,-94.33,17.0,100
2000,2000-04-23,LA,3,3,0,32.43,-94.05,32.5,500
2000,2000-04-23,LA,2,0,0,32.82,-93.75,37.2,700
2000,2000-04-23,LA,2,0,0,32.05,-93.7,8.5,150
2000,2000-04-23,LA,3,0,0,31.97,-93.47,19.3,200
2000,2000-04-23,LA,2,0,0,32.27,-93.18,4.3,200
2000,2000-04-23,LA,2,0,0,31.7,-92.1,2.3,150
2000,2000-04-30,TX,3,0,0,33.37,-98.77,13.0,800
2000,2000-04-02,AL,2,6,1,33.9,-85.55,1.9,100
2000,2000-04-03,GA,2,6,0,33.97,-85.38,6.0,70
2000,2000-04-03,AL,2,0,0,33.32,-87.33,11.1,300
2000,2000-05-11,IA,3,25,1,42.52,-92.45,18.6,210
2000,2000-05-11,IA,2,0,0,42.57,-92.23,3.6,120
2000,2000-05-11,IA,2,0,0,42.57,-92.17,5.0,150
2000,2000-05-12,TX,3,0,2,31.9,-97.37,7.0,400
2000,2000-05-12,IL,2,0,0,38.92,-89.3,1.5,100
2000,2000-05-17,NE,3,2,0,40.95,-100.37,11.5,1000
2000,2000-05-18,NY,2,0,0,41.82,-73.97,0.2,50
2000,2000-05-23,KY,3,16,0,37.53,-86.3,6.0,100
2000,2000-05-23,OH,2,0,0,40.35,-81.08,3.0,200
2000,2000-05-23,OH,2,0,0,40.67,-82.9,3.0,200
2000,2000-05-25,TN,2,3,0,35.73,-87.42,7.8,440
2000,2000-05-25,TN,2,0,0,35.55,-86.97,2.5,220
2000,2000-05-25,OK,2,0,0,36.57,-98.62,8.0,250
2000,2000-05-26,KY,2,4,0,36.55,-88.32,1.5,300
2000,2000-05-27,TN,3,0,0,36.32,-87.97,17.2,500
2000,2000-05-08,IL,2,4,0,40.42,-88.9,4.0,400
2000,2000-06-14,IN,2,3,0,41.0,-85.87,7.0,120
2000,2000-06-14,IN,2,0,0,41.28,-85.15,3.0,400
2000,2000-06-15,OH,2,0,0,38.75,-82.4,2.5,150
2000,2000-06-01,WI,2,0,0,43.4,-88.63,17.0,120
2000,2000-07-11,SD,2,0,0,43.97,-97.17,2.0,100
2000,2000-07-25,MN,4,15,1,44.9,-95.67,9.0,160
2000,2000-07-25,MN,2,0,0,43.63,-96.05,3.0,200
2000,2000-07-05,CO,3,2,0,40.68,-102.7,6.0,1320
2000,2000-07-08,MN,2,3,0,46.4,-95.02,10.0,60
2000,2000-08-09,ME,2,0,0,44.83,-69.67,3.0,500
2000,2000-09-20,OH,4,100,1,39.65,-83.98,9.0,500
2000,2000-09-20,OH,2,1,0,41.25,-82.7,2.5,100
2000,2000-09-20,OH,2,2,0,40.13,-82.83,21.0,100
2000,2000-09-22,SC,2,5,1,33.08,-81.48,4.8,400
2001,2001-10-11,TX,2,0,0,29.7,-95.2,3.5,100
2001,2001-10-12,TX,2,1,0,33.15,-97.65,2.5,440
2001,2001-10-12,TX,2,1,0,33.23,-97.6,9.0,590
2001,2001-10-12,TX,2,0,0,31.68,-97.45,4.2,150
2001,2001-10-12,TX,3,5,0,30.25,-98.67,2.5,400
2001,2001-10-12,TX,2,0,0,31.75,-97.17,6.2,150
2001,2001-10-12,TX,2,25,0,29.37,-99.17,1.2,500
2001,2001-10-13,AL,3,0,0,30.42,-87.68,1.0,440
2001,2001-10-13,AL,2,0,0,30.55,-87.72,0.7,200
2001,2001-10-24,IL,2,0,0,40.03,-88.58,1.8,300
2001,2001-10-24,IN,2,0,1,41.43,-86.9,35.0,1760
2001,2001-10-24,IN,3,2,1,41.62,-86.43,47.0,1320
2001,2001-10-24,IN,2,3,0,41.65,-86.13,4.6,1320
2001,2001-10-24,IN,2,0,0,41.45,-85.25,12.5,440
2001,2001-10-24,OH,3,0,0,40.85,-84.32,32.0,440
2001,2001-10-24,TN,2,0,0,35.5,-86.07,0.2,20
2001,2001-10-09,OK,3,0,0,35.43,-99.38,11.5,600
2001,2001-10-09,OK,3,9,0,35.28,-99.0,6.0,500
2001,2001-10-09,NE,2,0,0,41.25,-98.0,5.0,350
2001,2001-10-09,OK,3,1,0,35.08,-98.88,13.0,440
2001,2001-10-09,NE,3,0,0,41.07,-97.87,18.0,1500
2001,2001-11-23,AR,2,4,1,35.45,-93.78,31.5,500
2001,2001-11-23,AR,2,0,0,35.8,-93.35,18.5,200
2001,2001-11-23,MO,2,3,0,36.67,-93.98,4.0,440
2001,2001-11-24,LA,3,11,3,32.8,-91.88,30.0,880
2001,2001-11-24,AR,2,3,0,35.18,-91.88,5.5,880
2001,2001-11-24,MS,4,48,0,33.47,-91.1,30.3,880
2001,2001-11-24,LA,2,3,0,31.05,-91.8,1.0,10
2001,2001-11-24,MS,2,33,3,34.15,-90.45,43.5,300
2001,2001-11-24,MS,2,9,0,34.85,-89.83,6.0,300
2001,2001-11-24,MS,3,5,0,33.23,-90.63,5.0,400
2001,2001-11-24,MS,4,21,2,32.43,-90.2,11.5,880
2001,2001-11-24,KY,2,4,0,36.5,-88.45,11.5,300
2001,2001-11-24,AL,3,1,2,33.53,-88.05,38.9,300
2001,2001-11-24,AL,2,13,0,34.22,-87.63,1.9,70
2001,2001-11-24,AL,2,2,0,34.55,-87.05,4.9,300
2001,2001-11-24,AL,4,22,0,33.92,-86.43,10.1,500
2001,2001-11-24,AL,2,1,0,33.65,-86.57,13.4,125
2001,2001-11-24,AL,2,7,0,34.45,-86.52,2.0,300
2001,2001-11-24,AL,2,0,0,34.5,-86.45,2.6,300
2001,2001-11-24,AL,2,0,0,34.38,-85.92,7.1,100
2001,2001-11-24,AL,2,4,2,34.25,-85.77,8.2,200
2001,2001-11-24,AL,2,2,0,33.58,-86.28,4.5,100
2001,2001-11-24,AL,2,15,0,33.17,-86.32,3.1,400
2001,2001-11-24,AL,2,0,0,33.27,-86.15,9.1,200
2001,2001-11-26,AR,2,0,0,33.58,-92.22,19.8,200
2001,2001-11-26,AR,2,0,0,33.85,-91.95,10.5,150
2001,2001-11-26,TN,3,12,2,36.25,-88.25,5.0,200
2001,2001-11-26,LA,2,0,0,31.88,-93.18,15.2,100
2001,2001-12-16,TX,2,2,0,30.77,-95.22,3.0,200
2001,2001-02-16,MS,2,1,1,33.02,-89.97,4.0,500
2001,2001-02-24,AR,2,8,0,34.58,-92.38,14.3,200
2001,2001-02-24,AR,2,0,0,34.95,-92.0,8.0,300
2001,2001-02-24,AR,2,3,1,36.27,-91.97,8.0,300
2001,2001-02-24,AR,2,0,0,35.57,-91.08,11.0,200
2001,2001-02-24,AR,3,0,0,33.68,-91.43,42.0,300
2001,2001-02-24,AR,2,0,0,34.68,-91.62,12.7,200
2001,2001-02-24,MS,2,0,0,33.5,-91.18,37.0,440
2001,2001-02-24,AR,2,2,0,34.08,-91.02,9.0,200
2001,2001-02-24,MS,3,0,0,33.48,-90.15,22.0,400
2001,2001-02-24,MS,3,73,6,34.03,-89.35,52.0,1000
2001,2001-03-13,FL,2,0,0,30.35,-83.03,3.5,30
2001,2001-03-15,FL,2,21,1,30.6,-85.55,10.0,350
2001,2001-03-15,FL,2,0,0,30.63,-85.42,3.0,300
2001,2001-03-15,GA,2,13,0,30.83,-84.42,6.0,200
2001,2001-03-15,FL,2,0,0,30.27,-85.25,2.0,150
2001,2001-03-29,FL,2,0,0,28.98,-82.37,22.0,100
2001,2001-03-29,FL,2,0,0,29.87,-81.75,12.0,150
2001,2001-04-10,TX,2,2,0,36.13,-101.2,4.0,200
2001,2001-04-10,KS,2,0,0,38.93,-99.6,40.1,400
2001,2001-04-10,OK,2,0,0,36.52,-100.68,12.0,200
2001,2001-04-10,KS,2,0,0,37.5,-100.18,17.3,380
2001,2001-04-10,TX,2,0,0,35.38,-100.27,6.0,200
2001,2001-04-10,KS,2,0,0,37.52,-99.77,10.0,200
2001,2001-04-11,NE,2,2,0,40.25,-96.5,2.0,50
2001,2001-04-11,OK,2,0,0,34.57,-96.57,14.5,400
2001,2001-04-11,OK,2,4,0,34.17,-96.6,19.0,500
2001,2001-04-11,OK,2,1,1,34.5,-96.17,13.0,200
2001,2001-04-11,MO,3,0,0,40.38,-94.37,76.5,500
2001,2001-04-11,IA,2,3,2,40.97,-92.38,8.4,100
2001,2001-04-14,KS,2,0,0,37.57,-98.63,7.5,800
2001,2001-04-21,KS,2,0,0,38.38,-99.2,1.5,100
2001,2001-04-21,KS,4,28,1,38.5,-98.78,5.0,660
2001,2001-04-06,KS,2,2,0,37.1,-101.65,6.6,350
2001,2001-04-06,KS,2,0,0,37.42,-101.28,14.0,150
2001,2001-04-09,OH,2,0,0,41.03,-80.53,4.0,75
2001,2001-05-10,IA,2,0,0,42.25,-92.92,1.7,200
2001,2001-05-10,IA,2,0,0,42.28,-92.82,8.0,875
2001,2001-05-20,OK,2,0,0,35.2,-96.12,11.0,250
2001,2001-05-21,MI,2,0,0,42.37,-85.45,1.0,150
2001,2001-05-21,MI,2,3,0,42.63,-83.77,10.9,200
2001,2001-05-21,OH,2,0,0,41.1,-82.02,7.5,80
2001,2001-05-26,IN,2,3,0,41.07,-85.13,3.0,300
2001,2001-05-27,NJ,2,0,0,40.35,-74.33,1.5,67
2001,2001-05-28,CO,2,4,0,38.82,-104.38,0.5,200
2001,2001-05-28,CO,2,5,0,38.83,-104.4,0.3,30
2001,2001-05-29,CO,3,0,0,38.07,-102.65,3.0,50
2001,2001-05-29,TX,3,0,0,35.4,-101.38,10.0,440
2001,2001-05-31,TN,2,2,1,35.92,-86.2,6.3,440
2001,2001-05-01,MN,2,0,0,43.57,-93.28,7.0,440
2001,2001-05-01,MN,2,0,0,43.65,-93.13,5.0,250
2001,2001-05-09,MN,2,1,0,44.47,-93.17,12.0,50
2001,2001-06-11,MN,2,7,0,45.32,-95.62,8.0,150
2001,2001-06-13,MN,3,3,0,46.17,-95.33,12.0,100
2001,2001-06-13,NE,4,2,0,40.85,-97.08,8.0,400
2001,2001-06-13,MN,2,0,0,45.98,-94.53,4.0,50
2001,2001-06-13,MN,2,0,0,46.35,-94.2,5.0,880
2001,2001-06-14,IA,2,3,0,41.47,-90.8,6.5,200
2001,2001-06-18,WI,3,16,2,45.78,-92.65,34.0,880
2001,2001-06-23,CT,2,0,0,41.8,-73.12,0.5,200
2001,2001-06-02,KY,2,10,0,37.13,-84.08,7.0,100
2001,2001-07-10,WY,2,0,0,43.83,-108.22,0.5,50
2001,2001-07-17,ND,2,0,0,47.13,-99.67,30.0,880
2001,2001-07-18,ND,3,0,0,47.68,-98.45,5.0,150
2001,2001-07-18,SD,2,0,0,45.25,-99.67,1.0,100
2001,2001-07-25,ND,2,0,0,46.77,-103.88,5.0,60
2001,2001-07-25,MT,2,0,0,46.55,-104.28,2.0,200
2001,2001-07-06,SC,2,39,0,33.7,-78.88,4.0,150
2001,2001-08-17,NE,2,3,0,42.45,-96.57,1.5,400
2001,2001-08-08,ND,2,0,0,48.0,-99.58,7.0,250
2001,2001-08-08,ND,2,0,0,47.98,-99.55,2.0,250
2001,2001-09-22,NE,3,0,0,40.43,-97.97,10.0,1250
2001,2001-09-24,VA,4,2,0,38.57,-77.98,10.0,75
2001,2001-09-24,MD,3,55,2,38.93,-76.98,17.5,200
2001,2001-09-24,PA,2,0,0,39.73,-76.98,5.0,200
2001,2001-09-06,IA,2,0,0,42.68,-92.58,11.5,100
2001,2001-09-06,IA,2,0,0,42.62,-91.73,1.0,50
2002,2002-10-11,SC,2,8,0,33.37,-79.3,1.2,40
2002,2002-10-11,NC,2,0,0,35.58,-76.67,3.0,200
2002,2002-10-24,TX,2,20,1,27.73,-97.62,2.5,200
2002,2002-10-29,LA,2,3,2,30.45,-92.37,10.5,50
2002,2002-10-29,LA,2,0,0,30.6,-92.17,5.0,20
2002,2002-11-10,TN,2,6,0,36.58,-86.58,2.6,900
2002,2002-11-10,IN,3,0,0,40.67,-84.92,5.0,200
2002,2002-11-10,OH,4,17,4,40.78,-84.77,52.8,880
2002,2002-11-10,OH,3,2,0,40.35,-83.55,9.0,300
2002,2002-11-10,OH,2,0,0,41.12,-83.5,9.0,50
2002,2002-11-10,OH,3,2,1,41.1,-83.17,21.0,100
2002,2002-11-10,OH,2,4,0,41.52,-82.95,10.0,50
2002,2002-11-10,OH,2,0,0,40.95,-82.22,9.5,50
2002,2002-11-10,OH,2,0,0,40.97,-82.1,5.0,100
2002,2002-11-10,TN,2,3,0,35.48,-86.32,5.0,500
2002,2002-11-10,OH,2,0,0,41.32,-81.5,10.1,100
2002,2002-11-10,TN,2,24,2,35.5,-86.22,12.3,450
2002,2002-11-10,AL,3,38,4,33.75,-87.87,44.3,1175
2002,2002-11-10,PA,2,19,1,41.25,-80.47,7.0,500
2002,2002-11-10,MS,3,55,0,33.38,-88.62,29.2,440
2002,2002-11-10,MS,2,0,0,32.9,-89.83,10.0,1000
2002,2002-11-10,TN,3,28,7,36.03,-84.6,8.3,300
2002,2002-11-10,TN,2,0,0,36.2,-84.2,5.5,75
2002,2002-11-10,TN,2,0,0,35.75,-85.47,2.9,100
2002,2002-11-10,AL,3,53,7,33.77,-87.8,72.6,1175
2002,2002-11-10,TN,3,18,4,35.9,-85.1,12.2,900
2002,2002-11-10,AL,2,3,0,33.32,-87.23,15.2,450
2002,2002-11-10,AL,2,4,1,34.12,-85.63,10.5,440
2002,2002-11-11,GA,2,0,0,34.3,-84.98,12.0,100
2002,2002-11-11,GA,2,13,0,34.35,-84.58,23.0,100
2002,2002-11-12,GA,2,2,0,31.33,-83.08,3.1,200
2002,2002-11-05,AL,2,20,1,31.57,-85.3,6.0,200
2002,2002-11-09,TN,2,1,0,35.52,-89.9,50.6,440
2002,2002-11-09,TN,2,0,0,35.73,-89.05,4.0,220
2002,2002-11-09,TN,2,6,2,35.87,-88.57,10.0,220
2002,2002-12-17,MO,2,17,2,37.08,-93.78,4.0,100
2002,2002-12-18,AR,3,13,1,35.1,-92.32,9.8,150
2002,2002-12-18,LA,2,0,0,32.88,-92.53,20.2,110
2002,2002-12-19,MS,2,0,0,32.28,-89.2,5.5,440
2002,2002-01-23,KY,2,0,0,37.53,-87.27,1.8,500
2002,2002-03-19,TX,2,30,0,29.25,-98.68,1.5,50
2002,2002-03-30,TX,2,0,0,31.4,-96.58,7.0,440
2002,2002-03-30,TX,3,6,0,31.1,-94.77,49.0,440
2002,2002-03-30,TX,3,0,0,29.62,-95.02,0.7,60
2002,2002-04-16,TX,3,0,0,32.75,-97.35,2.1,80
2002,2002-04-17,OK,3,0,0,36.1,-99.08,8.0,600
2002,2002-04-17,OK,2,1,0,36.43,-98.73,34.0,1500
2002,2002-04-21,IL,3,42,1,38.35,-88.73,31.5,500
2002,2002-04-24,MO,4,16,0,37.0,-91.02,40.5,650
2002,2002-04-24,MO,2,3,0,37.42,-90.3,9.0,800
2002,2002-04-27,MO,2,0,0,37.02,-91.98,1.5,100
2002,2002-04-27,MO,3,16,1,37.22,-90.07,4.0,200
2002,2002-04-28,IL,2,3,0,37.83,-88.63,7.5,200
2002,2002-04-28,IL,3,10,1,37.37,-89.33,19.3,400
2002,2002-04-28,IL,2,2,0,37.37,-88.9,7.0,400
2002,2002-04-28,IL,3,1,0,37.35,-88.72,22.0,200
2002,2002-04-28,KY,3,26,0,37.38,-87.88,22.0,880
2002,2002-04-28,IN,2,19,1,37.85,-86.63,32.3,150
2002,2002-04-28,TN,3,31,0,35.75,-86.37,3.2,350
2002,2002-04-28,TN,2,0,0,35.72,-86.17,0.9,30
2002,2002-04-28,OH,2,2,0,40.85,-81.52,7.2,440
2002,2002-04-28,NY,2,0,0,42.33,-78.12,6.5,300
2002,2002-04-28,PA,2,1,0,40.57,-79.23,5.0,250
2002,2002-04-28,VA,2,12,0,37.28,-79.4,10.0,150
2002,2002-04-28,VA,2,2,0,38.68,-78.67,4.0,75
2002,2002-04-28,MD,4,122,3,38.55,-77.18,38.0,650
2002,2002-04-28,MD,2,0,0,38.53,-76.98,3.0,100
2002,2002-04-28,MD,3,0,0,38.42,-76.3,18.0,150
2002,2002-04-07,TX,2,0,0,33.18,-99.33,7.0,1500
2002,2002-04-07,TX,2,0,0,29.12,-99.17,1.0,100
2002,2002-05-02,MD,2,0,0,39.65,-76.0,4.5,160
2002,2002-05-05,KS,2,0,0,39.05,-99.63,15.0,880
2002,2002-05-05,TX,2,0,0,34.73,-101.93,5.0,300
2002,2002-05-05,TX,2,4,2,34.73,-101.85,5.0,150
2002,2002-05-07,KS,2,0,0,37.72,-99.67,1.9,300
2002,2002-05-07,KS,3,0,0,37.72,-99.57,4.0,900
2002,2002-05-07,KS,3,0,0,37.7,-99.55,8.5,1800
2002,2002-05-07,KS,3,1,0,37.68,-99.48,10.0,600
2002,2002-05-07,KS,2,0,0,37.65,-99.25,19.6,900
2002,2002-05-07,KS,2,0,0,37.7,-98.8,22.0,1800
2002,2002-05-08,OH,2,3,0,38.87,-82.35,3.0,80
2002,2002-06-19,MN,2,0,0,46.53,-96.28,0.2,25
2002,2002-06-23,SD,3,0,0,45.73,-98.62,10.0,900
2002,2002-06-23,SD,4,0,0,45.68,-98.43,9.0,900
2002,2002-06-05,VT,2,0,0,43.18,-72.73,0.1,150
2002,2002-07-08,MT,2,0,0,47.25,-109.35,10.0,200
2002,2002-08-11,ND,4,0,0,46.95,-99.3,1.0,300
2002,2002-08-09,SD,2,0,0,43.12,-99.2,2.0,200
2002,2002-09-20,IN,2,1,0,38.1,-87.83,4.7,150
2002,2002-09-20,IN,2,2,0,38.5,-87.42,13.5,150
2002,2002-09-20,IN,3,127,0,39.23,-86.62,112.0,150
2002,2002-09-20,IN,2,0,0,40.03,-85.52,6.0,100
2002,2002-09-30,WI,2,0,0,45.47,-89.9,3.0,250
2002,2002-09-02,WI,3,27,0,45.47,-91.13,16.0,440
2002,2002-09-02,WI,2,0,0,45.18,-90.82,17.0,75
2002,2002-09-08,UT,2,0,0,39.27,-111.63,2.7,270
2003,2003-11-12,OH,2,3,0,40.8,-81.93,12.0,125
2003,2003-11-12,OH,2,1,0,40.45,-81.52,3.5,175
2003,2003-11-17,TX,2,60,0,29.62,-95.63,1.5,200
2003,2003-11-17,TX,2,0,0,29.63,-95.57,1.0,50
2003,2003-11-17,TX,2,0,0,29.67,-95.23,0.7,100
2003,2003-11-17,TX,2,0,0,31.13,-93.48,1.0,20
2003,2003-11-26,LA,2,5,0,30.75,-93.32,18.0,100
2003,2003-02-22,GA,2,0,0,33.58,-82.22,2.0,150
2003,2003-03-20,FL,2,3,0,30.7,-85.05,8.0,300
2003,2003-03-20,GA,3,200,6,31.18,-84.27,25.0,600
2003,2003-03-27,FL,2,14,1,25.77,-80.2,6.0,600
2003,2003-04-15,TX,2,0,0,34.5,-99.92,9.0,350
2003,2003-04-19,OK,2,3,0,36.78,-96.05,20.0,440
2003,2003-04-24,LA,2,3,0,32.65,-91.55,11.0,75
2003,2003-04-24,AR,2,0,0,33.12,-92.85,16.7,125
2003,2003-04-24,MS,3,6,0,32.25,-90.0,12.0,600
2003,2003-04-06,TX,2,6,0,32.3,-94.6,4.9,220
2003,2003-04-06,TX,3,0,0,31.9,-95.05,38.2,440
2003,2003-04-06,TX,2,0,0,31.42,-94.93,27.5,440
2003,2003-04-06,MS,2,6,0,31.63,-90.62,11.0,1230
2003,2003-05-10,KY,3,17,0,38.62,-83.72,25.0,200
2003,2003-05-10,MO,2,0,0,40.22,-92.2,22.1,200
2003,2003-05-10,MO,2,6,0,39.93,-91.83,20.0,200
2003,2003-05-10,IA,2,0,0,40.53,-91.58,11.5,200
2003,2003-05-10,IL,2,4,0,40.13,-91.5,69.2,300
2003,2003-05-10,MO,3,0,0,39.67,-91.73,12.0,200
2003,2003-05-10,IL,2,0,0,39.9,-91.08,30.8,300
2003,2003-05-10,IL,2,0,0,40.12,-90.67,6.0,150
2003,2003-05-10,IL,2,1,0,40.4,-89.8,2.5,100
2003,2003-05-10,IL,3,32,0,40.47,-89.68,17.5,440
2003,2003-05-10,IL,2,4,0,40.67,-89.37,12.5,300
2003,2003-05-11,KY,3,2,0,37.42,-87.27,1.8,80
2003,2003-05-11,KY,2,5,0,37.72,-86.02,6.5,120
2003,2003-05-11,TN,3,1,0,35.95,-86.98,1.0,300
2003,2003-05-11,TN,3,0,0,35.95,-86.4,1.0,400
2003,2003-05-11,KY,2,8,1,37.8,-84.9,7.0,300
2003,2003-05-14,OK,2,0,0,33.98,-95.08,78.3,100
2003,2003-05-15,CO,2,0,0,37.35,-102.77,5.0,200
2003,2003-05-15,KS,2,0,0,37.03,-100.95,2.5,100
2003,2003-05-15,KS,2,0,0,37.25,-100.93,4.9,100
2003,2003-05-15,TX,2,0,0,32.5,-99.33,1.5,800
2003,2003-05-15,TX,2,0,0,32.55,-99.3,1.5,450
2003,2003-05-15,KS,2,0,0,37.03,-100.93,2.5,100
2003,2003-05-15,TX,2,0,0,35.4,-100.12,15.5,1760
2003,2003-05-16,AR,2,0,0,35.27,-91.9,5.0,150
2003,2003-05-16,AR,2,0,0,35.42,-91.48,5.0,150
2003,2003-05-16,AR,2,0,0,34.57,-92.55,4.7,150
2003,2003-05-16,AR,2,0,0,33.95,-92.68,25.8,500
2003,2003-05-30,IL,2,0,0,40.85,-89.3,7.3,150
2003,2003-05-30,IL,2,0,0,40.2,-89.33,14.0,880
2003,2003-05-30,IL,2,4,0,40.15,-89.08,12.8,1100
2003,2003-05-01,OK,2,0,0,34.08,-94.8,13.0,300
2003,2003-05-01,AR,2,0,0,34.55,-94.08,11.0,200
2003,2003-05-03,TX,2,0,0,33.07,-99.63,4.0,440
2003,2003-05-04,KS,2,2,0,39.02,-95.07,6.0,250
2003,2003-05-04,KS,4,30,2,39.07,-94.83,21.0,500
2003,2003-05-04,KS,4,30,4,37.42,-95.1,33.0,880
2003,2003-05-04,MO,4,13,0,39.23,-94.48,5.0,200
2003,2003-05-04,MO,2,0,0,39.25,-94.43,8.5,300
2003,2003-05-04,MO,3,47,5,37.57,-94.52,86.0,880
2003,2003-05-04,KS,3,34,5,37.08,-94.95,25.0,880
2003,2003-05-04,MO,2,0,0,38.58,-94.22,22.0,100
2003,2003-05-04,MO,3,48,7,36.92,-94.2,49.0,880
2003,2003-05-04,AR,2,1,0,35.28,-92.28,14.5,100
2003,2003-05-04,MO,3,27,4,37.9,-92.83,14.0,400
2003,2003-05-04,AR,2,0,0,35.87,-90.33,15.0,300
2003,2003-05-04,AR,3,5,0,35.0,-92.37,34.9,500
2003,2003-05-04,MO,2,0,0,37.05,-89.62,11.5,130
2003,2003-05-04,AR,3,4,0,35.12,-91.45,43.0,300
2003,2003-05-04,TN,2,0,0,36.35,-88.85,4.0,250
2003,2003-05-04,KY,2,0,0,36.68,-88.23,1.8,60
2003,2003-05-04,KY,2,1,0,37.4,-88.02,0.2,25
2003,2003-05-04,TN,2,0,0,36.22,-88.42,17.0,200
2003,2003-05-04,KY,2,1,0,37.48,-87.85,1.5,75
2003,2003-05-04,TN,2,10,0,36.0,-89.42,15.0,200
2003,2003-05-04,TN,4,86,11,35.52,-89.03,39.0,880
2003,2003-05-04,TN,3,0,0,35.48,-88.93,21.0,440
2003,2003-05-04,KY,2,2,0,37.67,-87.33,0.2,25
2003,2003-05-04,TN,3,1,0,36.42,-87.35,11.5,1000
2003,2003-05-05,TN,3,2,0,35.27,-86.58,1.6,700
2003,2003-05-06,GA,2,12,0,34.22,-83.1,7.0,200
2003,2003-05-06,MO,2,0,0,37.27,-90.12,0.8,100
2003,2003-05-06,MO,3,2,0,37.38,-89.67,2.0,50
2003,2003-05-06,IL,4,33,2,37.27,-89.03,33.0,1000
2003,2003-05-06,IL,2,1,0,37.05,-89.35,25.0,400
2003,2003-05-06,MS,2,2,0,34.32,-88.55,1.0,100
2003,2003-05-06,TX,2,5,0,32.68,-95.45,54.4,880
2003,2003-05-07,MS,2,6,0,33.95,-88.93,27.5,440
2003,2003-05-08,OK,2,0,0,34.17,-97.67,6.0,150
2003,2003-05-08,OK,2,0,0,34.05,-97.17,4.0,440
2003,2003-05-08,OK,2,0,0,34.07,-96.95,7.0,300
2003,2003-05-08,OK,4,134,0,35.33,-97.53,17.3,700
2003,2003-05-08,KS,3,0,0,38.58,-95.75,25.0,800
2003,2003-05-08,OK,3,0,0,36.58,-96.72,45.0,880
2003,2003-05-08,KS,3,3,0,37.8,-95.95,23.0,350
2003,2003-05-08,KS,2,6,0,38.97,-95.23,0.7,250
2003,2003-05-08,KS,2,3,0,38.02,-95.3,15.0,800
2003,2003-05-08,KS,2,0,0,38.1,-95.07,7.0,300
2003,2003-05-09,MO,2,0,0,39.08,-93.62,10.0,300
2003,2003-05-09,OK,3,2,0,35.55,-97.48,17.8,1320
2003,2003-06-10,IL,2,2,0,38.63,-90.07,3.5,150
2003,2003-06-20,NE,2,0,0,41.4,-102.23,1.5,100
2003,2003-06-22,NE,2,7,1,40.15,-97.72,3.0,200
2003,2003-06-22,KS,2,0,0,39.95,-97.78,4.0,450
2003,2003-06-23,NE,4,0,1,42.5,-97.32,13.0,1200
2003,2003-06-24,SD,2,0,0,43.7,-98.23,6.0,400
2003,2003-06-24,SD,3,0,0,44.0,-98.33,6.0,500
2003,2003-06-24,SD,4,4,0,44.28,-97.77,10.0,1000
2003,2003-06-24,MN,2,5,0,44.67,-94.6,5.5,880
2003,2003-06-24,SD,2,0,0,44.42,-97.65,2.2,200
2003,2003-06-24,SD,2,0,0,43.13,-96.97,7.0,400
2003,2003-06-24,SD,2,0,0,43.22,-96.9,7.7,300
2003,2003-06-24,SD,3,0,0,44.37,-98.03,3.5,300
2003,2003-06-24,SD,2,0,0,43.38,-97.13,1.5,200
2003,2003-06-24,SD,2,0,0,44.43,-97.9,2.0,150
2003,2003-06-09,NE,3,0,0,42.53,-98.8,23.0,880
2003,2003-07-10,WV,2,0,0,39.25,-81.65,2.5,250
2003,2003-07-14,MN,2,0,0,44.12,-94.15,0.5,50
2003,2003-07-14,MN,2,0,0,44.12,-93.8,1.5,220
2003,2003-07-20,IA,2,0,0,42.0,-91.77,1.0,300
2003,2003-07-20,IA,2,0,0,42.0,-91.65,0.3,200
2003,2003-07-21,PA,3,0,0,41.92,-77.93,2.5,200
2003,2003-07-21,NY,2,7,0,42.2,-73.97,1.5,150
2003,2003-07-21,NY,2,1,0,42.4,-73.7,1.3,50
2003,2003-07-01,GA,2,0,0,32.52,-81.77,7.0,100
2003,2003-07-01,GA,2,0,0,32.68,-81.6,6.0,500
2003,2003-07-03,SD,2,0,0,43.22,-101.58,3.0,100
2003,2003-08-21,MI,2,2,0,42.67,-84.17,4.7,880
2004,2004-10-18,AR,2,11,0,34.5,-92.45,24.0,800
2004,2004-10-18,AR,2,0,0,34.58,-91.7,19.0,600
2004,2004-10-18,IL,2,3,0,37.58,-89.03,8.8,250
2004,2004-10-18,IL,2,0,0,37.57,-88.83,14.0,300
2004,2004-10-18,MO,2,7,3,36.05,-89.82,0.5,125
2004,2004-11-23,TX,2,0,1,30.48,-94.17,8.0,600
2004,2004-11-23,TX,2,0,0,30.52,-94.07,8.0,300
2004,2004-11-23,TX,2,0,0,30.65,-94.0,15.0,500
2004,2004-11-23,LA,2,3,0,31.32,-93.07,10.0,600
2004,2004-11-23,LA,2,1,0,31.33,-92.95,20.0,300
2004,2004-11-23,LA,3,20,1,31.88,-92.25,15.0,300
2004,2004-11-23,TX,2,0,0,31.17,-94.88,2.0,500
2004,2004-11-23,MS,3,0,0,31.72,-91.2,18.0,600
2004,2004-11-24,LA,2,4,0,30.3,-89.85,4.0,50
2004,2004-11-24,MS,2,0,0,31.75,-90.12,28.0,200
2004,2004-11-24,MS,2,0,0,32.6,-89.75,10.5,400
2004,2004-11-24,MS,2,4,0,32.02,-89.53,38.0,600
2004,2004-11-24,MS,3,2,1,32.92,-89.0,21.0,600
2004,2004-11-24,AL,2,2,0,32.17,-87.73,11.9,200
2004,2004-11-24,AL,2,0,0,32.6,-86.9,49.0,1400
2004,2004-11-24,MS,2,0,0,30.43,-89.08,1.5,50
2004,2004-11-24,AL,2,1,0,32.38,-86.67,9.7,500
2004,2004-11-24,AL,2,0,1,33.58,-86.07,15.2,500
2004,2004-11-27,AL,2,4,0,30.48,-87.7,4.5,300
2004,2004-12-10,SC,3,1,0,33.57,-80.83,1.5,80
2004,2004-12-10,SC,2,1,0,33.65,-80.78,0.5,60
2004,2004-12-07,MS,2,0,0,32.13,-90.92,26.0,400
2004,2004-12-07,MS,2,0,0,34.07,-89.0,1.0,100
2004,2004-12-07,MS,2,0,0,33.53,-88.35,8.0,200
2004,2004-01-25,LA,2,3,0,30.15,-92.1,1.0,10
2004,2004-02-05,MS,2,0,0,31.98,-90.1,10.0,300
2004,2004-03-27,KS,3,0,0,37.97,-99.48,10.0,1300
2004,2004-03-04,TX,2,2,0,32.12,-99.92,10.0,440
2004,2004-03-04,TX,2,0,0,33.08,-99.62,1.0,440
2004,2004-04-20,IL,3,12,8,41.25,-89.28,15.8,880
2004,2004-04-20,IL,2,0,0,41.35,-89.0,9.0,400
2004,2004-04-20,IL,2,0,0,41.08,-87.62,3.0,50
2004,2004-04-24,MO,2,5,0,36.9,-90.78,7.6,200
2004,2004-04-24,MO,2,0,0,37.28,-89.85,5.4,200
2004,2004-05-10,CO,2,0,0,39.3,-104.03,6.0,150
2004,2004-05-12,KS,2,0,0,37.22,-98.22,1.8,200
2004,2004-05-12,KS,4,1,0,37.25,-97.98,1.2,500
2004,2004-05-12,KS,2,0,0,37.23,-97.98,2.0,300
2004,2004-05-12,KS,2,0,0,37.27,-98.02,1.0,100
2004,2004-05-19,ND,2,0,0,47.58,-98.43,3.0,200
2004,2004-05-19,ND,2,0,0,48.92,-97.73,0.7,150
2004,2004-05-19,MN,3,0,0,48.92,-97.08,1.5,150
2004,2004-05-21,IA,3,0,0,42.05,-91.82,3.0,200
2004,2004-05-21,IA,2,15,0,42.82,-94.52,12.5,880
2004,2004-05-22,NE,2,0,0,40.25,-97.5,8.0,800
2004,2004-05-22,NE,2,0,0,40.37,-98.35,23.0,700
2004,2004-05-22,NE,4,38,1,40.32,-97.33,54.0,4400
2004,2004-05-22,KS,2,0,0,39.9,-97.85,2.0,100
2004,2004-05-23,IL,2,0,0,40.72,-88.85,13.1,240
2004,2004-05-24,MO,2,1,0,40.2,-94.55,17.0,250
2004,2004-05-24,IL,2,1,0,39.72,-90.27,1.2,100
2004,2004-05-25,PA,2,0,0,41.53,-80.17,7.0,50
2004,2004-05-26,MO,2,1,0,37.97,-93.95,12.0,200
2004,2004-05-27,IN,2,0,0,38.52,-86.15,25.9,150
2004,2004-05-27,KY,2,2,0,38.38,-85.23,7.8,300
2004,2004-05-27,KY,3,6,0,38.08,-84.53,3.0,100
2004,2004-05-29,KS,2,0,0,39.62,-97.93,5.0,200
2004,2004-05-29,MO,3,0,0,39.52,-94.83,7.0,400
2004,2004-05-29,OK,2,0,0,35.93,-98.47,19.7,1760
2004,2004-05-29,KS,2,0,0,37.18,-98.0,8.0,500
2004,2004-05-29,KS,3,1,0,37.37,-97.63,2.5,600
2004,2004-05-29,KS,3,0,0,37.38,-97.6,2.5,500
2004,2004-05-29,OK,2,0,0,35.7,-97.65,4.6,100
2004,2004-05-29,MO,2,0,0,39.72,-94.35,5.0,100
2004,2004-05-29,MO,4,6,3,39.88,-94.25,22.0,800
2004,2004-05-29,OK,3,0,0,35.83,-96.6,7.5,700
2004,2004-05-30,IN,3,11,1,38.33,-86.57,15.0,400
2004,2004-05-30,KY,2,0,0,37.25,-87.52,7.0,175
2004,2004-05-30,IN,2,26,0,39.68,-86.22,20.0,100
2004,2004-05-30,IN,2,0,0,40.38,-86.77,1.8,75
2004,2004-05-30,AR,2,0,0,35.4,-90.87,0.5,150
2004,2004-05-30,IN,2,0,0,37.92,-87.45,3.0,80
2004,2004-05-30,IN,3,1,0,40.73,-86.13,4.5,360
2004,2004-06-11,IA,3,0,0,42.9,-95.03,6.1,400
2004,2004-06-11,IA,2,0,0,43.13,-95.38,5.5,200
2004,2004-06-11,IA,3,0,0,43.4,-92.55,12.0,150
2004,2004-06-11,TX,2,3,0,32.17,-100.73,10.3,200
2004,2004-06-12,KS,3,2,0,37.47,-97.23,4.0,75
2004,2004-06-16,CO,2,1,0,37.72,-103.03,2.0,100
2004,2004-06-23,WI,2,0,0,44.28,-89.25,10.0,125
2004,2004-06-23,WI,2,0,0,43.82,-89.48,11.0,200
2004,2004-06-23,WI,3,0,0,43.72,-89.03,33.3,400
2004,2004-06-23,WI,3,1,1,43.67,-88.95,7.6,300
2004,2004-06-06,ND,2,0,0,47.85,-101.57,8.0,150
2004,2004-07-12,NE,2,0,0,41.98,-98.67,1.5,40
2004,2004-07-12,NE,2,0,0,41.82,-98.73,1.0,40
2004,2004-07-13,IL,4,3,0,40.8,-89.33,9.6,440
2004,2004-07-14,PA,3,0,0,40.28,-76.58,7.5,500
2004,2004-07-18,ND,2,0,0,47.68,-97.6,3.0,100
2004,2004-07-18,ND,4,0,0,46.78,-98.38,12.0,200
2004,2004-07-18,ND,2,0,0,46.98,-97.67,4.0,100
2004,2004-07-30,IN,2,2,0,39.05,-85.42,2.0,133
2004,2004-08-12,FL,2,0,0,30.47,-81.8,7.0,1
2004,2004-08-13,NC,2,29,3,34.4,-77.88,5.0,500
2004,2004-08-13,FL,2,0,0,26.15,-80.93,42.0,100
2004,2004-08-26,IA,2,0,0,40.65,-95.6,3.0,880
2004,2004-08-26,IA,2,0,0,40.67,-95.2,7.0,1200
2004,2004-08-27,KS,2,0,0,37.27,-97.4,3.0,110
2004,2004-09-15,FL,2,5,4,30.5,-85.05,7.0,600
2004,2004-09-15,FL,2,3,0,30.72,-85.17,8.0,500
2004,2004-09-16,GA,2,0,0,34.28,-83.15,2.0,60
2004,2004-09-16,GA,2,1,1,34.28,-83.27,5.5,50
2004,2004-09-17,VA,2,4,0,36.72,-79.95,8.8,440
2004,2004-09-17,VA,2,0,0,37.25,-79.78,3.0,300
2004,2004-09-17,VA,3,2,0,38.52,-77.8,9.0,200
2004,2004-09-17,VA,2,3,0,38.28,-78.43,5.0,100
2004,2004-09-17,VA,2,0,0,38.35,-78.4,8.0,400
2004,2004-09-17,VA,2,0,0,38.62,-77.78,8.0,150
2004,2004-09-17,VA,2,0,0,38.7,-77.75,13.0,200
2004,2004-09-17,VA,2,0,0,39.17,-78.17,5.0,125
2004,2004-09-17,VA,2,0,0,38.62,-77.42,4.0,250
2004,2004-09-17,VA,2,0,0,38.27,-77.92,7.0,100
2004,2004-09-17,VA,2,1,0,38.83,-77.42,15.0,200
2004,2004-09-17,MD,2,0,0,39.4,-77.55,3.0,200
2004,2004-09-17,WV,2,6,0,39.37,-78.03,2.0,100
2004,2004-09-18,MD,2,0,0,39.7,-76.37,2.0,125
2004,2004-09-23,SD,2,0,0,45.7,-96.73,2.2,50
2004,2004-09-27,SC,2,13,1,34.33,-80.97,2.0,220
2004,2004-09-28,DE,2,0,0,39.68,-75.6,5.0,150
2004,2004-09-05,MN,2,0,0,46.52,-95.68,4.0,100
2004,2004-09-07,SC,2,3,0,33.83,-80.75,2.5,440
2004,2004-09-07,SC,2,3,0,33.88,-80.38,4.0,500
2004,2004-09-07,SC,3,1,0,34.27,-80.58,7.0,880
2004,2004-09-07,SC,2,0,0,35.03,-81.03,3.0,200
2004,2004-09-07,SC,2,5,0,34.47,-80.12,7.0,440
2004,2004-09-08,VA,2,0,0,38.53,-77.77,1.5,200
2005,2005-10-24,FL,2,0,0,28.03,-80.57,0.3,40
2005,2005-11-12,IA,2,2,0,41.7599,-94.0454,14.0,100
2005,2005-11-12,IA,3,3,1,42.17,-94.08,17.6,150
2005,2005-11-12,IA,2,1,0,42.02,-93.7,12.0,100
2005,2005-11-15,KY,3,20,1,36.68,-88.63,44.0,500
2005,2005-11-15,TN,2,13,0,36.25,-88.38,20.0,200
2005,2005-11-15,IN,3,31,0,38.68,-87.13,12.0,440
2005,2005-11-15,KY,4,40,0,37.25,-87.53,15.0,800
2005,2005-11-15,TN,2,0,0,36.13,-88.1,1.2,150
2005,2005-11-15,TN,2,0,0,36.25,-87.78,0.5,200
2005,2005-11-15,IN,3,1,0,39.32,-85.8,10.0,300
2005,2005-11-15,TN,2,0,0,36.48,-87.32,1.0,400
2005,2005-11-15,TN,2,0,0,36.18,-87.43,1.0,200
2005,2005-11-15,KY,2,0,0,36.8,-86.65,1.0,150
2005,2005-11-15,TN,2,1,0,35.18,-87.75,6.0,100
2005,2005-11-27,AR,2,0,0,34.35,-93.35,4.2,100
2005,2005-11-27,AR,2,1,0,34.4,-93.3,13.8,100
2005,2005-11-27,AR,2,0,0,35.1,-92.9,3.9,250
2005,2005-11-27,AR,3,0,0,34.82,-92.93,19.0,800
2005,2005-11-27,AR,2,0,0,35.17,-92.88,2.3,250
2005,2005-11-27,AR,2,0,0,35.2,-92.87,11.8,250
2005,2005-11-27,AR,3,0,0,35.07,-92.77,2.0,150
2005,2005-11-27,AR,3,8,1,35.12,-92.72,15.0,700
2005,2005-11-27,AR,2,0,0,35.28,-92.57,6.1,600
2005,2005-11-27,AR,2,0,0,35.35,-92.5,2.6,400
2005,2005-11-27,AR,2,0,0,35.37,-92.47,13.1,400
2005,2005-11-27,AR,2,0,0,35.35,-92.28,0.8,100
2005,2005-11-27,AR,2,1,0,35.38,-92.27,9.2,100
2005,2005-11-27,AR,2,0,0,35.78,-91.95,7.0,250
2005,2005-11-27,MO,2,0,1,36.53,-91.1,12.0,250
2005,2005-11-05,MO,2,0,0,36.52,-91.38,9.0,300
2005,2005-11-05,MO,2,0,0,36.55,-91.15,7.4,250
2005,2005-11-05,AR,2,3,0,36.23,-91.37,4.8,350
2005,2005-11-06,KY,3,238,24,37.83,-87.78,41.3,500
2005,2005-11-06,KY,3,5,0,37.42,-88.05,11.2,150
2005,2005-11-06,KY,2,0,0,37.28,-85.92,1.0,200
2005,2005-12-05,GA,2,0,0,30.97,-82.87,3.0,100
2005,2005-01-12,LA,2,12,0,32.73,-93.13,15.0,250
2005,2005-01-12,AR,3,13,2,33.02,-92.73,24.0,900
2005,2005-01-13,SC,2,1,0,34.4,-82.13,12.0,350
2005,2005-01-14,NC,2,0,0,35.57,-80.38,0.3,100
2005,2005-01-07,MS,2,0,0,31.18,-89.45,3.0,300
2005,2005-03-22,AL,2,4,0,31.1,-85.17,3.0,200
2005,2005-03-22,GA,3,18,1,31.05,-84.92,18.0,1250
2005,2005-03-22,GA,2,0,0,31.48,-82.02,2.0,880
2005,2005-04-21,KS,3,0,0,37.42,-95.35,5.0,200
2005,2005-04-06,MS,3,6,0,32.13,-90.12,15.0,600
2005,2005-04-06,MS,2,2,0,31.05,-90.33,16.0,100
2005,2005-04-06,MS,2,0,0,32.1,-89.68,13.5,500
2005,2005-04-06,MS,3,0,0,31.77,-89.67,28.0,600
2005,2005-04-06,LA,2,2,0,29.1,-90.2,2.0,50
2005,2005-05-11,KS,2,0,0,37.6,-101.35,13.2,250
2005,2005-05-12,TX,2,0,0,34.22,-101.32,1.5,1000
2005,2005-05-12,TX,3,0,0,33.58,-101.5,6.0,500
2005,2005-05-12,TX,2,0,0,33.68,-101.42,4.5,500
2005,2005-05-13,TX,3,0,0,33.63,-99.63,16.3,1000
2005,2005-05-21,MN,2,0,0,47.87,-96.62,0.3,75
2005,2005-06-12,TX,2,0,0,33.25,-100.65,2.0,1200
2005,2005-06-20,MN,2,0,0,46.45,-95.63,4.0,200
2005,2005-06-20,MN,2,0,0,46.42,-95.23,0.3,200
2005,2005-06-23,MN,2,0,0,48.93,-96.93,1.0,200
2005,2005-06-23,MN,2,0,0,47.83,-96.92,2.0,200
2005,2005-06-23,MN,2,0,0,47.85,-96.73,1.5,200
2005,2005-06-27,NE,2,0,0,41.67,-103.58,17.0,250
2005,2005-06-29,ND,2,0,0,45.95,-97.62,8.0,200
2005,2005-06-29,MN,2,0,0,46.37,-95.95,1.5,200
2005,2005-06-04,KS,2,0,0,39.77,-95.53,3.0,100
2005,2005-06-05,TX,2,0,0,32.57,-101.3,5.0,1300
2005,2005-06-05,TX,2,0,0,32.52,-101.4,4.0,300
2005,2005-06-09,KS,2,0,0,39.28,-99.95,9.5,400
2005,2005-06-09,KS,3,0,0,38.85,-100.0,6.0,200
2005,2005-06-09,TX,3,0,0,33.87,-101.6,15.0,900
2005,2005-06-09,KS,2,0,0,37.32,-100.33,9.2,200
2005,2005-07-26,IN,2,0,0,40.68,-86.22,4.0,100
2005,2005-07-02,MN,2,0,0,48.85,-97.12,4.0,200
2005,2005-07-02,MN,2,0,0,48.92,-97.07,1.5,200
2005,2005-07-02,MN,2,0,0,48.88,-97.08,1.5,200
2005,2005-07-02,MN,2,0,0,48.93,-97.0,2.0,200
2005,2005-07-06,GA,2,0,0,33.38,-84.32,9.0,880
2005,2005-07-07,NC,2,0,0,35.83,-81.17,4.0,100
2005,2005-07-07,NC,2,0,0,36.0,-80.75,3.5,200
2005,2005-08-12,WY,2,13,2,43.73,-105.47,1.5,450
2005,2005-08-18,WI,2,3,0,43.52,-90.77,20.0,40
2005,2005-08-18,WI,2,0,0,43.37,-89.9,14.5,200
2005,2005-08-18,WI,3,23,1,42.92,-89.43,18.6,600
2005,2005-08-26,FL,2,0,0,24.7,-81.08,1.2,20
2005,2005-08-29,MS,2,0,0,32.48,-89.08,1.0,75
2005,2005-08-29,MS,2,0,0,32.58,-89.0,3.0,100
2005,2005-08-29,GA,2,3,1,33.4,-85.08,5.5,200
2005,2005-08-29,GA,2,3,0,32.55,-83.88,4.0,50
2005,2005-08-29,GA,2,0,0,34.67,-83.7,5.0,300
2005,2005-09-21,MN,2,1,0,45.17,-93.32,2.0,50
2005,2005-09-24,MS,2,0,0,33.37,-91.02,2.0,300
2005,2005-09-24,MS,2,3,0,33.13,-90.47,18.0,800
2005,2005-09-24,AR,2,5,0,34.7,-91.97,7.2,100
2005,2005-09-24,MS,2,0,0,33.7,-90.67,12.0,200
2005,2005-09-24,MS,2,0,0,33.35,-90.25,9.0,250
2005,2005-09-24,AR,2,0,0,35.38,-92.7,1.0,100
2005,2005-09-24,AR,2,0,0,35.22,-91.82,9.0,150
2005,2005-09-24,MS,2,0,0,32.35,-89.13,0.8,100
2005,2005-09-24,LA,3,3,0,31.72,-91.55,14.0,100
2005,2005-09-25,MS,2,0,0,31.7,-91.13,10.0,600
2005,2005-09-25,MS,2,1,0,31.78,-91.0,5.0,800
2005,2005-09-25,MS,2,0,0,31.85,-90.97,2.0,800
2005,2005-09-05,ND,2,0,0,46.7,-96.85,4.0,200
2006,2006-10-11,OH,2,0,0,39.8,-83.11,0.5,50
2006,2006-10-11,OH,2,0,0,40.09,-82.79,0.5,150
2006,2006-10-17,MS,2,0,0,31.3,-89.34,0.8,50
2006,2006-11-15,LA,2,2,1,30.75,-90.54,6.02,100
2006,2006-11-15,MS,3,6,0,31.35,-89.63,13.02,500
2006,2006-11-15,LA,2,1,0,30.97,-89.95,22.2,440
2006,2006-11-15,MS,3,1,0,31.62,-89.08,15.88,850
2006,2006-11-15,AL,2,6,0,32.33,-86.24,6.84,250
2006,2006-11-15,AL,2,0,0,31.2,-86.37,15.81,300
2006,2006-11-15,AL,2,0,0,31.61,-85.84,19.78,650
2006,2006-11-15,NC,2,0,0,35.53,-81.08,1.0,30
2006,2006-11-16,NC,3,20,8,34.34,-78.24,2.15,300
2006,2006-12-25,FL,2,1,0,30.11,-82.43,2.74,300
2006,2006-12-25,FL,2,2,0,28.31,-82.33,0.83,100
2006,2006-12-25,FL,2,5,0,29.03,-81.3,2.8,50
2006,2006-12-25,FL,2,6,0,29.18,-81.05,2.7,80
2006,2006-12-29,TX,2,20,1,31.33,-96.64,20.4,400
2006,2006-12-29,TX,2,0,0,31.78,-97.51,7.14,300
2006,2006-12-29,TX,2,0,0,32.09,-97.4,7.95,587
2006,2006-12-29,TX,2,12,0,31.24,-95.98,14.7,587
2006,2006-12-31,GA,2,1,0,32.27,-83.73,0.46,50
2006,2006-12-01,PA,2,5,0,41.08,-76.08,20.0,150
2006,2006-01-12,AR,2,0,0,35.12,-93.35,14.7,75
2006,2006-01-02,KY,2,0,0,37.67,-85.97,8.4,150
2006,2006-01-02,KY,2,0,0,37.1,-85.28,0.6,200
2006,2006-01-02,KY,2,2,0,37.4,-84.77,8.7,200
2006,2006-01-02,GA,2,0,0,33.52,-84.67,7.0,440
2006,2006-01-02,GA,3,3,0,33.15,-84.45,3.0,440
2006,2006-02-02,LA,2,0,0,29.98,-90.15,5.5,150
2006,2006-03-11,MO,2,0,0,37.35,-90.97,35.5,450
2006,2006-03-11,MO,3,12,2,37.82,-90.0,53.5,400
2006,2006-03-11,MO,3,0,0,38.12,-90.33,5.1,200
2006,2006-03-12,MO,2,6,1,38.62,-93.28,11.2,500
2006,2006-03-12,IL,2,20,0,39.35,-90.68,67.0,880
2006,2006-03-12,MO,2,13,1,38.25,-94.33,26.0,450
2006,2006-03-12,MO,2,6,0,38.93,-93.45,20.0,150
2006,2006-03-12,IL,2,0,0,39.8,-89.65,4.0,400
2006,2006-03-12,MO,3,0,0,39.05,-93.2,35.0,350
2006,2006-03-12,IL,2,4,0,39.8,-89.53,12.5,200
2006,2006-03-12,MO,2,4,0,38.6,-93.67,12.8,200
2006,2006-03-12,MO,2,7,1,37.67,-94.25,38.0,300
2006,2006-03-12,IL,2,0,0,39.93,-89.32,2.5,400
2006,2006-03-12,IL,2,0,0,39.93,-89.28,3.5,200
2006,2006-03-12,OK,3,8,0,36.1,-95.1,29.0,440
2006,2006-03-12,MO,3,26,4,39.32,-92.48,19.7,300
2006,2006-03-12,OK,3,12,0,36.23,-94.65,25.0,700
2006,2006-03-12,MO,4,0,0,39.45,-92.18,29.0,500
2006,2006-03-12,AR,2,0,0,36.35,-94.23,8.0,250
2006,2006-03-12,MO,3,8,1,36.98,-93.8,42.0,250
2006,2006-03-12,MO,3,19,0,37.85,-93.43,17.0,200
2006,2006-03-12,MO,2,5,0,38.28,-92.85,6.0,100
2006,2006-03-12,MO,2,13,0,37.2,-93.0,7.0,150
2006,2006-03-12,MO,3,0,0,37.25,-92.87,32.0,200
2006,2006-03-13,MO,3,1,0,38.85,-91.32,6.0,300
2006,2006-03-13,MO,2,2,0,38.77,-92.07,13.0,100
2006,2006-03-13,MO,3,6,0,39.05,-91.37,44.5,300
2006,2006-03-19,TX,2,0,0,29.22,-99.72,2.0,50
2006,2006-03-30,KS,2,1,0,37.13,-95.92,16.0,125
2006,2006-03-30,MO,2,8,0,39.98,-94.92,5.0,800
2006,2006-03-31,IN,2,1,0,39.62,-86.1,17.0,700
2006,2006-03-31,OH,2,0,0,40.75,-84.62,2.0,300
2006,2006-03-09,AR,2,6,0,35.2,-91.15,15.7,100
2006,2006-04-13,IA,2,30,0,41.67,-91.55,4.5,587
2006,2006-04-13,IL,2,0,0,41.27,-90.62,2.0,50
2006,2006-04-15,NE,2,0,0,40.13,-96.78,34.0,880
2006,2006-04-15,MO,2,0,0,39.75,-94.48,13.0,100
2006,2006-04-16,IL,2,0,0,39.02,-88.43,4.0,200
2006,2006-04-16,IL,2,0,0,39.03,-88.35,1.5,150
2006,2006-04-29,TX,2,4,0,30.6,-95.15,1.0,30
2006,2006-04-01,KS,2,0,0,37.68,-98.63,4.9,200
2006,2006-04-02,IA,2,0,0,40.75,-92.0,3.0,100
2006,2006-04-02,MO,2,0,0,39.53,-91.63,3.5,350
2006,2006-04-02,IA,2,0,0,41.3,-91.7,1.0,75
2006,2006-04-02,IL,2,11,1,38.57,-90.0,7.0,100
2006,2006-04-02,AR,3,177,2,36.22,-90.97,77.0,880
2006,2006-04-02,IL,2,0,0,39.15,-89.48,20.0,200
2006,2006-04-02,AR,2,0,0,35.27,-91.8,6.3,100
2006,2006-04-02,AR,3,5,0,35.22,-91.05,38.0,500
2006,2006-04-02,IL,2,0,0,39.68,-89.02,4.5,300
2006,2006-04-02,TN,3,70,16,36.12,-89.52,18.0,880
2006,2006-04-02,TN,3,44,6,36.07,-89.03,31.0,880
2006,2006-04-02,TN,3,6,2,36.18,-89.05,8.0,880
2006,2006-04-02,KY,3,28,0,36.9,-87.63,29.7,700
2006,2006-04-02,TN,2,0,0,35.6,-89.3,0.8,30
2006,2006-04-06,KS,2,0,0,39.78,-96.87,17.3,440
2006,2006-04-07,TN,3,0,0,36.28,-87.28,18.8,880
2006,2006-04-07,TN,2,5,0,35.8,-88.4,9.0,100
2006,2006-04-07,TN,2,0,0,35.88,-88.18,6.0,50
2006,2006-04-07,TN,3,128,7,36.32,-86.77,22.7,880
2006,2006-04-07,KY,2,4,0,36.9,-85.82,8.1,250
2006,2006-04-08,GA,2,1,0,34.02,-85.07,3.0,100
2006,2006-05-10,LA,2,0,0,31.65,-91.73,8.0,250
2006,2006-05-10,MS,2,0,0,31.67,-91.0,7.0,440
2006,2006-05-14,SC,2,0,0,34.2,-79.75,0.6,150
2006,2006-05-21,NH,2,2,0,42.92,-70.85,0.1,20
2006,2006-05-25,IN,2,0,0,38.47,-87.12,2.2,200
2006,2006-05-05,TX,2,0,0,32.47,-102.05,6.1,250
2006,2006-05-05,TX,2,0,0,31.55,-97.15,2.6,150
2006,2006-05-09,TX,2,1,0,34.42,-100.2,1.5,175
2006,2006-05-09,TX,3,10,3,33.37,-96.52,9.3,300
2006,2006-06-21,FL,2,3,0,26.98,-82.12,3.0,70
2006,2006-06-22,OH,2,0,0,40.62,-81.78,6.0,100
2006,2006-06-04,ID,2,1,0,45.03,-116.72,12.0,1760
2006,2006-07-11,MA,2,0,0,42.55,-72.4,2.9,200
2006,2006-07-12,NY,2,6,0,41.07,-73.87,10.1,300
2006,2006-08-24,ND,2,0,0,47.35,-101.3,2.0,90
2006,2006-08-24,SD,3,1,0,45.67,-99.68,14.0,300
2006,2006-08-24,MN,3,37,1,44.27,-94.27,33.0,880
2006,2006-08-24,SD,2,0,0,44.52,-99.07,5.0,300
2006,2006-08-24,SD,3,2,0,44.43,-98.78,24.5,500
2006,2006-08-24,SD,2,0,0,44.32,-98.17,7.0,300
2006,2006-08-01,MN,3,0,0,43.9,-94.72,1.5,440
2006,2006-08-05,MN,3,0,0,48.9,-95.33,4.0,500
2006,2006-09-15,NE,2,0,0,41.1,-97.32,1.0,100
2006,2006-09-16,SD,2,0,0,43.55,-97.5,12.0,100
2006,2006-09-16,MN,2,0,1,45.2,-93.63,8.0,100
2006,2006-09-22,MO,2,0,0,37.53,-91.02,25.2,550
2006,2006-09-22,IL,3,2,0,37.2,-88.8,3.5,125
2006,2006-09-22,MO,2,1,0,37.6,-90.47,25.0,880
2006,2006-09-22,MO,4,6,0,37.68,-89.83,27.5,225
2006,2006-09-22,MO,2,0,0,37.63,-90.77,4.8,100
2006,2006-09-22,AL,2,0,0,33.83,-86.68,1.3,100
2006,2006-09-22,AR,2,0,0,36.35,-91.55,14.0,100
2006,2006-09-22,AL,2,0,0,33.88,-86.62,0.3,200
2006,2006-09-22,AL,2,3,0,33.92,-86.52,4.4,200
2007,2007-10-17,MO,2,0,2,39.52,-92.05,4.07,90
2007,2007-10-18,MI,2,0,0,45.1,-83.81,4.06,430
2007,2007-10-18,KY,2,0,0,37.81,-87.0,13.93,200
2007,2007-10-18,MI,2,1,1,44.67,-85.23,4.45,430
2007,2007-10-18,KY,2,5,0,37.53,-87.69,10.19,300
2007,2007-10-18,MI,2,0,0,44.64,-84.3,11.63,865
2007,2007-10-18,KY,2,0,0,37.03,-87.84,8.83,300
2007,2007-10-18,KY,2,4,0,37.62,-87.48,17.26,360
2007,2007-10-18,KY,2,1,0,37.12,-87.72,1.4,300
2007,2007-10-18,KY,2,1,0,37.14,-87.63,1.86,300
2007,2007-10-18,MI,2,0,0,44.94,-83.62,0.25,230
2007,2007-10-18,KY,3,8,0,37.77,-87.17,6.99,360
2007,2007-10-18,KY,2,0,0,36.72,-87.85,9.28,200
2007,2007-10-18,IN,3,0,0,38.47,-85.55,4.8,440
2007,2007-10-18,IN,3,0,0,41.3,-86.17,20.33,880
2007,2007-10-18,KY,2,0,0,37.79,-86.29,3.05,300
2007,2007-10-18,MI,2,1,2,42.61,-84.3,19.0,300
2007,2007-10-02,MO,2,1,0,39.59,-92.21,15.14,100
2007,2007-11-14,TN,2,9,0,35.05,-85.69,1.96,200
2007,2007-12-15,GA,2,0,0,32.34,-82.66,3.5,200
2007,2007-12-20,MS,2,1,0,31.61,-90.37,5.03,200
2007,2007-12-20,MS,2,2,0,31.69,-89.28,1.91,150
2007,2007-01-05,MS,2,0,0,32.72,-89.03,1.4,150
2007,2007-01-05,MS,2,9,0,32.61,-88.7,2.24,250
2007,2007-01-07,GA,2,0,0,33.29,-84.9,4.11,200
2007,2007-02-13,LA,2,3,0,30.23,-91.86,4.31,300
2007,2007-02-13,LA,2,24,0,29.9,-90.13,8.72,50
2007,2007-02-13,LA,2,10,1,30.01,-90.05,1.29,50
2007,2007-02-24,AR,3,5,0,33.02,-92.73,26.0,250
2007,2007-02-24,AR,2,6,0,33.27,-92.28,21.65,440
2007,2007-02-24,AR,3,28,0,33.74,-91.75,29.1,880
2007,2007-02-24,AR,2,0,0,33.7,-91.8,14.81,200
2007,2007-02-24,LA,2,0,0,31.61,-91.83,17.33,500
2007,2007-02-28,KS,4,0,0,38.13,-95.1,28.01,800
2007,2007-02-02,FL,3,25,8,28.88,-82.05,16.17,450
2007,2007-02-02,FL,3,51,13,28.96,-81.59,26.03,450
2007,2007-03-23,NM,2,0,0,33.13,-103.45,8.36,880
2007,2007-03-23,NM,2,33,2,34.24,-103.17,12.45,350
2007,2007-03-23,TX,2,0,0,33.72,-102.84,1.5,150
2007,2007-03-28,TX,2,0,0,34.5,-101.05,17.5,300
2007,2007-03-28,TX,2,0,2,36.45,-100.44,22.0,150
2007,2007-03-28,TX,3,4,0,35.13,-100.94,6.35,600
2007,2007-03-28,TX,2,0,0,34.93,-100.74,4.15,528
2007,2007-03-28,OK,2,0,0,36.73,-100.41,6.0,100
2007,2007-03-28,TX,2,0,0,35.12,-100.78,4.53,200
2007,2007-03-28,KS,2,0,0,39.48,-101.55,34.0,700
2007,2007-03-28,NE,2,0,0,40.76,-101.77,15.93,900
2007,2007-03-28,TX,2,0,0,35.21,-100.58,3.61,200
2007,2007-03-28,TX,3,0,0,35.32,-100.55,7.99,1760
2007,2007-03-28,CO,3,9,2,38.02,-102.12,28.0,900
2007,2007-03-28,KS,3,0,0,38.08,-100.07,29.09,1320
2007,2007-03-28,TX,3,1,1,35.69,-100.49,7.77,1408
2007,2007-03-29,OK,2,5,0,35.5,-97.71,7.5,50
2007,2007-03-31,TX,2,4,0,29.39,-96.88,0.4,75
2007,2007-03-01,MO,3,0,1,36.59,-92.15,15.0,200
2007,2007-03-01,AL,4,2,1,32.12,-87.41,18.32,500
2007,2007-03-01,AL,4,50,9,31.28,-85.92,10.33,500
2007,2007-03-01,AL,2,6,0,32.03,-86.45,24.55,600
2007,2007-03-01,AL,2,0,0,34.08,-87.25,9.62,100
2007,2007-03-01,GA,2,4,1,32.49,-84.16,7.69,448
2007,2007-03-01,GA,3,9,0,32.72,-83.93,9.72,448
2007,2007-03-01,AL,2,1,0,32.51,-85.05,12.2,300
2007,2007-03-01,GA,2,3,0,33.42,-82.61,11.74,448
2007,2007-03-01,GA,3,11,2,31.92,-84.55,43.2,1790
2007,2007-03-01,GA,2,0,0,32.66,-83.15,13.27,895
2007,2007-03-01,GA,2,3,6,31.32,-84.45,30.53,200
2007,2007-03-01,GA,2,2,0,31.44,-83.89,4.55,150
2007,2007-03-01,GA,2,0,0,31.51,-83.76,2.93,200
2007,2007-04-11,IN,2,0,0,40.17,-85.96,4.1,100
2007,2007-04-14,GA,2,3,0,32.42,-82.96,6.03,200
2007,2007-04-15,GA,2,0,0,32.56,-82.15,5.39,200
2007,2007-04-15,GA,2,0,0,32.19,-83.18,3.64,200
2007,2007-04-15,FL,2,0,0,30.53,-82.25,1.5,300
2007,2007-04-15,SC,3,5,1,33.79,-80.5,19.04,300
2007,2007-04-20,NE,3,2,0,40.64,-100.28,15.74,440
2007,2007-04-20,NE,2,9,0,40.87,-100.21,18.92,1320
2007,2007-04-21,TX,2,1,0,34.06,-102.22,28.75,1230
2007,2007-04-21,TX,2,14,0,35.79,-102.13,26.72,1320
2007,2007-04-21,TX,2,0,0,35.68,-101.92,11.93,704
2007,2007-04-21,TX,2,3,0,34.53,-101.78,3.0,200
2007,2007-04-21,TX,2,0,0,35.17,-101.22,12.88,440
2007,2007-04-24,TX,3,0,7,28.64,-100.41,4.0,400
2007,2007-05-23,TX,2,0,0,36.18,-100.53,7.0,440
2007,2007-05-23,TX,2,0,0,36.31,-100.32,8.0,528
2007,2007-05-04,KS,5,63,11,37.36,-99.45,28.81,3000
2007,2007-05-04,KS,3,1,0,37.63,-99.26,23.5,3872
2007,2007-05-04,KS,3,2,1,37.69,-99.07,18.22,2110
2007,2007-05-04,KS,3,0,1,37.9,-98.95,17.4,1515
2007,2007-05-05,SD,2,0,0,42.95,-97.83,3.5,100
2007,2007-05-05,SD,2,0,0,44.07,-97.6,1.0,100
2007,2007-05-05,SD,2,0,0,43.07,-97.9,4.0,100
2007,2007-05-05,NE,2,4,0,42.76,-97.51,6.5,500
2007,2007-05-05,KS,2,11,0,39.39,-98.7,7.5,75
2007,2007-05-05,SD,3,0,0,43.68,-98.42,4.0,200
2007,2007-05-05,SD,2,0,0,43.1,-97.6,0.5,100
2007,2007-05-05,KS,2,0,0,37.8,-99.11,2.7,75
2007,2007-05-05,KS,2,0,0,37.68,-99.1,26.86,880
2007,2007-05-05,SD,2,0,0,43.73,-97.6,10.5,400
2007,2007-05-05,OK,3,1,0,35.39,-99.87,7.7,150
2007,2007-05-05,KS,2,0,0,37.99,-98.89,9.1,880
2007,2007-05-05,IA,2,0,0,41.05,-95.32,11.58,400
2007,2007-05-05,OK,2,1,0,35.84,-99.69,8.0,300
2007,2007-05-05,OK,2,0,0,36.12,-99.48,17.0,600
2007,2007-05-05,KS,2,5,1,39.07,-97.6,11.0,100
2007,2007-05-06,IA,2,0,0,41.18,-94.98,7.43,830
2007,2007-06-22,IA,2,0,0,41.49,-93.78,6.36,150
2007,2007-06-01,IA,3,7,0,41.27,-91.19,15.75,774
2007,2007-06-01,IA,2,0,0,42.21,-90.43,3.44,350
2007,2007-06-07,MN,2,0,0,46.57,-96.0,7.0,150
2007,2007-06-07,WI,2,0,0,44.78,-89.48,7.3,225
2007,2007-06-07,WI,3,3,0,45.01,-89.0,40.0,1320
2007,2007-07-15,ND,2,0,0,46.84,-97.45,3.0,150
2007,2007-07-15,ND,2,0,0,46.51,-97.38,3.0,200
2007,2007-07-15,ND,2,0,0,46.93,-97.61,8.0,250
2007,2007-07-21,TX,2,0,0,29.44,-97.97,2.0,150
2007,2007-08-24,MI,3,5,0,42.59,-84.83,6.5,300
2007,2007-08-24,MI,2,1,0,42.71,-84.01,23.52,440
2007,2007-08-26,ND,3,0,0,47.76,-97.93,6.0,580
2007,2007-08-26,ND,4,18,1,47.72,-97.61,5.0,1400
2007,2007-08-26,ND,2,0,0,47.72,-96.96,5.0,300
2007,2007-08-08,NY,2,9,0,40.63,-74.11,5.87,100
2007,2007-09-30,IA,2,0,0,41.46,-92.87,21.86,1250
2007,2007-09-05,TX,2,0,0,31.84,-96.44,6.12,80
2008,2008-11-14,SC,2,0,0,34.4,-79.33,1.49,40
2008,2008-11-15,NC,2,2,1,35.58,-78.11,4.09,150
2008,2008-11-15,NC,3,4,1,35.75,-77.92,8.19,100
2008,2008-12-10,AL,2,0,0,33.82,-87.14,4.66,400
2008,2008-12-10,AL,2,0,0,34.74,-86.07,4.46,300
2008,2008-12-08,TX,2,3,0,33.71,-96.61,3.63,125
2008,2008-12-09,LA,2,1,0,31.69,-92.21,18.08,300
2008,2008-12-09,MS,2,0,0,32.76,-90.46,28.58,450
2008,2008-12-09,MS,2,0,0,32.1,-90.05,0.97,300
2008,2008-01-10,MS,3,3,0,32.9,-90.0,9.73,1320
2008,2008-01-10,MS,3,3,0,33.13,-89.52,23.59,880
2008,2008-01-10,MS,3,11,0,33.66,-88.37,13.25,2500
2008,2008-01-10,TN,2,0,0,35.32,-87.59,1.29,400
2008,2008-01-10,AL,3,0,0,33.48,-87.51,5.62,350
2008,2008-01-29,IN,2,0,2,38.19,-87.87,7.01,100
2008,2008-01-07,IL,3,5,0,42.39,-88.83,13.2,100
2008,2008-01-07,WI,3,5,0,42.55,-88.33,10.78,200
2008,2008-01-07,MO,2,0,0,36.82,-94.01,12.43,200
2008,2008-01-07,MO,2,0,0,37.11,-93.53,6.44,200
2008,2008-01-07,MO,3,18,3,37.28,-93.16,50.39,300
2008,2008-01-07,MO,2,0,0,37.22,-93.17,6.69,300
2008,2008-01-07,MO,2,0,0,37.27,-93.07,8.6,200
2008,2008-01-07,MO,3,3,0,37.9,-92.06,1.77,400
2008,2008-01-07,MO,3,0,0,37.91,-92.03,4.67,400
2008,2008-01-07,MO,2,0,0,37.57,-92.8,5.44,300
2008,2008-01-08,AR,2,2,1,35.35,-93.01,20.46,440
2008,2008-02-17,AL,2,0,0,32.49,-87.11,7.58,400
2008,2008-02-17,AL,2,0,0,31.1,-86.8,14.42,500
2008,2008-02-17,AL,2,10,0,32.17,-86.82,11.0,225
2008,2008-02-17,AL,3,50,0,32.4,-86.48,14.65,440
2008,2008-02-17,AL,2,12,0,32.09,-85.16,75.63,1000
2008,2008-02-18,NC,2,3,0,35.44,-77.58,1.47,150
2008,2008-02-26,GA,3,1,0,33.56,-85.29,7.21,100
2008,2008-02-05,AR,4,139,13,35.1,-93.07,121.84,1320
2008,2008-02-05,TN,2,1,0,35.31,-89.76,8.09,150
2008,2008-02-05,AR,2,36,1,36.21,-92.62,12.5,880
2008,2008-02-05,MS,2,13,3,34.98,-90.01,10.24,440
2008,2008-02-05,MS,3,14,0,34.41,-89.53,7.15,1000
2008,2008-02-05,TN,3,14,3,35.37,-89.37,31.13,600
2008,2008-02-05,TN,4,51,0,35.68,-88.86,7.61,125
2008,2008-02-05,KY,2,2,0,36.96,-87.65,14.06,275
2008,2008-02-05,TN,2,0,0,35.77,-88.69,0.38,150
2008,2008-02-05,TN,4,5,3,35.27,-88.29,16.17,880
2008,2008-02-05,KY,3,24,3,37.16,-87.23,18.05,375
2008,2008-02-05,TN,2,0,0,36.25,-88.01,6.56,440
2008,2008-02-05,MO,2,0,0,36.69,-90.22,13.9,200
2008,2008-02-05,TN,2,1,0,35.8,-87.29,25.32,300
2008,2008-02-05,TN,3,63,22,36.38,-86.34,50.32,880
2008,2008-02-05,KY,2,0,0,37.66,-86.01,7.1,400
2008,2008-02-05,KY,2,0,0,37.7,-85.78,1.02,300
2008,2008-02-05,KY,2,0,0,37.73,-85.63,1.29,300
2008,2008-02-05,KY,2,0,0,38.27,-85.2,6.99,250
2008,2008-02-05,KY,2,2,0,37.81,-85.38,0.76,300
2008,2008-02-06,KY,2,0,0,37.69,-85.06,0.99,250
2008,2008-02-06,KY,2,1,0,38.36,-84.38,3.49,440
2008,2008-02-06,KY,3,11,4,36.64,-86.11,9.44,440
2008,2008-02-06,AL,2,4,0,33.53,-87.77,26.19,2000
2008,2008-02-06,AL,4,23,4,34.4,-87.29,16.7,880
2008,2008-02-06,AL,4,12,1,34.67,-85.84,10.9,660
2008,2008-02-06,AL,2,0,0,33.0,-86.5,15.9,2000
2008,2008-03-14,AR,2,0,0,33.72,-92.16,9.4,350
2008,2008-03-14,GA,2,30,1,33.77,-84.43,6.25,200
2008,2008-03-15,AL,2,0,0,33.87,-86.45,6.04,675
2008,2008-03-15,AL,2,0,0,33.98,-85.63,3.61,50
2008,2008-03-15,GA,3,2,2,34.09,-85.11,16.93,880
2008,2008-03-15,GA,2,0,0,34.01,-82.73,8.04,100
2008,2008-03-15,SC,3,2,0,34.23,-81.76,27.51,1320
2008,2008-03-15,SC,2,2,0,34.18,-80.83,6.89,1230
2008,2008-03-15,GA,2,0,0,33.21,-82.39,22.07,880
2008,2008-03-15,SC,2,0,0,33.49,-81.9,25.51,1760
2008,2008-03-15,SC,2,0,0,33.03,-81.5,18.0,1320
2008,2008-03-15,SC,3,0,0,33.24,-80.86,10.11,1320
2008,2008-03-15,GA,2,5,0,32.39,-81.31,7.0,440
2008,2008-03-15,GA,2,0,0,32.33,-81.2,0.5,100
2008,2008-03-31,MO,2,3,0,37.62,-93.16,4.67,300
2008,2008-03-31,MO,2,0,0,37.7,-92.67,1.79,75
2008,2008-03-03,MS,2,0,0,32.85,-90.79,6.95,440
2008,2008-03-03,MS,2,0,0,31.86,-88.77,8.34,350
2008,2008-03-07,FL,2,2,0,29.83,-83.6,0.4,200
2008,2008-03-07,FL,2,5,1,30.19,-82.65,1.49,800
2008,2008-04-10,OK,2,0,0,35.75,-94.81,2.75,300
2008,2008-04-10,OK,2,0,0,35.79,-94.54,9.0,400
2008,2008-04-10,AR,2,0,0,36.0,-94.11,3.0,600
2008,2008-04-10,TX,2,1,0,33.42,-94.24,5.54,200
2008,2008-04-10,IA,2,0,0,40.72,-92.06,1.83,220
2008,2008-04-11,TN,3,1,0,35.27,-87.4,10.34,100
2008,2008-04-11,TN,3,0,0,35.33,-87.2,4.71,100
2008,2008-04-11,KY,2,0,0,36.75,-85.08,3.14,300
2008,2008-04-11,KY,2,1,0,36.77,-85.04,8.69,400
2008,2008-04-11,TN,2,0,0,35.53,-86.44,7.48,200
2008,2008-04-23,TX,2,0,0,32.56,-97.41,0.31,100
2008,2008-04-24,KS,2,0,0,39.52,-98.13,14.08,1050
2008,2008-04-25,IA,2,0,0,41.53,-91.26,6.5,150
2008,2008-04-28,VA,3,200,0,36.71,-76.69,24.0,400
2008,2008-04-03,AR,2,1,0,34.59,-92.55,2.7,250
2008,2008-04-03,AR,2,0,0,34.64,-92.52,2.58,500
2008,2008-04-03,AR,2,0,0,34.81,-92.27,7.07,800
2008,2008-04-03,AR,2,0,0,34.94,-92.06,9.45,300
2008,2008-04-04,MS,2,20,0,32.4,-90.2,12.99,900
2008,2008-05-10,OK,2,0,0,34.9,-96.02,8.2,200
2008,2008-05-10,OK,4,350,21,37.0,-95.14,75.51,1760
2008,2008-05-10,OK,2,4,0,34.77,-95.6,19.0,580
2008,2008-05-10,OK,2,0,0,34.57,-95.7,3.5,100
2008,2008-05-10,AR,3,9,0,34.49,-91.59,14.05,1320
2008,2008-05-10,AL,2,0,0,33.88,-87.06,13.51,330
2008,2008-05-11,GA,2,0,0,33.55,-85.23,0.06,100
2008,2008-05-11,GA,2,0,0,33.07,-84.93,1.01,150
2008,2008-05-11,GA,2,0,0,33.11,-84.89,3.84,300
2008,2008-05-11,GA,2,0,0,33.58,-84.96,0.06,100
2008,2008-05-11,GA,2,0,0,32.82,-83.78,42.24,100
2008,2008-05-11,GA,2,2,2,32.61,-83.08,13.79,250
2008,2008-05-11,GA,2,3,0,32.7,-82.52,7.49,880
2008,2008-05-11,GA,3,0,0,32.34,-82.58,7.66,150
2008,2008-05-11,GA,2,3,0,32.26,-82.39,1.15,150
2008,2008-05-11,GA,3,2,0,32.28,-82.24,7.32,200
2008,2008-05-11,GA,4,9,0,31.41,-81.46,11.0,700
2008,2008-05-11,SC,2,0,0,32.69,-80.2,12.0,1760
2008,2008-05-11,NC,2,2,0,36.14,-77.19,15.0,200
2008,2008-05-11,NC,2,6,0,34.87,-77.24,4.98,100
2008,2008-05-15,LA,2,0,0,30.1,-92.18,7.6,200
2008,2008-05-22,CO,3,78,1,40.23,-104.75,38.69,1760
2008,2008-05-22,WY,2,1,0,40.9988,-105.274,25.13,100
2008,2008-05-22,KS,2,0,0,39.35,-100.51,9.37,300
2008,2008-05-22,CA,2,1,0,33.88,-117.25,2.8,75
2008,2008-05-23,KS,2,0,0,39.09,-100.26,14.0,1760
2008,2008-05-23,KS,4,2,0,38.94,-100.29,11.39,1320
2008,2008-05-23,KS,2,0,0,38.49,-100.05,11.8,1410
2008,2008-05-23,KS,2,0,0,38.56,-100.01,1.1,75
2008,2008-05-23,KS,3,0,0,37.34,-99.73,20.9,3170
2008,2008-05-23,KS,3,0,0,38.61,-99.88,9.01,715
2008,2008-05-23,KS,2,0,0,38.76,-99.69,9.0,1760
2008,2008-05-23,OK,3,0,0,36.67,-99.56,5.0,1100
2008,2008-05-23,KS,2,0,0,38.85,-99.67,8.2,250
2008,2008-05-23,OK,3,0,0,36.95,-99.12,11.0,980
2008,2008-05-23,KS,3,1,0,37.75,-99.04,18.2,1935
2008,2008-05-23,KS,2,0,0,37.27,-99.42,13.5,1600
2008,2008-05-23,KS,2,0,0,37.37,-98.75,6.9,250
2008,2008-05-23,KS,2,0,0,37.77,-99.62,17.2,950
2008,2008-05-23,KS,3,2,2,37.48,-98.63,21.9,1430
2008,2008-05-23,KS,2,0,0,37.93,-99.39,5.4,125
2008,2008-05-24,OK,2,0,0,36.14,-98.04,3.0,220
2008,2008-05-24,OK,2,0,0,36.22,-97.67,10.0,1600
2008,2008-05-25,IA,5,70,9,42.55,-92.88,40.97,2100
2008,2008-05-25,MN,3,17,1,45.18,-93.05,5.96,220
2008,2008-05-25,IA,3,3,0,42.6,-92.02,31.99,1232
2008,2008-05-29,NE,2,0,0,40.65,-99.21,14.06,100
2008,2008-05-29,NE,2,0,0,40.72,-99.12,31.63,400
2008,2008-05-29,NE,2,0,0,40.86,-98.04,7.6,1000
2008,2008-05-29,KS,3,0,0,39.47,-98.32,18.91,2000
2008,2008-05-29,KS,3,0,0,39.72,-97.97,55.22,1320
2008,2008-05-29,NE,2,0,0,40.34,-96.71,10.81,440
2008,2008-05-30,IA,2,10,0,41.23,-93.12,19.18,900
2008,2008-05-30,IN,2,18,0,39.83,-86.01,7.1,150
2008,2008-05-30,OH,2,6,0,41.09,-83.52,8.31,100
2008,2008-05-01,IA,2,0,0,43.14,-96.3,12.95,400
2008,2008-05-02,KS,2,0,0,38.97,-95.45,2.22,100
2008,2008-05-02,MO,3,0,0,39.29,-94.49,0.92,75
2008,2008-05-02,MO,2,0,0,39.22,-94.58,1.39,75
2008,2008-05-02,AR,3,24,5,35.31,-92.6,45.3,1600
2008,2008-05-02,AR,2,3,1,34.41,-92.49,40.72,300
2008,2008-05-02,AR,2,0,0,34.14,-92.58,22.85,200
2008,2008-05-02,AR,2,1,0,35.69,-90.24,3.38,150
2008,2008-05-02,AR,3,4,0,35.23,-90.52,20.23,400
2008,2008-05-02,TN,2,0,0,35.96,-89.67,1.37,40
2008,2008-05-02,MS,2,0,0,34.46,-89.16,3.11,440
2008,2008-05-02,MS,2,0,0,34.51,-89.03,0.52,100
2008,2008-05-02,AR,2,0,0,33.36,-91.4,10.52,400
2008,2008-05-08,MS,3,0,0,34.26,-88.79,7.56,200
2008,2008-05-08,MS,2,0,0,34.43,-88.53,1.4,100
2008,2008-05-08,AL,2,0,0,34.74,-87.47,21.86,250
2008,2008-05-08,NC,2,0,0,35.96,-80.46,3.54,100
2008,2008-05-08,NC,3,2,0,35.98,-80.38,2.9,300
2008,2008-05-08,VA,2,0,0,38.36,-77.52,3.42,150
2008,2008-05-08,NC,2,3,1,36.06,-80.02,3.85,200
2008,2008-05-09,NC,2,0,0,35.25,-81.18,18.21,75
2008,2008-05-09,NC,2,0,0,36.2,-76.82,11.7,300
2008,2008-06-11,IA,2,0,0,42.98,-95.54,5.73,300
2008,2008-06-11,NE,3,48,4,41.8,-96.12,14.23,440
2008,2008-06-11,IA,2,0,0,43.01,-95.28,13.08,100
2008,2008-06-11,KS,3,0,0,38.75,-97.68,16.45,225
2008,2008-06-11,KS,3,3,1,38.89,-97.11,15.26,880
2008,2008-06-11,KS,4,0,0,39.13,-96.71,8.64,440
2008,2008-06-11,KS,2,0,1,39.45,-96.11,17.28,300
2008,2008-06-18,OK,2,0,0,36.68,-100.9,12.02,200
2008,2008-06-03,IN,3,8,1,39.46,-85.68,9.68,150
2008,2008-06-03,IN,2,4,0,39.33,-86.14,10.59,150
2008,2008-06-05,NE,2,0,0,42.2,-99.46,29.85,50
2008,2008-06-05,NE,2,0,0,40.08,-95.52,28.89,880
2008,2008-06-05,SD,2,0,0,43.73,-96.77,2.56,100
2008,2008-06-06,MN,2,2,0,46.75,-95.08,14.11,450
2008,2008-06-06,MN,3,0,0,46.98,-95.02,7.29,400
2008,2008-06-07,WI,2,6,0,43.53,-89.26,8.63,3520
2008,2008-06-07,IL,2,0,0,41.2,-88.21,14.52,200
2008,2008-06-07,IL,2,0,0,41.36,-87.92,2.16,400
2008,2008-06-07,IL,2,0,0,41.4,-87.85,3.66,150
2008,2008-06-07,IL,2,6,0,41.44,-87.77,6.52,150
2008,2008-06-08,NE,2,0,0,41.14,-96.28,16.18,440
2008,2008-06-08,NE,2,3,0,41.19,-96.14,2.71,440
2008,2008-07-11,MN,2,0,0,47.3,-95.83,16.0,250
2008,2008-07-11,MN,3,2,0,45.07,-95.14,7.98,200
2008,2008-07-24,NH,2,2,1,43.15,-71.31,50.46,880
2008,2008-07-07,ND,3,3,0,48.85,-99.92,20.6,250
2008,2008-08-18,FL,2,0,0,26.62,-80.23,2.72,100
2008,2008-08-25,AL,2,0,0,33.58,-85.68,0.36,400
2008,2008-08-26,SC,2,0,0,34.58,-82.81,5.48,30
2008,2008-08-04,IN,2,0,0,41.55,-87.43,2.74,30
2008,2008-09-12,LA,2,0,0,30.61,-92.4,3.42,20
2008,2008-09-13,MI,2,0,0,42.38,-83.46,2.65,200
2008,2008-09-03,LA,2,0,2,30.54,-92.51,7.06,50
2009,2009-10-27,GA,2,0,0,32.002,-81.712,0.8,880
2009,2009-10-29,AR,2,0,0,33.6446,-92.6805,10.83,1250
2009,2009-10-29,LA,2,3,0,32.5072,-93.7578,12.97,600
2009,2009-10-29,AR,2,0,0,33.66,-92.8705,25.86,1250
2009,2009-10-09,KY,2,0,0,36.7145,-85.8867,15.82,880
2009,2009-10-09,KY,2,0,0,37.2402,-85.0503,1.3,220
2009,2009-12-23,TX,2,0,0,32.49,-94.69,7.03,200
2009,2009-12-23,TX,3,2,0,31.31,-94.72,4.06,300
2009,2009-12-23,TX,2,0,0,31.93,-94.38,10.13,200
2009,2009-12-24,LA,2,0,0,30.7703,-92.1534,5.67,50
2009,2009-12-24,LA,2,4,0,30.24,-92.4,6.64,100
2009,2009-12-24,LA,2,0,0,29.98,-92.53,5.58,50
2009,2009-12-02,GA,2,2,0,31.51,-82.24,5.13,440
2009,2009-02-10,OK,2,0,0,35.6631,-97.5309,5.72,250
2009,2009-02-10,TX,4,46,8,33.93,-97.62,36.99,880
2009,2009-02-18,GA,3,0,0,33.67,-82.87,19.74,880
2009,2009-02-18,GA,2,0,0,33.2232,-84.7678,20.43,1760
2009,2009-02-18,GA,3,3,1,33.26,-82.89,10.4,500
2009,2009-02-18,GA,2,0,0,30.8043,-84.182,5.94,250
2009,2009-02-18,GA,2,0,0,30.8124,-84.0815,10.44,400
2009,2009-02-19,GA,3,0,0,30.8239,-83.7993,1.45,500
2009,2009-02-28,AL,2,3,0,32.589,-85.2596,8.29,500
2009,2009-03-23,NE,2,0,0,42.5614,-98.6571,0.22,10
2009,2009-03-23,NE,2,0,0,40.6234,-96.5945,1.6,50
2009,2009-03-23,IA,2,0,0,41.5502,-95.9458,8.6,440
2009,2009-03-26,MS,3,25,0,31.7883,-89.8579,17.42,500
2009,2009-03-26,MS,2,1,0,31.7489,-89.3937,9.91,500
2009,2009-03-27,NC,2,1,0,34.8821,-78.9677,2.02,50
2009,2009-03-28,KY,3,2,0,37.6414,-87.7964,12.35,400
2009,2009-03-28,NC,2,0,0,34.5407,-78.673,1.6,40
2009,2009-03-08,IL,2,0,0,39.0433,-90.574,0.98,100
2009,2009-03-08,IL,2,0,0,38.25,-89.597,4.29,200
2009,2009-03-08,IL,2,0,0,38.5634,-88.35,5.64,100
2009,2009-03-08,IN,3,1,0,38.8498,-86.6062,1.06,1408
2009,2009-04-10,KY,3,2,0,37.1199,-87.4888,2.02,75
2009,2009-04-10,TN,4,58,2,35.7579,-86.848,23.25,750
2009,2009-04-10,TN,2,0,0,35.3511,-85.38,5.0,175
2009,2009-04-10,AL,3,5,0,34.495,-86.249,32.53,440
2009,2009-04-10,GA,2,0,0,34.49,-85.366,0.34,200
2009,2009-04-10,GA,2,0,0,34.43,-83.2659,9.5,200
2009,2009-04-10,SC,2,2,0,34.191,-82.469,6.71,300
2009,2009-04-10,GA,3,1,0,33.2922,-82.935,6.8,880
2009,2009-04-10,GA,3,12,0,33.469,-82.263,17.68,880
2009,2009-04-10,SC,3,14,0,33.41,-81.85,14.57,880
2009,2009-04-10,GA,3,4,0,33.12,-82.191,26.33,880
2009,2009-04-10,SC,2,0,0,33.1,-81.43,5.6,500
2009,2009-04-16,TX,2,0,0,32.3041,-101.579,11.31,450
2009,2009-04-18,KS,2,0,0,38.0339,-100.264,9.0,300
2009,2009-04-19,AL,2,0,0,33.8605,-86.442,9.19,300
2009,2009-04-19,AL,2,0,0,32.4594,-85.0231,3.45,250
2009,2009-04-25,OK,2,0,0,36.4319,-97.8801,1.5,30
2009,2009-04-25,OK,2,0,0,36.5161,-97.7879,1.25,50
2009,2009-04-26,OK,2,0,0,35.8716,-99.7751,10.3,300
2009,2009-04-29,TX,2,0,0,30.4432,-102.052,0.32,300
2009,2009-04-06,NC,2,0,0,34.4393,-78.5929,1.37,100
2009,2009-04-09,OK,2,4,0,34.6192,-94.5619,10.7,800
2009,2009-04-09,OK,3,7,0,34.01,-94.48,37.18,850
2009,2009-04-09,AR,3,30,3,34.5444,-94.3334,14.84,1075
2009,2009-04-09,TX,2,0,0,33.0541,-94.4864,16.76,190
2009,2009-04-09,AR,2,1,0,34.0096,-93.9583,2.73,250
2009,2009-04-09,AR,3,0,0,33.04,-94.04,9.89,850
2009,2009-04-09,TX,2,2,0,32.5363,-94.1434,37.17,500
2009,2009-04-09,AR,2,0,0,33.0134,-92.0012,13.6,600
2009,2009-04-09,LA,2,0,0,32.4184,-92.5302,12.6,300
2009,2009-05-13,MO,2,6,2,40.2317,-92.5947,5.8,150
2009,2009-05-13,OK,2,0,0,35.1638,-98.2432,7.29,250
2009,2009-05-14,IN,2,0,0,38.2,-87.57,10.35,125
2009,2009-05-15,TX,2,1,0,35.5522,-100.904,3.0,880
2009,2009-05-16,NY,2,1,0,42.73,-75.93,5.66,150
2009,2009-05-03,LA,2,2,0,32.073,-92.661,1.5,399
2009,2009-05-05,NC,2,1,0,35.679,-78.1077,2.77,100
2009,2009-05-06,AL,2,0,0,34.683,-86.819,10.9,75
2009,2009-05-08,MO,2,0,0,36.9098,-92.8328,2.48,880
2009,2009-05-08,MO,2,0,0,36.9161,-92.8704,2.3,1320
2009,2009-05-08,MO,2,2,0,37.5157,-93.0542,4.25,400
2009,2009-05-08,MO,2,0,0,37.6335,-92.5536,2.0,440
2009,2009-05-08,MO,3,0,0,36.8821,-91.9291,2.17,800
2009,2009-05-08,MO,2,2,0,36.9979,-91.8155,27.89,880
2009,2009-05-08,KY,3,15,2,37.65,-84.47,21.12,150
2009,2009-05-08,TN,2,0,0,36.36,-84.42,4.5,200
2009,2009-05-08,TN,2,0,0,36.46,-83.58,2.2,100
2009,2009-05-08,VA,2,0,0,37.0668,-82.5494,1.71,120
2009,2009-05-08,VA,2,0,0,36.9443,-81.9462,1.1,250
2009,2009-05-08,NC,2,6,0,36.5601,-81.041,4.92,200
2009,2009-06-12,MS,2,1,0,34.9518,-89.8428,2.88,75
2009,2009-06-13,TX,2,0,0,33.2,-99.95,3.56,440
2009,2009-06-15,CO,2,0,0,39.2385,-104.637,4.0,440
2009,2009-06-15,KS,2,0,0,37.9023,-99.0685,11.6,1400
2009,2009-06-17,MN,2,0,0,43.7229,-93.03,9.6,120
2009,2009-06-17,NE,2,0,0,40.8726,-98.1657,5.12,450
2009,2009-06-19,MI,2,0,0,42.4737,-86.0092,5.88,400
2009,2009-06-19,MI,2,0,0,42.3881,-85.4992,0.86,200
2009,2009-06-24,NE,2,0,0,42.64,-99.3288,4.56,20
2009,2009-06-05,WY,2,0,0,41.63,-104.383,8.31,100
2009,2009-06-08,IL,2,0,0,38.5514,-89.9208,11.79,176
2009,2009-07-13,WY,2,2,0,44.588,-104.429,9.4,600
2009,2009-07-13,NE,2,0,0,42.8297,-100.755,0.1,20
2009,2009-07-14,MN,2,0,0,45.3695,-95.4678,7.86,350
2009,2009-07-29,PA,2,2,0,40.9301,-75.251,4.58,100
2009,2009-07-29,NJ,2,0,0,41.2408,-74.67,7.42,100
2009,2009-07-30,AR,2,0,0,34.0628,-91.2735,33.37,600
2009,2009-07-30,MS,2,0,0,34.9131,-89.8301,5.82,440
2009,2009-07-08,ND,3,2,0,46.8554,-102.816,2.29,350
2009,2009-08-19,IL,2,3,0,39.6333,-90.0066,19.15,440
2009,2009-08-19,IL,3,19,0,39.9555,-89.5611,24.27,880
2009,2009-08-19,IN,2,0,0,41.6036,-87.0654,4.0,60
2010,2010-10-24,TX,2,4,0,32.1949,-96.5548,6.51,480
2010,2010-10-25,AL,2,0,0,34.624,-85.8542,20.28,300
2010,2010-10-26,IL,2,2,0,41.309,-87.7393,2.32,200
2010,2010-10-26,OH,2,0,0,40.6327,-84.1668,3.92,110
2010,2010-10-26,TN,2,6,0,35.1216,-85.1925,1.2,100
2010,2010-10-26,NC,2,11,0,35.544,-81.482,2.58,200
2010,2010-10-26,NC,2,0,0,35.703,-81.158,2.53,100
2010,2010-10-27,VA,2,0,0,36.58,-78.88,3.89,200
2010,2010-10-06,AZ,2,7,0,34.9863,-111.871,34.14,400
2010,2010-10-06,AZ,2,0,0,34.9976,-111.877,32.02,800
2010,2010-10-06,AZ,2,0,0,34.9824,-111.927,18.55,500
2010,2010-10-06,AZ,2,0,0,34.981,-111.876,2.77,200
2010,2010-10-06,AZ,3,0,0,35.9342,-111.001,0.01,1100
2010,2010-11-22,IL,2,6,0,42.3307,-88.97,18.1,200
2010,2010-11-29,LA,4,0,0,31.7947,-92.808,13.96,400
2010,2010-11-29,MS,2,0,0,32.7151,-90.6259,11.7,200
2010,2010-11-29,MS,2,0,0,32.8464,-90.4195,7.45,150
2010,2010-11-29,MS,3,6,0,32.905,-89.719,9.6,400
2010,2010-11-29,MS,2,15,0,33.44,-88.8299,1.68,200
2010,2010-11-29,MS,2,11,0,33.8767,-88.4628,0.28,125
2010,2010-11-30,MS,2,0,0,32.0123,-89.6019,11.03,600
2010,2010-11-30,GA,2,0,0,34.0426,-83.9505,2.11,100
2010,2010-12-14,OR,2,2,0,44.8398,-122.879,5.0,150
2010,2010-12-31,OK,3,10,4,35.9977,-94.5655,21.1,500
2010,2010-12-31,MO,3,4,0,37.6857,-92.1901,7.5,500
2010,2010-12-31,MO,3,6,2,37.9394,-91.8018,11.0,500
2010,2010-12-31,MO,2,0,0,38.3399,-90.8899,12.19,370
2010,2010-12-31,MO,3,6,1,38.4918,-90.4706,6.65,440
2010,2010-12-31,IL,3,1,0,39.9842,-89.862,3.63,200
2010,2010-12-31,MO,2,0,0,36.9407,-90.8514,2.63,200
2010,2010-12-31,MO,2,0,0,36.8186,-90.523,0.24,100
2010,2010-12-31,MS,2,0,0,32.0868,-90.3663,26.17,800
2010,2010-01-20,TX,3,0,0,32.4869,-94.1689,15.56,1087
2010,2010-01-20,TX,2,0,0,32.571,-95.8725,15.17,100
2010,2010-01-20,TX,2,0,0,32.0649,-95.6903,0.9,200
2010,2010-01-21,MS,2,0,0,31.8343,-90.3799,3.61,500
2010,2010-01-21,AL,2,1,0,34.7,-86.6398,6.6,150
2010,2010-03-10,AR,2,3,1,35.3969,-92.1422,3.43,300
2010,2010-03-28,NC,2,5,0,35.691,-80.431,5.0,200
2010,2010-03-28,NC,3,0,0,35.9616,-80.0785,4.29,250
2010,2010-03-28,SC,2,0,0,33.629,-82.042,2.39,440
2010,2010-03-28,SC,2,1,0,33.9932,-81.5013,5.01,440
2010,2010-03-08,OK,2,0,0,35.5635,-99.4618,9.48,100
2010,2010-04-22,TX,2,0,0,34.153,-100.664,9.0,1300
2010,2010-04-22,TX,3,0,0,34.1688,-100.512,12.25,975
2010,2010-04-24,MS,2,0,0,32.1575,-89.1141,22.89,1056
2010,2010-04-24,LA,4,146,10,32.4032,-91.2993,148.97,3080
2010,2010-04-24,MS,2,0,0,33.5302,-88.8531,6.98,800
2010,2010-04-24,MS,2,0,0,33.6349,-88.6019,1.87,300
2010,2010-04-24,AL,2,0,0,34.1036,-86.8062,5.75,300
2010,2010-04-24,AL,3,35,0,34.1917,-86.4146,18.61,1320
2010,2010-04-24,AL,3,0,0,33.7336,-87.2864,29.64,400
2010,2010-04-24,AL,3,10,0,34.3181,-86.1085,21.25,1320
2010,2010-04-24,AL,3,0,0,34.5256,-85.5888,14.35,440
2010,2010-04-24,AL,4,5,0,34.3439,-85.7105,16.62,880
2010,2010-04-24,TN,2,0,0,35.5689,-84.2829,14.0,100
2010,2010-04-25,SC,2,3,0,34.267,-80.029,0.63,50
2010,2010-04-25,SC,2,0,0,34.283,-79.907,2.99,75
2010,2010-04-30,AR,3,15,1,35.4173,-92.765,20.28,700
2010,2010-04-30,AR,2,0,0,35.3549,-92.6427,11.77,200
2010,2010-04-30,AR,2,8,0,34.4668,-92.4234,17.99,550
2010,2010-04-30,AR,2,0,0,34.693,-92.1878,34.68,1000
2010,2010-04-30,AR,2,0,0,34.114,-94.037,1.85,150
2010,2010-04-30,IL,2,0,0,38.3505,-90.3498,7.24,350
2010,2010-04-30,AR,3,0,0,35.446,-91.2711,7.74,1000
2010,2010-05-10,OK,3,3,0,36.808,-98.031,47.66,1500
2010,2010-05-10,KS,2,0,0,37.4997,-97.9898,3.14,700
2010,2010-05-10,OK,4,49,2,35.289,-97.504,24.0,2000
2010,2010-05-10,OK,4,32,1,35.1808,-97.4273,22.25,880
2010,2010-05-10,OK,2,3,0,35.118,-97.274,17.35,440
2010,2010-05-10,OK,3,3,0,35.34,-97.108,6.5,880
2010,2010-05-10,OK,3,28,0,35.246,-96.984,37.2,2200
2010,2010-05-10,OK,2,0,0,34.18,-97.512,4.5,400
2010,2010-05-10,OK,3,0,0,34.245,-97.319,4.9,400
2010,2010-05-10,OK,2,0,0,35.3833,-96.0266,12.0,1250
2010,2010-05-10,OK,2,0,0,35.4028,-95.8673,1.8,300
2010,2010-05-10,OK,2,0,0,35.441,-95.814,13.0,800
2010,2010-05-10,OK,2,0,0,35.497,-95.7354,1.3,200
2010,2010-05-10,OK,2,0,0,34.254,-96.432,1.85,400
2010,2010-05-13,OK,2,0,0,35.9972,-96.1317,22.7,500
2010,2010-05-13,OK,2,0,0,35.5942,-95.9394,6.0,300
2010,2010-05-13,OK,2,2,0,35.9991,-95.7132,5.1,550
2010,2010-05-13,OK,2,0,0,36.2224,-95.7481,6.0,450
2010,2010-05-13,OK,2,2,0,36.1413,-95.5111,8.7,1000
2010,2010-05-14,TX,3,0,0,31.8344,-102.73,4.28,500
2010,2010-05-18,TX,2,0,0,35.9099,-101.47,4.99,300
2010,2010-05-18,WY,2,0,0,41.18,-104.37,1.5,100
2010,2010-05-22,SD,4,0,0,45.448,-99.7479,5.7,1200
2010,2010-05-22,SD,2,0,0,45.54,-99.01,18.64,200
2010,2010-05-22,SD,2,0,0,45.8636,-98.3108,1.29,100
2010,2010-05-22,SD,2,0,0,43.3756,-99.8664,2.85,150
2010,2010-05-22,NE,2,0,0,42.9429,-99.9172,9.01,20
2010,2010-05-23,TX,2,0,0,31.0092,-103.435,3.96,300
2010,2010-05-23,NM,2,0,0,36.3571,-103.145,21.96,440
2010,2010-05-23,NM,2,0,0,36.1056,-103.166,8.82,440
2010,2010-05-24,SD,2,0,0,44.53,-102.12,22.25,440
2010,2010-05-24,SD,2,0,0,45.169,-102.15,22.85,440
2010,2010-05-24,SD,2,0,0,45.4381,-102.16,8.23,440
2010,2010-05-31,CO,2,0,0,37.3,-102.94,2.82,400
2010,2010-05-31,CO,2,0,0,37.0687,-102.603,9.24,300
2010,2010-05-02,KY,2,0,0,36.5222,-89.0553,12.46,600
2010,2010-05-02,TN,2,0,0,35.8088,-88.9066,3.04,200
2010,2010-05-02,MS,3,9,3,34.8008,-89.1893,29.58,880
2010,2010-05-02,KY,2,0,0,37.0571,-87.5981,9.54,300
2010,2010-05-02,TN,2,12,0,35.1184,-88.6892,25.74,880
2010,2010-05-02,MS,2,0,1,34.4891,-89.5129,1.43,75
2010,2010-05-02,TN,2,1,0,35.7911,-87.6977,9.15,600
2010,2010-05-02,TN,2,0,0,35.8921,-87.5126,3.89,250
2010,2010-05-02,KY,2,0,0,36.8855,-84.73,0.25,100
2010,2010-06-16,MT,2,0,0,45.18,-108.69,1.0,75
2010,2010-06-16,SD,2,2,0,45.0356,-101.613,1.38,450
2010,2010-06-16,SD,2,0,0,45.06,-101.33,0.4,50
2010,2010-06-17,MN,4,5,1,46.087,-95.437,39.56,2288
2010,2010-06-17,ND,4,1,0,47.54,-97.3,17.0,150
2010,2010-06-17,ND,2,0,0,47.31,-97.78,7.0,75
2010,2010-06-17,ND,2,0,0,47.9,-97.3,7.0,100
2010,2010-06-17,ND,2,0,0,47.35,-97.62,3.0,75
2010,2010-06-17,MN,4,20,0,46.41,-95.18,10.0,1936
2010,2010-06-17,MN,2,0,0,43.5129,-93.7331,1.46,50
2010,2010-06-17,MN,3,2,1,47.64,-96.18,15.0,150
2010,2010-06-17,MN,2,0,0,43.5314,-93.7229,2.5,50
2010,2010-06-17,MN,4,14,1,43.5755,-93.6404,16.91,1760
2010,2010-06-17,MN,3,0,0,43.702,-93.4188,18.15,1320
2010,2010-06-17,MN,3,0,0,43.7567,-93.2367,5.01,600
2010,2010-06-17,MN,3,0,0,43.8588,-93.1273,4.32,440
2010,2010-06-17,MN,2,1,0,43.8947,-93.0903,6.61,100
2010,2010-06-17,MN,2,2,0,45.7277,-92.8743,7.82,400
2010,2010-06-20,MT,2,0,0,45.81,-108.48,0.69,120
2010,2010-06-20,NE,2,0,0,40.0238,-98.0802,1.49,1300
2010,2010-06-21,MT,2,0,0,45.34,-105.55,0.5,100
2010,2010-06-21,WI,2,15,0,42.8679,-88.5031,5.22,880
2010,2010-06-25,MN,2,0,0,44.34,-94.6602,0.33,50
2010,2010-06-25,MN,2,0,0,44.2717,-94.355,4.34,75
2010,2010-06-25,MN,2,0,0,44.1001,-94.1394,0.86,50
2010,2010-06-25,MN,2,0,0,44.0054,-94.0399,1.9,40
2010,2010-06-25,IA,4,13,0,43.44,-95.951,13.65,800
2010,2010-06-01,IA,2,0,0,40.8021,-94.2289,1.51,250
2010,2010-06-02,TX,2,0,0,28.0499,-97.1254,3.76,500
2010,2010-06-05,IL,2,0,0,40.801,-90.0919,7.81,50
2010,2010-06-05,IL,2,0,0,41.1289,-89.3142,10.29,880
2010,2010-06-05,IL,2,17,0,41.1005,-89.0869,17.62,800
2010,2010-06-05,IL,2,0,0,40.7457,-89.4,3.08,250
2010,2010-06-05,IL,3,0,0,41.0998,-88.7302,8.55,440
2010,2010-06-05,IL,2,13,1,41.0876,-88.5213,5.96,300
2010,2010-06-05,OH,2,0,0,41.4879,-84.0131,7.24,700
2010,2010-06-05,IL,3,1,0,41.0636,-87.7523,7.75,175
2010,2010-06-05,OH,4,28,7,41.5512,-83.538,8.8,400
2010,2010-06-05,MI,2,0,0,41.9792,-86.4982,3.38,200
2010,2010-06-05,MI,2,0,0,41.962,-86.092,2.73,200
2010,2010-06-05,MI,2,0,0,41.8172,-85.6873,10.65,200
2010,2010-06-05,IN,3,1,0,40.6382,-86.1844,7.45,250
2010,2010-06-06,MI,2,11,0,41.9663,-83.7692,13.01,800
2010,2010-07-14,ND,2,0,0,46.45,-97.783,9.12,300
2010,2010-07-14,WI,2,0,0,44.7705,-92.5756,15.2,100
2010,2010-07-14,WI,2,0,0,44.7611,-92.3459,6.1,30
2010,2010-07-22,WI,2,0,0,42.8647,-88.2004,1.0,100
2010,2010-07-23,PA,2,0,0,41.67,-75.37,25.72,400
2010,2010-07-24,NY,2,0,0,42.2938,-79.586,7.61,150
2010,2010-07-24,NY,2,0,0,42.1606,-79.0162,7.62,800
2010,2010-07-26,MT,3,1,2,48.6597,-105.002,18.0,880
2010,2010-07-27,WI,2,0,0,46.2272,-90.63,0.93,650
2010,2010-07-02,MT,2,0,0,46.1819,-110.444,2.09,150
2010,2010-08-10,ND,2,0,0,47.69,-97.25,0.9,50
2010,2010-08-12,ND,3,1,1,48.813,-102.187,5.03,400
2010,2010-08-07,ND,4,0,0,46.11,-96.63,5.0,600
2010,2010-09-16,OH,2,0,0,40.7733,-81.9628,11.47,150
2010,2010-09-16,OH,2,1,0,39.7594,-82.4025,6.99,800
2010,2010-09-16,OH,2,7,0,39.4067,-82.2509,3.3,300
2010,2010-09-16,OH,3,16,1,39.1571,-81.7897,9.05,500
2010,2010-09-08,TX,2,1,0,32.7744,-96.879,2.69,516
2011,2011-10-18,FL,2,0,0,26.1228,-80.3292,1.11,125
2011,2011-11-14,NY,2,0,0,42.4464,-79.42,4.13,125
2011,2011-11-14,NY,2,0,0,42.3024,-79.5929,2.92,120
2011,2011-11-16,MS,2,15,0,31.7079,-89.2473,12.95,300
2011,2011-11-16,AL,2,1,0,32.3633,-88.0894,1.5,600
2011,2011-11-16,AL,2,4,0,32.5369,-85.6566,61.51,880
2011,2011-11-16,SC,2,5,3,34.82,-81.18,5.8,200
2011,2011-11-16,NC,2,15,2,35.7321,-80.2103,12.51,200
2011,2011-11-07,TX,4,0,0,34.33,-99.22,17.39,500
2011,2011-11-08,LA,2,0,0,32.036,-93.9509,9.59,200
2011,2011-12-22,GA,2,3,0,34.2463,-85.342,12.69,200
2011,2011-12-22,GA,3,4,0,34.3753,-85.0146,11.42,880
2011,2011-01-01,MS,3,2,0,33.0394,-89.8123,23.45,1300
2011,2011-01-01,MS,2,0,0,32.9012,-88.7666,6.07,860
2011,2011-01-01,MS,3,1,0,33.0609,-88.464,9.63,1330
2011,2011-02-24,MS,2,0,0,33.0,-90.96,7.34,400
2011,2011-02-24,KY,2,0,0,36.8956,-87.618,5.68,300
2011,2011-02-24,TN,2,0,0,35.6643,-88.237,12.19,400
2011,2011-02-24,TN,2,0,0,36.0871,-86.6163,7.51,100
2011,2011-02-24,TN,2,2,0,36.1188,-86.4179,8.0,150
2011,2011-02-27,IL,2,1,0,38.7308,-89.9266,2.7,200
2011,2011-02-28,IL,2,0,0,38.444,-89.4215,2.34,100
2011,2011-02-28,IL,2,0,0,38.9221,-88.9293,1.26,90
2011,2011-02-28,IL,2,0,0,38.9964,-88.8072,0.08,50
2011,2011-02-28,IN,2,0,0,38.34,-87.54,22.01,550
2011,2011-02-28,IN,2,1,0,38.34,-87.0,14.17,225
2011,2011-02-28,KY,3,1,0,38.351,-85.1598,2.26,150
2011,2011-02-28,TN,2,4,1,35.3094,-86.105,16.1,600
2011,2011-03-22,IA,2,0,0,41.3737,-94.1356,9.98,1410
2011,2011-03-23,PA,2,0,0,40.28,-79.74,8.96,300
2011,2011-03-23,TN,2,0,0,35.96,-85.639,9.0,100
2011,2011-03-23,TN,3,2,0,35.6596,-84.2322,5.8,500
2011,2011-03-05,LA,2,11,1,30.219,-92.3142,6.99,250
2011,2011-03-09,MS,2,0,0,32.1146,-90.3112,2.24,150
2011,2011-03-09,LA,2,0,0,30.2918,-89.7362,1.86,250
2011,2011-03-09,AL,2,4,0,30.5607,-88.2169,0.91,100
2011,2011-03-09,AL,2,0,0,30.5341,-87.761,2.05,350
2011,2011-04-10,WI,3,2,0,45.1113,-89.8858,21.15,1050
2011,2011-04-10,WI,2,0,0,44.0216,-89.9549,17.08,800
2011,2011-04-10,WI,2,0,0,45.6386,-88.8233,11.97,600
2011,2011-04-10,WI,2,0,0,44.2578,-88.2881,1.52,175
2011,2011-04-14,OK,2,0,0,36.4523,-96.3937,1.0,275
2011,2011-04-14,OK,3,40,2,34.2923,-96.2509,17.0,1320
2011,2011-04-14,OK,2,3,0,36.3735,-94.8743,0.5,100
2011,2011-04-14,OK,2,0,0,34.5092,-95.5091,7.0,1000
2011,2011-04-15,AR,2,0,0,34.6494,-91.965,6.98,200
2011,2011-04-15,MS,3,10,0,32.2908,-90.3754,16.53,528
2011,2011-04-15,AL,2,1,0,31.551,-88.282,0.9,150
2011,2011-04-15,MS,3,5,0,32.6882,-88.9872,48.52,1760
2011,2011-04-15,MS,2,2,0,33.1261,-89.7665,3.7,200
2011,2011-04-15,AL,2,0,0,32.789,-88.241,4.5,200
2011,2011-04-15,AL,3,0,0,33.012,-87.739,18.37,500
2011,2011-04-15,AL,2,0,0,32.7285,-87.6276,2.2,700
2011,2011-04-15,AL,2,0,0,32.4359,-88.3288,8.92,200
2011,2011-04-15,AL,2,0,0,32.6426,-87.8456,24.1,880
2011,2011-04-15,AL,3,4,1,32.1899,-88.0057,15.33,800
2011,2011-04-15,AL,2,0,0,31.624,-87.258,0.86,150
2011,2011-04-15,AL,2,0,0,32.3089,-87.9304,5.4,575
2011,2011-04-15,AL,2,0,0,31.7295,-87.0864,21.51,300
2011,2011-04-15,AL,2,0,0,32.2884,-87.738,10.87,600
2011,2011-04-15,AL,2,0,0,32.008,-88.331,38.81,800
2011,2011-04-15,AL,2,0,0,32.5666,-87.2943,0.8,500
2011,2011-04-15,MS,3,28,4,31.1311,-88.6325,18.3,500
2011,2011-04-15,AL,2,0,0,31.48,-87.684,0.35,200
2011,2011-04-15,AL,2,0,0,32.3882,-86.8329,9.98,800
2011,2011-04-15,AL,2,0,0,31.708,-87.152,8.52,400
2011,2011-04-15,AL,3,4,3,32.5803,-86.5818,9.29,400
2011,2011-04-15,AL,2,2,0,32.6937,-86.2032,20.75,1320
2011,2011-04-15,AL,2,0,0,31.877,-86.712,3.32,400
2011,2011-04-15,AL,2,0,0,31.203,-86.86,22.95,300
2011,2011-04-16,NC,2,6,0,36.4501,-79.002,26.24,300
2011,2011-04-16,NC,3,103,6,35.3378,-79.313,65.23,500
2011,2011-04-16,NC,3,176,2,35.0164,-79.1338,52.86,800
2011,2011-04-16,NC,2,13,3,34.8417,-78.6563,29.88,800
2011,2011-04-16,NC,2,0,1,34.5398,-78.7875,13.13,440
2011,2011-04-16,NC,2,10,0,35.658,-78.041,8.97,200
2011,2011-04-16,NC,2,0,0,36.4152,-77.7031,8.18,300
2011,2011-04-16,NC,3,30,0,35.3636,-77.8427,20.42,400
2011,2011-04-16,VA,3,24,2,37.1532,-76.704,46.89,800
2011,2011-04-16,NC,3,58,12,36.087,-76.9502,17.88,1300
2011,2011-04-16,NC,2,8,0,36.2102,-76.7827,17.51,500
2011,2011-04-16,NC,2,0,0,34.996,-77.64,2.41,200
2011,2011-04-16,VA,2,0,0,36.7529,-76.8396,22.61,400
2011,2011-04-16,VA,2,0,0,37.5331,-76.3528,2.8,400
2011,2011-04-16,NC,3,30,0,34.7335,-77.3765,3.76,450
2011,2011-04-16,NC,2,7,0,34.95,-77.01,4.07,200
2011,2011-04-19,IL,3,2,0,39.4427,-89.825,4.32,200
2011,2011-04-19,IL,2,0,0,39.4614,-89.6483,3.16,150
2011,2011-04-19,IL,2,0,0,39.2476,-89.6611,3.51,200
2011,2011-04-19,IL,2,0,0,37.9925,-88.134,1.8,125
2011,2011-04-19,IL,2,2,0,38.3268,-88.3021,10.57,150
2011,2011-04-19,IL,2,0,0,38.35,-87.9475,11.25,250
2011,2011-04-19,IN,2,0,0,38.3244,-86.8761,3.26,300
2011,2011-04-19,IN,2,0,0,38.5958,-86.6819,1.04,200
2011,2011-04-19,OH,2,0,0,40.5496,-84.5549,3.68,30
2011,2011-04-20,OH,2,0,0,40.0233,-82.4741,3.85,100
2011,2011-04-21,TX,2,0,0,30.2045,-102.445,7.82,800
2011,2011-04-22,MO,4,5,0,38.7364,-90.4863,21.3,880
2011,2011-04-22,IL,2,1,0,38.3493,-90.1548,3.52,90
2011,2011-04-22,IL,2,0,0,38.7034,-89.7144,18.19,700
2011,2011-04-22,KY,2,2,0,37.5892,-87.8407,15.51,300
2011,2011-04-23,IL,2,0,0,37.0728,-89.2284,2.9,175
2011,2011-04-23,KY,2,2,0,36.8802,-89.0328,4.0,450
2011,2011-04-25,AR,2,9,0,34.454,-93.3165,5.87,200
2011,2011-04-25,AR,2,10,0,34.5066,-93.302,14.44,300
2011,2011-04-25,AR,3,20,1,34.5903,-93.039,16.78,300
2011,2011-04-25,AR,2,16,4,34.8057,-92.6075,68.1,2900
2011,2011-04-25,AR,2,4,0,34.872,-92.1702,5.17,350
2011,2011-04-26,KY,3,0,0,36.6625,-87.5071,2.57,300
2011,2011-04-26,IN,2,0,0,38.1102,-87.3017,4.53,300
2011,2011-04-26,TX,2,0,0,32.4312,-94.3534,5.18,400
2011,2011-04-26,KY,2,0,0,37.555,-86.2394,3.01,440
2011,2011-04-26,TX,2,2,0,32.0988,-94.0643,42.37,850
2011,2011-04-26,LA,2,0,0,32.67,-91.44,10.99,880
2011,2011-04-26,LA,2,0,0,31.6199,-93.6951,17.45,300
2011,2011-04-26,MS,2,3,0,33.5387,-90.5828,11.82,440
2011,2011-04-27,MS,3,0,0,33.0877,-90.0775,23.0,1760
2011,2011-04-27,MS,2,0,0,33.0713,-89.9795,12.35,1760
2011,2011-04-27,MS,2,0,0,33.0057,-89.8017,23.01,860
2011,2011-04-27,MS,2,0,0,33.22,-89.81,8.81,880
2011,2011-04-27,MS,2,0,0,33.35,-89.5853,11.68,1760
2011,2011-04-27,MS,2,2,0,33.4166,-89.4349,6.79,1750
2011,2011-04-27,MS,3,25,0,33.4462,-89.3691,70.42,1800
2011,2011-04-27,MS,2,5,1,33.5092,-89.2547,13.33,1320
2011,2011-04-27,MS,2,1,0,34.4683,-88.2808,9.28,150
2011,2011-04-27,MS,2,0,0,32.9076,-88.5313,35.16,1410
2011,2011-04-27,AL,2,0,0,33.3007,-88.1496,14.36,1232
2011,2011-04-27,AL,3,0,0,33.2448,-87.8817,22.46,704
2011,2011-04-27,AL,3,0,0,33.163,-87.3716,20.26,200
2011,2011-04-27,AL,3,20,0,33.5979,-87.3278,18.9,375
2011,2011-04-27,TN,2,0,0,35.0022,-86.6981,25.95,400
2011,2011-04-27,AL,2,0,1,33.9176,-87.0472,30.32,880
2011,2011-04-27,AL,2,3,0,33.83,-86.8012,3.23,200
2011,2011-04-27,AL,2,20,0,33.4367,-86.7622,7.76,200
2011,2011-04-27,TN,2,0,0,35.4,-86.2739,1.98,75
2011,2011-04-27,AL,2,5,0,33.6473,-86.4153,3.84,200
2011,2011-04-27,AL,2,0,0,34.3616,-86.3712,19.97,880
2011,2011-04-27,AL,2,0,0,34.6372,-85.7691,5.75,200
2011,2011-04-27,TN,2,1,0,35.2975,-84.96,2.0,150
2011,2011-04-27,TN,2,0,0,35.02,-85.37,2.3,500
2011,2011-04-27,MS,3,8,0,34.2084,-89.5653,13.57,440
2011,2011-04-27,MS,5,6,3,32.7992,-89.1088,28.28,900
2011,2011-04-27,AL,4,48,6,34.0757,-87.0097,46.88,880
2011,2011-04-27,MS,3,25,4,33.7114,-89.3164,51.45,1320
2011,2011-04-27,AR,2,0,0,35.7699,-90.6161,1.23,200
2011,2011-04-27,AL,5,145,72,34.1043,-88.1479,132.0,2200
2011,2011-04-27,MS,2,2,0,32.0382,-90.4918,10.46,440
2011,2011-04-27,AL,4,54,13,33.2506,-88.1814,127.8,1408
2011,2011-04-27,MS,5,137,23,34.0455,-88.445,37.1,1320
2011,2011-04-27,MS,3,2,0,32.8496,-88.4528,23.74,1056
2011,2011-04-27,AL,4,50,14,34.6208,-85.9814,46.98,1260
2011,2011-04-27,MS,3,0,0,32.1397,-89.6912,8.87,440
2011,2011-04-27,AL,4,1500,64,33.0297,-87.935,80.68,2600
2011,2011-04-27,AL,4,0,1,34.7948,-85.909,30.24,1320
2011,2011-04-27,MS,3,0,0,32.2882,-89.1817,10.27,440
2011,2011-04-27,AL,3,25,0,34.0289,-87.9421,31.84,1320
2011,2011-04-27,TN,2,2,0,35.0248,-88.2735,3.84,200
2011,2011-04-27,TN,2,0,4,35.08,-84.95,27.95,250
2011,2011-04-27,AL,3,50,7,32.6152,-88.0543,72.13,1760
2011,2011-04-27,MS,4,17,7,32.0296,-89.5042,122.04,1050
2011,2011-04-27,AL,3,0,0,33.8129,-87.8108,7.96,880
2011,2011-04-27,TN,2,1,0,35.35,-84.4,10.5,200
2011,2011-04-27,AL,5,0,25,34.3907,-85.9784,36.63,1320
2011,2011-04-27,AL,4,85,22,33.6792,-86.5699,97.33,1760
2011,2011-04-27,TN,4,0,0,35.5324,-84.0504,14.45,1320
2011,2011-04-27,GA,4,335,20,34.8744,-85.1785,48.0,800
2011,2011-04-27,VA,2,7,1,36.7825,-79.0945,18.1,350
2011,2011-04-27,AL,4,30,7,32.6174,-86.193,44.18,880
2011,2011-04-27,GA,3,25,0,34.2703,-84.8674,23.05,880
2011,2011-04-27,TN,2,0,0,36.29,-82.7,8.8,150
2011,2011-04-27,TN,2,0,0,35.5094,-84.0673,16.9,440
2011,2011-04-27,AL,2,0,0,34.4059,-85.7294,6.47,250
2011,2011-04-27,TN,4,12,4,35.34,-85.42,40.16,880
2011,2011-04-27,TN,2,0,0,35.36,-85.39,4.5,250
2011,2011-04-27,GA,3,1,1,34.6656,-83.9427,36.99,900
2011,2011-04-27,TN,3,33,6,36.035,-82.808,15.8,1500
2011,2011-04-27,GA,2,6,0,32.9684,-85.0301,6.73,440
2011,2011-04-27,TN,2,0,2,36.39,-81.99,12.0,250
2011,2011-04-27,GA,2,0,0,32.82,-84.85,24.5,1320
2011,2011-04-27,GA,3,0,2,33.1663,-84.5806,21.68,880
2011,2011-04-27,GA,3,22,2,32.9958,-84.321,30.82,1056
2011,2011-04-27,TN,3,70,2,36.106,-82.702,13.6,1000
2011,2011-04-27,VA,3,50,3,36.65,-81.95,19.63,1320
2011,2011-04-27,NY,2,0,0,42.18,-76.7,0.86,300
2011,2011-04-28,VA,2,0,0,38.654,-78.962,33.51,400
2011,2011-04-28,NY,2,0,0,42.551,-75.773,7.37,400
2011,2011-04-28,PA,2,0,0,40.1062,-76.9265,2.62,100
2011,2011-04-28,PA,2,0,0,40.4041,-76.5589,1.07,200
2011,2011-04-04,AR,2,2,0,33.865,-93.521,1.84,200
2011,2011-04-04,KY,2,1,0,37.02,-88.98,6.42,300
2011,2011-04-04,KY,2,7,0,36.7835,-87.3969,5.26,200
2011,2011-04-04,LA,2,0,0,31.8,-92.13,12.57,440
2011,2011-04-04,LA,2,1,0,31.9099,-91.5102,28.01,880
2011,2011-04-05,GA,2,2,1,32.2846,-83.3234,3.13,50
2011,2011-04-08,VA,2,9,0,37.049,-80.803,1.9,400
2011,2011-04-09,IA,3,14,0,42.1535,-95.8283,3.38,1200
2011,2011-04-09,IA,2,0,0,42.3217,-95.3969,4.13,440
2011,2011-04-09,IA,3,0,0,42.3549,-95.286,10.14,1760
2011,2011-04-09,IA,2,0,0,42.3746,-95.2424,8.34,660
2011,2011-04-09,IA,3,0,0,42.5191,-95.1291,29.37,2640
2011,2011-04-09,IA,2,0,0,42.5556,-94.9744,1.6,220
2011,2011-04-09,IA,4,0,0,42.7293,-94.8557,3.2,587
2011,2011-04-09,IA,2,0,0,42.7105,-94.8144,0.9,146
2011,2011-05-21,KS,3,5,1,38.5053,-96.0036,10.11,700
2011,2011-05-22,IA,2,3,0,43.4091,-92.4933,28.68,250
2011,2011-05-22,IA,2,0,0,41.7916,-92.206,3.88,75
2011,2011-05-22,MN,2,0,0,43.7412,-91.4574,13.79,150
2011,2011-05-22,WI,2,1,0,44.0429,-90.5657,64.5,800
2011,2011-05-22,MO,5,1150,158,37.0524,-94.5932,21.62,1600
2011,2011-05-22,MO,2,0,0,37.0052,-94.1877,14.13,800
2011,2011-05-22,OK,2,0,0,36.553,-94.9733,6.7,800
2011,2011-05-22,OK,3,4,0,36.4812,-94.8951,17.93,1550
2011,2011-05-22,MO,2,0,0,36.8347,-93.5013,15.7,200
2011,2011-05-22,OK,2,0,0,36.1389,-94.7574,4.5,200
2011,2011-05-22,OK,2,12,0,36.1704,-94.6639,2.9,350
2011,2011-05-23,PA,2,0,0,40.6521,-77.1909,4.71,250
2011,2011-05-23,TN,2,3,0,36.5497,-87.8276,30.59,175
2011,2011-05-24,OK,3,2,1,36.059,-98.644,13.2,880
2011,2011-05-24,OK,3,0,0,35.35,-98.441,8.6,800
2011,2011-05-24,OK,5,181,9,35.444,-98.287,63.1,1760
2011,2011-05-24,KS,2,1,2,38.153,-98.705,11.81,500
2011,2011-05-24,OK,4,48,1,35.008,-97.961,33.3,880
2011,2011-05-24,OK,4,61,0,34.88,-97.732,23.1,880
2011,2011-05-24,OK,2,18,0,36.034,-97.163,10.4,880
2011,2011-05-24,OK,2,32,0,35.373,-97.131,2.0,50
2011,2011-05-24,OK,2,0,0,36.465,-96.576,17.0,750
2011,2011-05-24,TX,2,0,0,33.1359,-97.1911,1.52,220
2011,2011-05-24,OK,2,0,0,35.7631,-95.7423,10.2,400
2011,2011-05-24,OK,2,0,0,35.942,-95.3754,4.4,450
2011,2011-05-24,OK,2,0,0,34.8256,-94.7248,12.0,1760
2011,2011-05-24,AR,4,27,4,35.2781,-93.9515,45.71,2200
2011,2011-05-24,AR,3,4,1,35.4227,-93.5302,29.01,1430
2011,2011-05-25,IN,2,0,0,40.911,-87.3088,1.9,300
2011,2011-05-25,MO,2,20,0,38.6619,-93.22,2.11,500
2011,2011-05-25,MO,3,2,0,36.8147,-90.8492,47.41,1200
2011,2011-05-25,IL,2,0,0,38.3605,-89.1238,13.48,250
2011,2011-05-25,IL,2,0,0,37.22,-88.99,19.87,325
2011,2011-05-25,IN,3,0,0,38.8597,-86.3642,6.75,300
2011,2011-05-25,IL,2,0,0,38.9618,-87.7422,5.5,200
2011,2011-05-25,IN,2,0,0,38.1387,-87.6755,12.17,125
2011,2011-05-25,IN,2,0,0,38.31,-87.26,1.64,200
2011,2011-05-25,AR,2,0,0,33.2662,-91.52,6.25,352
2011,2011-05-25,CA,2,0,0,39.598,-121.621,0.21,10
2011,2011-05-25,IN,2,0,0,38.299,-86.9336,1.93,100
2011,2011-05-25,IN,2,0,0,38.6328,-86.4597,4.3,230
2011,2011-05-25,AL,2,0,0,34.5929,-87.5486,2.17,100
2011,2011-05-26,LA,3,4,0,30.6156,-90.0491,6.06,150
2011,2011-05-30,ND,2,0,0,46.6007,-96.94,4.27,600
2011,2011-05-30,ND,2,0,0,46.77,-96.87,4.0,400
2011,2011-05-30,ND,2,0,0,46.8749,-96.8725,7.44,600
2011,2011-06-12,ND,2,0,0,46.283,-101.916,6.0,800
2011,2011-06-19,MO,2,3,0,37.8592,-91.3555,2.77,80
2011,2011-06-19,KY,2,0,0,37.7473,-86.4204,1.0,60
2011,2011-06-20,KS,3,0,0,39.4898,-99.872,11.87,600
2011,2011-06-20,KS,3,0,0,39.7377,-99.7765,3.94,100
2011,2011-06-20,KS,2,0,0,39.796,-99.7207,4.0,75
2011,2011-06-20,KS,3,0,0,39.9001,-99.6932,8.4,100
2011,2011-06-20,NE,2,1,0,40.7278,-99.3941,4.0,440
2011,2011-06-20,NE,3,0,0,40.7833,-99.364,10.0,1320
2011,2011-06-20,NE,2,0,0,41.0756,-98.9303,2.5,200
2011,2011-06-20,NE,2,0,0,40.8031,-97.9366,9.43,440
2011,2011-06-20,NE,2,0,0,40.8285,-97.7878,15.26,440
2011,2011-06-20,NE,3,0,0,41.0764,-97.7156,9.49,880
2011,2011-06-22,KY,2,0,0,38.1986,-85.7726,1.2,120
2011,2011-06-22,KY,2,0,0,38.1949,-85.5778,1.6,100
2011,2011-06-01,MA,3,200,3,42.1,-72.75,37.58,880
2011,2011-07-10,ND,2,0,0,46.401,-99.792,11.98,50
2011,2011-07-10,ND,2,0,0,46.11,-97.95,26.0,600
2011,2011-07-17,ND,3,1,0,46.49,-98.63,16.18,880
2011,2011-07-01,MN,2,0,0,44.281,-96.13,1.33,440
2011,2011-07-01,WI,2,0,0,46.3154,-91.8745,2.93,300
2011,2011-07-04,ND,2,0,0,46.95,-97.14,3.0,600
2011,2011-08-10,OK,2,2,1,36.1393,-95.138,5.0,400
2011,2011-08-11,NE,3,0,0,42.5634,-100.209,0.52,900
2011,2011-08-21,NY,2,0,0,43.0664,-76.7855,7.88,200
2011,2011-08-23,WI,2,2,0,44.6875,-90.4707,7.61,200
2011,2011-08-26,NC,2,0,0,35.9185,-76.2233,0.49,50
2011,2011-09-14,AZ,2,0,0,35.3347,-111.706,0.5,50
2011,2011-09-25,KY,2,0,0,37.1725,-87.3822,0.52,80
2012,2012-10-17,MS,2,0,0,33.9672,-90.7018,1.25,150
2012,2012-10-17,MS,2,4,0,32.9946,-90.7006,4.43,440
2012,2012-10-17,MS,3,1,0,32.4374,-89.4521,14.36,880
2012,2012-12-25,TX,3,0,0,31.1613,-95.3208,9.72,300
2012,2012-12-25,LA,2,1,0,31.36,-92.487,4.62,500
2012,2012-12-25,LA,2,0,0,31.3,-92.453,0.77,200
2012,2012-12-25,MS,3,12,0,30.65,-89.681,60.34,300
2012,2012-12-25,MS,2,7,0,31.5157,-90.228,8.37,440
2012,2012-12-25,AL,2,0,0,32.0573,-88.3536,5.91,880
2012,2012-12-25,AL,2,0,0,30.67,-88.09,5.15,200
2012,2012-12-25,AL,2,0,0,31.618,-87.8672,29.85,150
2012,2012-12-25,AL,2,0,0,32.2043,-86.6041,9.55,900
2012,2012-12-25,AL,2,2,0,31.7252,-86.1472,15.7,600
2012,2012-01-11,NC,2,10,0,35.351,-81.794,3.8,200
2012,2012-01-11,NC,2,8,0,35.659,-81.485,4.15,300
2012,2012-01-17,KY,2,0,0,36.7019,-86.4652,8.22,150
2012,2012-01-17,MS,2,2,0,31.079,-89.7422,2.81,440
2012,2012-01-22,AR,2,0,0,33.7634,-92.5452,19.64,550
2012,2012-01-22,AR,2,0,0,34.1925,-91.7274,16.98,300
2012,2012-01-22,AR,2,0,0,34.329,-91.4269,14.43,400
2012,2012-01-22,IL,2,0,0,38.0331,-88.3652,18.03,100
2012,2012-01-22,MS,2,1,0,34.0797,-90.7148,3.41,332
2012,2012-01-23,AL,2,0,0,33.3257,-87.6579,0.45,400
2012,2012-01-23,AL,2,0,0,33.3961,-87.444,0.56,300
2012,2012-01-23,AL,2,1,1,33.4316,-87.3071,13.13,880
2012,2012-01-23,AL,3,75,1,33.6228,-86.7411,15.69,800
2012,2012-01-23,AL,2,0,0,32.7159,-87.2748,39.77,880
2012,2012-02-24,SC,2,0,0,33.7063,-81.3797,9.19,150
2012,2012-02-28,KS,2,12,1,38.7815,-95.9822,5.4,150
2012,2012-02-28,MO,2,12,1,37.55,-93.1902,9.5,100
2012,2012-02-29,MO,2,4,1,36.6994,-93.9178,1.7,400
2012,2012-02-29,MO,2,47,0,36.6223,-93.46,24.29,400
2012,2012-02-29,MO,2,1,0,37.3983,-90.5331,31.88,800
2012,2012-02-29,MO,2,0,0,37.4689,-89.9047,7.66,120
2012,2012-02-29,MO,2,1,0,37.5,-89.73,31.87,300
2012,2012-02-29,MO,3,0,1,36.9,-90.1891,19.96,700
2012,2012-02-29,IL,2,0,0,37.63,-89.05,14.91,300
2012,2012-02-29,IL,4,108,8,37.6945,-88.65,26.09,325
2012,2012-02-29,IL,2,5,0,37.11,-89.2,25.12,150
2012,2012-02-29,KY,2,1,0,37.2015,-87.1722,5.46,200
2012,2012-02-29,KY,2,0,0,37.6199,-85.9034,5.0,250
2012,2012-02-29,KY,2,1,0,37.4819,-86.1576,2.05,200
2012,2012-02-29,KY,2,0,0,37.5566,-85.7672,2.46,200
2012,2012-02-29,KY,2,0,0,37.5607,-85.7295,0.89,100
2012,2012-02-29,KY,2,0,0,37.8744,-83.3714,6.32,400
2012,2012-02-29,KY,2,0,0,37.1185,-85.0814,7.18,150
2012,2012-02-29,TN,2,7,2,36.0887,-85.1102,6.18,300
2012,2012-02-03,TX,2,0,0,30.522,-96.4313,0.51,100
2012,2012-03-15,MI,3,0,0,42.3956,-83.9571,7.57,800
2012,2012-03-15,MI,2,0,0,43.1261,-83.4336,4.59,400
2012,2012-03-18,NE,3,2,0,41.0149,-100.872,6.7,100
2012,2012-03-18,NE,3,2,0,41.1444,-100.872,1.71,100
2012,2012-03-18,NE,2,0,0,41.1745,-100.869,1.69,50
2012,2012-03-18,TX,2,3,0,32.0282,-102.339,1.0,40
2012,2012-03-19,TX,2,0,0,29.144,-98.942,3.5,440
2012,2012-03-19,TX,2,4,0,29.245,-98.761,5.0,100
2012,2012-03-21,LA,2,1,0,29.9746,-92.5181,4.16,20
2012,2012-03-21,MS,2,0,0,32.0713,-90.904,9.23,880
2012,2012-03-21,MS,2,0,0,32.2918,-89.8404,6.19,75
2012,2012-03-23,IL,2,2,1,38.273,-88.814,2.58,100
2012,2012-03-02,AL,3,0,0,34.7597,-86.9531,33.99,250
2012,2012-03-02,AL,2,0,0,34.8502,-86.5702,7.26,220
2012,2012-03-02,TN,3,44,0,35.128,-85.1608,41.0,400
2012,2012-03-02,IN,2,0,0,38.083,-87.8494,6.07,140
2012,2012-03-02,TN,2,3,0,35.3681,-84.3061,14.31,400
2012,2012-03-02,KY,2,1,0,37.7451,-87.9085,6.56,200
2012,2012-03-02,IN,4,0,11,38.4316,-86.1893,45.05,800
2012,2012-03-02,KY,2,0,0,38.6333,-85.4328,4.81,200
2012,2012-03-02,KY,2,0,0,37.8345,-86.7814,16.49,200
2012,2012-03-02,IN,3,5,3,39.0667,-85.407,8.69,350
2012,2012-03-02,KY,4,8,4,38.791,-84.633,9.85,880
2012,2012-03-02,KY,2,3,0,38.6,-84.89,5.4,150
2012,2012-03-02,KY,3,13,3,38.835,-84.353,20.41,440
2012,2012-03-02,OH,2,2,1,38.811,-83.5182,11.07,330
2012,2012-03-02,KY,3,118,10,37.905,-83.6146,84.99,1580
2012,2012-03-02,TN,2,20,0,36.2898,-85.4929,3.7,880
2012,2012-03-02,TN,2,0,0,36.302,-85.4673,6.94,400
2012,2012-03-02,KY,3,37,2,37.7012,-83.2745,49.04,1320
2012,2012-03-02,KY,2,40,6,37.1954,-84.2114,7.15,310
2012,2012-03-02,NC,2,0,0,35.0945,-84.2639,21.5,400
2012,2012-03-02,GA,3,1,0,33.8681,-85.2964,29.02,200
2012,2012-03-02,TN,2,4,0,36.5827,-83.6789,2.6,250
2012,2012-03-02,AL,2,0,0,32.7246,-86.5361,28.25,700
2012,2012-03-02,AL,2,4,1,32.8666,-85.9669,34.04,1000
2012,2012-03-03,NC,2,4,0,35.257,-80.687,2.94,200
2012,2012-03-03,GA,3,0,0,31.008,-83.2517,10.45,390
2012,2012-04-14,NE,2,0,0,40.4923,-96.2579,5.75,440
2012,2012-04-14,IA,2,4,0,40.7514,-95.8194,12.23,880
2012,2012-04-14,KS,4,0,0,38.406,-98.257,50.28,400
2012,2012-04-14,IA,2,2,0,41.027,-94.4806,16.59,800
2012,2012-04-14,KS,3,0,0,37.6134,-99.3765,48.02,1720
2012,2012-04-14,KS,3,0,0,37.9451,-98.8958,39.67,2640
2012,2012-04-14,KS,3,0,0,37.155,-97.8,18.11,400
2012,2012-04-14,KS,3,38,0,37.548,-97.348,13.2,1760
2012,2012-04-14,OK,3,29,6,36.1133,-99.7837,34.0,400
2012,2012-04-26,TN,2,1,0,35.3789,-88.708,1.89,200
2012,2012-04-27,CO,2,0,0,38.12,-102.77,6.2,300
2012,2012-04-27,CO,2,0,0,37.9909,-102.703,2.0,200
2012,2012-04-27,CO,2,7,0,38.0303,-102.601,19.06,200
2012,2012-04-27,CO,2,0,0,38.4809,-102.493,0.65,50
2012,2012-04-30,KS,2,0,0,37.0471,-99.0761,2.57,200
2012,2012-04-03,TX,2,10,0,32.492,-96.8595,13.7,200
2012,2012-04-03,TX,2,7,0,32.6306,-97.2194,6.4,150
2012,2012-04-03,TX,3,7,0,32.7495,-96.47,7.73,150
2012,2012-04-03,TX,2,3,0,32.878,-96.3286,3.34,400
2012,2012-05-10,TX,2,8,0,29.6992,-96.7935,0.62,150
2012,2012-05-19,KS,3,0,0,37.3576,-98.2344,9.72,100
2012,2012-05-19,KS,3,0,0,37.27,-98.22,9.68,150
2012,2012-05-24,NE,2,0,0,41.7164,-97.6028,0.75,100
2012,2012-05-25,KS,2,0,0,38.5345,-99.4087,9.2,950
2012,2012-05-25,KS,2,0,0,38.856,-98.854,0.17,150
2012,2012-05-25,KS,2,0,0,38.5548,-99.3094,1.0,150
2012,2012-05-25,KS,2,0,0,38.5641,-99.2351,5.8,650
2012,2012-05-01,OK,2,1,0,36.8872,-95.094,1.0,150
2012,2012-05-03,IA,2,0,0,41.1355,-91.67,6.73,440
2012,2012-06-22,SD,2,0,0,43.104,-103.83,16.68,800
2012,2012-06-24,FL,2,0,0,27.95,-81.68,6.22,150
2012,2012-06-04,MO,2,0,3,36.9736,-89.43,0.5,75
2012,2012-06-07,WY,2,1,0,42.05,-105.106,20.57,200
2012,2012-06-07,CO,2,0,0,39.1996,-104.2,7.49,880
2012,2012-08-30,MS,2,0,0,30.344,-88.553,0.77,40
2012,2012-09-01,AR,2,0,0,36.4075,-90.6526,0.9,75
2012,2012-09-04,WI,2,0,0,42.9089,-90.995,0.72,75
2013,2013-10-31,MO,2,0,0,36.7332,-89.85,1.93,100
2013,2013-10-03,NE,2,0,0,40.6827,-96.4637,15.27,300
2013,2013-10-04,NE,2,0,0,42.246,-98.092,6.64,264
2013,2013-10-04,NE,4,15,0,42.128,-97.077,18.34,2429
2013,2013-10-04,NE,3,0,0,42.4339,-97.8817,6.43,590
2013,2013-10-04,NE,2,2,0,42.0805,-96.3861,26.56,264
2013,2013-10-04,IA,4,0,0,42.3319,-96.1086,24.7,2600
2013,2013-11-17,IL,2,10,0,40.5756,-89.6569,2.26,100
2013,2013-11-17,IL,4,125,3,40.622,-89.5678,46.36,880
2013,2013-11-17,IL,4,2,2,38.42,-89.45,10.59,200
2013,2013-11-17,IL,2,5,0,41.2372,-88.3033,12.02,200
2013,2013-11-17,IL,2,0,0,38.9965,-88.929,11.4,200
2013,2013-11-17,IL,2,0,0,41.4093,-87.9312,5.21,200
2013,2013-11-17,IL,3,0,0,39.8413,-88.3291,18.74,440
2013,2013-11-17,IL,3,6,0,40.2351,-88.1663,29.83,880
2013,2013-11-17,IL,2,1,0,39.9445,-87.9026,19.68,440
2013,2013-11-17,MO,3,0,0,37.0209,-89.7338,14.25,600
2013,2013-11-17,IL,2,0,0,38.37,-88.53,9.48,150
2013,2013-11-17,IN,2,0,0,40.1017,-87.5307,5.94,150
2013,2013-11-17,IL,2,0,0,38.425,-88.1666,7.86,300
2013,2013-11-17,IN,2,0,0,40.1163,-87.2456,12.73,75
2013,2013-11-17,IL,2,0,0,38.419,-88.1483,4.14,100
2013,2013-11-17,IN,2,0,0,40.5557,-87.1475,11.99,1200
2013,2013-11-17,IL,2,1,0,38.4892,-87.9229,10.28,225
2013,2013-11-17,IN,2,0,0,40.6918,-86.8785,4.15,300
2013,2013-11-17,IN,2,0,0,40.3013,-86.9467,3.1,75
2013,2013-11-17,IN,2,0,0,40.5689,-87.0955,9.23,900
2013,2013-11-17,IN,3,0,0,40.3462,-86.8342,37.91,100
2013,2013-11-17,IN,2,1,0,38.5374,-87.6121,8.81,100
2013,2013-11-17,KY,3,34,3,37.098,-88.8781,42.5,500
2013,2013-11-17,IN,2,0,0,40.3263,-86.3946,25.44,150
2013,2013-11-17,IN,2,0,0,38.642,-87.2224,2.8,125
2013,2013-11-17,IN,2,5,0,40.4639,-86.1266,0.48,75
2013,2013-11-17,IN,2,2,0,40.0176,-86.534,3.67,75
2013,2013-11-17,KY,3,0,0,37.7006,-87.9403,14.12,200
2013,2013-11-17,IN,2,0,0,40.5515,-85.8383,11.75,700
2013,2013-11-17,IN,2,0,0,41.0366,-85.8926,4.14,150
2013,2013-11-17,KY,3,1,0,37.1533,-87.4898,8.23,200
2013,2013-11-17,OH,2,0,0,40.9609,-84.3852,11.11,440
2013,2013-11-17,OH,2,0,0,41.539,-83.568,11.28,100
2013,2013-11-26,NC,2,2,0,34.697,-76.774,0.36,200
2013,2013-12-21,AR,2,3,1,34.907,-90.559,15.57,300
2013,2013-12-21,AR,2,2,0,33.53,-91.44,49.26,440
2013,2013-12-21,MS,2,2,1,34.149,-90.767,10.07,300
2013,2013-01-12,KY,2,0,0,37.2784,-88.3739,1.83,200
2013,2013-01-29,MO,2,0,0,36.76,-90.26,3.39,100
2013,2013-01-29,LA,2,0,0,32.73,-91.57,5.37,100
2013,2013-01-29,IL,2,2,0,37.8424,-88.6174,0.97,125
2013,2013-01-30,KY,2,0,0,36.68,-87.56,2.06,200
2013,2013-01-30,KY,2,0,0,37.0595,-87.0544,5.14,325
2013,2013-01-30,TN,2,0,0,35.7771,-87.6505,2.98,300
2013,2013-01-30,TN,2,0,0,36.4389,-86.9095,4.97,200
2013,2013-01-30,TN,2,0,0,36.2208,-86.5461,4.53,150
2013,2013-01-30,KY,2,0,0,37.0272,-86.241,2.96,250
2013,2013-01-30,GA,3,17,1,34.3411,-84.9527,21.78,900
2013,2013-02-10,MS,2,3,0,31.1091,-89.9209,18.13,400
2013,2013-02-10,MS,4,71,0,31.2802,-89.4665,21.65,1320
2013,2013-02-21,MS,2,0,0,31.4481,-89.8583,6.27,400
2013,2013-03-18,AL,2,7,0,34.2687,-86.1326,4.21,220
2013,2013-03-18,AL,2,0,0,34.463,-85.9917,5.95,350
2013,2013-03-18,GA,2,0,0,33.1437,-84.6765,13.34,300
2013,2013-04-10,AR,2,5,0,35.489,-92.574,17.26,800
2013,2013-04-10,AR,2,0,0,36.0054,-92.0971,1.24,100
2013,2013-04-10,MO,2,2,0,38.7608,-90.4297,6.75,500
2013,2013-04-11,MS,3,9,1,32.6393,-88.8665,66.35,1320
2013,2013-04-11,AL,2,1,0,32.5327,-85.7365,5.09,200
2013,2013-04-18,OK,2,0,0,36.4918,-94.7809,8.0,800
2013,2013-04-19,GA,2,1,0,33.5069,-83.7465,11.04,175
2013,2013-04-27,MS,2,0,0,34.184,-89.9106,0.79,75
2013,2013-05-15,TX,4,54,6,32.412,-97.754,2.5,400
2013,2013-05-15,TX,3,7,0,32.255,-97.495,7.79,1733
2013,2013-05-18,KS,4,0,0,38.1429,-99.4706,7.0,1100
2013,2013-05-19,KS,2,0,0,37.5797,-97.5061,4.61,300
2013,2013-05-19,OK,3,4,0,35.693,-97.232,20.84,1200
2013,2013-05-19,OK,4,10,2,35.2531,-97.3001,23.0,1500
2013,2013-05-19,OK,2,0,0,35.458,-96.795,7.25,450
2013,2013-05-20,OK,5,212,24,35.284,-97.628,13.85,1900
2013,2013-05-20,OK,2,0,0,36.8129,-94.8461,10.0,800
2013,2013-05-20,IL,2,3,0,39.072,-89.7264,0.2,75
2013,2013-05-27,KS,3,1,0,39.857,-98.543,5.74,1580
2013,2013-05-27,NE,2,0,0,40.374,-98.014,4.47,250
2013,2013-05-27,NE,2,0,0,40.1798,-96.9171,5.93,600
2013,2013-05-27,KS,2,0,0,39.834,-96.737,3.83,150
2013,2013-05-28,KS,3,0,0,39.6676,-96.1213,4.4,900
2013,2013-05-28,KS,3,0,0,39.0376,-97.709,2.33,1000
2013,2013-05-28,MI,2,0,0,42.8519,-83.7734,5.1,500
2013,2013-05-28,MI,2,0,0,42.896,-83.574,4.61,300
2013,2013-05-29,NY,2,1,0,42.8457,-74.2034,12.8,1760
2013,2013-05-30,AR,2,2,0,34.6017,-93.8294,3.37,400
2013,2013-05-30,AR,2,5,0,34.2834,-93.4865,9.0,300
2013,2013-05-30,OK,2,5,0,34.3652,-94.4992,8.6,800
2013,2013-05-30,OK,2,0,0,36.0224,-95.7729,5.6,450
2013,2013-05-31,OK,3,26,8,35.485,-98.096,16.2,4576
2013,2013-05-31,OK,2,1,0,35.4858,-97.8511,5.0,150
2013,2013-05-31,MO,3,8,0,38.6867,-90.7498,31.71,1760
2013,2013-05-31,MO,3,0,0,38.8009,-90.1493,10.64,150
2013,2013-05-31,IL,2,0,0,39.1287,-89.8272,1.47,150
2013,2013-06-10,KY,2,4,0,36.713,-86.9166,13.9,325
2013,2013-06-12,IA,3,0,0,42.8824,-93.6832,6.2,200
2013,2013-06-12,IA,2,0,0,42.8246,-93.4745,5.2,300
2013,2013-06-12,IL,2,1,0,42.1668,-90.15,6.6,880
2013,2013-06-19,TX,2,0,0,33.4805,-102.561,5.2,350
2013,2013-06-26,KY,2,0,0,37.6212,-85.7988,6.65,300
2013,2013-07-15,MT,2,0,0,48.3511,-105.611,22.99,440
2013,2013-07-22,MN,2,0,0,47.3,-95.91,21.09,400
2013,2013-08-06,WI,2,0,0,44.383,-88.774,13.07,175
2013,2013-09-20,MS,2,0,0,31.398,-91.29,1.21,200
2014,2014-10-13,AR,2,4,1,33.6617,-94.2303,2.51,400
2014,2014-10-13,LA,2,0,0,32.4921,-92.2421,9.05,300
2014,2014-10-13,IL,2,0,0,39.631,-88.9567,10.0,200
2014,2014-10-07,WV,2,0,0,37.6014,-81.2012,3.01,150
2014,2014-11-17,FL,2,2,0,30.4025,-85.0746,22.21,420
2014,2014-12-23,LA,2,0,0,30.7289,-90.4799,4.62,150
2014,2014-12-23,MS,3,50,3,31.2273,-89.8331,12.51,880
2014,2014-12-23,MS,2,0,2,31.6986,-89.2239,5.89,350
2014,2014-12-29,GA,2,9,0,30.8157,-83.2833,0.74,180
2014,2014-02-20,IL,2,1,0,39.518,-90.841,12.09,80
2014,2014-02-20,IL,2,1,0,39.2586,-89.234,22.38,200
2014,2014-02-21,AL,2,1,0,34.4941,-85.6754,0.83,50
2014,2014-02-21,GA,2,0,0,32.5745,-82.9754,17.47,200
2014,2014-03-27,MO,2,0,0,40.03,-94.0,2.98,100
2014,2014-04-25,NC,2,1,1,36.054,-76.74,37.48,400
2014,2014-04-25,NC,2,2,0,36.06,-76.705,33.46,400
2014,2014-04-25,NC,2,0,0,35.47,-77.26,1.13,75
2014,2014-04-25,NC,3,16,0,35.51,-77.12,20.99,350
2014,2014-04-27,OK,2,37,1,36.912,-94.8215,11.37,325
2014,2014-04-27,KS,2,0,0,37.9269,-94.7125,16.13,400
2014,2014-04-27,KS,2,0,0,38.0371,-94.6419,8.5,400
2014,2014-04-27,AR,4,193,16,34.7787,-92.652,41.1,1320
2014,2014-04-27,AR,2,1,0,35.2491,-91.9215,7.32,880
2014,2014-04-28,LA,2,0,0,32.8866,-93.875,5.06,550
2014,2014-04-28,MS,3,32,0,34.2261,-88.8242,30.97,440
2014,2014-04-28,MS,4,84,10,32.88,-89.43,33.39,1320
2014,2014-04-28,AL,3,30,2,34.7753,-87.2324,15.56,600
2014,2014-04-28,TN,2,1,0,36.4286,-89.1416,12.08,150
2014,2014-04-28,MS,2,0,0,33.3664,-88.538,10.31,300
2014,2014-04-28,GA,2,0,0,33.122,-85.0556,5.7,150
2014,2014-04-28,TN,2,0,0,35.0186,-86.4875,9.53,250
2014,2014-04-28,MS,3,10,1,32.2291,-90.2225,29.72,400
2014,2014-04-28,MS,2,5,0,33.4382,-88.4064,14.27,500
2014,2014-04-28,MS,3,3,0,32.3703,-89.4564,4.27,150
2014,2014-04-28,TN,3,0,2,35.0066,-86.5497,26.76,500
2014,2014-04-28,MS,2,0,0,32.4116,-89.1147,5.59,400
2014,2014-04-28,AL,3,0,0,34.0957,-86.7598,8.88,350
2014,2014-04-28,MS,3,15,0,31.7419,-89.0892,10.46,880
2014,2014-04-28,MS,2,0,0,31.7579,-88.7559,9.2,250
2014,2014-04-28,AL,2,3,0,33.5856,-87.0055,5.46,1800
2014,2014-04-28,AL,2,0,0,33.3592,-86.995,5.14,600
2014,2014-04-28,AL,2,2,0,33.7993,-86.5395,14.6,1300
2014,2014-04-28,AL,3,0,0,34.1703,-86.0439,11.73,600
2014,2014-04-28,AL,2,0,0,34.3073,-85.9305,2.47,200
2014,2014-04-29,AL,2,0,0,34.3491,-85.8401,11.71,200
2014,2014-04-29,AL,3,13,0,32.465,-85.2336,11.45,1200
2014,2014-04-03,MO,2,0,0,36.6843,-90.8698,3.48,220
2014,2014-04-07,MS,2,8,0,31.6717,-89.6567,16.48,600
2014,2014-04-07,NC,2,5,0,35.57,-76.66,4.7,300
2014,2014-05-10,MO,2,0,0,39.2115,-94.1926,12.63,500
2014,2014-05-11,NE,3,0,0,40.4926,-98.1207,20.21,1300
2014,2014-05-11,NE,2,0,0,40.6638,-97.7309,9.38,750
2014,2014-05-11,NE,3,0,0,40.6922,-97.4531,19.14,2640
2014,2014-05-11,NE,2,0,0,40.77,-97.2,7.96,500
2014,2014-05-11,NE,2,0,0,40.872,-97.0351,4.67,330
2014,2014-05-11,NE,2,0,0,40.97,-96.7955,2.5,300
2014,2014-05-11,IA,2,0,0,41.6108,-94.5128,10.35,240
2014,2014-05-14,KY,2,0,0,36.9142,-87.4512,3.74,150
2014,2014-05-14,OH,3,0,0,39.6808,-83.848,8.93,400
2014,2014-05-22,NY,3,0,0,42.82,-74.19,6.79,440
2014,2014-05-26,TX,2,0,0,32.2946,-101.286,1.01,400
2014,2014-05-26,ND,2,9,0,47.71,-103.28,0.46,100
2014,2014-06-12,TX,2,0,0,30.8685,-98.0875,1.68,100
2014,2014-06-13,WY,2,1,0,44.714,-104.573,16.51,530
2014,2014-06-16,NE,4,0,0,41.893,-97.33,12.11,400
2014,2014-06-16,NE,4,20,1,41.9528,-97.1369,23.94,500
2014,2014-06-16,NE,4,0,1,41.9742,-97.04,11.5,500
2014,2014-06-16,NE,4,0,0,42.127,-96.8686,15.84,530
2014,2014-06-16,NE,2,0,0,41.8028,-99.1407,5.19,500
2014,2014-06-16,NE,2,0,0,41.8397,-98.9986,1.56,700
2014,2014-06-16,NE,2,0,0,41.8348,-98.9567,0.3,400
2014,2014-06-16,WI,2,5,0,42.7376,-90.5188,3.76,100
2014,2014-06-16,WI,3,0,0,43.0024,-89.5579,0.96,100
2014,2014-06-16,WI,2,0,0,43.0431,-89.4799,0.22,200
2014,2014-06-17,MT,3,0,0,45.4783,-104.183,10.0,880
2014,2014-06-17,NE,3,0,0,42.5371,-97.2563,3.96,2059
2014,2014-06-17,NE,2,0,0,42.4822,-97.0599,0.94,200
2014,2014-06-17,NE,2,0,0,42.4988,-97.0407,7.81,850
2014,2014-06-17,SD,2,0,0,43.5975,-97.0583,3.37,400
2014,2014-06-18,SD,2,0,0,44.0635,-98.8025,0.77,100
2014,2014-06-18,SD,2,1,0,44.0725,-98.573,2.22,200
2014,2014-06-18,SD,4,2,0,44.0372,-98.4032,11.5,880
2014,2014-06-18,SD,2,0,0,44.034,-98.8908,1.09,100
2014,2014-06-29,WI,2,0,0,43.0123,-90.4216,29.07,400
2014,2014-06-29,WI,2,0,0,42.9705,-90.2243,5.05,200
2014,2014-06-30,IA,2,0,0,42.2117,-92.5253,3.7,150
2014,2014-06-03,IA,2,0,0,41.3174,-95.5606,2.81,680
2014,2014-06-03,KS,3,2,0,39.97,-96.0455,6.33,500
2014,2014-06-08,CO,2,0,0,38.98,-105.445,6.0,150
2014,2014-07-21,MN,2,0,0,47.7,-96.86,37.92,800
2014,2014-07-27,TN,3,0,0,36.4695,-83.9766,4.66,800
2014,2014-07-28,MA,2,2,0,42.398,-71.0219,1.93,660
2014,2014-07-08,PA,2,0,0,41.55,-76.48,6.68,500
2014,2014-07-08,NY,2,0,4,42.99,-75.64,2.5,235
2014,2014-09-19,MN,2,0,0,48.86,-97.02,10.0,500
2014,2014-09-04,MN,2,0,0,46.5,-96.27,2.7,200
2014,2014-09-08,NC,2,1,0,34.828,-77.902,0.15,100
2015,2015-10-30,TX,2,0,0,29.127,-98.155,5.26,440
2015,2015-10-30,TX,2,0,0,29.624,-97.982,8.3,440
2015,2015-10-31,TX,2,0,0,29.511,-95.235,4.23,50
2015,2015-10-31,TX,2,0,0,29.6383,-95.1126,4.76,150
2015,2015-11-11,IA,2,0,0,40.8432,-93.0872,13.03,190
2015,2015-11-11,IA,2,0,0,41.4245,-92.4992,6.6,150
2015,2015-11-16,KS,3,0,0,37.0933,-100.87,51.26,2000
2015,2015-11-16,KS,2,0,0,38.2908,-100.294,16.52,1500
2015,2015-11-16,TX,3,0,0,35.299,-101.021,31.86,750
2015,2015-11-16,TX,2,0,0,35.253,-101.158,10.42,175
2015,2015-11-16,TX,2,0,0,32.6562,-102.446,5.57,100
2015,2015-11-16,KS,2,0,0,37.6301,-100.233,14.94,500
2015,2015-11-16,TX,3,0,0,35.457,-100.966,10.92,500
2015,2015-11-16,OK,2,0,0,36.522,-99.729,27.2,400
2015,2015-12-12,TX,2,0,0,32.4984,-95.3989,1.79,150
2015,2015-12-12,TX,2,0,0,30.4561,-95.4994,2.24,100
2015,2015-12-12,OK,2,3,0,34.0074,-95.1384,7.32,600
2015,2015-12-23,MS,3,28,2,34.0,-90.71,61.57,800
2015,2015-12-23,AR,2,0,0,34.694,-90.7741,4.65,100
2015,2015-12-23,MS,4,36,9,34.5955,-89.7055,75.09,1300
2015,2015-12-23,TN,2,0,2,35.5499,-87.8145,14.92,500
2015,2015-12-23,TN,3,4,0,35.1353,-87.9651,48.38,800
2015,2015-12-23,AL,2,1,0,34.954,-88.0731,14.87,400
2015,2015-12-23,TN,2,0,0,36.0614,-85.9708,8.37,250
2015,2015-12-25,AL,2,0,0,33.4433,-86.9137,0.88,130
2015,2015-12-26,TX,3,46,0,32.4623,-96.909,8.52,125
2015,2015-12-26,TX,4,468,10,32.796,-96.5894,13.04,550
2015,2015-12-26,TX,2,119,2,33.0607,-96.434,5.29,300
2015,2015-12-27,TX,2,0,0,32.6228,-94.3216,7.78,300
2015,2015-12-28,AR,2,0,0,34.702,-90.9161,5.75,40
2015,2015-01-03,MS,2,0,0,32.1304,-89.0711,8.03,200
2015,2015-01-04,AL,2,0,0,31.57,-86.375,14.32,100
2015,2015-03-25,OK,2,30,1,36.1832,-96.302,11.1,800
2015,2015-03-25,OK,2,7,0,35.3482,-97.5658,11.21,50
2015,2015-04-13,TX,2,0,0,33.1602,-95.0703,0.06,19
2015,2015-04-19,GA,2,0,0,33.2181,-81.9498,4.68,200
2015,2015-04-19,SC,2,0,0,33.481,-81.7618,19.54,660
2015,2015-04-25,KY,2,0,0,37.2499,-86.35,0.17,220
2015,2015-04-02,MO,2,0,0,36.91,-91.93,7.61,440
2015,2015-04-09,TX,2,0,0,32.0888,-95.2289,1.77,340
2015,2015-04-09,IL,4,11,2,41.853,-89.2896,30.14,700
2015,2015-05-10,SD,2,9,0,43.0923,-98.2234,16.16,400
2015,2015-05-10,OK,2,0,0,34.7649,-95.3112,15.0,880
2015,2015-05-10,TX,3,43,2,32.4095,-95.619,10.22,700
2015,2015-05-10,AR,2,8,2,33.9311,-93.8659,6.7,400
2015,2015-05-16,TX,3,0,0,34.3801,-99.5061,40.41,1600
2015,2015-05-16,MO,2,0,0,39.14,-94.22,10.03,250
2015,2015-05-16,OK,2,0,0,35.9727,-95.7615,16.0,1000
2015,2015-05-16,OK,2,0,0,36.1719,-95.57,9.8,1500
2015,2015-05-24,IL,2,0,0,41.2527,-90.9854,6.75,50
2015,2015-05-24,KS,2,0,0,37.5337,-100.319,14.62,250
2015,2015-05-25,OK,3,1,1,33.983,-96.2684,18.8,700
2015,2015-05-25,OK,2,0,0,34.27,-96.0933,8.0,1000
2015,2015-05-25,TX,2,6,1,30.8154,-97.1175,8.88,400
2015,2015-05-25,OK,2,0,0,34.552,-95.2235,13.3,1000
2015,2015-05-25,OK,2,0,0,34.9835,-94.6658,15.5,1700
2015,2015-05-25,TX,2,0,0,32.1177,-94.9438,19.45,600
2015,2015-05-27,TX,2,3,0,35.974,-100.423,1.39,1200
2015,2015-05-06,KS,2,1,0,39.7781,-98.3652,12.58,350
2015,2015-05-06,OK,3,0,0,35.1576,-97.8032,10.3,1500
2015,2015-05-06,KS,2,0,0,39.9476,-97.9662,20.12,400
2015,2015-05-06,KS,3,1,0,37.8404,-97.6507,16.48,300
2015,2015-05-06,KS,2,0,0,39.6838,-97.8974,36.24,800
2015,2015-05-06,KS,3,0,0,39.8584,-97.5478,1.87,100
2015,2015-05-06,OK,3,12,0,35.4061,-97.4769,2.0,700
2015,2015-05-06,TX,2,0,0,33.6434,-98.7318,12.0,400
2015,2015-05-09,TX,3,2,1,32.3032,-99.0133,3.79,1400
2015,2015-05-09,KS,2,0,0,39.4356,-100.615,18.75,150
2015,2015-06-19,SD,2,0,0,44.417,-103.007,19.69,100
2015,2015-06-22,IA,3,0,0,41.1657,-93.1169,11.12,575
2015,2015-06-22,IA,2,0,0,41.0234,-92.8428,1.71,290
2015,2015-06-22,IL,2,0,0,41.3839,-90.7945,4.22,440
2015,2015-06-22,IL,2,7,0,41.6565,-89.3213,7.8,880
2015,2015-06-22,MI,2,2,0,43.2542,-83.7432,11.27,250
2015,2015-06-22,IL,3,7,0,41.3082,-88.3823,16.26,1320
2015,2015-06-27,ND,2,0,0,47.72,-97.38,3.0,400
2015,2015-06-28,MO,2,0,0,38.8389,-90.6419,2.26,400
2015,2015-06-04,CO,3,0,0,40.25,-105.08,6.71,440
2015,2015-06-05,CO,2,0,0,39.5293,-102.915,1.47,300
2015,2015-07-12,MN,2,0,0,46.38,-95.07,12.09,400
2015,2015-07-13,KS,3,0,0,38.19,-97.99,5.32,350
2015,2015-07-16,IL,2,0,0,40.8741,-90.7009,1.72,300
2015,2015-07-16,IL,2,1,0,40.8892,-90.5936,5.95,700
2015,2015-07-16,IL,2,1,0,40.3618,-89.5496,2.39,250
2015,2015-09-24,SC,2,0,0,32.7192,-80.0552,6.85,880
2016,2016-10-14,OR,2,0,0,45.7200,-123.9400,0.7000,225
2016,2016-10-06,KS,2,0,0,38.7407,-97.5156,0.2100,60
2016,2016-10-06,KS,3,0,0,38.7815,-97.4704,6.4800,140
2016,2016-11-29,AL,2,3,0,34.5415,-87.9038,10.8700,100
2016,2016-11-29,AL,2,0,0,34.1946,-87.4701,3.2000,300
2016,2016-11-29,AL,3,0,0,34.4406,-87.0913,6.2000,175
2016,2016-11-29,AL,2,0,0,34.0699,-87.2016,9.5100,1000
2016,2016-11-29,AL,2,0,0,34.7400,-86.5300,19.8500,150
2016,2016-11-29,TN,2,2,0,35.2481,-85.4459,8.1500,350
2016,2016-11-30,AL,3,9,4,34.6900,-85.7800,13.4800,206
2016,2016-11-30,TN,2,20,0,35.4046,-84.6371,11.3300,200
2016,2016-11-30,TN,3,0,2,35.1109,-84.7264,4.6000,155
2016,2016-01-17,FL,2,2,0,27.2530,-82.5396,1.1500,350
2016,2016-01-17,FL,2,4,2,27.5380,-82.2190,9.2000,300
2016,2016-01-21,MS,2,0,0,31.3241,-89.6506,6.4600,530
2016,2016-01-09,FL,2,3,0,26.5700,-82.0370,3.3500,182
2016,2016-02-15,MS,2,0,0,31.6960,-90.4023,30.3400,250
2016,2016-02-15,FL,3,3,0,30.8707,-87.3810,16.4500,300
2016,2016-02-15,AL,2,0,0,31.2724,-86.8483,2.1900,250
2016,2016-02-23,LA,2,0,0,30.4960,-90.7592,4.3300,625
2016,2016-02-23,LA,3,0,0,29.9903,-91.0794,7.7800,350
2016,2016-02-23,LA,2,75,2,30.0408,-90.9632,12.9500,350
2016,2016-02-23,MS,2,0,1,31.1157,-89.5159,5.6300,100
2016,2016-02-23,LA,2,17,0,30.0732,-90.5067,4.6900,250
2016,2016-02-23,FL,3,3,0,30.4907,-87.2052,2.9900,300
2016,2016-02-24,VA,3,7,1,37.2318,-78.8576,16.8900,400
2016,2016-02-24,NC,2,0,0,36.3496,-78.5443,5.0700,125
2016,2016-02-24,VA,3,25,0,37.8001,-76.9989,30.3400,500
2016,2016-02-24,PA,2,0,0,40.0100,-76.0297,4.8700,400
2016,2016-02-02,MS,2,0,0,32.4685,-88.8749,21.2300,880
2016,2016-02-02,MS,2,0,0,32.7303,-88.5776,18.5200,300
2016,2016-02-02,AL,2,1,0,33.0273,-88.3177,26.2000,1200
2016,2016-03-15,IL,2,0,0,40.5621,-90.6736,8.2300,400
2016,2016-03-15,IL,2,10,0,41.5342,-90.3616,4.7800,200
2016,2016-03-15,IL,2,0,0,40.7135,-89.9146,7.5500,440
2016,2016-03-23,OK,2,4,0,35.6916,-94.5042,11.1000,800
2016,2016-03-27,KY,2,0,0,36.9801,-87.6681,15.4600,200
2016,2016-03-30,OK,2,7,0,36.2151,-96.0151,20.0000,800
2016,2016-03-30,OK,2,0,0,36.2840,-95.6384,6.4000,550
2016,2016-03-31,AL,2,0,0,34.4679,-86.9299,9.5500,200
2016,2016-03-01,AL,2,4,0,33.3260,-86.9965,5.5900,465
2016,2016-04-29,TX,2,0,0,32.4991,-95.4076,1.0000,400
2016,2016-04-29,TX,2,2,0,32.5007,-95.3712,25.9400,3221
2016,2016-04-29,TX,2,0,0,31.5980,-95.1160,7.1900,820
2016,2016-04-30,TX,2,3,0,30.5284,-94.0183,9.8600,500
2016,2016-04-06,AL,2,0,0,32.1271,-85.5662,7.7400,250
2016,2016-04-07,GA,2,5,0,31.6221,-84.8895,15.8000,250
2016,2016-05-10,KY,3,10,0,36.7551,-88.7525,19.0300,450
2016,2016-05-10,KY,2,0,0,37.4635,-86.8780,8.6000,300
2016,2016-05-11,MO,2,0,0,38.1244,-91.2033,4.4300,700
2016,2016-05-22,TX,3,0,0,32.2500,-101.6411,4.0100,500
2016,2016-05-22,TX,2,0,0,34.6600,-100.7000,6.5900,600
2016,2016-05-22,SD,2,0,0,43.0301,-100.4275,4.6400,100
2016,2016-05-22,TX,2,0,0,32.0391,-101.5283,3.0500,200
2016,2016-05-22,TX,3,0,0,31.9235,-101.5261,3.7100,200
2016,2016-05-22,TX,2,0,0,31.8922,-101.4981,1.9000,150
2016,2016-05-23,TX,3,0,0,34.3068,-100.7142,9.9900,800
2016,2016-05-24,KS,3,1,0,37.5031,-100.1355,14.7000,675
2016,2016-05-24,KS,3,0,0,38.2370,-100.1663,11.0200,300
2016,2016-05-24,KS,2,0,0,37.6460,-100.0988,5.0000,550
2016,2016-05-24,KS,2,1,0,37.6999,-100.0935,16.7000,1800
2016,2016-05-24,KS,3,0,0,37.8614,-100.0489,1.9000,150
2016,2016-05-24,KS,3,0,0,38.1961,-100.0382,7.7000,700
2016,2016-05-24,KS,2,0,0,37.7947,-99.3725,5.4000,150
2016,2016-05-24,KS,3,0,0,37.8645,-99.2707,8.3000,1100
2016,2016-05-25,KS,4,8,0,38.9955,-97.4365,25.0900,900
2016,2016-05-25,OK,2,0,0,36.4966,-98.0699,5.0000,300
2016,2016-05-26,TX,2,0,0,30.3069,-96.0471,1.2800,100
2016,2016-05-28,TX,2,0,0,30.4034,-99.4670,4.8200,150
2016,2016-05-07,CO,2,0,0,40.2300,-104.1700,8.8000,1320
2016,2016-05-07,CO,2,4,0,40.1198,-102.2327,7.9400,440
2016,2016-05-08,KS,2,0,0,39.0500,-99.2218,6.8800,440
2016,2016-05-09,OK,4,0,1,34.5590,-97.3570,8.9000,400
2016,2016-05-09,OK,3,0,0,34.5650,-97.1460,16.6000,1500
2016,2016-05-09,OK,3,0,1,34.3910,-96.6380,9.0600,700
2016,2016-05-09,NE,2,0,0,40.8213,-96.0074,3.2700,100
2016,2016-05-09,OK,2,0,0,36.1940,-97.1710,6.3500,600
2016,2016-05-09,OK,3,2,0,33.9647,-95.9914,13.8000,3100
2016,2016-06-11,MT,3,7,0,46.3100,-104.2500,3.0000,200
2016,2016-06-13,SD,2,0,0,43.8634,-103.2461,7.4200,200
2016,2016-06-13,TX,2,0,0,35.4280,-101.6430,4.9600,100
2016,2016-06-19,MN,2,0,0,46.4449,-93.9158,3.5200,730
2016,2016-06-22,IL,2,0,0,41.3669,-88.7100,8.0500,300
2016,2016-06-22,IL,2,4,0,40.9183,-88.7776,11.1000,440
2016,2016-06-22,IN,2,0,0,40.8100,-85.4355,2.3500,300
2016,2016-06-28,NE,2,0,0,42.0900,-101.8300,1.0000,150
2016,2016-07-11,MN,2,0,0,45.1237,-94.5454,3.1000,100
2016,2016-07-11,MN,2,1,0,45.2969,-94.4144,2.2200,400
2016,2016-07-17,IA,2,5,0,42.1531,-92.0327,1.5900,100
2016,2016-07-17,IA,2,4,0,41.8912,-91.8966,3.9900,75
2016,2016-07-26,NE,2,0,0,42.8151,-102.3054,1.0000,100
2016,2016-07-04,KY,2,5,0,38.1021,-82.6289,2.6300,70
2016,2016-07-07,KS,3,0,0,37.9600,-96.4500,4.1900,1144
2016,2016-07-07,KS,2,0,0,37.8411,-96.3154,3.5900,150
2016,2016-08-15,IN,2,0,0,39.9615,-86.3367,3.8000,150
2016,2016-08-24,IN,2,0,0,40.0018,-86.8735,5.3700,125
2016,2016-08-24,IN,3,20,0,40.4613,-86.1884,8.6300,300
2016,2016-08-24,IN,3,0,0,41.1475,-84.9187,5.1600,500
2016,2016-08-24,OH,2,0,0,41.2220,-84.6813,4.4200,250
2016,2016-08-24,OH,2,0,0,41.3231,-84.3803,2.6400,400
2016,2016-08-27,ND,3,0,0,47.4900,-97.1000,3.0000,300
2016,2016-08-28,MN,2,0,0,47.5000,-96.4100,9.5700,400
2016,2016-08-03,ND,2,0,0,48.5600,-99.6100,20.0200,1200
2016,2016-08-03,ND,2,0,0,47.7700,-98.8600,3.2500,300
2016,2016-09-09,IL,2,0,0,39.9728,-88.0739,6.2600,75
2017,2017-10-23,SC,2,1,0,34.9720,-81.9890,3.0200,350
2017,2017-10-23,SC,2,0,0,35.1140,-81.7270,4.8600,150
2017,2017-10-23,NC,2,0,0,35.7430,-81.3900,4.8700,1300
2017,2017-10-02,KS,2,0,0,38.6056,-100.9164,18.3100,450
2017,2017-10-08,SC,2,0,0,34.7640,-82.7600,8.4200,300
2017,2017-10-08,SC,2,0,0,34.5100,-81.9670,22.2800,200
2017,2017-11-05,IN,2,1,0,40.3491,-85.3483,38.7200,600
2017,2017-11-05,OH,2,8,0,40.5408,-84.5732,5.4100,200
2017,2017-11-05,OH,2,0,0,41.1777,-82.9741,0.6100,150
2017,2017-11-05,OH,2,0,0,40.7284,-82.7968,1.0900,200
2017,2017-11-05,OH,2,0,0,41.5189,-80.6467,6.7000,200
2017,2017-12-19,TX,2,0,0,31.7435,-95.1926,3.0800,691
2017,2017-12-19,TX,2,0,0,31.8934,-94.9435,6.3900,1300
2017,2017-12-04,MO,2,1,0,40.3779,-91.6274,7.9700,50
2017,2017-01-15,TX,2,0,0,31.4900,-97.6700,12.9200,200
2017,2017-01-15,TX,2,0,0,31.0817,-99.2111,1.9900,450
2017,2017-01-19,MS,2,1,0,31.8672,-89.6690,19.2600,500
2017,2017-01-21,MS,3,57,4,31.1855,-89.4799,31.0600,900
2017,2017-01-21,AL,2,4,0,31.8476,-88.2905,20.4200,800
2017,2017-01-21,GA,2,0,0,32.8318,-84.4239,5.6800,300
2017,2017-01-21,GA,2,0,0,32.5114,-83.7901,12.8500,350
2017,2017-01-21,SC,2,1,0,33.3089,-81.3711,13.7800,1600
2017,2017-01-21,TX,2,0,0,32.5199,-94.2529,6.9300,230
2017,2017-01-21,TX,2,1,0,32.8087,-94.1962,13.3600,800
2017,2017-01-21,LA,2,1,0,32.8883,-93.6432,10.7900,990
2017,2017-01-21,LA,2,1,0,31.6824,-93.0381,2.0400,300
2017,2017-01-21,MS,2,1,0,32.4914,-88.6020,7.2800,550
2017,2017-01-22,GA,2,3,0,30.8997,-83.9821,18.6700,700
2017,2017-01-22,GA,3,45,11,30.9998,-83.5841,24.6600,700
2017,2017-01-22,GA,2,1,0,31.5704,-84.8654,12.0300,400
2017,2017-01-22,GA,3,88,5,31.4373,-84.3447,70.4000,2200
2017,2017-01-02,MS,2,0,0,31.7314,-89.6559,4.2000,300
2017,2017-01-02,AL,2,0,0,31.1104,-85.5078,7.8200,500
2017,2017-01-02,GA,2,0,0,31.2767,-85.0086,4.3400,400
2017,2017-01-02,GA,2,0,0,31.2567,-84.9037,10.8700,1000
2017,2017-01-02,GA,2,0,0,31.3690,-84.7196,4.4300,500
2017,2017-02-14,TX,2,0,0,29.5410,-95.7149,0.6800,300
2017,2017-02-19,TX,2,0,0,29.4907,-98.4991,4.6400,600
2017,2017-02-20,TX,2,0,0,30.5501,-97.3594,9.4000,200
2017,2017-02-20,TX,2,0,0,30.5443,-97.3525,4.2400,100
2017,2017-02-25,PA,2,0,0,41.2525,-75.7638,12.5200,500
2017,2017-02-28,IL,3,14,2,41.3239,-88.9504,11.5000,800
2017,2017-02-28,IL,3,0,0,40.9128,-89.3609,17.7700,600
2017,2017-02-28,IL,2,0,0,40.9856,-88.9865,4.5000,75
2017,2017-02-28,AR,2,1,0,35.2200,-91.6800,1.1000,250
2017,2017-02-28,MO,4,12,1,37.7238,-90.0055,53.4700,1100
2017,2017-02-28,IL,3,2,1,38.1370,-88.1148,44.1300,440
2017,2017-02-28,IN,2,0,0,38.4040,-87.0710,5.8000,150
2017,2017-02-07,LA,2,3,0,30.3128,-90.5857,23.0800,500
2017,2017-02-07,LA,3,33,0,30.0105,-90.0000,10.0900,600
2017,2017-02-07,LA,3,3,0,30.6210,-90.9030,6.4300,350
2017,2017-02-07,MS,2,0,0,32.4393,-89.5248,4.8300,880
2017,2017-02-09,GA,2,7,0,32.3400,-81.5600,9.8100,300
2017,2017-03-24,TX,2,0,0,32.4825,-94.4499,2.7100,225
2017,2017-03-24,AR,2,0,0,34.5035,-92.7678,1.1200,150
2017,2017-03-24,AR,2,6,0,34.9262,-92.2479,2.1500,100
2017,2017-03-28,TX,2,0,0,31.6706,-101.6766,1.7900,75
2017,2017-03-29,LA,2,0,0,30.7928,-92.6769,3.5700,100
2017,2017-03-31,VA,2,0,0,36.7400,-76.2300,8.8600,350
2017,2017-03-01,IN,2,0,0,38.5991,-87.1394,0.1500,30
2017,2017-03-01,IN,2,0,0,38.6573,-87.0782,1.5200,30
2017,2017-03-01,IN,2,1,0,38.6900,-86.3406,0.6800,25
2017,2017-03-01,IN,2,0,0,38.7991,-86.0166,0.2500,50
2017,2017-03-01,KY,2,0,0,36.5827,-88.6263,1.5500,200
2017,2017-03-06,MO,2,0,0,39.4280,-94.5988,19.5700,1000
2017,2017-03-06,MO,3,12,0,38.9590,-94.2394,17.7400,400
2017,2017-03-06,IA,2,0,0,40.6174,-93.2085,14.9200,250
2017,2017-03-06,IA,2,0,0,40.6891,-92.8760,9.6600,90
2017,2017-03-06,IA,2,0,0,41.2766,-91.2594,0.3100,150
2017,2017-03-06,IA,2,3,0,41.4092,-91.0732,1.7800,200
2017,2017-03-06,IA,2,0,0,41.4528,-90.8675,25.2500,1000
2017,2017-03-06,IA,2,0,0,41.5990,-90.7988,34.6800,200
2017,2017-03-06,AR,2,1,0,35.9252,-93.3880,36.6400,700
2017,2017-03-07,IL,2,0,0,40.3920,-89.5381,2.8000,200
2017,2017-03-09,MO,2,0,0,36.7170,-90.8040,9.6400,600
2017,2017-03-09,MO,2,0,0,36.6169,-89.3918,9.6600,250
2017,2017-03-09,KY,2,0,0,36.5690,-89.1867,10.1700,250
2017,2017-04-14,TX,3,0,0,34.5720,-102.3590,3.5500,1936
2017,2017-04-27,GA,2,0,0,32.5409,-84.6735,21.7100,700
2017,2017-04-28,OK,2,0,0,35.1017,-94.5783,8.1000,750
2017,2017-04-29,TX,4,25,2,32.2572,-96.0180,21.4200,1760
2017,2017-04-29,TX,2,10,0,32.2510,-95.9803,11.6800,100
2017,2017-04-29,TX,3,24,2,32.3991,-95.8756,39.7100,1760
2017,2017-04-30,MO,2,0,0,36.7772,-89.5800,4.0400,150
2017,2017-04-30,MS,2,0,0,31.4795,-91.4255,3.4400,440
2017,2017-04-30,MS,2,0,0,31.9338,-90.9845,19.9000,880
2017,2017-04-30,MS,2,0,0,32.6538,-90.3195,21.7000,1700
2017,2017-04-30,MS,2,0,1,32.8556,-90.0951,23.4000,1900
2017,2017-04-30,MS,2,0,0,33.3033,-89.7531,15.4900,1936
2017,2017-04-02,LA,2,0,0,31.1255,-92.5368,6.1100,800
2017,2017-04-02,LA,2,0,0,31.5788,-92.2513,5.5500,1636
2017,2017-04-02,LA,2,0,0,31.5115,-92.2521,13.6600,2252
2017,2017-04-02,LA,2,0,0,31.7476,-92.1618,1.0900,440
2017,2017-04-02,LA,2,1,0,31.7365,-92.0389,13.7700,880
2017,2017-04-02,LA,2,2,0,32.0870,-91.6894,5.8300,616
2017,2017-04-03,GA,2,0,0,32.8592,-83.3733,3.2600,200
2017,2017-04-03,SC,2,0,0,33.5900,-80.7870,6.7200,600
2017,2017-04-04,MO,2,0,0,36.7197,-94.4324,16.5000,300
2017,2017-04-05,AL,2,0,0,31.7595,-85.1753,10.3600,1140
2017,2017-04-05,GA,2,0,0,31.9114,-84.8277,16.8600,1320
2017,2017-04-05,SC,2,1,0,33.8390,-81.7940,7.2000,1000
2017,2017-04-05,GA,2,0,0,32.3323,-82.9856,20.1900,400
2017,2017-04-06,FL,2,0,0,27.5739,-80.8352,4.1200,150
2017,2017-05-11,TX,2,0,0,31.8150,-94.4989,4.5700,800
2017,2017-05-16,WI,3,25,1,45.2529,-92.1619,82.5300,1320
2017,2017-05-16,TX,2,0,0,35.3700,-100.2900,9.1800,1250
2017,2017-05-16,OK,2,0,0,35.5640,-99.9170,10.2500,150
2017,2017-05-16,OK,2,10,1,35.2402,-99.5550,18.0000,1000
2017,2017-05-16,KS,3,2,0,38.1987,-99.0186,26.6400,300
2017,2017-05-17,IL,2,1,0,41.1533,-90.0811,1.2900,50
2017,2017-05-18,TX,2,0,0,34.1330,-98.8940,2.0000,100
2017,2017-05-18,OK,2,0,0,35.2461,-95.9500,13.7000,850
2017,2017-05-18,OK,2,0,0,35.7583,-95.3846,2.8000,400
2017,2017-05-23,GA,2,0,0,31.9849,-80.9971,7.4900,300
2017,2017-05-24,SC,2,0,0,34.1058,-81.6403,12.1000,250
2017,2017-05-24,NC,2,0,0,35.7980,-80.7830,3.2000,100
2017,2017-05-24,NC,2,1,0,36.0230,-80.6180,5.9400,225
2017,2017-05-24,NC,2,0,0,36.2634,-80.4434,16.1000,700
2017,2017-06-12,CO,2,0,0,40.8995,-104.3346,14.9800,300
2017,2017-06-12,WY,2,2,0,42.2760,-104.1957,25.5500,500
2017,2017-06-12,WY,2,0,0,43.6916,-106.6850,1.5800,250
2017,2017-06-12,NE,2,0,0,41.8219,-103.3408,31.6500,300
2017,2017-06-16,NE,2,0,0,41.0994,-95.9611,13.9900,250
2017,2017-06-28,IA,2,0,0,40.7567,-95.5628,3.7000,135
2017,2017-06-28,IA,2,0,0,40.5851,-94.7771,6.9900,1000
2017,2017-06-28,IA,2,1,0,42.1919,-91.5271,11.6900,200
2017,2017-06-28,IA,2,0,0,42.2906,-91.1883,2.5000,30
2017,2017-06-09,ND,2,0,0,48.8100,-98.2100,18.0000,800
2017,2017-06-09,ND,2,0,0,48.2600,-99.7400,8.0000,600
2017,2017-07-11,ND,2,0,0,47.6400,-97.3100,22.0000,1200
2017,2017-07-11,ND,2,0,0,47.3800,-96.9800,11.6400,600
2017,2017-07-11,MN,2,0,0,47.2200,-96.5100,12.8100,500
2017,2017-07-20,NY,2,0,0,42.7416,-78.8575,6.1100,700
2017,2017-07-23,MD,2,1,0,38.9637,-76.3485,2.3700,150
2017,2017-08-18,IA,2,0,0,43.3400,-95.6800,5.1400,250
2017,2017-08-19,NE,2,0,0,41.8294,-99.5806,0.6500,540
2017,2017-08-29,LA,2,0,0,30.2276,-92.5776,2.1800,175
2017,2017-08-31,AL,2,6,0,33.3793,-88.0344,31.2400,600
2017,2017-08-31,AL,2,0,0,34.1522,-86.6058,13.6300,300
2017,2017-08-06,OK,2,30,0,36.1097,-95.9367,6.9000,550
2017,2017-09-10,FL,2,0,0,28.1529,-81.8798,0.5900,50
2017,2017-09-10,FL,2,0,0,28.6864,-80.8366,1.5500,125
2017,2017-09-10,FL,2,0,0,29.7200,-81.2300,1.2000,300
2017,2017-09-04,OH,2,2,0,40.7892,-82.8770,16.6700,400
2018,2018-10-11,VA,2,0,0,37.2382,-77.8593,1.6200,150
2018,2018-10-13,TX,2,0,0,31.1749,-100.6599,3.0100,644
2018,2018-10-31,LA,2,2,0,31.2470,-92.4784,37.8900,500
2018,2018-10-31,LA,2,0,0,30.7914,-92.6606,13.2700,900
2018,2018-10-31,LA,2,0,0,30.9874,-92.2640,7.8100,800
2018,2018-10-02,PA,2,1,0,41.7531,-80.3561,4.1000,50
2018,2018-10-02,PA,2,0,0,41.5450,-77.1782,2.1700,300
2018,2018-10-02,PA,2,0,0,41.1420,-79.1680,4.0900,200
2018,2018-10-02,PA,2,0,0,40.1430,-79.3990,1.5600,250
2018,2018-11-24,NC,2,0,0,34.6809,-76.9226,2.8000,75
2018,2018-11-30,OK,2,5,0,35.6064,-94.9933,47.0000,1100
2018,2018-11-30,AR,2,2,0,35.4601,-94.3993,5.6000,600
2018,2018-11-01,LA,2,0,0,31.0403,-92.1475,5.6600,800
2018,2018-11-01,MS,2,0,0,31.5698,-91.3664,0.9900,200
2018,2018-11-01,LA,2,2,0,30.7601,-89.9292,2.2500,200
2018,2018-11-01,LA,2,0,0,30.9257,-89.8464,0.6600,200
2018,2018-11-02,VA,2,0,0,36.8222,-78.8417,1.7400,300
2018,2018-11-02,MD,2,0,0,39.3479,-77.1713,5.4500,400
2018,2018-11-05,LA,2,0,0,31.7434,-93.4507,5.8500,475
2018,2018-11-05,LA,2,0,0,31.8563,-93.0949,19.6500,400
2018,2018-11-05,MS,2,0,0,34.2611,-88.8254,10.2100,200
2018,2018-11-06,TN,2,3,1,35.6504,-86.5305,8.4500,150
2018,2018-11-06,TN,2,0,0,35.2078,-86.2074,29.4200,500
2018,2018-12-18,WA,2,0,0,47.5070,-122.6395,1.3500,285
2018,2018-12-01,IL,2,0,0,39.1522,-89.6324,6.7900,100
2018,2018-12-01,IL,3,22,0,39.4140,-89.3950,12.4900,900
2018,2018-12-01,IL,2,0,0,39.6301,-89.2008,8.3900,400
2018,2018-12-01,IL,2,0,0,40.3839,-88.7228,2.4400,100
2018,2018-12-02,GA,3,4,0,30.7800,-81.5500,7.0900,900
2018,2018-01-21,TX,2,0,0,33.4474,-94.6484,7.0600,560
2018,2018-02-24,TN,2,1,1,36.6392,-87.0126,12.1800,350
2018,2018-02-24,AR,2,5,1,36.3001,-90.6333,41.9300,150
2018,2018-02-24,MO,2,2,0,36.7508,-89.5846,0.9500,150
2018,2018-02-24,KY,2,9,0,36.8315,-87.4835,5.3900,200
2018,2018-02-24,TN,2,2,0,36.5513,-87.2707,4.0700,200
2018,2018-02-24,KY,2,0,0,37.2332,-85.6240,1.3000,100
2018,2018-03-11,LA,2,4,0,31.1011,-92.2172,0.3900,50
2018,2018-03-19,AL,2,0,0,34.9572,-87.2049,23.5400,600
2018,2018-03-19,AL,2,0,0,34.2216,-86.2939,3.7600,690
2018,2018-03-19,AL,2,0,0,33.8552,-86.2398,15.6800,2000
2018,2018-03-19,AL,3,4,0,33.8453,-85.9472,34.9900,2175
2018,2018-03-19,GA,2,0,0,33.6226,-84.6252,0.5300,315
2018,2018-04-13,AR,2,4,0,35.5490,-94.2621,11.7000,1000
2018,2018-04-13,AR,2,0,0,34.2555,-94.0670,2.2000,350
2018,2018-04-13,MO,2,0,0,37.0944,-92.4922,9.0000,100
2018,2018-04-13,LA,2,0,0,32.0150,-92.2693,4.1100,340
2018,2018-04-14,LA,2,0,0,32.4459,-92.9053,5.3800,210
2018,2018-04-14,AR,2,0,0,33.2670,-91.5019,8.8800,700
2018,2018-04-14,LA,2,0,0,30.3459,-92.0480,4.1300,650
2018,2018-04-14,MS,2,2,0,32.3558,-88.7321,8.4900,780
2018,2018-04-15,SC,2,0,0,33.9101,-81.3645,2.9800,200
2018,2018-04-15,NC,2,5,0,36.0468,-79.7597,32.7500,500
2018,2018-04-15,VA,3,12,0,37.3264,-79.2410,20.4000,600
2018,2018-04-03,IL,2,0,0,38.8877,-88.9976,18.2000,100
2018,2018-04-03,IL,2,0,0,37.8071,-88.7347,12.3500,350
2018,2018-04-03,KY,2,0,0,37.2461,-88.3920,4.3200,300
2018,2018-04-06,LA,2,0,0,32.0137,-93.4824,10.1300,1800
2018,2018-05-14,KS,2,0,0,37.0601,-96.7227,0.8000,75
2018,2018-05-15,NY,2,0,0,41.4996,-73.6847,1.1800,100
2018,2018-05-27,WY,2,0,0,41.2747,-105.1089,1.0000,500
2018,2018-05-01,KS,3,0,0,38.9400,-97.8830,15.7800,880
2018,2018-05-02,OK,2,0,0,34.3240,-98.8090,4.1000,600
2018,2018-06-13,PA,2,0,0,41.7182,-76.6881,5.1600,250
2018,2018-06-13,PA,2,6,0,41.2436,-75.8467,2.9000,150
2018,2018-06-22,AL,2,3,0,34.2415,-87.1344,7.0200,260
2018,2018-06-26,KS,3,8,0,37.8115,-96.3084,9.1500,500
2018,2018-06-28,MT,2,0,0,45.3753,-104.0813,6.6000,200
2018,2018-06-28,SD,3,0,0,45.4092,-104.0405,3.5900,900
2018,2018-06-28,SD,2,0,0,45.4259,-103.9053,2.3000,100
2018,2018-06-28,SD,2,0,0,45.5562,-103.7596,7.0500,300
2018,2018-06-29,MN,2,0,0,47.5500,-96.0200,15.3800,400
2018,2018-06-01,WY,2,0,0,43.9988,-107.1501,0.9800,300
2018,2018-06-01,WY,2,0,0,44.0285,-107.1061,1.0300,300
2018,2018-06-01,WY,3,2,0,44.3290,-105.7110,3.7600,200
2018,2018-06-01,ND,2,0,0,47.5000,-102.7500,3.4900,200
2018,2018-06-06,WY,2,0,0,41.4160,-105.6050,0.6000,50
2018,2018-06-06,WY,3,0,0,41.4690,-105.6760,11.3000,600
2018,2018-07-19,IA,2,0,0,41.7246,-93.4951,3.6800,130
2018,2018-07-19,IA,2,0,0,41.7008,-93.5037,2.9500,100
2018,2018-07-19,IA,3,13,0,41.4602,-92.9371,9.1700,800
2018,2018-07-19,IA,3,22,0,42.0829,-93.0275,8.4100,1200
2018,2018-07-28,WY,3,0,0,42.6452,-105.5134,4.4400,350
2018,2018-07-29,CO,2,0,0,40.2500,-103.6000,0.1000,75
2018,2018-07-29,CO,2,0,0,40.2700,-103.6200,0.1000,75
2018,2018-07-04,ND,2,0,0,47.8300,-98.7200,3.1200,400
2018,2018-07-09,ND,2,28,1,47.7814,-103.2950,0.5300,400
2018,2018-08-28,WI,2,0,0,43.6153,-88.5222,3.9100,150
2018,2018-09-17,VA,2,1,1,37.4065,-77.6107,7.5000,350
2018,2018-09-20,MN,2,0,0,44.2098,-93.4504,4.9400,300
2018,2018-09-20,MN,2,0,0,44.3036,-93.3448,2.9500,600
2019,2019-10-18,FL,2,0,0,27.9820,-82.0475,11.4500,525
2019,2019-10-20,TX,3,0,0,32.8685,-96.9149,15.7600,1300
2019,2019-10-20,TX,2,0,0,32.8974,-96.6753,2.4800,265
2019,2019-10-20,AR,2,0,0,36.1778,-94.5310,31.4000,2640
2019,2019-10-31,PA,2,2,0,39.9150,-75.5202,0.4700,250
2019,2019-11-26,LA,2,1,1,32.2351,-91.7783,7.0200,700
2019,2019-11-26,MS,2,0,0,32.0586,-90.1282,11.8900,500
2019,2019-12-16,LA,2,0,0,30.9273,-92.7934,3.5600,147
2019,2019-12-16,LA,3,0,1,30.8471,-93.2657,62.6100,550
2019,2019-12-16,MS,3,3,0,31.1940,-90.8942,29.2800,880
2019,2019-12-16,MS,2,0,0,31.4046,-91.1485,4.2300,720
2019,2019-12-16,MS,2,0,0,34.4439,-88.7189,9.4200,250
2019,2019-12-16,MS,2,0,0,31.1927,-89.9206,7.4400,350
2019,2019-12-16,MS,2,1,0,31.6159,-90.0076,10.6600,600
2019,2019-12-16,AL,2,0,0,34.6400,-87.7331,8.1800,250
2019,2019-12-16,AL,2,0,2,34.6445,-87.4126,18.4600,370
2019,2019-12-16,MS,3,0,0,31.3902,-89.5764,5.8300,560
2019,2019-12-16,MS,3,0,0,31.7925,-89.6781,18.6300,1320
2019,2019-12-16,MS,3,2,0,31.6720,-89.1726,61.1900,350
2019,2019-12-16,AL,2,3,0,32.4206,-87.9787,5.9500,350
2019,2019-12-17,GA,2,0,0,31.5800,-83.4200,20.3100,400
2019,2019-01-19,AL,2,4,0,32.5202,-86.2370,18.1100,700
2019,2019-02-23,MS,2,0,0,34.7899,-88.4084,8.3000,200
2019,2019-02-23,MS,3,11,1,33.4865,-88.4346,9.7400,440
2019,2019-03-12,NM,2,6,0,33.0010,-104.4402,15.1900,350
2019,2019-03-12,NM,2,0,0,32.1763,-104.0794,14.7000,880
2019,2019-03-14,KY,2,1,0,36.9236,-88.8960,16.7100,300
2019,2019-03-14,MI,2,0,0,42.8340,-84.2384,18.2000,700
2019,2019-03-14,AL,2,0,0,32.6413,-86.3385,8.5800,650
2019,2019-03-24,MO,2,1,0,37.4187,-90.1217,10.3000,250
2019,2019-03-03,AL,4,90,23,32.4472,-85.4818,68.0400,1600
2019,2019-03-03,GA,2,1,0,32.5998,-83.9492,6.6600,420
2019,2019-03-03,AL,2,1,0,32.3455,-85.7356,29.0700,1300
2019,2019-03-03,AL,2,0,0,31.9653,-85.3392,6.6800,700
2019,2019-03-03,AL,2,0,0,31.9483,-85.1537,30.8600,860
2019,2019-03-03,GA,2,0,0,33.5354,-82.2159,1.5200,100
2019,2019-03-03,SC,2,7,0,33.6098,-82.0529,5.0500,200
2019,2019-03-03,GA,2,2,0,30.8619,-84.2321,2.6800,800
2019,2019-03-03,FL,3,0,0,30.4934,-84.1262,8.8300,700
2019,2019-04-13,TX,3,0,0,30.8832,-96.6999,32.4800,250
2019,2019-04-13,TX,2,0,0,31.5612,-95.1042,0.8000,400
2019,2019-04-13,TX,2,0,0,31.6405,-95.0805,2.5000,400
2019,2019-04-13,TX,2,0,0,31.0789,-95.5773,6.0300,100
2019,2019-04-13,TX,3,20,2,31.4280,-95.2718,41.1300,880
2019,2019-04-13,MS,2,0,0,32.3737,-90.8291,20.2100,700
2019,2019-04-13,MS,2,0,0,32.3090,-90.8909,4.3300,440
2019,2019-04-13,MS,2,0,0,32.3341,-90.8830,2.7400,175
2019,2019-04-13,MS,2,0,0,31.1005,-90.2688,4.4100,150
2019,2019-04-13,MS,2,0,0,33.2596,-88.9459,8.8100,830
2019,2019-04-13,MS,2,19,1,33.7248,-88.4409,11.3000,800
2019,2019-04-13,MS,2,0,0,32.6688,-88.5451,8.4300,700
2019,2019-04-13,MS,2,0,0,33.8931,-88.3215,13.2000,800
2019,2019-04-13,MS,2,0,0,32.0247,-88.7102,6.0900,400
2019,2019-04-14,OH,2,5,0,40.8388,-82.6946,17.0000,800
2019,2019-04-14,PA,2,0,0,41.7897,-79.2857,18.0000,400
2019,2019-04-14,PA,2,0,0,41.1887,-76.4065,3.6900,300
2019,2019-04-15,DE,2,1,0,38.5700,-75.5900,6.2000,400
2019,2019-04-18,MS,2,0,0,32.1237,-90.6506,11.0300,1320
2019,2019-04-18,MS,2,0,0,32.1769,-90.6036,12.7700,1320
2019,2019-04-18,MS,2,0,0,32.0357,-89.8333,9.3800,600
2019,2019-04-18,MS,2,0,0,32.3556,-89.6523,6.0200,560
2019,2019-04-19,VA,3,0,0,36.8564,-79.8906,8.1100,250
2019,2019-04-19,SC,2,0,0,33.2693,-80.8933,10.6000,300
2019,2019-04-19,SC,2,0,0,33.5238,-80.2198,2.9100,250
2019,2019-04-19,NC,2,0,0,35.9187,-79.1880,10.1000,600
2019,2019-04-19,PA,2,0,0,39.9039,-77.8474,2.8900,75
2019,2019-04-19,VA,2,0,0,37.3600,-77.0500,3.1000,200
2019,2019-04-19,PA,2,0,0,40.5313,-77.6139,4.9000,200
2019,2019-04-19,VA,2,0,0,37.9900,-77.8200,2.0000,300
2019,2019-04-24,TX,2,0,0,30.6867,-96.3014,1.7400,100
2019,2019-04-24,TX,2,0,0,31.5181,-94.1543,8.5200,1100
2019,2019-04-25,LA,3,2,2,32.5112,-92.6729,11.1500,1000
2019,2019-04-25,LA,2,0,0,32.9716,-92.0133,15.9900,2000
2019,2019-04-30,OK,2,0,0,36.5190,-95.8320,9.8000,1300
2019,2019-04-30,MO,2,3,0,37.0688,-93.1978,10.2800,400
2019,2019-04-30,OK,3,16,2,33.9711,-96.2071,27.6000,1400
2019,2019-04-30,OK,2,1,0,34.7900,-95.6489,10.0000,1300
2019,2019-05-13,NC,2,0,0,35.8275,-78.4399,17.1800,385
2019,2019-05-17,NE,2,0,0,40.2034,-100.7604,6.0000,350
2019,2019-05-17,NE,2,0,0,40.5812,-100.3127,0.6000,178
2019,2019-05-17,NE,3,0,0,40.6119,-100.2722,2.1200,400
2019,2019-05-17,KS,3,0,0,37.3497,-100.1384,29.6200,600
2019,2019-05-17,KS,2,0,0,37.6775,-99.7119,14.8600,875
2019,2019-05-17,KS,2,0,0,37.9405,-99.2515,10.9200,565
2019,2019-05-18,TX,2,1,0,31.0384,-100.5931,2.0800,250
2019,2019-05-18,TX,2,2,0,31.3230,-100.6501,17.5800,1760
2019,2019-05-18,TX,2,0,0,32.4191,-99.8388,5.0400,388
2019,2019-05-18,TX,3,0,0,31.5142,-100.0926,18.0100,1760
2019,2019-05-18,OK,2,1,0,34.4730,-98.3340,0.5000,60
2019,2019-05-18,TX,3,0,0,31.8350,-99.7791,5.7900,1760
2019,2019-05-18,TX,3,0,0,31.8604,-99.5939,7.8400,300
2019,2019-05-20,OK,2,0,0,34.8090,-99.6140,11.0000,1200
2019,2019-05-20,TX,3,0,0,31.7333,-102.3041,5.8000,225
2019,2019-05-20,TX,2,2,0,31.6953,-101.9734,6.6300,150
2019,2019-05-20,OK,2,1,0,36.0526,-95.1535,21.0000,2700
2019,2019-05-21,OK,2,0,0,35.3870,-97.0280,2.6000,150
2019,2019-05-21,KS,2,0,0,39.3281,-95.7311,17.1300,75
2019,2019-05-21,KS,3,0,0,39.9243,-95.9335,5.9000,300
2019,2019-05-22,IA,2,1,1,41.4557,-94.6249,4.7500,150
2019,2019-05-22,KS,3,0,0,37.1096,-94.6244,9.2200,440
2019,2019-05-22,MO,3,1,3,37.3080,-94.2343,11.2900,880
2019,2019-05-22,OK,2,0,0,36.4307,-94.8135,16.5900,1100
2019,2019-05-22,MO,3,33,0,38.3344,-92.6132,32.6800,1500
2019,2019-05-23,TX,2,0,0,35.9856,-100.6969,17.5100,900
2019,2019-05-23,TX,3,0,0,36.4807,-100.1212,15.7000,1500
2019,2019-05-25,TX,2,0,0,34.2195,-101.7257,1.6900,100
2019,2019-05-25,OK,3,29,2,35.5000,-97.9550,2.2000,75
2019,2019-05-26,NM,2,0,0,33.8880,-103.3004,9.5000,200
2019,2019-05-26,TX,2,0,0,34.2304,-102.5229,8.0300,100
2019,2019-05-27,IA,3,0,0,40.6670,-91.9983,7.2700,100
2019,2019-05-27,IN,3,0,0,40.9810,-86.1276,13.7200,800
2019,2019-05-27,IN,2,1,0,39.9985,-85.7549,5.8900,100
2019,2019-05-27,IN,2,0,0,40.6370,-85.8460,4.0900,150
2019,2019-05-27,IN,3,2,0,40.5770,-85.3920,12.7600,1200
2019,2019-05-27,OH,3,8,1,40.5515,-84.6911,10.8400,250
2019,2019-05-27,OH,3,1,0,39.9759,-84.4679,10.4900,1320
2019,2019-05-27,OH,4,166,0,39.8243,-84.4632,18.1700,1050
2019,2019-05-27,OH,3,0,0,39.7690,-84.1092,9.9200,1230
2019,2019-05-27,OH,2,0,0,39.8618,-84.2506,7.5700,440
2019,2019-05-27,OH,2,0,0,39.5128,-82.7271,5.3100,400
2019,2019-05-28,PA,2,0,0,40.1589,-75.9100,3.0800,400
2019,2019-05-28,KS,2,0,0,39.1135,-98.8505,24.4100,880
2019,2019-05-28,KS,2,12,0,38.7541,-95.5186,10.6900,200
2019,2019-05-28,KS,4,4,0,38.8381,-95.3665,29.0700,1760
2019,2019-05-28,MO,2,0,0,39.3416,-94.3335,5.8500,400
2019,2019-05-29,TX,2,1,0,32.3683,-96.2125,4.0100,215
2019,2019-05-29,TX,2,0,0,32.9229,-95.2473,9.0700,850
2019,2019-05-29,TX,2,0,0,32.4831,-96.0012,7.2400,700
2019,2019-05-03,TX,2,0,0,29.9071,-96.9573,2.4400,75
2019,2019-05-05,NE,2,0,0,40.7842,-96.7583,0.5500,200
2019,2019-05-05,TX,2,0,0,33.2670,-101.8530,17.2000,2112
2019,2019-05-07,OK,2,0,0,35.0650,-99.0800,3.7000,300
2019,2019-05-07,OK,2,0,0,35.1289,-99.0768,8.8000,400
2019,2019-06-15,IN,2,0,0,39.2473,-86.6671,3.6800,400
2019,2019-06-15,IN,2,0,0,39.0456,-86.7965,3.5200,400
2019,2019-06-15,IN,2,0,0,39.5451,-85.5457,14.4800,200
2019,2019-06-15,IA,2,0,0,41.0576,-91.0716,1.8200,260
2019,2019-06-15,IA,2,0,0,41.0551,-91.0520,1.3000,300
2019,2019-06-15,OK,2,0,0,35.7690,-98.9690,6.2500,500
2019,2019-06-19,LA,2,0,0,32.7561,-93.6880,1.4400,175
2019,2019-06-06,LA,2,5,0,30.1733,-90.7887,1.6000,50
2019,2019-06-08,MN,2,0,0,47.5000,-96.2100,3.6000,400
2019,2019-06-09,TX,2,0,0,31.1376,-97.9439,1.5700,500
2019,2019-08-20,IA,3,0,0,41.2582,-93.5239,5.4000,710
2019,2019-09-10,WY,2,0,0,42.3339,-104.5405,19.1200,200
2019,2019-09-10,SD,2,0,0,43.4752,-96.7471,0.9000,50
2019,2019-09-10,SD,2,8,0,43.4904,-96.7875,0.6300,50
2019,2019-09-10,SD,2,0,0,43.5160,-96.7611,0.7000,75
2019,2019-09-11,CO,2,0,0,40.7300,-103.0000,0.5000,440
2019,2019-09-11,CO,2,0,0,40.7100,-102.9500,0.1000,75
2019,2019-09-24,WI,3,3,0,44.8649,-91.6908,6.9700,725
2019,2019-09-05,NC,2,1,0,33.8736,-78.4796,9.3100,200
2019,2019-09-05,NC,2,0,0,34.6564,-77.0524,13.0000,200
2020,2020-11-24,TX,2,5,0,32.6920,-97.1472,5.0500,150
2020,2020-12-16,FL,2,0,0,27.8637,-82.7524,13.1100,300
2020,2020-12-23,TX,2,0,0,30.6341,-93.7149,1.2300,20
2020,2020-01-10,AR,2,0,0,35.2151,-93.5999,13.6000,250
2020,2020-01-11,LA,2,0,3,32.4571,-93.5875,31.7900,300
2020,2020-01-11,MO,2,0,0,37.3500,-89.6118,9.1300,300
2020,2020-01-11,AR,2,0,0,33.2638,-91.7598,20.5100,1000
2020,2020-01-11,AR,2,1,0,33.3349,-91.3129,17.6600,850
2020,2020-01-11,MS,2,4,0,33.6658,-91.0602,23.3800,1800
2020,2020-01-11,MS,2,0,0,33.9183,-90.5201,5.5400,1700
2020,2020-01-11,MS,2,0,0,33.8224,-90.5682,5.4300,850
2020,2020-01-11,MS,2,0,0,34.8576,-89.9206,8.2100,300
2020,2020-01-11,LA,2,4,0,30.5922,-91.7641,1.2000,125
2020,2020-01-11,AL,2,7,3,33.2379,-88.1545,6.3300,1056
2020,2020-01-11,AL,2,0,0,34.3974,-86.4466,0.2200,150
2020,2020-01-11,SC,2,0,0,34.4293,-80.5303,0.5500,150
2020,2020-02-05,MS,2,0,0,32.0906,-89.5363,2.6400,440
2020,2020-02-05,MS,2,4,0,32.8169,-90.0995,18.7300,900
2020,2020-02-05,MS,2,0,0,33.1175,-89.3761,5.8400,800
2020,2020-02-05,MS,2,0,0,31.9406,-89.2971,59.8500,1320
2020,2020-02-06,AL,2,0,0,33.2015,-86.9753,9.9100,700
2020,2020-02-06,NC,2,0,0,35.1770,-81.4130,8.6600,150
2020,2020-02-06,NC,2,0,0,35.4980,-80.5640,6.1900,75
2020,2020-03-19,TX,2,0,0,32.3101,-100.2189,10.8600,425
2020,2020-03-19,TX,2,0,0,32.5335,-99.6739,5.3800,135
2020,2020-03-19,AR,2,1,0,36.1352,-92.9381,12.5000,500
2020,2020-03-28,AR,3,22,0,35.8094,-90.6852,12.5300,600
2020,2020-03-28,KY,2,0,0,37.7418,-87.7038,16.7900,500
2020,2020-03-28,KY,2,2,0,37.9372,-87.4181,5.0600,575
2020,2020-03-31,AL,2,1,0,31.8173,-85.2636,29.9700,350
2020,2020-03-02,TN,2,0,0,36.0811,-88.5287,14.8000,100
2020,2020-03-02,TN,2,2,1,36.0928,-88.1189,18.7200,250
2020,2020-03-03,KY,2,0,0,36.8490,-86.3176,2.7000,250
2020,2020-03-03,TN,3,220,5,36.1717,-86.9562,60.1300,1600
2020,2020-03-03,TN,4,87,19,36.1715,-85.6628,8.3900,900
2020,2020-03-03,TN,2,0,0,36.1399,-85.0401,10.0700,500
2020,2020-04-12,LA,2,1,0,32.1493,-93.7946,9.0500,400
2020,2020-04-12,LA,3,0,0,32.4706,-92.1699,8.0100,300
2020,2020-04-12,LA,3,0,0,32.6215,-92.0977,2.6000,400
2020,2020-04-12,LA,2,0,0,32.6500,-91.6500,9.5200,700
2020,2020-04-12,MS,2,0,0,32.8574,-90.5208,7.3800,250
2020,2020-04-12,MS,2,0,0,33.1469,-88.6044,8.4900,1100
2020,2020-04-12,MS,4,3,4,31.2763,-90.1732,21.1700,1936
2020,2020-04-12,MS,4,98,7,31.4641,-89.7579,67.4300,3960
2020,2020-04-12,MS,3,2,0,31.3712,-90.1101,83.2200,2041
2020,2020-04-12,AL,2,0,0,33.6991,-87.0534,6.9100,940
2020,2020-04-12,MS,2,2,0,32.0015,-88.8943,14.2900,300
2020,2020-04-12,AL,2,0,0,33.9384,-86.5677,5.5600,500
2020,2020-04-12,AL,2,3,0,34.0721,-86.3249,21.7400,440
2020,2020-04-12,AL,2,0,0,34.0419,-86.0704,12.1900,875
2020,2020-04-12,GA,2,0,0,34.4990,-85.3689,14.7300,800
2020,2020-04-12,GA,2,24,8,34.8098,-84.8377,8.8800,860
2020,2020-04-12,AL,2,0,0,34.1239,-86.7087,2.5000,350
2020,2020-04-12,GA,3,18,2,34.9407,-85.2582,19.3400,1500
2020,2020-04-12,TN,2,6,0,35.1613,-84.8640,3.0400,500
2020,2020-04-13,GA,3,0,0,32.8496,-84.3335,16.6300,1200
2020,2020-04-13,GA,3,1,0,33.0298,-84.0330,5.3000,300
2020,2020-04-13,SC,3,5,1,34.6170,-83.0840,16.7100,1000
2020,2020-04-13,SC,2,8,0,34.9660,-82.6670,7.9700,200
2020,2020-04-13,GA,2,0,0,33.1066,-82.1918,16.4900,700
2020,2020-04-13,SC,3,0,0,33.2751,-81.7048,37.8800,800
2020,2020-04-13,SC,3,0,0,33.2754,-81.5438,8.4900,50
2020,2020-04-13,SC,3,7,2,33.3158,-81.3944,35.6800,770
2020,2020-04-13,SC,3,0,0,33.3177,-81.2903,1.3900,40
2020,2020-04-13,SC,3,0,0,33.2071,-81.2742,5.3700,800
2020,2020-04-13,SC,4,60,5,32.7045,-81.2899,23.7300,1300
2020,2020-04-13,SC,2,0,0,33.4032,-80.7870,10.2300,700
2020,2020-04-13,NC,2,0,0,34.8826,-79.9797,0.1900,75
2020,2020-04-13,SC,3,6,0,33.1816,-79.9901,5.7400,400
2020,2020-04-13,SC,2,0,0,32.4852,-80.3430,1.1600,140
2020,2020-04-13,SC,2,0,0,33.4908,-79.0906,4.5600,50
2020,2020-04-19,MS,4,1,1,31.0707,-89.9646,53.7600,2275
2020,2020-04-19,AL,2,0,0,31.3479,-86.3955,1.2100,300
2020,2020-04-19,AL,2,0,1,31.3994,-85.2790,5.1800,300
2020,2020-04-20,GA,2,0,0,31.4200,-84.0000,8.7200,500
2020,2020-04-22,OK,2,0,0,34.3385,-97.1260,4.7300,600
2020,2020-04-22,OK,2,1,2,34.0705,-96.8130,4.2500,400
2020,2020-04-22,TX,3,33,3,30.8409,-95.1824,28.5100,1100
2020,2020-04-22,TX,2,0,0,33.8169,-95.4799,10.4000,810
2020,2020-04-22,TX,2,0,0,30.9325,-93.8965,36.4200,600
2020,2020-04-22,LA,2,0,0,31.1285,-92.6814,8.4300,500
2020,2020-04-22,LA,2,0,1,31.1623,-92.4582,8.9800,550
2020,2020-04-23,LA,2,0,0,30.9483,-92.2519,3.6200,100
2020,2020-04-23,MS,2,0,0,31.2047,-90.7432,18.3000,1760
2020,2020-04-23,MS,2,0,0,31.7608,-89.2247,16.8500,2640
2020,2020-04-23,FL,2,0,0,30.7200,-85.5900,17.2400,400
2020,2020-04-24,TX,2,1,0,33.7199,-96.2085,7.9400,425
2020,2020-04-25,SC,2,0,0,34.8920,-82.3920,5.4700,400
2020,2020-04-28,OK,2,0,0,34.1955,-94.5133,19.3800,350
2020,2020-04-08,AR,2,2,0,35.6567,-90.8562,9.3300,75
2020,2020-05-17,LA,3,9,1,30.4597,-92.2678,3.9300,100
2020,2020-05-05,SC,2,0,0,34.5920,-81.0260,13.9800,200
2020,2020-07-02,NE,2,0,0,42.4500,-103.2500,3.4000,250
2020,2020-07-04,SD,2,0,0,45.6688,-98.7980,2.6600,150
2020,2020-07-06,WY,2,0,0,44.2940,-104.0960,2.0600,770
2020,2020-07-06,SD,2,0,0,44.2890,-104.0550,5.0500,770
2020,2020-07-08,MN,2,0,0,46.2900,-95.4900,2.0000,300
2020,2020-07-08,MN,4,2,1,46.0900,-95.9400,8.8600,650
2020,2020-08-14,MN,2,0,0,45.9100,-96.0800,13.4000,150
2020,2020-08-18,FL,2,1,0,29.0349,-81.3410,4.5900,550
2020,2020-08-27,AR,2,0,0,36.3076,-90.8089,14.0200,100
2020,2020-08-30,SD,2,0,1,44.7090,-98.9875,1.6000,300
2020,2020-08-03,NC,2,0,0,33.8465,-77.9592,8.3000,80
2020,2020-08-03,NC,3,14,2,35.8870,-76.8900,10.0000,600
2020,2020-08-04,VA,2,0,0,36.6450,-76.9900,15.9000,200
2020,2020-08-04,VA,2,5,0,37.6274,-76.3358,15.6100,500
2020,2020-08-04,MD,2,0,0,38.4474,-75.7575,1.3000,150
2020,2020-08-04,MD,2,0,0,38.0969,-75.3983,3.8000,200
2020,2020-08-04,DE,2,0,0,39.1049,-75.5001,35.7800,500
2020,2020-08-04,PA,2,18,0,40.0815,-74.9592,20.7700,500
2020,2020-09-01,AR,2,0,0,35.4311,-92.0367,5.3000,150
2020,2020-09-05,CA,2,0,0,37.3500,-119.3400,12.0200,50
2021,2021-10-10,MN,2,0,0,48.0440,-90.2960,4.0000,500
2021,2021-10-10,OK,2,0,0,35.0440,-98.2950,8.1000,100
2021,2021-10-11,IL,2,0,0,39.3547,-90.3002,5.8300,75
2021,2021-10-15,OH,2,0,0,39.3375,-83.3086,0.8600,100
2021,2021-10-21,PA,2,0,0,40.2283,-80.5070,15.6700,700
2021,2021-10-24,MO,2,0,0,39.8778,-93.4205,31.3700,150
2021,2021-10-24,MO,3,1,0,37.7049,-90.4095,16.7400,450
2021,2021-10-24,MO,3,1,0,37.5425,-90.3921,18.8400,880
2021,2021-10-24,MO,2,0,0,37.8580,-89.9800,16.4700,400
2021,2021-10-27,TX,2,0,0,30.1108,-93.8337,2.0600,50
2021,2021-10-27,TX,2,1,0,30.1772,-93.8033,6.8900,100
2021,2021-10-27,LA,2,2,0,30.1518,-93.2668,2.2000,300
2021,2021-12-10,AR,4,14,8,35.7867,-90.5511,81.1700,1800
2021,2021-12-10,MO,3,2,1,38.5980,-90.9070,24.7700,150
2021,2021-12-10,IL,2,0,0,39.8954,-90.2398,12.7500,200
2021,2021-12-10,IL,2,0,0,40.0607,-89.9153,4.5600,250
2021,2021-12-10,AR,2,3,0,35.3038,-91.3689,10.5000,500
2021,2021-12-10,IL,3,1,6,38.7570,-90.0580,4.2200,300
2021,2021-12-10,IL,2,1,0,38.9850,-89.5700,41.5400,690
2021,2021-12-10,TN,4,515,57,36.4830,-89.1350,168.5300,2600
2021,2021-12-10,AR,2,0,0,35.6654,-90.5268,3.6000,250
2021,2021-12-10,IL,2,0,0,39.4190,-88.5900,15.8600,200
2021,2021-12-10,MO,2,0,0,37.2720,-90.8870,6.8600,300
2021,2021-12-10,TN,3,38,0,36.1200,-89.2600,122.6200,2000
2021,2021-12-10,IL,2,0,0,39.8494,-87.6693,3.6500,200
2021,2021-12-11,KY,3,1,0,36.8594,-87.0315,28.0200,1400
2021,2021-12-11,KY,3,63,16,36.9160,-86.6180,29.2600,440
2021,2021-12-11,KY,2,0,0,36.9559,-86.4231,6.1000,300
2021,2021-12-11,KY,2,0,0,37.0660,-86.0880,16.9800,900
2021,2021-12-11,TN,2,1,0,35.6800,-88.4800,15.3400,600
2021,2021-12-11,KY,2,1,0,37.2220,-85.9270,23.8200,528
2021,2021-12-11,KY,3,31,1,37.4080,-85.4270,14.5400,450
2021,2021-12-11,TN,2,2,0,35.9786,-87.4798,10.8700,500
2021,2021-12-11,TN,2,1,0,36.1065,-87.1941,12.6100,400
2021,2021-12-11,KY,2,0,0,37.5792,-84.7761,0.6300,100
2021,2021-12-15,NE,2,2,0,41.4400,-97.3800,2.7200,50
2021,2021-12-15,NE,2,0,0,40.6200,-97.0700,23.7400,70
2021,2021-12-15,NE,2,0,0,41.7700,-96.9800,6.2500,100
2021,2021-12-15,NE,2,0,0,41.9100,-96.7500,11.2200,200
2021,2021-12-15,NE,2,0,0,40.6361,-96.1585,3.3000,20
2021,2021-12-15,NE,2,0,0,40.8600,-95.9500,3.5900,150
2021,2021-12-15,NE,2,0,0,40.9200,-95.8800,2.6000,200
2021,2021-12-15,IA,2,0,0,41.3100,-95.7700,2.3000,50
2021,2021-12-15,IA,2,0,0,42.4290,-96.1820,8.4400,100
2021,2021-12-15,IA,2,0,0,41.3900,-95.6400,6.7000,75
2021,2021-12-15,IA,2,0,0,41.3330,-95.1070,27.1100,100
2021,2021-12-15,IA,2,0,0,42.1842,-95.0694,17.6000,100
2021,2021-12-15,IA,2,0,0,41.6998,-94.7044,19.6700,100
2021,2021-12-15,IA,2,0,0,42.8340,-95.1710,4.7700,100
2021,2021-12-15,IA,2,0,0,41.7522,-94.4961,29.9900,300
2021,2021-12-15,IA,2,0,0,41.8432,-94.4015,23.4000,150
2021,2021-12-15,IA,2,0,0,41.9430,-94.5058,5.4900,100
2021,2021-12-15,IA,2,0,0,41.9863,-94.4796,5.8300,100
2021,2021-12-15,IA,2,0,0,42.0810,-94.4866,2.7400,70
2021,2021-12-15,IA,2,0,0,42.0405,-94.2019,17.6900,125
2021,2021-12-15,IA,2,0,0,42.2902,-94.4760,17.9700,80
2021,2021-12-15,IA,2,0,0,42.1489,-94.2820,18.8300,150
2021,2021-12-15,IA,2,0,0,42.1272,-94.0157,16.2500,125
2021,2021-12-15,IA,2,0,0,42.2374,-93.9463,12.1000,100
2021,2021-12-15,IA,2,0,0,42.4239,-94.0578,5.5500,80
2021,2021-12-15,IA,2,0,0,42.6557,-93.6664,5.9100,70
2021,2021-12-15,IA,2,0,0,42.7555,-93.5566,16.6900,100
2021,2021-12-15,IA,2,0,0,42.7153,-93.1140,7.4900,90
2021,2021-12-15,MN,2,0,0,43.7976,-93.4927,2.1700,55
2021,2021-12-15,WI,2,0,0,44.5039,-90.8040,3.1300,250
2021,2021-12-15,WI,2,0,0,44.5110,-90.7491,2.8000,250
2021,2021-12-15,WI,2,0,0,44.5975,-90.5799,1.1300,50
2021,2021-12-15,WI,2,0,0,44.9010,-90.9834,7.4100,75
2021,2021-01-25,AL,3,30,1,33.5965,-86.8256,10.4000,900
2021,2021-02-15,GA,2,5,0,31.3000,-84.7000,1.8100,600
2021,2021-02-15,NC,3,10,3,33.9118,-78.5096,21.9000,275
2021,2021-03-13,TX,2,0,0,34.7054,-101.9869,21.2500,1000
2021,2021-03-13,TX,2,0,0,34.8861,-100.9292,13.2200,1200
2021,2021-03-13,KS,2,0,0,37.4986,-100.2752,12.1500,100
2021,2021-03-17,MS,2,0,0,31.6491,-88.9066,13.1000,325
2021,2021-03-17,AL,2,2,0,32.4240,-86.9542,5.0800,1000
2021,2021-03-17,MS,2,2,0,31.6842,-88.4855,36.5900,500
2021,2021-03-17,AL,2,0,0,32.6746,-86.7364,5.8400,400
2021,2021-03-25,AL,3,0,0,32.9386,-87.5753,11.1100,1400
2021,2021-03-25,AL,3,5,0,33.1157,-87.1707,50.1300,1140
2021,2021-03-25,AL,3,10,6,33.7026,-86.1053,38.1700,1700
2021,2021-03-25,AL,3,13,0,32.6892,-87.7387,79.6600,2300
2021,2021-03-25,AL,2,0,0,32.1238,-88.0445,9.6400,250
2021,2021-03-25,TN,2,1,0,35.3338,-87.7127,22.1200,350
2021,2021-03-25,AL,2,0,0,32.8086,-86.5578,14.6700,850
2021,2021-03-25,AL,2,0,0,33.0942,-85.7710,31.2900,1000
2021,2021-03-25,GA,4,0,0,33.2533,-85.1895,38.5600,1850
2021,2021-03-27,TX,2,0,0,31.6884,-95.2293,20.5300,500
2021,2021-03-27,TX,2,1,0,31.9009,-94.7138,22.2900,300
2021,2021-03-27,TX,2,3,1,32.0982,-94.3089,15.8400,1600
2021,2021-03-27,AR,2,0,0,34.1548,-91.5722,18.5600,600
2021,2021-03-27,AR,2,0,0,33.6655,-91.8083,1.6000,400
2021,2021-03-27,MS,2,0,0,33.9369,-90.7536,2.9100,50
2021,2021-04-10,LA,3,7,1,30.6660,-91.9586,8.7100,200
2021,2021-04-10,FL,2,0,0,30.2347,-85.9177,0.4500,100
2021,2021-04-23,TX,2,0,0,34.1100,-99.4900,6.4000,400
2021,2021-04-24,GA,2,0,0,31.4524,-83.0035,8.1500,360
2021,2021-04-27,TX,3,0,0,33.7510,-99.9210,8.4000,400
2021,2021-04-08,TN,2,0,0,36.3392,-84.3970,1.3100,300
2021,2021-04-08,TN,2,0,0,36.3593,-84.3747,1.8400,200
2021,2021-05-17,TX,2,0,0,32.0500,-101.1800,11.4000,1056
2021,2021-05-26,NE,2,0,0,40.1613,-101.5333,8.2900,575
2021,2021-05-02,MS,2,0,0,33.2512,-90.0426,5.9500,510
2021,2021-05-03,SC,2,1,0,34.1740,-82.6960,29.3500,150
2021,2021-05-03,VA,2,0,0,37.9560,-76.5750,4.4100,250
2021,2021-05-03,TX,2,0,0,32.1426,-97.4449,3.3600,150
2021,2021-05-03,TX,2,8,0,32.2800,-96.9100,5.4300,659
2021,2021-05-04,KY,2,0,0,36.5200,-89.0310,6.0600,150
2021,2021-06-18,IN,2,0,0,40.5214,-84.9178,5.3800,500
2021,2021-06-18,OH,2,0,0,40.4327,-84.7917,5.6000,200
2021,2021-06-19,AL,2,20,0,31.0589,-87.0649,22.0300,650
2021,2021-06-20,IL,3,11,0,41.7451,-88.1947,17.6000,600
2021,2021-06-26,MI,2,6,0,44.0149,-83.0386,6.8400,400
2021,2021-06-07,CO,2,0,0,40.1405,-104.9032,7.5000,50
2021,2021-07-10,MO,2,0,0,36.8101,-89.9985,5.8000,175
2021,2021-07-14,IA,3,0,0,42.2605,-94.7834,10.8100,505
2021,2021-07-14,IA,2,0,0,42.6877,-92.6161,12.8800,630
2021,2021-07-29,OH,2,0,0,40.1900,-81.0100,2.7300,220
2021,2021-07-29,OH,2,0,0,40.6270,-80.9950,6.1600,150
2021,2021-07-29,PA,2,0,0,40.3450,-74.9480,6.3100,400
2021,2021-07-29,PA,3,0,0,40.1300,-75.0050,3.4000,530
2021,2021-07-29,NJ,2,8,0,39.7540,-74.1910,4.2000,75
2021,2021-08-07,WI,3,0,0,43.1305,-90.7199,9.3800,1100
2021,2021-08-09,ND,2,0,0,47.6700,-97.8700,2.8800,300
2021,2021-09-01,MD,2,0,0,38.8500,-76.5960,11.4300,200
2021,2021-09-01,PA,2,0,0,39.7700,-75.9700,5.9200,350
2021,2021-09-01,PA,2,2,1,40.1070,-75.2380,8.2800,400
2021,2021-09-01,NJ,3,2,0,39.6769,-75.2500,12.3700,400
2022,2022-10-25,LA,2,0,0,30.6520,-92.8043,0.4400,170
2022,2022-11-29,LA,3,1,0,31.9743,-92.0655,7.9000,300
2022,2022-11-29,MS,2,0,0,33.5832,-88.4231,8.4200,1100
2022,2022-11-29,MS,2,0,0,31.8464,-89.2062,11.8100,330
2022,2022-11-30,MS,2,0,0,31.1649,-89.8896,5.9900,150
2022,2022-11-30,MS,3,0,0,31.3351,-88.5049,19.0300,500
2022,2022-11-30,AL,2,2,2,32.4385,-86.3318,9.8500,700
2022,2022-11-30,AL,2,0,0,32.4892,-86.0017,6.2600,400
2022,2022-11-04,TX,4,11,0,33.5995,-95.7490,44.7100,1700
2022,2022-11-04,TX,2,0,0,33.0072,-95.7297,2.9000,160
2022,2022-11-04,TX,2,0,0,32.1080,-96.0044,15.0500,150
2022,2022-11-04,OK,2,1,1,34.3908,-94.9909,2.8300,800
2022,2022-11-04,TX,4,13,0,33.5047,-95.2418,60.2300,1056
2022,2022-11-04,TX,3,8,1,33.0218,-94.8157,16.9100,650
2022,2022-11-04,TX,3,0,0,33.3163,-94.5625,15.6500,800
2022,2022-11-04,TX,2,0,0,32.9829,-94.6450,19.6700,700
2022,2022-11-04,AR,2,0,0,34.0178,-93.9763,8.1400,200
2022,2022-11-04,AR,2,0,0,34.2297,-93.6332,1.7000,75
2022,2022-11-04,AR,2,0,0,34.5138,-92.4014,1.6000,200
2022,2022-12-13,OK,2,0,0,34.7410,-97.7460,0.6000,50
2022,2022-12-13,OK,2,0,0,34.9100,-97.3180,4.9000,300
2022,2022-12-13,TX,2,0,0,32.2965,-98.6678,11.1300,355
2022,2022-12-13,TX,2,2,0,33.1195,-97.6563,9.7100,370
2022,2022-12-13,TX,2,2,0,33.2981,-96.4287,17.6100,225
2022,2022-12-13,TX,2,0,0,33.6144,-95.8268,10.2100,200
2022,2022-12-13,TX,2,0,0,32.3323,-94.2154,9.1500,460
2022,2022-12-13,LA,2,2,2,32.2210,-94.0102,3.4600,700
2022,2022-12-13,LA,3,14,0,32.7720,-92.4683,9.0600,500
2022,2022-12-13,MS,2,3,0,32.9700,-90.8400,1.0600,250
2022,2022-12-13,MS,2,0,0,32.6000,-91.0000,10.2600,400
2022,2022-12-14,LA,2,16,0,29.9533,-91.8382,5.2000,300
2022,2022-12-14,LA,2,8,1,29.9916,-90.4992,4.7200,75
2022,2022-12-14,LA,2,10,0,29.8773,-90.1239,10.5900,200
2022,2022-12-14,AL,2,0,0,31.6800,-88.2140,3.3600,140
2022,2022-12-14,AL,2,0,0,31.7296,-88.1707,1.7900,120
2022,2022-12-15,GA,2,0,0,31.3039,-83.9463,1.9600,280
2022,2022-01-16,FL,2,0,0,26.4817,-81.9860,7.0100,125
2022,2022-01-01,KY,2,0,0,36.8500,-87.4601,1.1400,125
2022,2022-01-09,LA,2,6,0,31.4132,-93.3238,3.5600,900
2022,2022-02-03,AL,2,0,0,32.3565,-88.3857,15.4700,900
2022,2022-02-03,AL,2,8,1,32.6331,-87.9639,25.8700,1700
2022,2022-02-03,AL,2,0,0,32.9317,-87.4539,7.6000,725
2022,2022-03-18,FL,2,0,0,30.1705,-85.7128,1.6400,75
2022,2022-03-21,TX,3,9,0,33.0446,-98.3298,34.5000,880
2022,2022-03-21,TX,2,0,0,29.6300,-97.7800,7.9300,600
2022,2022-03-21,TX,2,0,0,30.4632,-97.6845,34.6200,600
2022,2022-03-21,TX,2,11,1,33.8407,-96.8192,5.1200,200
2022,2022-03-21,TX,2,0,0,30.2524,-97.4755,11.9700,500
2022,2022-03-21,TX,2,10,1,31.1346,-95.6750,19.0700,200
2022,2022-03-21,TX,2,8,0,32.6428,-94.9660,39.9700,700
2022,2022-03-21,TX,2,1,0,31.6591,-95.0306,37.1300,1400
2022,2022-03-21,TX,2,1,0,32.0548,-94.6089,11.9200,500
2022,2022-03-22,MS,2,0,0,32.3660,-90.6169,7.7500,500
2022,2022-03-22,MS,2,0,0,32.4839,-90.5914,8.6300,880
2022,2022-03-22,MS,3,0,0,32.6016,-88.8976,9.2100,800
2022,2022-03-22,AL,2,0,0,32.1601,-88.4028,2.4500,300
2022,2022-03-22,LA,3,2,1,29.8849,-90.0535,11.4700,320
2022,2022-03-23,SC,2,0,0,34.8540,-82.8280,6.2500,440
2022,2022-03-23,VA,2,0,0,36.6922,-80.5873,1.9200,125
2022,2022-03-30,AR,3,7,0,36.1220,-94.1560,5.2000,350
2022,2022-03-30,LA,2,0,0,32.3938,-91.1901,17.2700,300
2022,2022-03-30,MS,2,0,0,32.8799,-89.5716,10.6500,1200
2022,2022-03-30,MS,2,2,0,33.1008,-88.4691,10.9900,400
2022,2022-03-30,MS,2,0,0,30.9197,-89.2525,11.2600,500
2022,2022-03-30,MS,2,0,0,31.0954,-88.8476,2.0500,250
2022,2022-03-30,AL,2,0,0,31.8136,-88.3637,37.4300,1350
2022,2022-03-30,AL,2,0,0,32.5475,-87.2944,6.0000,620
2022,2022-03-30,AL,3,2,0,32.7471,-87.1201,29.2400,1200
2022,2022-03-31,FL,3,1,2,30.6376,-85.5108,12.1400,200
2022,2022-03-31,PA,2,0,0,40.8332,-79.3740,8.5500,350
2022,2022-03-31,NC,2,0,0,35.1042,-80.2373,7.2400,200
2022,2022-03-05,IA,4,5,6,41.2334,-94.2013,70.5700,900
2022,2022-03-05,IA,2,0,0,40.7595,-93.7080,19.4200,300
2022,2022-03-05,IA,3,1,1,40.9405,-93.3854,11.2800,350
2022,2022-03-05,IA,2,0,0,40.6834,-93.3892,9.8700,300
2022,2022-03-05,IA,2,0,0,41.7455,-92.9727,17.3100,500
2022,2022-03-05,IA,2,0,0,41.9024,-92.6332,8.5400,200
2022,2022-03-06,AR,2,5,0,36.0300,-91.8400,11.3400,800
2022,2022-04-12,TX,3,23,0,30.8846,-97.7880,16.5500,770
2022,2022-04-12,IA,2,1,0,42.6492,-94.5437,7.1700,450
2022,2022-04-12,IA,2,0,0,42.7912,-94.3335,4.8500,250
2022,2022-04-12,MN,2,2,0,43.5406,-92.6601,3.9300,475
2022,2022-04-13,LA,2,0,0,32.0117,-92.4006,18.7400,625
2022,2022-04-13,MS,2,0,0,32.1753,-89.1721,43.0800,1800
2022,2022-04-17,MS,2,0,0,31.1805,-88.9366,1.6600,275
2022,2022-04-17,MS,2,1,0,31.2869,-88.7427,1.7700,400
2022,2022-04-29,KS,3,3,0,37.6262,-97.1930,12.6500,250
2022,2022-04-04,TX,2,1,0,32.4830,-97.4275,9.7200,150
2022,2022-04-05,MS,2,0,0,31.6955,-89.8325,14.7600,400
2022,2022-04-05,MS,2,0,0,31.6636,-88.8118,2.2100,250
2022,2022-04-05,AL,2,0,0,31.7731,-88.1682,9.4600,800
2022,2022-04-05,AL,2,0,0,32.5183,-86.2036,4.3600,900
2022,2022-04-05,AL,2,0,0,31.8712,-86.2108,1.3400,250
2022,2022-04-05,AL,2,0,0,31.8960,-86.1267,12.6800,1100
2022,2022-04-05,GA,2,0,0,32.1890,-83.8806,5.8000,300
2022,2022-04-05,GA,3,3,0,32.5480,-83.6024,3.8900,820
2022,2022-04-05,SC,3,1,0,32.9286,-81.3756,13.2800,1000
2022,2022-04-05,GA,4,12,1,32.1202,-81.6561,14.3900,1300
2022,2022-04-05,SC,2,1,0,33.7910,-81.4923,5.6800,100
2022,2022-04-05,SC,3,0,0,33.0993,-81.2180,34.4900,500
2022,2022-04-05,SC,2,0,0,33.6907,-80.2292,2.7600,140
2022,2022-05-12,SD,2,0,0,44.5731,-96.8389,0.4400,40
2022,2022-05-12,SD,2,1,0,44.7170,-97.0279,1.9600,80
2022,2022-05-12,SD,2,1,0,44.7733,-96.4598,0.4300,60
2022,2022-05-12,MN,2,0,0,46.0263,-96.4830,9.7700,100
2022,2022-05-12,MN,2,0,0,46.3581,-95.0453,18.2000,500
2022,2022-05-19,IL,2,0,0,38.3439,-87.8778,26.8500,300
2022,2022-05-20,MI,3,44,2,44.9743,-84.8794,17.5400,200
2022,2022-05-23,TX,2,0,0,33.8093,-102.7860,2.8500,1400
2022,2022-05-23,TX,2,0,0,33.6266,-102.5438,7.5500,1420
2022,2022-05-24,TX,2,0,0,31.8880,-101.6880,11.1500,200
2022,2022-05-26,NC,2,1,0,35.9510,-80.9460,5.9700,150
2022,2022-05-27,VA,2,3,0,37.3776,-79.3655,6.3000,330
2022,2022-05-30,SD,2,0,0,44.6822,-96.8239,12.4300,150
2022,2022-05-30,SD,3,0,0,44.7958,-96.8255,13.3100,100
2022,2022-05-30,MN,2,0,0,45.8800,-96.0000,6.8400,350
2022,2022-05-30,MN,2,0,0,45.9600,-96.1200,11.0100,400
2022,2022-05-30,MN,2,0,0,45.7261,-95.3956,19.6300,800
2022,2022-05-30,MN,2,0,0,46.3614,-94.8706,10.4700,450
2022,2022-05-01,TX,2,0,0,32.6377,-100.7711,0.3500,150
2022,2022-05-04,OK,2,0,0,35.1860,-96.7360,12.5000,1760
2022,2022-05-04,TX,3,0,0,33.9350,-99.6160,23.1000,600
2022,2022-05-04,OK,2,0,0,35.2570,-96.7960,3.4000,150
2022,2022-05-05,AR,2,0,0,34.3600,-91.5300,1.5300,300
2022,2022-05-05,TX,2,1,0,32.1763,-94.7395,8.6200,1000
2022,2022-06-11,KS,2,0,0,39.1971,-96.5765,0.3200,50
2022,2022-06-12,WY,2,0,0,43.5884,-110.5228,2.1300,360
2022,2022-06-12,SD,2,0,0,43.8954,-100.9405,0.4800,30
2022,2022-06-12,SD,2,0,0,43.9379,-100.8300,3.8900,80
2022,2022-06-14,NE,2,2,0,40.7081,-97.7613,7.1200,400
2022,2022-06-15,WI,2,2,0,43.8935,-90.5149,22.8600,250
2022,2022-06-15,WI,2,0,0,45.3910,-88.2852,1.9000,375
2022,2022-06-19,UT,2,0,0,39.8820,-110.7445,2.0800,880
2022,2022-06-24,MN,2,0,0,46.8600,-95.6900,30.9000,600
2022,2022-06-08,MO,2,0,0,39.1210,-94.3091,9.5600,200
2022,2022-06-08,OH,2,0,0,39.9692,-84.3620,13.7500,150
2022,2022-06-08,OH,2,0,0,39.3748,-82.7371,9.1000,700
2022,2022-07-18,MT,2,0,0,48.8500,-106.2500,8.0000,457
2022,2022-07-28,NY,2,0,0,42.6200,-78.3300,10.0000,500
2022,2022-07-06,OH,2,2,0,39.2431,-84.1829,4.8100,500
2022,2022-08-15,ND,2,0,0,47.7564,-100.9677,2.2700,100
2022,2022-08-01,WV,2,0,0,40.0270,-80.5370,1.8100,350
2022,2022-09-27,FL,2,2,0,26.3705,-80.1054,6.9800,200
2023,2023-10-11,FL,2,0,0,28.0030,-82.8285,4.9700,300
2023,2023-10-12,FL,2,0,0,28.8464,-82.6108,5.6000,300
2023,2023-10-12,FL,2,0,0,29.5678,-81.2512,1.0000,200
2023,2023-12-09,TN,3,62,4,36.5746,-87.4718,47.2200,600
2023,2023-12-09,TN,2,2,0,36.2793,-87.4138,5.8100,300
2023,2023-12-09,TN,2,2,0,36.1601,-87.2335,18.3700,500
2023,2023-12-09,TN,2,4,0,36.4689,-86.9078,6.0000,300
2023,2023-12-09,TN,2,22,3,36.2550,-86.7852,34.7700,400
2023,2023-01-12,AL,2,0,0,34.1658,-87.5864,9.1800,425
2023,2023-01-12,AL,2,1,0,32.7288,-88.3463,12.8700,440
2023,2023-01-12,AL,2,0,0,32.8420,-87.9158,39.0200,675
2023,2023-01-12,AL,2,0,0,32.6221,-87.7543,21.9000,500
2023,2023-01-12,AL,2,2,0,32.3173,-87.2278,23.2200,950
2023,2023-01-12,AL,2,0,0,31.0196,-88.2030,11.6500,200
2023,2023-01-12,AL,3,16,7,32.5212,-86.7312,82.3100,1500
2023,2023-01-12,AL,2,0,0,32.9870,-85.4130,20.7400,1600
2023,2023-01-12,GA,2,8,0,32.9927,-85.0735,35.8200,1060
2023,2023-01-12,GA,2,0,0,33.0506,-84.8449,23.3900,1500
2023,2023-01-12,GA,3,18,0,33.1654,-84.4785,31.1600,2200
2023,2023-01-12,GA,2,0,0,33.1959,-84.4845,21.5600,1000
2023,2023-01-12,GA,2,40,4,33.2252,-84.2021,125.7600,1400
2023,2023-01-22,FL,2,0,0,30.4116,-86.3182,0.7800,85
2023,2023-01-22,GA,2,0,0,31.1474,-83.4440,5.8900,80
2023,2023-01-24,TX,3,0,0,29.5958,-95.2483,23.3000,1000
2023,2023-01-24,TX,2,0,0,30.0007,-94.4702,2.0500,50
2023,2023-01-24,TX,2,2,0,30.0741,-93.8921,25.2100,500
2023,2023-01-24,LA,2,3,0,30.3578,-93.3634,12.4300,300
2023,2023-01-02,LA,2,3,0,32.1720,-92.7048,14.7600,1928
2023,2023-01-02,LA,2,0,0,32.7840,-92.1695,3.9400,900
2023,2023-01-02,AR,2,0,0,33.0416,-91.7697,42.7700,1300
2023,2023-01-03,AL,2,0,0,32.6239,-86.4098,9.0600,800
2023,2023-02-16,AR,2,2,0,36.0425,-92.9051,10.9700,250
2023,2023-02-16,MS,2,1,0,34.7259,-89.0426,11.0100,500
2023,2023-02-21,NJ,2,0,0,40.2785,-74.7028,5.8000,200
2023,2023-02-26,OK,2,3,1,35.6090,-99.7000,7.0000,500
2023,2023-02-26,OK,2,12,0,35.1230,-97.5500,26.1200,900
2023,2023-02-26,OK,2,0,0,35.3900,-96.9220,6.1000,200
2023,2023-02-08,LA,2,0,0,30.8398,-90.5326,3.5400,175
2023,2023-02-08,LA,2,0,0,30.6625,-92.1568,3.6100,225
2023,2023-03-24,MS,4,165,17,32.8400,-91.0000,59.2300,1320
2023,2023-03-24,MS,3,5,3,33.3100,-90.0400,29.4300,1550
2023,2023-03-24,MS,3,55,2,33.8527,-88.7576,36.5600,1600
2023,2023-03-24,AL,2,0,0,34.8086,-87.6553,3.8200,300
2023,2023-03-24,TN,2,0,0,35.1454,-86.5794,3.9600,300
2023,2023-03-24,AL,2,0,1,34.4016,-87.1348,13.5300,175
2023,2023-03-24,AL,2,0,0,34.3670,-86.8713,4.9400,125
2023,2023-03-26,GA,3,5,0,32.8984,-85.1856,21.5400,500
2023,2023-03-26,AL,2,0,0,32.1820,-87.5950,5.7700,750
2023,2023-03-27,AL,2,0,0,32.4103,-86.0080,15.4100,1450
2023,2023-03-31,AR,3,54,0,34.7251,-92.4824,34.2300,800
2023,2023-03-31,IA,3,0,0,41.0615,-92.3334,26.0900,1000
2023,2023-03-31,IA,4,3,0,41.3100,-92.0300,19.9000,700
2023,2023-03-31,AR,3,26,4,35.1818,-90.9611,72.5500,1600
2023,2023-03-31,IA,2,0,0,42.1800,-92.0900,1.7000,50
2023,2023-03-31,IA,2,2,0,41.6300,-91.6900,16.9300,75
2023,2023-03-31,IA,2,0,0,42.2600,-91.9300,4.8700,50
2023,2023-03-31,AR,2,0,0,35.8855,-92.3665,6.8000,125
2023,2023-03-31,IA,2,0,0,41.5400,-91.5600,14.6900,100
2023,2023-03-31,IA,2,0,0,41.8100,-91.5100,8.9700,75
2023,2023-03-31,IA,2,0,0,41.7600,-91.1700,16.4200,250
2023,2023-03-31,IA,2,2,0,41.6200,-91.1400,19.5600,200
2023,2023-03-31,IA,2,0,0,41.0011,-91.1708,0.9500,150
2023,2023-03-31,TN,3,28,1,35.4621,-89.8323,39.1800,2000
2023,2023-03-31,IA,2,1,0,41.8100,-90.6500,18.0200,350
2023,2023-03-31,IL,2,0,0,39.8960,-89.6206,5.4200,400
2023,2023-03-31,IL,2,0,0,39.8448,-89.5223,21.0100,200
2023,2023-03-31,IL,2,0,0,41.4200,-90.2300,3.5500,300
2023,2023-03-31,IL,2,0,0,41.4750,-90.0584,3.0500,200
2023,2023-03-31,IL,2,0,0,41.4600,-90.0000,9.3200,440
2023,2023-03-31,IL,2,0,0,41.2300,-90.0200,6.8200,650
2023,2023-03-31,IL,2,0,0,41.6508,-89.3128,9.2900,350
2023,2023-03-31,MS,2,0,0,34.7066,-90.3381,22.7300,1200
2023,2023-03-31,IN,2,0,0,40.5780,-87.3237,11.5300,400
2023,2023-03-31,IN,2,0,0,40.5330,-87.2830,15.1600,500
2023,2023-03-31,TN,2,0,0,35.0767,-89.1092,12.7800,450
2023,2023-03-31,IL,3,16,6,38.9018,-88.0604,40.8900,700
2023,2023-03-31,TN,2,0,0,35.2128,-88.6067,18.9100,800
2023,2023-03-31,IN,2,0,0,40.1540,-86.7171,10.5500,100
2023,2023-03-31,IN,3,2,2,39.2978,-86.7282,5.9200,400
2023,2023-03-31,IN,2,0,0,39.3865,-86.4618,8.6000,200
2023,2023-03-31,IN,2,0,0,40.5062,-85.8434,3.0900,150
2023,2023-03-31,IN,3,0,0,39.5363,-86.1042,5.4800,316
2023,2023-03-31,IN,2,0,0,41.1090,-85.0286,7.8600,400
2023,2023-03-31,IN,3,0,0,40.4811,-85.5929,6.3500,200
2023,2023-03-31,TN,3,23,9,35.1559,-88.8175,86.0100,1400
2023,2023-03-31,MS,2,0,0,34.4630,-88.8316,13.1100,750
2023,2023-03-31,MS,2,0,0,34.1890,-89.2230,5.9700,475
2023,2023-03-02,AR,2,5,0,34.2542,-93.6426,1.8000,300
2023,2023-03-03,KY,2,0,0,36.9500,-88.6100,1.4900,175
2023,2023-04-15,MO,2,5,0,38.1100,-91.8700,6.8700,880
2023,2023-04-19,OK,3,2,1,35.0820,-97.6340,10.9000,1200
2023,2023-04-19,KS,2,0,0,38.3690,-96.6332,11.5900,880
2023,2023-04-19,OK,2,0,0,35.1250,-97.2610,5.4000,700
2023,2023-04-19,OK,2,0,0,35.1590,-97.1730,4.2000,2200
2023,2023-04-19,KS,2,0,0,38.4600,-96.4100,5.2100,300
2023,2023-04-19,OK,3,0,0,35.2290,-97.1110,0.6000,250
2023,2023-04-19,OK,2,0,0,35.2830,-97.1030,6.3000,700
2023,2023-04-19,OK,2,0,0,35.2720,-97.0000,15.0000,2300
2023,2023-04-22,NY,2,0,0,41.8051,-74.9244,9.9500,300
2023,2023-04-27,FL,2,0,0,30.3832,-84.8169,2.5000,960
2023,2023-04-29,FL,2,0,0,26.8251,-80.0897,2.6100,320
2023,2023-04-30,VA,3,0,0,36.8830,-76.0860,4.5000,350
2023,2023-04-01,MS,2,0,0,34.4840,-88.6030,1.6100,750
2023,2023-04-01,MS,2,5,1,34.2080,-89.1210,16.8700,475
2023,2023-04-01,TN,2,2,0,35.7554,-86.3814,18.4500,500
2023,2023-04-01,AL,3,5,1,34.9746,-86.5738,12.0300,215
2023,2023-04-01,DE,3,0,1,38.7570,-75.6398,14.3000,700
2023,2023-04-01,NJ,2,0,0,40.1555,-74.3937,2.1000,200
2023,2023-04-01,NJ,2,0,0,40.1543,-74.2735,1.5900,150
2023,2023-04-01,NJ,2,0,0,40.1223,-74.0398,0.1400,50
2023,2023-04-04,IL,2,0,0,41.4800,-90.3700,0.5200,50
2023,2023-04-04,IL,2,0,0,41.4300,-90.1200,2.7900,600
2023,2023-04-04,IL,3,4,0,40.3308,-90.3233,19.9200,600
2023,2023-04-05,MO,2,4,5,37.2500,-90.1400,20.6600,150
2023,2023-05-12,NE,2,0,0,42.0800,-98.7000,7.3300,75
2023,2023-05-12,NE,2,0,0,41.4458,-96.6991,5.5000,800
2023,2023-05-12,NE,2,0,0,41.6178,-96.5999,10.3700,1600
2023,2023-05-12,NE,2,2,0,41.7844,-96.5295,11.3000,1150
2023,2023-05-12,KS,2,0,0,39.9400,-95.6300,1.4800,500
2023,2023-05-23,TX,2,2,0,32.7230,-99.7890,4.6100,700
2023,2023-05-06,MO,2,0,0,39.9300,-93.3100,12.3800,250
2023,2023-06-14,TX,2,0,0,33.2440,-94.2162,8.9200,500
2023,2023-06-14,GA,2,0,0,31.3570,-84.9454,18.8800,700
2023,2023-06-15,TX,2,0,0,36.1526,-100.9489,17.3500,200
2023,2023-06-15,OH,2,0,0,41.7296,-83.5426,3.8100,300
2023,2023-06-15,TX,3,100,3,36.4135,-100.8302,6.3100,880
2023,2023-06-15,OH,2,0,0,41.4688,-83.1457,3.4400,200
2023,2023-06-15,OK,2,0,0,34.2990,-97.6530,4.1000,1000
2023,2023-06-15,OH,2,0,0,41.2172,-82.7036,8.7000,2200
2023,2023-06-15,FL,2,0,0,30.4132,-87.2725,8.5800,450
2023,2023-06-18,AR,2,0,0,35.3259,-93.5520,5.4000,700
2023,2023-06-18,AR,2,0,0,33.2599,-92.4481,10.3100,1320
2023,2023-06-18,MS,2,0,0,32.1226,-90.1315,6.0800,400
2023,2023-06-18,MS,3,25,1,32.0179,-89.2884,6.4600,1350
2023,2023-06-19,MS,2,6,0,30.4200,-88.5700,2.3500,300
2023,2023-06-21,CO,2,0,0,40.0216,-103.2020,1.8500,400
2023,2023-06-21,CO,2,0,0,40.0926,-103.3588,4.5200,400
2023,2023-06-21,CO,2,0,0,39.8654,-103.2302,4.9300,800
2023,2023-06-21,TX,3,15,4,34.1200,-100.8500,9.1400,600
2023,2023-06-23,CO,3,0,0,37.8900,-102.3800,13.1200,320
2023,2023-06-23,WY,2,8,0,43.4986,-105.3563,3.8100,800
2023,2023-06-23,WY,2,1,0,41.7762,-104.2608,4.7200,800
2023,2023-06-23,NE,2,0,0,41.8200,-103.6300,2.4800,700
2023,2023-06-24,MN,2,0,0,47.2500,-95.9400,6.2200,250
2023,2023-06-25,IN,2,0,0,39.5692,-86.2210,5.4000,400
2023,2023-06-25,IN,2,1,1,38.5850,-86.8666,9.1200,565
2023,2023-06-25,KY,2,0,0,37.6820,-86.0133,1.1700,300
2023,2023-06-29,IL,2,0,0,39.7195,-89.7715,9.0700,800
2023,2023-07-12,IA,2,0,0,41.5920,-95.7760,9.4000,100
2023,2023-07-19,NC,3,16,0,36.0009,-77.8778,13.5300,600
2023,2023-07-24,MO,2,2,0,36.9357,-89.4861,0.2800,25
2023,2023-08-18,RI,2,1,0,41.7987,-71.5741,9.1000,250
2023,2023-08-24,MI,2,4,2,42.6535,-84.3131,12.0200,500
2023,2023-08-24,OH,2,0,0,41.4285,-81.5144,1.5200,100
2023,2023-08-24,OH,2,0,0,41.4897,-81.0887,0.6900,100
2023,2023-08-25,PA,2,6,0,39.9574,-79.4664,1.9600,300
2023,2023-08-04,MO,2,2,0,40.2408,-92.1957,1.6400,450
2023,2023-08-06,IL,2,0,0,39.6341,-89.5702,25.3100,450
2023,2023-08-07,TN,2,0,0,35.9308,-84.1580,3.7000,200
2023,2023-08-07,NY,3,0,0,43.4600,-75.5100,16.0000,700
2023,2023-08-08,CO,3,0,0,40.1455,-102.9141,15.6500,212
2023,2023-08-08,CO,2,0,0,39.6139,-102.3955,5.2900,150
2024,2024-10-09,FL,2,0,0,26.5215,-81.8602,16.2900,500
2024,2024-10-09,FL,2,2,0,27.2822,-80.8798,8.5000,250
2024,2024-10-09,FL,2,0,0,27.3052,-81.3420,2.8500,300
2024,2024-10-09,FL,3,3,0,26.8878,-81.0381,15.4600,250
2024,2024-10-09,FL,2,0,0,27.4318,-80.9535,2.6400,100
2024,2024-10-09,FL,2,0,0,26.6907,-80.4445,65.4900,300
2024,2024-10-09,FL,3,7,0,26.5555,-80.3321,32.8900,457
2024,2024-10-09,FL,3,0,6,27.3740,-80.4270,21.2400,500
2024,2024-10-09,FL,2,0,0,27.0803,-80.1932,5.7100,400
2024,2024-11-03,OK,3,6,0,35.3640,-97.4380,2.4000,400
2024,2024-11-03,OK,3,6,0,34.2910,-97.9690,21.7000,500
2024,2024-11-03,OK,2,0,0,34.6260,-97.6530,4.8500,300
2024,2024-11-03,OK,3,7,0,35.4000,-97.2420,25.1000,1000
2024,2024-11-04,OK,2,0,0,35.7850,-94.8610,32.9000,1200
2024,2024-11-04,AR,2,0,0,36.3510,-94.1460,3.8000,375
2024,2024-12-28,TX,3,10,0,30.1500,-95.3300,10.3400,1675
2024,2024-12-28,TX,2,5,1,29.3312,-95.3362,8.9000,300
2024,2024-12-28,TX,3,2,0,29.6500,-94.7000,67.8800,880
2024,2024-12-28,MS,3,4,0,31.3773,-90.8606,25.9800,1500
2024,2024-12-28,MS,2,0,0,31.9609,-89.2135,9.0800,900
2024,2024-12-28,MS,2,0,0,31.5803,-88.5904,6.5100,550
2024,2024-01-09,FL,3,0,0,30.1384,-85.7526,5.2000,550
2024,2024-01-09,FL,2,2,0,30.2403,-85.6419,12.8900,600
2024,2024-01-09,FL,2,7,0,30.7100,-85.2276,16.3300,600
2024,2024-01-09,FL,2,10,1,30.8676,-85.5799,34.7600,1000
2024,2024-01-09,FL,2,0,0,30.1417,-85.5907,0.8800,150
2024,2024-01-09,GA,2,0,0,31.3785,-84.7285,21.7300,800
2024,2024-01-09,SC,2,0,0,33.2729,-81.0435,2.1400,500
2024,2024-02-28,MI,2,0,0,42.9200,-83.6700,5.7300,450
2024,2024-02-28,OH,2,3,0,39.8571,-83.7946,21.1100,500
2024,2024-02-28,OH,2,0,0,40.0221,-82.8191,14.0400,300
2024,2024-02-28,OH,2,0,0,39.8154,-81.1448,4.0500,200
2024,2024-02-02,TX,2,0,0,33.0199,-99.9494,2.3100,48
2024,2024-02-04,GA,2,2,0,30.7707,-83.2008,7.2700,200
2024,2024-02-08,WI,2,1,0,42.7242,-89.3316,25.9000,750
2024,2024-03-13,KS,2,0,0,38.8700,-96.4500,8.1400,300
2024,2024-03-13,KS,2,0,0,39.1300,-95.9800,4.9400,100
2024,2024-03-14,IN,2,2,0,38.7359,-85.4744,17.9700,500
2024,2024-03-14,OH,3,27,3,40.5193,-84.1664,31.3300,1000
2024,2024-03-14,IN,2,0,0,40.2030,-85.3173,4.4700,175
2024,2024-03-14,IN,3,39,1,40.1785,-85.1251,41.3400,700
2024,2024-03-14,OH,2,0,0,40.9770,-82.8358,10.2900,250
2024,2024-03-14,OH,2,0,0,40.3718,-83.5251,19.4800,600
2024,2024-03-14,AR,2,0,0,34.6400,-93.0600,8.5300,1000
2024,2024-03-09,GA,2,5,0,31.1686,-81.9680,4.7200,400
2024,2024-04-10,TX,2,0,0,29.8863,-93.9423,2.7000,300
2024,2024-04-10,LA,2,0,0,30.1822,-93.2148,1.0500,150
2024,2024-04-10,LA,2,0,0,30.2510,-89.8143,10.9800,350
2024,2024-04-16,KS,2,0,0,37.9200,-96.0100,2.7000,116
2024,2024-04-16,IA,2,0,0,40.7700,-91.6400,41.6600,600
2024,2024-04-26,TX,2,0,0,31.7754,-97.0496,5.6800,165
2024,2024-04-26,NE,3,0,0,41.2028,-98.6199,9.3100,600
2024,2024-04-26,NE,2,0,0,41.3446,-98.5073,9.2000,880
2024,2024-04-26,NE,2,0,0,41.4553,-98.3695,26.7100,500
2024,2024-04-26,NE,3,3,0,40.8575,-96.6121,5.2500,700
2024,2024-04-26,NE,4,4,0,41.2000,-96.3300,31.8900,1900
2024,2024-04-26,KS,2,0,0,37.4598,-96.0134,8.4700,300
2024,2024-04-26,KS,2,0,0,37.7262,-95.8364,6.7100,100
2024,2024-04-26,IA,3,0,0,41.2600,-95.9000,19.0600,550
2024,2024-04-26,IA,3,0,0,41.1800,-95.7300,13.3100,900
2024,2024-04-26,IA,3,3,1,41.3200,-95.6200,40.2700,1900
2024,2024-04-26,IA,2,0,0,41.8530,-95.2600,9.2600,200
2024,2024-04-26,IA,2,0,0,40.9820,-94.4915,9.7100,350
2024,2024-04-26,IA,2,0,0,41.0195,-94.2701,13.8600,150
2024,2024-04-26,IA,2,0,0,41.0399,-94.2517,6.6500,130
2024,2024-04-26,IA,2,0,0,40.7828,-94.2923,10.2000,100
2024,2024-04-26,IA,2,0,0,41.0043,-93.7908,5.8400,75
2024,2024-04-26,IA,2,1,0,41.5486,-93.5802,7.6100,150
2024,2024-04-27,TX,2,0,0,33.4020,-99.8170,12.3000,1000
2024,2024-04-27,KS,2,0,0,37.1118,-96.7571,1.2900,100
2024,2024-04-27,OK,2,0,0,35.1420,-97.5650,4.9000,125
2024,2024-04-27,OK,2,19,0,34.1100,-97.1990,11.3000,400
2024,2024-04-27,OK,3,30,1,34.4740,-96.9920,9.9100,440
2024,2024-04-27,OK,3,4,2,35.0010,-96.4420,27.9000,1760
2024,2024-04-27,OK,4,6,1,33.9150,-97.1440,26.8000,900
2024,2024-04-30,KS,3,4,1,39.3900,-96.4400,2.2400,100
2024,2024-04-02,IL,2,0,0,37.6341,-89.0017,6.6600,250
2024,2024-04-02,IL,2,2,0,37.7913,-88.4029,1.1400,100
2024,2024-04-02,IL,2,0,0,38.0770,-88.0140,11.9500,250
2024,2024-04-02,KY,2,0,0,37.7631,-88.0314,6.8400,150
2024,2024-04-02,IN,2,0,0,38.0941,-87.9229,11.5600,250
2024,2024-04-02,IN,2,0,0,38.1113,-87.7214,14.9000,250
2024,2024-04-02,IN,2,0,0,38.1501,-87.6823,14.9200,250
2024,2024-04-02,KY,2,0,0,38.2828,-82.7613,1.1400,450
2024,2024-04-02,WV,2,0,0,38.4329,-81.8109,8.0000,300
2024,2024-04-02,WV,2,1,0,38.0845,-81.0040,5.3100,325
2024,2024-04-02,IN,2,32,0,38.3488,-85.7207,11.1500,450
2024,2024-04-02,KY,2,0,0,38.3862,-85.4978,5.3300,300
2024,2024-04-02,OH,2,0,0,39.0917,-82.7198,1.8700,325
2024,2024-04-02,GA,2,0,0,33.6554,-84.0903,9.4700,800
2024,2024-05-10,AL,2,0,0,31.7143,-87.0641,24.2400,1200
2024,2024-05-10,FL,2,0,0,30.9300,-87.1200,23.9600,1000
2024,2024-05-10,FL,2,0,0,30.5500,-84.6500,24.2100,900
2024,2024-05-10,FL,2,0,2,30.4400,-84.4900,24.8100,1400
2024,2024-05-11,PA,2,0,0,40.2700,-80.0600,5.8400,200
2024,2024-05-13,LA,2,0,0,30.2540,-93.3475,3.4400,200
2024,2024-05-13,LA,2,0,0,30.3266,-91.8536,8.6100,400
2024,2024-05-19,CO,2,0,0,40.8300,-103.0200,1.5700,30
2024,2024-05-19,OK,2,0,0,35.6730,-99.0700,6.7000,1760
2024,2024-05-19,OK,2,0,0,35.4480,-97.8530,3.5000,300
2024,2024-05-21,IA,3,0,0,40.8560,-95.2010,33.8600,1300
2024,2024-05-21,IA,4,35,5,40.8996,-94.9285,40.6500,1600
2024,2024-05-21,IA,2,0,0,41.3002,-94.4473,14.6300,200
2024,2024-05-21,IA,2,4,0,41.6765,-93.7623,40.8400,1000
2024,2024-05-22,TX,3,0,0,31.5844,-101.1025,4.7900,400
2024,2024-05-22,TX,2,30,0,31.1334,-97.4388,2.7800,420
2024,2024-05-23,NE,2,0,0,41.2600,-101.7800,0.3000,200
2024,2024-05-23,OK,2,0,0,34.5790,-99.6570,15.1000,2000
2024,2024-05-25,TX,2,0,0,32.1515,-99.1051,2.4600,70
2024,2024-05-25,KS,2,0,0,37.0806,-98.1424,6.7000,100
2024,2024-05-25,TX,3,80,7,33.5260,-97.7450,47.2700,1400
2024,2024-05-25,OK,3,23,2,36.3072,-95.7651,23.9000,2000
2024,2024-05-25,TX,3,0,0,33.3542,-96.7565,0.7100,175
2024,2024-05-25,OK,3,2,0,36.3013,-94.6176,7.9000,3200
2024,2024-05-26,AR,2,0,0,36.3231,-94.5151,5.4000,650
2024,2024-05-26,AR,2,0,0,36.3283,-94.3568,2.4000,1500
2024,2024-05-26,AR,2,0,0,36.3344,-94.2002,7.4000,3000
2024,2024-05-26,AR,3,1,4,36.1745,-93.0533,21.6000,2000
2024,2024-05-26,AR,3,17,1,36.1943,-92.6909,34.6000,1760
2024,2024-05-26,AR,2,0,0,36.2521,-92.3265,5.3000,400
2024,2024-05-26,MO,2,1,0,36.5094,-91.1988,45.4500,400
2024,2024-05-26,MO,2,0,0,36.7952,-89.9420,25.5800,300
2024,2024-05-26,MO,3,0,0,36.8013,-89.7204,19.5700,300
2024,2024-05-26,KY,2,0,0,36.7586,-87.7281,18.9600,250
2024,2024-05-26,MO,3,5,0,37.0177,-91.7876,12.4200,750
2024,2024-05-26,MO,2,0,0,37.0055,-91.4618,3.2200,250
2024,2024-05-26,IL,3,1,0,37.5804,-89.0161,4.8700,300
2024,2024-05-26,IL,2,0,0,38.7081,-88.7810,8.2600,500
2024,2024-05-26,KY,3,21,1,37.1103,-88.0690,34.1400,700
2024,2024-05-26,IN,2,0,0,38.5170,-87.5226,12.1400,50
2024,2024-05-26,AR,2,0,0,36.0505,-90.5774,3.5600,200
2024,2024-05-30,TX,2,0,0,31.9200,-102.2300,10.2700,1700
2024,2024-05-30,TX,3,0,0,31.6600,-102.0700,5.3400,250
2024,2024-05-02,TX,2,0,0,31.7582,-99.9230,4.5000,390
2024,2024-05-02,TX,2,0,0,31.4831,-99.6676,6.1100,395
2024,2024-05-02,TX,3,4,0,32.6241,-99.8609,3.2900,210
2024,2024-05-03,TX,2,0,0,32.0280,-100.7034,4.5400,125
2024,2024-05-03,TX,3,0,0,31.8374,-100.4901,3.5300,350
2024,2024-05-04,TX,2,0,0,30.7600,-102.8900,6.3600,175
2024,2024-05-04,TX,2,0,0,30.3416,-101.4319,20.0800,125
2024,2024-05-06,OK,4,33,2,36.3304,-96.3559,40.8000,1700
2024,2024-05-07,OK,2,0,0,35.7363,-94.5946,11.7000,800
2024,2024-05-07,MI,2,1,0,41.9132,-85.5258,19.5300,950
2024,2024-05-07,MI,2,12,0,42.1900,-85.6700,10.8600,300
2024,2024-05-07,OH,2,0,0,40.4646,-84.7917,8.1400,400
2024,2024-05-07,OH,2,0,0,40.4722,-84.5073,6.4000,300
2024,2024-05-07,OH,2,0,0,40.5834,-80.8012,15.3200,200
2024,2024-05-07,AR,2,0,0,34.3930,-93.1980,12.2000,600
2024,2024-05-08,TN,3,12,1,35.6095,-87.0007,11.5300,900
2024,2024-05-08,TN,2,1,0,35.0232,-87.0405,5.8800,600
2024,2024-05-08,AL,3,0,0,34.7367,-87.2176,3.7600,228
2024,2024-05-08,AL,2,0,0,34.7384,-86.5804,9.5100,550
2024,2024-05-08,AL,3,7,0,34.6407,-85.8578,12.3400,880
2024,2024-06-12,MN,2,0,0,46.6901,-94.2572,3.1600,700
2024,2024-06-12,MN,2,0,0,46.5473,-93.9912,14.6600,200
2024,2024-06-22,WI,2,0,0,42.6969,-89.9625,6.8700,500
2024,2024-06-22,WI,2,0,0,42.6301,-89.1105,6.0300,700
2024,2024-06-25,NE,3,1,0,42.0900,-101.5400,40.0100,500
2024,2024-06-26,PA,2,0,0,40.3955,-79.6606,10.8400,200
2024,2024-06-02,SD,2,0,0,45.0282,-102.4044,4.0900,50
2024,2024-06-02,TX,3,0,0,30.1531,-102.4236,0.9100,250
2024,2024-06-05,OH,2,0,0,40.1191,-82.1367,1.2500,120
2024,2024-06-07,NE,2,0,0,41.5390,-100.0580,1.7300,750
2024,2024-07-10,NY,2,0,0,42.6233,-78.8745,3.2000,300
2024,2024-07-15,IL,2,0,0,42.4100,-90.1000,15.4100,150
2024,2024-07-15,IL,2,2,0,41.3876,-88.3755,34.6000,325
2024,2024-07-16,NY,2,0,0,43.2100,-75.4900,5.2500,300
2024,2024-07-29,IN,2,0,0,40.1380,-85.8719,3.0400,50
2024,2024-07-08,TX,2,1,0,30.8611,-94.0058,8.6300,400
2024,2024-07-08,LA,2,0,0,31.7808,-93.7140,16.3200,950
2024,2024-07-08,LA,2,0,0,31.7420,-93.5094,24.9600,900
2024,2024-07-08,LA,2,1,2,32.1962,-93.4120,52.9300,800
2024,2024-07-08,LA,2,1,0,31.8379,-93.8362,1.4200,164
2024,2024-07-08,LA,2,0,0,32.8145,-92.7119,3.2100,750
2024,2024-07-08,LA,2,0,0,32.9628,-92.4918,1.4900,175
2024,2024-07-09,IN,3,0,0,37.9300,-87.8690,5.8400,300
2024,2024-07-09,IN,2,0,0,38.1800,-87.7860,8.4000,400
2024,2024-08-28,SD,2,0,0,45.6837,-100.2431,5.4200,200
2024,2024-08-06,MI,2,0,0,42.0333,-85.7616,8.4600,700
2024,2024-08-07,NC,2,0,0,35.4448,-77.6878,9.4800,400
2024,2024-08-07,NC,2,0,0,34.6830,-78.1475,4.6700,40
2024,2024-08-08,NC,3,0,1,35.6527,-77.9637,6.5000,200
2024,2024-09-27,NC,3,15,0,35.9744,-77.7994,0.2500,100
2024,2024-09-27,VA,2,1,0,36.7300,-79.4700,6.8500,225
